,organ,as,as_label,sex,tool,modality,cell_id,cell_label,cell_count,cell_percentage,dataset_count,anatomical_structure_of,source_spatial_entity,node_name,label,OntologyID,node_type,glb file of single organs,Ref/1,Ref/1/ID
0,prostate,http://purl.obolibrary.org/obo/UBERON_0000998,seminal vesicle,Male,popv,sc_transcriptomics,http://purl.obolibrary.org/obo/CL_0000066,epithelial cell,157.95,0.3199726113978721,2,#VHMProstate,#VHMaleOrgans,VH_M_seminal_vesicle,seminal vesicle,UBERON:0000998,mesh,VH_M_Prostate,,
1,prostate,http://purl.obolibrary.org/obo/UBERON_0000998,seminal vesicle,Male,popv,sc_transcriptomics,http://purl.obolibrary.org/obo/CL_0002341,basal cell of prostate epithelium,128.7,0.2607184241019699,2,#VHMProstate,#VHMaleOrgans,VH_M_seminal_vesicle,seminal vesicle,UBERON:0000998,mesh,VH_M_Prostate,,
2,prostate,http://purl.obolibrary.org/obo/UBERON_0000998,seminal vesicle,Male,popv,sc_transcriptomics,http://purl.obolibrary.org/obo/CL_0000625,"CD8-positive, alpha-beta T cell",56.86199999999999,0.115190140103234,2,#VHMProstate,#VHMaleOrgans,VH_M_seminal_vesicle,seminal vesicle,UBERON:0000998,mesh,VH_M_Prostate,,
3,prostate,http://purl.obolibrary.org/obo/UBERON_0000998,seminal vesicle,Male,popv,sc_transcriptomics,http://purl.obolibrary.org/obo/CL_0002340,luminal cell of prostate epithelium,38.688,0.07837353839671338,2,#VHMProstate,#VHMaleOrgans,VH_M_seminal_vesicle,seminal vesicle,UBERON:0000998,mesh,VH_M_Prostate,,
4,prostate,http://purl.obolibrary.org/obo/UBERON_0000998,seminal vesicle,Male,popv,sc_transcriptomics,http://purl.obolibrary.org/obo/CL_0000158,club cell,32.812,0.06647003054882546,2,#VHMProstate,#VHMaleOrgans,VH_M_seminal_vesicle,seminal vesicle,UBERON:0000998,mesh,VH_M_Prostate,,
5,prostate,http://purl.obolibrary.org/obo/UBERON_0000998,seminal vesicle,Male,popv,sc_transcriptomics,http://purl.obolibrary.org/obo/CL_0000115,endothelial cell,21.372,0.04329505951753924,2,#VHMProstate,#VHMaleOrgans,VH_M_seminal_vesicle,seminal vesicle,UBERON:0000998,mesh,VH_M_Prostate,,
6,prostate,http://purl.obolibrary.org/obo/UBERON_0000998,seminal vesicle,Male,popv,sc_transcriptomics,http://purl.obolibrary.org/obo/CL_0000235,macrophage,19.344,0.03918676919835669,2,#VHMProstate,#VHMaleOrgans,VH_M_seminal_vesicle,seminal vesicle,UBERON:0000998,mesh,VH_M_Prostate,,
7,prostate,http://purl.obolibrary.org/obo/UBERON_0000998,seminal vesicle,Male,popv,sc_transcriptomics,http://purl.obolibrary.org/obo/CL_0000814,mature NK T cell,14.638,0.02965342884230486,2,#VHMProstate,#VHMaleOrgans,VH_M_seminal_vesicle,seminal vesicle,UBERON:0000998,mesh,VH_M_Prostate,,
8,prostate,http://purl.obolibrary.org/obo/UBERON_0000998,seminal vesicle,Male,popv,sc_transcriptomics,http://purl.obolibrary.org/obo/CL_0000192,smooth muscle cell,9.594,0.01943537343305594,2,#VHMProstate,#VHMaleOrgans,VH_M_seminal_vesicle,seminal vesicle,UBERON:0000998,mesh,VH_M_Prostate,,
9,prostate,http://purl.obolibrary.org/obo/UBERON_0000998,seminal vesicle,Male,popv,sc_transcriptomics,http://purl.obolibrary.org/obo/CL_0000057,fibroblast,7.358,0.01490572000421363,2,#VHMProstate,#VHMaleOrgans,VH_M_seminal_vesicle,seminal vesicle,UBERON:0000998,mesh,VH_M_Prostate,,
10,prostate,http://purl.obolibrary.org/obo/UBERON_0000998,seminal vesicle,Male,popv,sc_transcriptomics,http://purl.obolibrary.org/obo/CL_0000038,erythroid progenitor cell,2.73,0.005530390814284209,2,#VHMProstate,#VHMaleOrgans,VH_M_seminal_vesicle,seminal vesicle,UBERON:0000998,mesh,VH_M_Prostate,,
11,prostate,http://purl.obolibrary.org/obo/UBERON_0000998,seminal vesicle,Male,popv,sc_transcriptomics,http://purl.obolibrary.org/obo/CL_0000576,monocyte,2.366,0.004793005372379647,2,#VHMProstate,#VHMaleOrgans,VH_M_seminal_vesicle,seminal vesicle,UBERON:0000998,mesh,VH_M_Prostate,,
12,prostate,http://purl.obolibrary.org/obo/UBERON_0000998,seminal vesicle,Male,popv,sc_transcriptomics,http://purl.obolibrary.org/obo/CL_0000499,stromal cell,1.222,0.002475508269251027,2,#VHMProstate,#VHMaleOrgans,VH_M_seminal_vesicle,seminal vesicle,UBERON:0000998,mesh,VH_M_Prostate,,
13,heart,http://purl.obolibrary.org/obo/UBERON_0002078,right cardiac atrium,Male,azimuth,sc_transcriptomics,http://purl.obolibrary.org/obo/CL_0000057,Fibroblast,7601.548000000001,0.2587151026110405,10,#VHFHeartV1.1,#VHFemaleOrgans,VH_F_right_cardiac_atrium,right cardiac atrium,UBERON:0002078,mesh,VH_F_Heart,,
14,heart,http://purl.obolibrary.org/obo/UBERON_0002078,right cardiac atrium,Male,azimuth,sc_transcriptomics,http://purl.obolibrary.org/obo/CL_0000057,Fibroblast,7601.548000000001,0.2587151026110405,10,#VHMHeart,#VHMaleOrgans,VH_M_right_cardiac_atrium,right cardiac atrium,UBERON:0002078,mesh,VH_M_Heart,,
15,heart,http://purl.obolibrary.org/obo/UBERON_0002078,right cardiac atrium,Male,azimuth,sc_transcriptomics,http://purl.obolibrary.org/obo/CL_0002131,Ventricular Cardiomycoyte,3599.087,0.1224932293410582,10,#VHFHeartV1.1,#VHFemaleOrgans,VH_F_right_cardiac_atrium,right cardiac atrium,UBERON:0002078,mesh,VH_F_Heart,,
16,heart,http://purl.obolibrary.org/obo/UBERON_0002078,right cardiac atrium,Male,azimuth,sc_transcriptomics,http://purl.obolibrary.org/obo/CL_0002131,Ventricular Cardiomycoyte,3599.087,0.1224932293410582,10,#VHMHeart,#VHMaleOrgans,VH_M_right_cardiac_atrium,right cardiac atrium,UBERON:0002078,mesh,VH_M_Heart,,
17,heart,http://purl.obolibrary.org/obo/UBERON_0002078,right cardiac atrium,Male,azimuth,sc_transcriptomics,http://purl.obolibrary.org/obo/CL_0002129,Atrial Cardiomyocyte,3374.383000000001,0.1148455346324131,10,#VHFHeartV1.1,#VHFemaleOrgans,VH_F_right_cardiac_atrium,right cardiac atrium,UBERON:0002078,mesh,VH_F_Heart,,
18,heart,http://purl.obolibrary.org/obo/UBERON_0002078,right cardiac atrium,Male,azimuth,sc_transcriptomics,http://purl.obolibrary.org/obo/CL_0002129,Atrial Cardiomyocyte,3374.383000000001,0.1148455346324131,10,#VHMHeart,#VHMaleOrgans,VH_M_right_cardiac_atrium,right cardiac atrium,UBERON:0002078,mesh,VH_M_Heart,,
19,heart,http://purl.obolibrary.org/obo/UBERON_0002078,right cardiac atrium,Male,azimuth,sc_transcriptomics,http://purl.obolibrary.org/obo/CL_0002144,Capillary Endothelial,2715.874,0.09243349125581488,10,#VHFHeartV1.1,#VHFemaleOrgans,VH_F_right_cardiac_atrium,right cardiac atrium,UBERON:0002078,mesh,VH_F_Heart,,
20,heart,http://purl.obolibrary.org/obo/UBERON_0002078,right cardiac atrium,Male,azimuth,sc_transcriptomics,http://purl.obolibrary.org/obo/CL_0002144,Capillary Endothelial,2715.874,0.09243349125581488,10,#VHMHeart,#VHMaleOrgans,VH_M_right_cardiac_atrium,right cardiac atrium,UBERON:0002078,mesh,VH_M_Heart,,
21,heart,http://purl.obolibrary.org/obo/UBERON_0002078,right cardiac atrium,Male,azimuth,sc_transcriptomics,http://purl.obolibrary.org/obo/CL_0011031,Monocyte/cDC,2233.608,0.0760197952986472,10,#VHFHeartV1.1,#VHFemaleOrgans,VH_F_right_cardiac_atrium,right cardiac atrium,UBERON:0002078,mesh,VH_F_Heart,,
22,heart,http://purl.obolibrary.org/obo/UBERON_0002078,right cardiac atrium,Male,azimuth,sc_transcriptomics,http://purl.obolibrary.org/obo/CL_0011031,Monocyte/cDC,2233.608,0.0760197952986472,10,#VHMHeart,#VHMaleOrgans,VH_M_right_cardiac_atrium,right cardiac atrium,UBERON:0002078,mesh,VH_M_Heart,,
23,heart,http://purl.obolibrary.org/obo/UBERON_0002078,right cardiac atrium,Male,azimuth,sc_transcriptomics,http://purl.obolibrary.org/obo/CL_0000669,Pericyte,1771.884,0.06030523662744232,10,#VHFHeartV1.1,#VHFemaleOrgans,VH_F_right_cardiac_atrium,right cardiac atrium,UBERON:0002078,mesh,VH_F_Heart,,
24,heart,http://purl.obolibrary.org/obo/UBERON_0002078,right cardiac atrium,Male,azimuth,sc_transcriptomics,http://purl.obolibrary.org/obo/CL_0000669,Pericyte,1771.884,0.06030523662744232,10,#VHMHeart,#VHMaleOrgans,VH_M_right_cardiac_atrium,right cardiac atrium,UBERON:0002078,mesh,VH_M_Heart,,
25,heart,http://purl.obolibrary.org/obo/UBERON_0002078,right cardiac atrium,Male,azimuth,sc_transcriptomics,http://purl.obolibrary.org/obo/CL_0000235,Macrophage,1543.813,0.05254294766108934,10,#VHFHeartV1.1,#VHFemaleOrgans,VH_F_right_cardiac_atrium,right cardiac atrium,UBERON:0002078,mesh,VH_F_Heart,,
26,heart,http://purl.obolibrary.org/obo/UBERON_0002078,right cardiac atrium,Male,azimuth,sc_transcriptomics,http://purl.obolibrary.org/obo/CL_0000235,Macrophage,1543.813,0.05254294766108934,10,#VHMHeart,#VHMaleOrgans,VH_M_right_cardiac_atrium,right cardiac atrium,UBERON:0002078,mesh,VH_M_Heart,,
27,heart,http://purl.obolibrary.org/obo/UBERON_0002078,right cardiac atrium,Male,azimuth,sc_transcriptomics,http://purl.obolibrary.org/obo/CL_1000414,Venous Endothelial,1081.756,0.03681705549186939,10,#VHFHeartV1.1,#VHFemaleOrgans,VH_F_right_cardiac_atrium,right cardiac atrium,UBERON:0002078,mesh,VH_F_Heart,,
28,heart,http://purl.obolibrary.org/obo/UBERON_0002078,right cardiac atrium,Male,azimuth,sc_transcriptomics,http://purl.obolibrary.org/obo/CL_1000414,Venous Endothelial,1081.756,0.03681705549186939,10,#VHMHeart,#VHMaleOrgans,VH_M_right_cardiac_atrium,right cardiac atrium,UBERON:0002078,mesh,VH_M_Heart,,
29,heart,http://purl.obolibrary.org/obo/UBERON_0002078,right cardiac atrium,Male,azimuth,sc_transcriptomics,http://purl.obolibrary.org/obo/CL_0002350,Endocardial,1043.312,0.03550863207537858,10,#VHFHeartV1.1,#VHFemaleOrgans,VH_F_right_cardiac_atrium,right cardiac atrium,UBERON:0002078,mesh,VH_F_Heart,,
30,heart,http://purl.obolibrary.org/obo/UBERON_0002078,right cardiac atrium,Male,azimuth,sc_transcriptomics,http://purl.obolibrary.org/obo/CL_0002350,Endocardial,1043.312,0.03550863207537858,10,#VHMHeart,#VHMaleOrgans,VH_M_right_cardiac_atrium,right cardiac atrium,UBERON:0002078,mesh,VH_M_Heart,,
31,heart,http://purl.obolibrary.org/obo/UBERON_0002078,right cardiac atrium,Male,azimuth,sc_transcriptomics,http://purl.obolibrary.org/obo/CL_1000413,Arterial Endothelial,831.299,0.02829286956886352,10,#VHFHeartV1.1,#VHFemaleOrgans,VH_F_right_cardiac_atrium,right cardiac atrium,UBERON:0002078,mesh,VH_F_Heart,,
32,heart,http://purl.obolibrary.org/obo/UBERON_0002078,right cardiac atrium,Male,azimuth,sc_transcriptomics,http://purl.obolibrary.org/obo/CL_1000413,Arterial Endothelial,831.299,0.02829286956886352,10,#VHMHeart,#VHMaleOrgans,VH_M_right_cardiac_atrium,right cardiac atrium,UBERON:0002078,mesh,VH_M_Heart,,
33,heart,http://purl.obolibrary.org/obo/UBERON_0002078,right cardiac atrium,Male,azimuth,sc_transcriptomics,http://purl.obolibrary.org/obo/CL_0000084,T,734.288,0.02499114591739153,10,#VHFHeartV1.1,#VHFemaleOrgans,VH_F_right_cardiac_atrium,right cardiac atrium,UBERON:0002078,mesh,VH_F_Heart,,
34,heart,http://purl.obolibrary.org/obo/UBERON_0002078,right cardiac atrium,Male,azimuth,sc_transcriptomics,http://purl.obolibrary.org/obo/CL_0000084,T,734.288,0.02499114591739153,10,#VHMHeart,#VHMaleOrgans,VH_M_right_cardiac_atrium,right cardiac atrium,UBERON:0002078,mesh,VH_M_Heart,,
35,heart,http://purl.obolibrary.org/obo/UBERON_0002078,right cardiac atrium,Male,azimuth,sc_transcriptomics,http://purl.obolibrary.org/obo/CL_0000192,Smooth Muscle,682.8130000000001,0.02323921855905566,10,#VHFHeartV1.1,#VHFemaleOrgans,VH_F_right_cardiac_atrium,right cardiac atrium,UBERON:0002078,mesh,VH_F_Heart,,
36,heart,http://purl.obolibrary.org/obo/UBERON_0002078,right cardiac atrium,Male,azimuth,sc_transcriptomics,http://purl.obolibrary.org/obo/CL_0000192,Smooth Muscle,682.8130000000001,0.02323921855905566,10,#VHMHeart,#VHMaleOrgans,VH_M_right_cardiac_atrium,right cardiac atrium,UBERON:0002078,mesh,VH_M_Heart,,
37,heart,http://purl.obolibrary.org/obo/UBERON_0002078,right cardiac atrium,Male,azimuth,sc_transcriptomics,http://purl.obolibrary.org/obo/CL_0000623,NK,590.7460000000001,0.02010576161685249,10,#VHFHeartV1.1,#VHFemaleOrgans,VH_F_right_cardiac_atrium,right cardiac atrium,UBERON:0002078,mesh,VH_F_Heart,,
38,heart,http://purl.obolibrary.org/obo/UBERON_0002078,right cardiac atrium,Male,azimuth,sc_transcriptomics,http://purl.obolibrary.org/obo/CL_0000623,NK,590.7460000000001,0.02010576161685249,10,#VHMHeart,#VHMaleOrgans,VH_M_right_cardiac_atrium,right cardiac atrium,UBERON:0002078,mesh,VH_M_Heart,,
39,heart,http://purl.obolibrary.org/obo/UBERON_0002078,right cardiac atrium,Male,azimuth,sc_transcriptomics,http://purl.obolibrary.org/obo/CL_0002573,Neuronal,403.735,0.01374093039373933,10,#VHFHeartV1.1,#VHFemaleOrgans,VH_F_right_cardiac_atrium,right cardiac atrium,UBERON:0002078,mesh,VH_F_Heart,,
40,heart,http://purl.obolibrary.org/obo/UBERON_0002078,right cardiac atrium,Male,azimuth,sc_transcriptomics,http://purl.obolibrary.org/obo/CL_0002573,Neuronal,403.735,0.01374093039373933,10,#VHMHeart,#VHMaleOrgans,VH_M_right_cardiac_atrium,right cardiac atrium,UBERON:0002078,mesh,VH_M_Heart,,
41,heart,http://purl.obolibrary.org/obo/UBERON_0002078,right cardiac atrium,Male,azimuth,sc_transcriptomics,http://purl.obolibrary.org/obo/CL_0000236,B,311.1689999999999,0.01059049022177783,10,#VHFHeartV1.1,#VHFemaleOrgans,VH_F_right_cardiac_atrium,right cardiac atrium,UBERON:0002078,mesh,VH_F_Heart,,
42,heart,http://purl.obolibrary.org/obo/UBERON_0002078,right cardiac atrium,Male,azimuth,sc_transcriptomics,http://purl.obolibrary.org/obo/CL_0000236,B,311.1689999999999,0.01059049022177783,10,#VHMHeart,#VHMaleOrgans,VH_M_right_cardiac_atrium,right cardiac atrium,UBERON:0002078,mesh,VH_M_Heart,,
43,heart,http://purl.obolibrary.org/obo/UBERON_0002078,right cardiac atrium,Male,azimuth,sc_transcriptomics,http://purl.obolibrary.org/obo/CL_0000115,Endothelial,243.375,0.00828315339164628,10,#VHFHeartV1.1,#VHFemaleOrgans,VH_F_right_cardiac_atrium,right cardiac atrium,UBERON:0002078,mesh,VH_F_Heart,,
44,heart,http://purl.obolibrary.org/obo/UBERON_0002078,right cardiac atrium,Male,azimuth,sc_transcriptomics,http://purl.obolibrary.org/obo/CL_0000115,Endothelial,243.375,0.00828315339164628,10,#VHMHeart,#VHMaleOrgans,VH_M_right_cardiac_atrium,right cardiac atrium,UBERON:0002078,mesh,VH_M_Heart,,
45,heart,http://purl.obolibrary.org/obo/UBERON_0002078,right cardiac atrium,Male,azimuth,sc_transcriptomics,http://purl.obolibrary.org/obo/CL_0002138,Lymphatic Endothelial,236.628,0.008053522427358914,10,#VHFHeartV1.1,#VHFemaleOrgans,VH_F_right_cardiac_atrium,right cardiac atrium,UBERON:0002078,mesh,VH_F_Heart,,
46,heart,http://purl.obolibrary.org/obo/UBERON_0002078,right cardiac atrium,Male,azimuth,sc_transcriptomics,http://purl.obolibrary.org/obo/CL_0002138,Lymphatic Endothelial,236.628,0.008053522427358914,10,#VHMHeart,#VHMaleOrgans,VH_M_right_cardiac_atrium,right cardiac atrium,UBERON:0002078,mesh,VH_M_Heart,,
47,heart,http://purl.obolibrary.org/obo/UBERON_0002078,right cardiac atrium,Male,azimuth,sc_transcriptomics,http://purl.obolibrary.org/obo/CL_0000077,Mesothelial,161.777,0.005506003929082116,10,#VHFHeartV1.1,#VHFemaleOrgans,VH_F_right_cardiac_atrium,right cardiac atrium,UBERON:0002078,mesh,VH_F_Heart,,
48,heart,http://purl.obolibrary.org/obo/UBERON_0002078,right cardiac atrium,Male,azimuth,sc_transcriptomics,http://purl.obolibrary.org/obo/CL_0000077,Mesothelial,161.777,0.005506003929082116,10,#VHMHeart,#VHMaleOrgans,VH_M_right_cardiac_atrium,right cardiac atrium,UBERON:0002078,mesh,VH_M_Heart,,
49,heart,http://purl.obolibrary.org/obo/UBERON_0002078,right cardiac atrium,Male,azimuth,sc_transcriptomics,http://purl.obolibrary.org/obo/CL_0000136,Adipocyte,161.383,0.005492594324824043,10,#VHFHeartV1.1,#VHFemaleOrgans,VH_F_right_cardiac_atrium,right cardiac atrium,UBERON:0002078,mesh,VH_F_Heart,,
50,heart,http://purl.obolibrary.org/obo/UBERON_0002078,right cardiac atrium,Male,azimuth,sc_transcriptomics,http://purl.obolibrary.org/obo/CL_0000136,Adipocyte,161.383,0.005492594324824043,10,#VHMHeart,#VHMaleOrgans,VH_M_right_cardiac_atrium,right cardiac atrium,UBERON:0002078,mesh,VH_M_Heart,,
51,heart,http://purl.obolibrary.org/obo/UBERON_0002078,right cardiac atrium,Male,azimuth,sc_transcriptomics,http://purl.obolibrary.org/obo/CL_0000097,Mast,59.44800000000001,0.002023284654654702,10,#VHFHeartV1.1,#VHFemaleOrgans,VH_F_right_cardiac_atrium,right cardiac atrium,UBERON:0002078,mesh,VH_F_Heart,,
52,heart,http://purl.obolibrary.org/obo/UBERON_0002078,right cardiac atrium,Male,azimuth,sc_transcriptomics,http://purl.obolibrary.org/obo/CL_0000097,Mast,59.44800000000001,0.002023284654654702,10,#VHMHeart,#VHMaleOrgans,VH_M_right_cardiac_atrium,right cardiac atrium,UBERON:0002078,mesh,VH_M_Heart,,
53,heart,http://purl.obolibrary.org/obo/UBERON_0002078,right cardiac atrium,Male,celltypist,sc_transcriptomics,http://purl.obolibrary.org/obo/CL_0000057,FB2,7675.348000000001,0.2612268508197863,10,#VHFHeartV1.1,#VHFemaleOrgans,VH_F_right_cardiac_atrium,right cardiac atrium,UBERON:0002078,mesh,VH_F_Heart,,
54,heart,http://purl.obolibrary.org/obo/UBERON_0002078,right cardiac atrium,Male,celltypist,sc_transcriptomics,http://purl.obolibrary.org/obo/CL_0000057,FB2,7675.348000000001,0.2612268508197863,10,#VHMHeart,#VHMaleOrgans,VH_M_right_cardiac_atrium,right cardiac atrium,UBERON:0002078,mesh,VH_M_Heart,,
55,heart,http://purl.obolibrary.org/obo/UBERON_0002078,right cardiac atrium,Male,celltypist,sc_transcriptomics,http://purl.obolibrary.org/obo/CL_0002131,vCM1,3580.251,0.1218521549608423,10,#VHFHeartV1.1,#VHFemaleOrgans,VH_F_right_cardiac_atrium,right cardiac atrium,UBERON:0002078,mesh,VH_F_Heart,,
56,heart,http://purl.obolibrary.org/obo/UBERON_0002078,right cardiac atrium,Male,celltypist,sc_transcriptomics,http://purl.obolibrary.org/obo/CL_0002131,vCM1,3580.251,0.1218521549608423,10,#VHMHeart,#VHMaleOrgans,VH_M_right_cardiac_atrium,right cardiac atrium,UBERON:0002078,mesh,VH_M_Heart,,
57,heart,http://purl.obolibrary.org/obo/UBERON_0002078,right cardiac atrium,Male,celltypist,sc_transcriptomics,http://purl.obolibrary.org/obo/CL_0002129,aCM4,3389.979000000001,0.11537633714005,10,#VHFHeartV1.1,#VHFemaleOrgans,VH_F_right_cardiac_atrium,right cardiac atrium,UBERON:0002078,mesh,VH_F_Heart,,
58,heart,http://purl.obolibrary.org/obo/UBERON_0002078,right cardiac atrium,Male,celltypist,sc_transcriptomics,http://purl.obolibrary.org/obo/CL_0002129,aCM4,3389.979000000001,0.11537633714005,10,#VHMHeart,#VHMaleOrgans,VH_M_right_cardiac_atrium,right cardiac atrium,UBERON:0002078,mesh,VH_M_Heart,,
59,heart,http://purl.obolibrary.org/obo/UBERON_0002078,right cardiac atrium,Male,celltypist,sc_transcriptomics,http://purl.obolibrary.org/obo/CL_0000235,MoMP,2407.027,0.08192202920938539,10,#VHFHeartV1.1,#VHFemaleOrgans,VH_F_right_cardiac_atrium,right cardiac atrium,UBERON:0002078,mesh,VH_F_Heart,,
60,heart,http://purl.obolibrary.org/obo/UBERON_0002078,right cardiac atrium,Male,celltypist,sc_transcriptomics,http://purl.obolibrary.org/obo/CL_0000235,MoMP,2407.027,0.08192202920938539,10,#VHMHeart,#VHMaleOrgans,VH_M_right_cardiac_atrium,right cardiac atrium,UBERON:0002078,mesh,VH_M_Heart,,
61,heart,http://purl.obolibrary.org/obo/UBERON_0002078,right cardiac atrium,Male,celltypist,sc_transcriptomics,http://purl.obolibrary.org/obo/CL_0002144,EC1_cap,1727.503,0.05879475021480893,10,#VHFHeartV1.1,#VHFemaleOrgans,VH_F_right_cardiac_atrium,right cardiac atrium,UBERON:0002078,mesh,VH_F_Heart,,
62,heart,http://purl.obolibrary.org/obo/UBERON_0002078,right cardiac atrium,Male,celltypist,sc_transcriptomics,http://purl.obolibrary.org/obo/CL_0002144,EC1_cap,1727.503,0.05879475021480893,10,#VHMHeart,#VHMaleOrgans,VH_M_right_cardiac_atrium,right cardiac atrium,UBERON:0002078,mesh,VH_M_Heart,,
63,heart,http://purl.obolibrary.org/obo/UBERON_0002078,right cardiac atrium,Male,celltypist,sc_transcriptomics,http://purl.obolibrary.org/obo/CL_0000669,PC2_atria,1715.579,0.05838892249609506,10,#VHFHeartV1.1,#VHFemaleOrgans,VH_F_right_cardiac_atrium,right cardiac atrium,UBERON:0002078,mesh,VH_F_Heart,,
64,heart,http://purl.obolibrary.org/obo/UBERON_0002078,right cardiac atrium,Male,celltypist,sc_transcriptomics,http://purl.obolibrary.org/obo/CL_0000669,PC2_atria,1715.579,0.05838892249609506,10,#VHMHeart,#VHMaleOrgans,VH_M_right_cardiac_atrium,right cardiac atrium,UBERON:0002078,mesh,VH_M_Heart,,
65,heart,http://purl.obolibrary.org/obo/UBERON_0002078,right cardiac atrium,Male,celltypist,sc_transcriptomics,http://purl.obolibrary.org/obo/CL_0002543,EC6_ven,1618.97,0.05510088072510973,10,#VHFHeartV1.1,#VHFemaleOrgans,VH_F_right_cardiac_atrium,right cardiac atrium,UBERON:0002078,mesh,VH_F_Heart,,
66,heart,http://purl.obolibrary.org/obo/UBERON_0002078,right cardiac atrium,Male,celltypist,sc_transcriptomics,http://purl.obolibrary.org/obo/CL_0002543,EC6_ven,1618.97,0.05510088072510973,10,#VHMHeart,#VHMaleOrgans,VH_M_right_cardiac_atrium,right cardiac atrium,UBERON:0002078,mesh,VH_M_Heart,,
67,heart,http://purl.obolibrary.org/obo/UBERON_0002078,right cardiac atrium,Male,celltypist,sc_transcriptomics,http://purl.obolibrary.org/obo/CL_1000413,EC5_art,1269.593,0.04320999923558449,10,#VHFHeartV1.1,#VHFemaleOrgans,VH_F_right_cardiac_atrium,right cardiac atrium,UBERON:0002078,mesh,VH_F_Heart,,
68,heart,http://purl.obolibrary.org/obo/UBERON_0002078,right cardiac atrium,Male,celltypist,sc_transcriptomics,http://purl.obolibrary.org/obo/CL_1000413,EC5_art,1269.593,0.04320999923558449,10,#VHMHeart,#VHMaleOrgans,VH_M_right_cardiac_atrium,right cardiac atrium,UBERON:0002078,mesh,VH_M_Heart,,
69,heart,http://purl.obolibrary.org/obo/UBERON_0002078,right cardiac atrium,Male,celltypist,sc_transcriptomics,http://purl.obolibrary.org/obo/CL_0002350,EC7_endocardial,1002.743,0.03412788528566848,10,#VHFHeartV1.1,#VHFemaleOrgans,VH_F_right_cardiac_atrium,right cardiac atrium,UBERON:0002078,mesh,VH_F_Heart,,
70,heart,http://purl.obolibrary.org/obo/UBERON_0002078,right cardiac atrium,Male,celltypist,sc_transcriptomics,http://purl.obolibrary.org/obo/CL_0002350,EC7_endocardial,1002.743,0.03412788528566848,10,#VHMHeart,#VHMaleOrgans,VH_M_right_cardiac_atrium,right cardiac atrium,UBERON:0002078,mesh,VH_M_Heart,,
71,heart,http://purl.obolibrary.org/obo/UBERON_0002078,right cardiac atrium,Male,celltypist,sc_transcriptomics,http://purl.obolibrary.org/obo/CL_0002396,CD16+Mo,839.4150000000001,0.02856909380276841,10,#VHFHeartV1.1,#VHFemaleOrgans,VH_F_right_cardiac_atrium,right cardiac atrium,UBERON:0002078,mesh,VH_F_Heart,,
72,heart,http://purl.obolibrary.org/obo/UBERON_0002078,right cardiac atrium,Male,celltypist,sc_transcriptomics,http://purl.obolibrary.org/obo/CL_0002396,CD16+Mo,839.4150000000001,0.02856909380276841,10,#VHMHeart,#VHMaleOrgans,VH_M_right_cardiac_atrium,right cardiac atrium,UBERON:0002078,mesh,VH_M_Heart,,
73,heart,http://purl.obolibrary.org/obo/UBERON_0002078,right cardiac atrium,Male,celltypist,sc_transcriptomics,http://purl.obolibrary.org/obo/CL_0000359,SMC2_art,767.268,0.02611360466975514,10,#VHFHeartV1.1,#VHFemaleOrgans,VH_F_right_cardiac_atrium,right cardiac atrium,UBERON:0002078,mesh,VH_F_Heart,,
74,heart,http://purl.obolibrary.org/obo/UBERON_0002078,right cardiac atrium,Male,celltypist,sc_transcriptomics,http://purl.obolibrary.org/obo/CL_0000359,SMC2_art,767.268,0.02611360466975514,10,#VHMHeart,#VHMaleOrgans,VH_M_right_cardiac_atrium,right cardiac atrium,UBERON:0002078,mesh,VH_M_Heart,,
75,heart,http://purl.obolibrary.org/obo/UBERON_0002078,right cardiac atrium,Male,celltypist,sc_transcriptomics,http://purl.obolibrary.org/obo/CL_0010020,NC1_glial,410.1960000000001,0.0139608274828546,10,#VHFHeartV1.1,#VHFemaleOrgans,VH_F_right_cardiac_atrium,right cardiac atrium,UBERON:0002078,mesh,VH_F_Heart,,
76,heart,http://purl.obolibrary.org/obo/UBERON_0002078,right cardiac atrium,Male,celltypist,sc_transcriptomics,http://purl.obolibrary.org/obo/CL_0010020,NC1_glial,410.1960000000001,0.0139608274828546,10,#VHMHeart,#VHMaleOrgans,VH_M_right_cardiac_atrium,right cardiac atrium,UBERON:0002078,mesh,VH_M_Heart,,
77,heart,http://purl.obolibrary.org/obo/UBERON_0002078,right cardiac atrium,Male,celltypist,sc_transcriptomics,http://purl.obolibrary.org/obo/CL_0000939,NK_CD16hi,366.3100000000001,0.01246718816186522,10,#VHFHeartV1.1,#VHFemaleOrgans,VH_F_right_cardiac_atrium,right cardiac atrium,UBERON:0002078,mesh,VH_F_Heart,,
78,heart,http://purl.obolibrary.org/obo/UBERON_0002078,right cardiac atrium,Male,celltypist,sc_transcriptomics,http://purl.obolibrary.org/obo/CL_0000939,NK_CD16hi,366.3100000000001,0.01246718816186522,10,#VHMHeart,#VHMaleOrgans,VH_M_right_cardiac_atrium,right cardiac atrium,UBERON:0002078,mesh,VH_M_Heart,,
79,heart,http://purl.obolibrary.org/obo/UBERON_0002078,right cardiac atrium,Male,celltypist,sc_transcriptomics,http://purl.obolibrary.org/obo/CL_0002057,CD14+Mo,303.761,0.0103383624341032,10,#VHFHeartV1.1,#VHFemaleOrgans,VH_F_right_cardiac_atrium,right cardiac atrium,UBERON:0002078,mesh,VH_F_Heart,,
80,heart,http://purl.obolibrary.org/obo/UBERON_0002078,right cardiac atrium,Male,celltypist,sc_transcriptomics,http://purl.obolibrary.org/obo/CL_0002057,CD14+Mo,303.761,0.0103383624341032,10,#VHMHeart,#VHMaleOrgans,VH_M_right_cardiac_atrium,right cardiac atrium,UBERON:0002078,mesh,VH_M_Heart,,
81,heart,http://purl.obolibrary.org/obo/UBERON_0002078,right cardiac atrium,Male,celltypist,sc_transcriptomics,http://purl.obolibrary.org/obo/CL_0000115,EC4_immune,253.725,0.008635410762385012,10,#VHFHeartV1.1,#VHFemaleOrgans,VH_F_right_cardiac_atrium,right cardiac atrium,UBERON:0002078,mesh,VH_F_Heart,,
82,heart,http://purl.obolibrary.org/obo/UBERON_0002078,right cardiac atrium,Male,celltypist,sc_transcriptomics,http://purl.obolibrary.org/obo/CL_0000115,EC4_immune,253.725,0.008635410762385012,10,#VHMHeart,#VHMaleOrgans,VH_M_right_cardiac_atrium,right cardiac atrium,UBERON:0002078,mesh,VH_M_Heart,,
83,heart,http://purl.obolibrary.org/obo/UBERON_0002078,right cardiac atrium,Male,celltypist,sc_transcriptomics,http://purl.obolibrary.org/obo/CL_0002138,EC8_ln,235.33,0.008009345609270134,10,#VHFHeartV1.1,#VHFemaleOrgans,VH_F_right_cardiac_atrium,right cardiac atrium,UBERON:0002078,mesh,VH_F_Heart,,
84,heart,http://purl.obolibrary.org/obo/UBERON_0002078,right cardiac atrium,Male,celltypist,sc_transcriptomics,http://purl.obolibrary.org/obo/CL_0002138,EC8_ln,235.33,0.008009345609270134,10,#VHMHeart,#VHMaleOrgans,VH_M_right_cardiac_atrium,right cardiac atrium,UBERON:0002078,mesh,VH_M_Heart,,
85,heart,http://purl.obolibrary.org/obo/UBERON_0002078,right cardiac atrium,Male,celltypist,sc_transcriptomics,http://purl.obolibrary.org/obo/CL_0001050,CD8+T_te,233.596,0.007950329736723181,10,#VHFHeartV1.1,#VHFemaleOrgans,VH_F_right_cardiac_atrium,right cardiac atrium,UBERON:0002078,mesh,VH_F_Heart,,
86,heart,http://purl.obolibrary.org/obo/UBERON_0002078,right cardiac atrium,Male,celltypist,sc_transcriptomics,http://purl.obolibrary.org/obo/CL_0001050,CD8+T_te,233.596,0.007950329736723181,10,#VHMHeart,#VHMaleOrgans,VH_M_right_cardiac_atrium,right cardiac atrium,UBERON:0002078,mesh,VH_M_Heart,,
87,heart,http://purl.obolibrary.org/obo/UBERON_0002078,right cardiac atrium,Male,celltypist,sc_transcriptomics,http://purl.obolibrary.org/obo/CL_0000136,Adip1,227.166,0.007731487717993708,10,#VHFHeartV1.1,#VHFemaleOrgans,VH_F_right_cardiac_atrium,right cardiac atrium,UBERON:0002078,mesh,VH_F_Heart,,
88,heart,http://purl.obolibrary.org/obo/UBERON_0002078,right cardiac atrium,Male,celltypist,sc_transcriptomics,http://purl.obolibrary.org/obo/CL_0000136,Adip1,227.166,0.007731487717993708,10,#VHMHeart,#VHMaleOrgans,VH_M_right_cardiac_atrium,right cardiac atrium,UBERON:0002078,mesh,VH_M_Heart,,
89,heart,http://purl.obolibrary.org/obo/UBERON_0002078,right cardiac atrium,Male,celltypist,sc_transcriptomics,http://purl.obolibrary.org/obo/CL_0000236,B,203.174,0.006914931308451326,10,#VHFHeartV1.1,#VHFemaleOrgans,VH_F_right_cardiac_atrium,right cardiac atrium,UBERON:0002078,mesh,VH_F_Heart,,
90,heart,http://purl.obolibrary.org/obo/UBERON_0002078,right cardiac atrium,Male,celltypist,sc_transcriptomics,http://purl.obolibrary.org/obo/CL_0000236,B,203.174,0.006914931308451326,10,#VHMHeart,#VHMaleOrgans,VH_M_right_cardiac_atrium,right cardiac atrium,UBERON:0002078,mesh,VH_M_Heart,,
91,heart,http://purl.obolibrary.org/obo/UBERON_0002078,right cardiac atrium,Male,celltypist,sc_transcriptomics,http://purl.obolibrary.org/obo/CL_0000895,CD4+T_naive,169.748,0.005777293156343802,10,#VHFHeartV1.1,#VHFemaleOrgans,VH_F_right_cardiac_atrium,right cardiac atrium,UBERON:0002078,mesh,VH_F_Heart,,
92,heart,http://purl.obolibrary.org/obo/UBERON_0002078,right cardiac atrium,Male,celltypist,sc_transcriptomics,http://purl.obolibrary.org/obo/CL_0000895,CD4+T_naive,169.748,0.005777293156343802,10,#VHMHeart,#VHMaleOrgans,VH_M_right_cardiac_atrium,right cardiac atrium,UBERON:0002078,mesh,VH_M_Heart,,
93,heart,http://purl.obolibrary.org/obo/UBERON_0002078,right cardiac atrium,Male,celltypist,sc_transcriptomics,http://purl.obolibrary.org/obo/CL_0001043,CD4+T_act,159.568,0.005430821655462614,10,#VHFHeartV1.1,#VHFemaleOrgans,VH_F_right_cardiac_atrium,right cardiac atrium,UBERON:0002078,mesh,VH_F_Heart,,
94,heart,http://purl.obolibrary.org/obo/UBERON_0002078,right cardiac atrium,Male,celltypist,sc_transcriptomics,http://purl.obolibrary.org/obo/CL_0001043,CD4+T_act,159.568,0.005430821655462614,10,#VHMHeart,#VHMaleOrgans,VH_M_right_cardiac_atrium,right cardiac atrium,UBERON:0002078,mesh,VH_M_Heart,,
95,heart,http://purl.obolibrary.org/obo/UBERON_0002078,right cardiac atrium,Male,celltypist,sc_transcriptomics,http://purl.obolibrary.org/obo/CL_0000451,DC,142.851,0.004861866441294558,10,#VHFHeartV1.1,#VHFemaleOrgans,VH_F_right_cardiac_atrium,right cardiac atrium,UBERON:0002078,mesh,VH_F_Heart,,
96,heart,http://purl.obolibrary.org/obo/UBERON_0002078,right cardiac atrium,Male,celltypist,sc_transcriptomics,http://purl.obolibrary.org/obo/CL_0000451,DC,142.851,0.004861866441294558,10,#VHMHeart,#VHMaleOrgans,VH_M_right_cardiac_atrium,right cardiac atrium,UBERON:0002078,mesh,VH_M_Heart,,
97,heart,http://purl.obolibrary.org/obo/UBERON_0002078,right cardiac atrium,Male,celltypist,sc_transcriptomics,http://purl.obolibrary.org/obo/CL_0000625,CD8+T_trans,139.046,0.004732365060071283,10,#VHFHeartV1.1,#VHFemaleOrgans,VH_F_right_cardiac_atrium,right cardiac atrium,UBERON:0002078,mesh,VH_F_Heart,,
98,heart,http://purl.obolibrary.org/obo/UBERON_0002078,right cardiac atrium,Male,celltypist,sc_transcriptomics,http://purl.obolibrary.org/obo/CL_0000625,CD8+T_trans,139.046,0.004732365060071283,10,#VHMHeart,#VHMaleOrgans,VH_M_right_cardiac_atrium,right cardiac atrium,UBERON:0002078,mesh,VH_M_Heart,,
99,heart,http://purl.obolibrary.org/obo/UBERON_0002078,right cardiac atrium,Male,celltypist,sc_transcriptomics,http://purl.obolibrary.org/obo/CL_0000794,CD8+T_cytox,94.80600000000004,0.00322667751596679,10,#VHFHeartV1.1,#VHFemaleOrgans,VH_F_right_cardiac_atrium,right cardiac atrium,UBERON:0002078,mesh,VH_F_Heart,,
100,heart,http://purl.obolibrary.org/obo/UBERON_0002078,right cardiac atrium,Male,celltypist,sc_transcriptomics,http://purl.obolibrary.org/obo/CL_0000794,CD8+T_cytox,94.80600000000004,0.00322667751596679,10,#VHMHeart,#VHMaleOrgans,VH_M_right_cardiac_atrium,right cardiac atrium,UBERON:0002078,mesh,VH_M_Heart,,
101,heart,http://purl.obolibrary.org/obo/UBERON_0002078,right cardiac atrium,Male,celltypist,sc_transcriptomics,http://purl.obolibrary.org/obo/CL_0000077,Meso,88.34500000000001,0.003006780426851528,10,#VHFHeartV1.1,#VHFemaleOrgans,VH_F_right_cardiac_atrium,right cardiac atrium,UBERON:0002078,mesh,VH_F_Heart,,
102,heart,http://purl.obolibrary.org/obo/UBERON_0002078,right cardiac atrium,Male,celltypist,sc_transcriptomics,http://purl.obolibrary.org/obo/CL_0000077,Meso,88.34500000000001,0.003006780426851528,10,#VHMHeart,#VHMaleOrgans,VH_M_right_cardiac_atrium,right cardiac atrium,UBERON:0002078,mesh,VH_M_Heart,,
103,heart,http://purl.obolibrary.org/obo/UBERON_0002078,right cardiac atrium,Male,celltypist,sc_transcriptomics,http://purl.obolibrary.org/obo/CL_4033076,LYVE1+MP_cycling,79.96000000000001,0.002721400904760294,10,#VHFHeartV1.1,#VHFemaleOrgans,VH_F_right_cardiac_atrium,right cardiac atrium,UBERON:0002078,mesh,VH_F_Heart,,
104,heart,http://purl.obolibrary.org/obo/UBERON_0002078,right cardiac atrium,Male,celltypist,sc_transcriptomics,http://purl.obolibrary.org/obo/CL_4033076,LYVE1+MP_cycling,79.96000000000001,0.002721400904760294,10,#VHMHeart,#VHMaleOrgans,VH_M_right_cardiac_atrium,right cardiac atrium,UBERON:0002078,mesh,VH_M_Heart,,
105,heart,http://purl.obolibrary.org/obo/UBERON_0002078,right cardiac atrium,Male,celltypist,sc_transcriptomics,http://purl.obolibrary.org/obo/CL_0000913,CD8+T_em,62.248,0.002118581334661315,10,#VHFHeartV1.1,#VHFemaleOrgans,VH_F_right_cardiac_atrium,right cardiac atrium,UBERON:0002078,mesh,VH_F_Heart,,
106,heart,http://purl.obolibrary.org/obo/UBERON_0002078,right cardiac atrium,Male,celltypist,sc_transcriptomics,http://purl.obolibrary.org/obo/CL_0000913,CD8+T_em,62.248,0.002118581334661315,10,#VHMHeart,#VHMaleOrgans,VH_M_right_cardiac_atrium,right cardiac atrium,UBERON:0002078,mesh,VH_M_Heart,,
107,heart,http://purl.obolibrary.org/obo/UBERON_0002078,right cardiac atrium,Male,celltypist,sc_transcriptomics,http://purl.obolibrary.org/obo/CL_0000938,NK_CD56hi,54.944,0.001869993137958349,10,#VHFHeartV1.1,#VHFemaleOrgans,VH_F_right_cardiac_atrium,right cardiac atrium,UBERON:0002078,mesh,VH_F_Heart,,
108,heart,http://purl.obolibrary.org/obo/UBERON_0002078,right cardiac atrium,Male,celltypist,sc_transcriptomics,http://purl.obolibrary.org/obo/CL_0000938,NK_CD56hi,54.944,0.001869993137958349,10,#VHMHeart,#VHMaleOrgans,VH_M_right_cardiac_atrium,right cardiac atrium,UBERON:0002078,mesh,VH_M_Heart,,
109,heart,http://purl.obolibrary.org/obo/UBERON_0002078,right cardiac atrium,Male,celltypist,sc_transcriptomics,http://purl.obolibrary.org/obo/CL_0000786,B_plasma,40.59800000000001,0.00138173379103875,10,#VHFHeartV1.1,#VHFemaleOrgans,VH_F_right_cardiac_atrium,right cardiac atrium,UBERON:0002078,mesh,VH_F_Heart,,
110,heart,http://purl.obolibrary.org/obo/UBERON_0002078,right cardiac atrium,Male,celltypist,sc_transcriptomics,http://purl.obolibrary.org/obo/CL_0000786,B_plasma,40.59800000000001,0.00138173379103875,10,#VHMHeart,#VHMaleOrgans,VH_M_right_cardiac_atrium,right cardiac atrium,UBERON:0002078,mesh,VH_M_Heart,,
111,heart,http://purl.obolibrary.org/obo/UBERON_0002078,right cardiac atrium,Male,celltypist,sc_transcriptomics,http://purl.obolibrary.org/obo/CL_0000097,Mast,40.176,0.00136737121998061,10,#VHFHeartV1.1,#VHFemaleOrgans,VH_F_right_cardiac_atrium,right cardiac atrium,UBERON:0002078,mesh,VH_F_Heart,,
112,heart,http://purl.obolibrary.org/obo/UBERON_0002078,right cardiac atrium,Male,celltypist,sc_transcriptomics,http://purl.obolibrary.org/obo/CL_0000097,Mast,40.176,0.00136737121998061,10,#VHMHeart,#VHMaleOrgans,VH_M_right_cardiac_atrium,right cardiac atrium,UBERON:0002078,mesh,VH_M_Heart,,
113,heart,http://purl.obolibrary.org/obo/UBERON_0002078,right cardiac atrium,Male,celltypist,sc_transcriptomics,http://purl.obolibrary.org/obo/CL_0000791,MAIT-like,22.12,0.0007528437720522475,10,#VHFHeartV1.1,#VHFemaleOrgans,VH_F_right_cardiac_atrium,right cardiac atrium,UBERON:0002078,mesh,VH_F_Heart,,
114,heart,http://purl.obolibrary.org/obo/UBERON_0002078,right cardiac atrium,Male,celltypist,sc_transcriptomics,http://purl.obolibrary.org/obo/CL_0000791,MAIT-like,22.12,0.0007528437720522475,10,#VHMHeart,#VHMaleOrgans,VH_M_right_cardiac_atrium,right cardiac atrium,UBERON:0002078,mesh,VH_M_Heart,,
115,heart,http://purl.obolibrary.org/obo/UBERON_0002078,right cardiac atrium,Male,celltypist,sc_transcriptomics,http://purl.obolibrary.org/obo/CL_0001065,ILC,14.356,0.0004885996922053375,10,#VHFHeartV1.1,#VHFemaleOrgans,VH_F_right_cardiac_atrium,right cardiac atrium,UBERON:0002078,mesh,VH_F_Heart,,
116,heart,http://purl.obolibrary.org/obo/UBERON_0002078,right cardiac atrium,Male,celltypist,sc_transcriptomics,http://purl.obolibrary.org/obo/CL_0001065,ILC,14.356,0.0004885996922053375,10,#VHMHeart,#VHMaleOrgans,VH_M_right_cardiac_atrium,right cardiac atrium,UBERON:0002078,mesh,VH_M_Heart,,
117,heart,http://purl.obolibrary.org/obo/UBERON_0002078,right cardiac atrium,Male,celltypist,sc_transcriptomics,http://purl.obolibrary.org/obo/CL_0000775,Neut,9.716,0.0003306794796229491,10,#VHFHeartV1.1,#VHFemaleOrgans,VH_F_right_cardiac_atrium,right cardiac atrium,UBERON:0002078,mesh,VH_F_Heart,,
118,heart,http://purl.obolibrary.org/obo/UBERON_0002078,right cardiac atrium,Male,celltypist,sc_transcriptomics,http://purl.obolibrary.org/obo/CL_0000775,Neut,9.716,0.0003306794796229491,10,#VHMHeart,#VHMaleOrgans,VH_M_right_cardiac_atrium,right cardiac atrium,UBERON:0002078,mesh,VH_M_Heart,,
119,heart,http://purl.obolibrary.org/obo/UBERON_0002078,right cardiac atrium,Male,celltypist,sc_transcriptomics,http://purl.obolibrary.org/obo/CL_0000814,T/NK_cycling,9.314,0.0003169975991362854,10,#VHFHeartV1.1,#VHFemaleOrgans,VH_F_right_cardiac_atrium,right cardiac atrium,UBERON:0002078,mesh,VH_F_Heart,,
120,heart,http://purl.obolibrary.org/obo/UBERON_0002078,right cardiac atrium,Male,celltypist,sc_transcriptomics,http://purl.obolibrary.org/obo/CL_0000814,T/NK_cycling,9.314,0.0003169975991362854,10,#VHMHeart,#VHMaleOrgans,VH_M_right_cardiac_atrium,right cardiac atrium,UBERON:0002078,mesh,VH_M_Heart,,
121,heart,http://purl.obolibrary.org/obo/UBERON_0002078,right cardiac atrium,Male,celltypist,sc_transcriptomics,http://purl.obolibrary.org/obo/CL_0000546,CD4+T_Th2,7.643000000000002,0.0002601259018894814,10,#VHFHeartV1.1,#VHFemaleOrgans,VH_F_right_cardiac_atrium,right cardiac atrium,UBERON:0002078,mesh,VH_F_Heart,,
122,heart,http://purl.obolibrary.org/obo/UBERON_0002078,right cardiac atrium,Male,celltypist,sc_transcriptomics,http://purl.obolibrary.org/obo/CL_0000546,CD4+T_Th2,7.643000000000002,0.0002601259018894814,10,#VHMHeart,#VHMaleOrgans,VH_M_right_cardiac_atrium,right cardiac atrium,UBERON:0002078,mesh,VH_M_Heart,,
123,heart,http://purl.obolibrary.org/obo/UBERON_0002078,right cardiac atrium,Male,celltypist,sc_transcriptomics,http://purl.obolibrary.org/obo/CL_0000492,CD4+T_Tfh,7.023000000000001,0.0002390244941737312,10,#VHFHeartV1.1,#VHFemaleOrgans,VH_F_right_cardiac_atrium,right cardiac atrium,UBERON:0002078,mesh,VH_F_Heart,,
124,heart,http://purl.obolibrary.org/obo/UBERON_0002078,right cardiac atrium,Male,celltypist,sc_transcriptomics,http://purl.obolibrary.org/obo/CL_0000492,CD4+T_Tfh,7.023000000000001,0.0002390244941737312,10,#VHMHeart,#VHMaleOrgans,VH_M_right_cardiac_atrium,right cardiac atrium,UBERON:0002078,mesh,VH_M_Heart,,
125,heart,http://purl.obolibrary.org/obo/UBERON_0002078,right cardiac atrium,Male,celltypist,sc_transcriptomics,http://purl.obolibrary.org/obo/CL_0000792,CD4+T_reg,6.219,0.0002116607332004036,10,#VHFHeartV1.1,#VHFemaleOrgans,VH_F_right_cardiac_atrium,right cardiac atrium,UBERON:0002078,mesh,VH_F_Heart,,
126,heart,http://purl.obolibrary.org/obo/UBERON_0002078,right cardiac atrium,Male,celltypist,sc_transcriptomics,http://purl.obolibrary.org/obo/CL_0000792,CD4+T_reg,6.219,0.0002116607332004036,10,#VHMHeart,#VHMaleOrgans,VH_M_right_cardiac_atrium,right cardiac atrium,UBERON:0002078,mesh,VH_M_Heart,,
127,heart,http://purl.obolibrary.org/obo/UBERON_0002078,right cardiac atrium,Male,celltypist,sc_transcriptomics,http://purl.obolibrary.org/obo/CL_0000545,CD4+T_Th1,3.899,0.0001327006269092094,10,#VHFHeartV1.1,#VHFemaleOrgans,VH_F_right_cardiac_atrium,right cardiac atrium,UBERON:0002078,mesh,VH_F_Heart,,
128,heart,http://purl.obolibrary.org/obo/UBERON_0002078,right cardiac atrium,Male,celltypist,sc_transcriptomics,http://purl.obolibrary.org/obo/CL_0000545,CD4+T_Th1,3.899,0.0001327006269092094,10,#VHMHeart,#VHMaleOrgans,VH_M_right_cardiac_atrium,right cardiac atrium,UBERON:0002078,mesh,VH_M_Heart,,
129,heart,http://purl.obolibrary.org/obo/UBERON_0002078,right cardiac atrium,Male,celltypist,sc_transcriptomics,http://purl.obolibrary.org/obo/CL_1000477,SAN_P_cell,1.206,4.104564145999142e-05,10,#VHFHeartV1.1,#VHFemaleOrgans,VH_F_right_cardiac_atrium,right cardiac atrium,UBERON:0002078,mesh,VH_F_Heart,,
130,heart,http://purl.obolibrary.org/obo/UBERON_0002078,right cardiac atrium,Male,celltypist,sc_transcriptomics,http://purl.obolibrary.org/obo/CL_1000477,SAN_P_cell,1.206,4.104564145999142e-05,10,#VHMHeart,#VHMaleOrgans,VH_M_right_cardiac_atrium,right cardiac atrium,UBERON:0002078,mesh,VH_M_Heart,,
131,heart,http://purl.obolibrary.org/obo/UBERON_0002078,right cardiac atrium,Male,celltypist,sc_transcriptomics,http://purl.obolibrary.org/obo/CL_0002068,Purkinje_cell,0.804,2.736376097332762e-05,10,#VHFHeartV1.1,#VHFemaleOrgans,VH_F_right_cardiac_atrium,right cardiac atrium,UBERON:0002078,mesh,VH_F_Heart,,
132,heart,http://purl.obolibrary.org/obo/UBERON_0002078,right cardiac atrium,Male,celltypist,sc_transcriptomics,http://purl.obolibrary.org/obo/CL_0002068,Purkinje_cell,0.804,2.736376097332762e-05,10,#VHMHeart,#VHMaleOrgans,VH_M_right_cardiac_atrium,right cardiac atrium,UBERON:0002078,mesh,VH_M_Heart,,
133,heart,http://purl.obolibrary.org/obo/UBERON_0002078,right cardiac atrium,Male,celltypist,sc_transcriptomics,http://purl.obolibrary.org/obo/CL_0002072,AVN_P_cell,0.402,1.368188048666381e-05,10,#VHFHeartV1.1,#VHFemaleOrgans,VH_F_right_cardiac_atrium,right cardiac atrium,UBERON:0002078,mesh,VH_F_Heart,,
134,heart,http://purl.obolibrary.org/obo/UBERON_0002078,right cardiac atrium,Male,celltypist,sc_transcriptomics,http://purl.obolibrary.org/obo/CL_0002072,AVN_P_cell,0.402,1.368188048666381e-05,10,#VHMHeart,#VHMaleOrgans,VH_M_right_cardiac_atrium,right cardiac atrium,UBERON:0002078,mesh,VH_M_Heart,,
135,heart,http://purl.obolibrary.org/obo/UBERON_0002079,left cardiac atrium,Male,azimuth,sc_transcriptomics,http://purl.obolibrary.org/obo/CL_0002144,Capillary Endothelial,9261.824,0.2065452033503151,7,#VHFHeartV1.1,#VHFemaleOrgans,VH_F_left_cardiac_atrium,left cardiac atrium,UBERON:0002079,mesh,VH_F_Heart,,
136,heart,http://purl.obolibrary.org/obo/UBERON_0002079,left cardiac atrium,Male,azimuth,sc_transcriptomics,http://purl.obolibrary.org/obo/CL_0002144,Capillary Endothelial,9261.824,0.2065452033503151,7,#VHMHeart,#VHMaleOrgans,VH_M_left_cardiac_atrium,left cardiac atrium,UBERON:0002079,mesh,VH_M_Heart,,
137,heart,http://purl.obolibrary.org/obo/UBERON_0002079,left cardiac atrium,Male,azimuth,sc_transcriptomics,http://purl.obolibrary.org/obo/CL_0000057,Fibroblast,7674.304,0.1711423883947845,7,#VHFHeartV1.1,#VHFemaleOrgans,VH_F_left_cardiac_atrium,left cardiac atrium,UBERON:0002079,mesh,VH_F_Heart,,
138,heart,http://purl.obolibrary.org/obo/UBERON_0002079,left cardiac atrium,Male,azimuth,sc_transcriptomics,http://purl.obolibrary.org/obo/CL_0000057,Fibroblast,7674.304,0.1711423883947845,7,#VHMHeart,#VHMaleOrgans,VH_M_left_cardiac_atrium,left cardiac atrium,UBERON:0002079,mesh,VH_M_Heart,,
139,heart,http://purl.obolibrary.org/obo/UBERON_0002079,left cardiac atrium,Male,azimuth,sc_transcriptomics,http://purl.obolibrary.org/obo/CL_0000669,Pericyte,7250.320000000001,0.1616872463517831,7,#VHFHeartV1.1,#VHFemaleOrgans,VH_F_left_cardiac_atrium,left cardiac atrium,UBERON:0002079,mesh,VH_F_Heart,,
140,heart,http://purl.obolibrary.org/obo/UBERON_0002079,left cardiac atrium,Male,azimuth,sc_transcriptomics,http://purl.obolibrary.org/obo/CL_0000669,Pericyte,7250.320000000001,0.1616872463517831,7,#VHMHeart,#VHMaleOrgans,VH_M_left_cardiac_atrium,left cardiac atrium,UBERON:0002079,mesh,VH_M_Heart,,
141,heart,http://purl.obolibrary.org/obo/UBERON_0002079,left cardiac atrium,Male,azimuth,sc_transcriptomics,http://purl.obolibrary.org/obo/CL_0002129,Atrial Cardiomyocyte,6896.032,0.1537863742336586,7,#VHFHeartV1.1,#VHFemaleOrgans,VH_F_left_cardiac_atrium,left cardiac atrium,UBERON:0002079,mesh,VH_F_Heart,,
142,heart,http://purl.obolibrary.org/obo/UBERON_0002079,left cardiac atrium,Male,azimuth,sc_transcriptomics,http://purl.obolibrary.org/obo/CL_0002129,Atrial Cardiomyocyte,6896.032,0.1537863742336586,7,#VHMHeart,#VHMaleOrgans,VH_M_left_cardiac_atrium,left cardiac atrium,UBERON:0002079,mesh,VH_M_Heart,,
143,heart,http://purl.obolibrary.org/obo/UBERON_0002079,left cardiac atrium,Male,azimuth,sc_transcriptomics,http://purl.obolibrary.org/obo/CL_0011031,Monocyte/cDC,3069.528,0.06845263794145583,7,#VHFHeartV1.1,#VHFemaleOrgans,VH_F_left_cardiac_atrium,left cardiac atrium,UBERON:0002079,mesh,VH_F_Heart,,
144,heart,http://purl.obolibrary.org/obo/UBERON_0002079,left cardiac atrium,Male,azimuth,sc_transcriptomics,http://purl.obolibrary.org/obo/CL_0011031,Monocyte/cDC,3069.528,0.06845263794145583,7,#VHMHeart,#VHMaleOrgans,VH_M_left_cardiac_atrium,left cardiac atrium,UBERON:0002079,mesh,VH_M_Heart,,
145,heart,http://purl.obolibrary.org/obo/UBERON_0002079,left cardiac atrium,Male,azimuth,sc_transcriptomics,http://purl.obolibrary.org/obo/CL_0000192,Smooth Muscle,1827.584,0.04075641136344012,7,#VHFHeartV1.1,#VHFemaleOrgans,VH_F_left_cardiac_atrium,left cardiac atrium,UBERON:0002079,mesh,VH_F_Heart,,
146,heart,http://purl.obolibrary.org/obo/UBERON_0002079,left cardiac atrium,Male,azimuth,sc_transcriptomics,http://purl.obolibrary.org/obo/CL_0000192,Smooth Muscle,1827.584,0.04075641136344012,7,#VHMHeart,#VHMaleOrgans,VH_M_left_cardiac_atrium,left cardiac atrium,UBERON:0002079,mesh,VH_M_Heart,,
147,heart,http://purl.obolibrary.org/obo/UBERON_0002079,left cardiac atrium,Male,azimuth,sc_transcriptomics,http://purl.obolibrary.org/obo/CL_0000084,T,1454.904,0.0324453846818064,7,#VHFHeartV1.1,#VHFemaleOrgans,VH_F_left_cardiac_atrium,left cardiac atrium,UBERON:0002079,mesh,VH_F_Heart,,
148,heart,http://purl.obolibrary.org/obo/UBERON_0002079,left cardiac atrium,Male,azimuth,sc_transcriptomics,http://purl.obolibrary.org/obo/CL_0000084,T,1454.904,0.0324453846818064,7,#VHMHeart,#VHMaleOrgans,VH_M_left_cardiac_atrium,left cardiac atrium,UBERON:0002079,mesh,VH_M_Heart,,
149,heart,http://purl.obolibrary.org/obo/UBERON_0002079,left cardiac atrium,Male,azimuth,sc_transcriptomics,http://purl.obolibrary.org/obo/CL_0000235,Macrophage,1411.344,0.03147396597875831,7,#VHFHeartV1.1,#VHFemaleOrgans,VH_F_left_cardiac_atrium,left cardiac atrium,UBERON:0002079,mesh,VH_F_Heart,,
150,heart,http://purl.obolibrary.org/obo/UBERON_0002079,left cardiac atrium,Male,azimuth,sc_transcriptomics,http://purl.obolibrary.org/obo/CL_0000235,Macrophage,1411.344,0.03147396597875831,7,#VHMHeart,#VHMaleOrgans,VH_M_left_cardiac_atrium,left cardiac atrium,UBERON:0002079,mesh,VH_M_Heart,,
151,heart,http://purl.obolibrary.org/obo/UBERON_0002079,left cardiac atrium,Male,azimuth,sc_transcriptomics,http://purl.obolibrary.org/obo/CL_0000623,NK,1133.528,0.02527847336154045,7,#VHFHeartV1.1,#VHFemaleOrgans,VH_F_left_cardiac_atrium,left cardiac atrium,UBERON:0002079,mesh,VH_F_Heart,,
152,heart,http://purl.obolibrary.org/obo/UBERON_0002079,left cardiac atrium,Male,azimuth,sc_transcriptomics,http://purl.obolibrary.org/obo/CL_0000623,NK,1133.528,0.02527847336154045,7,#VHMHeart,#VHMaleOrgans,VH_M_left_cardiac_atrium,left cardiac atrium,UBERON:0002079,mesh,VH_M_Heart,,
153,heart,http://purl.obolibrary.org/obo/UBERON_0002079,left cardiac atrium,Male,azimuth,sc_transcriptomics,http://purl.obolibrary.org/obo/CL_0000136,Adipocyte,894.4319999999999,0.0199464640359209,7,#VHFHeartV1.1,#VHFemaleOrgans,VH_F_left_cardiac_atrium,left cardiac atrium,UBERON:0002079,mesh,VH_F_Heart,,
154,heart,http://purl.obolibrary.org/obo/UBERON_0002079,left cardiac atrium,Male,azimuth,sc_transcriptomics,http://purl.obolibrary.org/obo/CL_0000136,Adipocyte,894.4319999999999,0.0199464640359209,7,#VHMHeart,#VHMaleOrgans,VH_M_left_cardiac_atrium,left cardiac atrium,UBERON:0002079,mesh,VH_M_Heart,,
155,heart,http://purl.obolibrary.org/obo/UBERON_0002079,left cardiac atrium,Male,azimuth,sc_transcriptomics,http://purl.obolibrary.org/obo/CL_0002350,Endocardial,775.368,0.01729125291425611,7,#VHFHeartV1.1,#VHFemaleOrgans,VH_F_left_cardiac_atrium,left cardiac atrium,UBERON:0002079,mesh,VH_F_Heart,,
156,heart,http://purl.obolibrary.org/obo/UBERON_0002079,left cardiac atrium,Male,azimuth,sc_transcriptomics,http://purl.obolibrary.org/obo/CL_0002350,Endocardial,775.368,0.01729125291425611,7,#VHMHeart,#VHMaleOrgans,VH_M_left_cardiac_atrium,left cardiac atrium,UBERON:0002079,mesh,VH_M_Heart,,
157,heart,http://purl.obolibrary.org/obo/UBERON_0002079,left cardiac atrium,Male,azimuth,sc_transcriptomics,http://purl.obolibrary.org/obo/CL_1000414,Venous Endothelial,686.3119999999999,0.01530524134358,7,#VHFHeartV1.1,#VHFemaleOrgans,VH_F_left_cardiac_atrium,left cardiac atrium,UBERON:0002079,mesh,VH_F_Heart,,
158,heart,http://purl.obolibrary.org/obo/UBERON_0002079,left cardiac atrium,Male,azimuth,sc_transcriptomics,http://purl.obolibrary.org/obo/CL_1000414,Venous Endothelial,686.3119999999999,0.01530524134358,7,#VHMHeart,#VHMaleOrgans,VH_M_left_cardiac_atrium,left cardiac atrium,UBERON:0002079,mesh,VH_M_Heart,,
159,heart,http://purl.obolibrary.org/obo/UBERON_0002079,left cardiac atrium,Male,azimuth,sc_transcriptomics,http://purl.obolibrary.org/obo/CL_0002573,Neuronal,633.072,0.01411795181763233,7,#VHFHeartV1.1,#VHFemaleOrgans,VH_F_left_cardiac_atrium,left cardiac atrium,UBERON:0002079,mesh,VH_F_Heart,,
160,heart,http://purl.obolibrary.org/obo/UBERON_0002079,left cardiac atrium,Male,azimuth,sc_transcriptomics,http://purl.obolibrary.org/obo/CL_0002573,Neuronal,633.072,0.01411795181763233,7,#VHMHeart,#VHMaleOrgans,VH_M_left_cardiac_atrium,left cardiac atrium,UBERON:0002079,mesh,VH_M_Heart,,
161,heart,http://purl.obolibrary.org/obo/UBERON_0002079,left cardiac atrium,Male,azimuth,sc_transcriptomics,http://purl.obolibrary.org/obo/CL_1000413,Arterial Endothelial,405.592,0.00904498747949227,7,#VHFHeartV1.1,#VHFemaleOrgans,VH_F_left_cardiac_atrium,left cardiac atrium,UBERON:0002079,mesh,VH_F_Heart,,
162,heart,http://purl.obolibrary.org/obo/UBERON_0002079,left cardiac atrium,Male,azimuth,sc_transcriptomics,http://purl.obolibrary.org/obo/CL_1000413,Arterial Endothelial,405.592,0.00904498747949227,7,#VHMHeart,#VHMaleOrgans,VH_M_left_cardiac_atrium,left cardiac atrium,UBERON:0002079,mesh,VH_M_Heart,,
163,heart,http://purl.obolibrary.org/obo/UBERON_0002079,left cardiac atrium,Male,azimuth,sc_transcriptomics,http://purl.obolibrary.org/obo/CL_0000077,Mesothelial,379.456,0.008462136257663413,7,#VHFHeartV1.1,#VHFemaleOrgans,VH_F_left_cardiac_atrium,left cardiac atrium,UBERON:0002079,mesh,VH_F_Heart,,
164,heart,http://purl.obolibrary.org/obo/UBERON_0002079,left cardiac atrium,Male,azimuth,sc_transcriptomics,http://purl.obolibrary.org/obo/CL_0000077,Mesothelial,379.456,0.008462136257663413,7,#VHMHeart,#VHMaleOrgans,VH_M_left_cardiac_atrium,left cardiac atrium,UBERON:0002079,mesh,VH_M_Heart,,
165,heart,http://purl.obolibrary.org/obo/UBERON_0002079,left cardiac atrium,Male,azimuth,sc_transcriptomics,http://purl.obolibrary.org/obo/CL_0002131,Ventricular Cardiomycoyte,332.0239999999999,0.007404369225455485,7,#VHFHeartV1.1,#VHFemaleOrgans,VH_F_left_cardiac_atrium,left cardiac atrium,UBERON:0002079,mesh,VH_F_Heart,,
166,heart,http://purl.obolibrary.org/obo/UBERON_0002079,left cardiac atrium,Male,azimuth,sc_transcriptomics,http://purl.obolibrary.org/obo/CL_0002131,Ventricular Cardiomycoyte,332.0239999999999,0.007404369225455485,7,#VHMHeart,#VHMaleOrgans,VH_M_left_cardiac_atrium,left cardiac atrium,UBERON:0002079,mesh,VH_M_Heart,,
167,heart,http://purl.obolibrary.org/obo/UBERON_0002079,left cardiac atrium,Male,azimuth,sc_transcriptomics,http://purl.obolibrary.org/obo/CL_0000236,B,242.0,0.005396770572489423,7,#VHFHeartV1.1,#VHFemaleOrgans,VH_F_left_cardiac_atrium,left cardiac atrium,UBERON:0002079,mesh,VH_F_Heart,,
168,heart,http://purl.obolibrary.org/obo/UBERON_0002079,left cardiac atrium,Male,azimuth,sc_transcriptomics,http://purl.obolibrary.org/obo/CL_0000236,B,242.0,0.005396770572489423,7,#VHMHeart,#VHMaleOrgans,VH_M_left_cardiac_atrium,left cardiac atrium,UBERON:0002079,mesh,VH_M_Heart,,
169,heart,http://purl.obolibrary.org/obo/UBERON_0002079,left cardiac atrium,Male,azimuth,sc_transcriptomics,http://purl.obolibrary.org/obo/CL_0000097,Mast,234.256,0.00522407391416976,7,#VHFHeartV1.1,#VHFemaleOrgans,VH_F_left_cardiac_atrium,left cardiac atrium,UBERON:0002079,mesh,VH_F_Heart,,
170,heart,http://purl.obolibrary.org/obo/UBERON_0002079,left cardiac atrium,Male,azimuth,sc_transcriptomics,http://purl.obolibrary.org/obo/CL_0000097,Mast,234.256,0.00522407391416976,7,#VHMHeart,#VHMaleOrgans,VH_M_left_cardiac_atrium,left cardiac atrium,UBERON:0002079,mesh,VH_M_Heart,,
171,heart,http://purl.obolibrary.org/obo/UBERON_0002079,left cardiac atrium,Male,azimuth,sc_transcriptomics,http://purl.obolibrary.org/obo/CL_0000115,Endothelial,182.952,0.004079958552802003,7,#VHFHeartV1.1,#VHFemaleOrgans,VH_F_left_cardiac_atrium,left cardiac atrium,UBERON:0002079,mesh,VH_F_Heart,,
172,heart,http://purl.obolibrary.org/obo/UBERON_0002079,left cardiac atrium,Male,azimuth,sc_transcriptomics,http://purl.obolibrary.org/obo/CL_0000115,Endothelial,182.952,0.004079958552802003,7,#VHMHeart,#VHMaleOrgans,VH_M_left_cardiac_atrium,left cardiac atrium,UBERON:0002079,mesh,VH_M_Heart,,
173,heart,http://purl.obolibrary.org/obo/UBERON_0002079,left cardiac atrium,Male,azimuth,sc_transcriptomics,http://purl.obolibrary.org/obo/CL_0002138,Lymphatic Endothelial,92.928,0.002072359899835938,7,#VHFHeartV1.1,#VHFemaleOrgans,VH_F_left_cardiac_atrium,left cardiac atrium,UBERON:0002079,mesh,VH_F_Heart,,
174,heart,http://purl.obolibrary.org/obo/UBERON_0002079,left cardiac atrium,Male,azimuth,sc_transcriptomics,http://purl.obolibrary.org/obo/CL_0002138,Lymphatic Endothelial,92.928,0.002072359899835938,7,#VHMHeart,#VHMaleOrgans,VH_M_left_cardiac_atrium,left cardiac atrium,UBERON:0002079,mesh,VH_M_Heart,,
175,heart,http://purl.obolibrary.org/obo/UBERON_0002079,left cardiac atrium,Male,azimuth,sc_transcriptomics,http://purl.obolibrary.org/obo/CL_0001065,ILC,3.872,8.634832915983075e-05,7,#VHFHeartV1.1,#VHFemaleOrgans,VH_F_left_cardiac_atrium,left cardiac atrium,UBERON:0002079,mesh,VH_F_Heart,,
176,heart,http://purl.obolibrary.org/obo/UBERON_0002079,left cardiac atrium,Male,azimuth,sc_transcriptomics,http://purl.obolibrary.org/obo/CL_0001065,ILC,3.872,8.634832915983075e-05,7,#VHMHeart,#VHMaleOrgans,VH_M_left_cardiac_atrium,left cardiac atrium,UBERON:0002079,mesh,VH_M_Heart,,
177,heart,http://purl.obolibrary.org/obo/UBERON_0002079,left cardiac atrium,Male,celltypist,sc_transcriptomics,http://purl.obolibrary.org/obo/CL_0000057,FB1,7648.168,0.1705595371729557,7,#VHFHeartV1.1,#VHFemaleOrgans,VH_F_left_cardiac_atrium,left cardiac atrium,UBERON:0002079,mesh,VH_F_Heart,,
178,heart,http://purl.obolibrary.org/obo/UBERON_0002079,left cardiac atrium,Male,celltypist,sc_transcriptomics,http://purl.obolibrary.org/obo/CL_0000057,FB1,7648.168,0.1705595371729557,7,#VHMHeart,#VHMaleOrgans,VH_M_left_cardiac_atrium,left cardiac atrium,UBERON:0002079,mesh,VH_M_Heart,,
179,heart,http://purl.obolibrary.org/obo/UBERON_0002079,left cardiac atrium,Male,celltypist,sc_transcriptomics,http://purl.obolibrary.org/obo/CL_0002129,aCM1,7215.472000000001,0.1609101113893446,7,#VHFHeartV1.1,#VHFemaleOrgans,VH_F_left_cardiac_atrium,left cardiac atrium,UBERON:0002079,mesh,VH_F_Heart,,
180,heart,http://purl.obolibrary.org/obo/UBERON_0002079,left cardiac atrium,Male,celltypist,sc_transcriptomics,http://purl.obolibrary.org/obo/CL_0002129,aCM1,7215.472000000001,0.1609101113893446,7,#VHMHeart,#VHMaleOrgans,VH_M_left_cardiac_atrium,left cardiac atrium,UBERON:0002079,mesh,VH_M_Heart,,
181,heart,http://purl.obolibrary.org/obo/UBERON_0002079,left cardiac atrium,Male,celltypist,sc_transcriptomics,http://purl.obolibrary.org/obo/CL_0000669,PC3_str,6840.856000000001,0.152555910543131,7,#VHFHeartV1.1,#VHFemaleOrgans,VH_F_left_cardiac_atrium,left cardiac atrium,UBERON:0002079,mesh,VH_F_Heart,,
182,heart,http://purl.obolibrary.org/obo/UBERON_0002079,left cardiac atrium,Male,celltypist,sc_transcriptomics,http://purl.obolibrary.org/obo/CL_0000669,PC3_str,6840.856000000001,0.152555910543131,7,#VHMHeart,#VHMaleOrgans,VH_M_left_cardiac_atrium,left cardiac atrium,UBERON:0002079,mesh,VH_M_Heart,,
183,heart,http://purl.obolibrary.org/obo/UBERON_0002079,left cardiac atrium,Male,celltypist,sc_transcriptomics,http://purl.obolibrary.org/obo/CL_0002144,EC1_cap,6782.776,0.1512606856057335,7,#VHFHeartV1.1,#VHFemaleOrgans,VH_F_left_cardiac_atrium,left cardiac atrium,UBERON:0002079,mesh,VH_F_Heart,,
184,heart,http://purl.obolibrary.org/obo/UBERON_0002079,left cardiac atrium,Male,celltypist,sc_transcriptomics,http://purl.obolibrary.org/obo/CL_0002144,EC1_cap,6782.776,0.1512606856057335,7,#VHMHeart,#VHMaleOrgans,VH_M_left_cardiac_atrium,left cardiac atrium,UBERON:0002079,mesh,VH_M_Heart,,
185,heart,http://purl.obolibrary.org/obo/UBERON_0002079,left cardiac atrium,Male,celltypist,sc_transcriptomics,http://purl.obolibrary.org/obo/CL_0000235,LYVE1+IGF1+MP,3323.144,0.07410845350142474,7,#VHFHeartV1.1,#VHFemaleOrgans,VH_F_left_cardiac_atrium,left cardiac atrium,UBERON:0002079,mesh,VH_F_Heart,,
186,heart,http://purl.obolibrary.org/obo/UBERON_0002079,left cardiac atrium,Male,celltypist,sc_transcriptomics,http://purl.obolibrary.org/obo/CL_0000235,LYVE1+IGF1+MP,3323.144,0.07410845350142474,7,#VHMHeart,#VHMaleOrgans,VH_M_left_cardiac_atrium,left cardiac atrium,UBERON:0002079,mesh,VH_M_Heart,,
187,heart,http://purl.obolibrary.org/obo/UBERON_0002079,left cardiac atrium,Male,celltypist,sc_transcriptomics,http://purl.obolibrary.org/obo/CL_0000359,SMC1_basic,2239.952,0.0499525084189621,7,#VHFHeartV1.1,#VHFemaleOrgans,VH_F_left_cardiac_atrium,left cardiac atrium,UBERON:0002079,mesh,VH_F_Heart,,
188,heart,http://purl.obolibrary.org/obo/UBERON_0002079,left cardiac atrium,Male,celltypist,sc_transcriptomics,http://purl.obolibrary.org/obo/CL_0000359,SMC1_basic,2239.952,0.0499525084189621,7,#VHMHeart,#VHMaleOrgans,VH_M_left_cardiac_atrium,left cardiac atrium,UBERON:0002079,mesh,VH_M_Heart,,
189,heart,http://purl.obolibrary.org/obo/UBERON_0002079,left cardiac atrium,Male,celltypist,sc_transcriptomics,http://purl.obolibrary.org/obo/CL_1000413,EC5_art,1719.168,0.03833865814696486,7,#VHFHeartV1.1,#VHFemaleOrgans,VH_F_left_cardiac_atrium,left cardiac atrium,UBERON:0002079,mesh,VH_F_Heart,,
190,heart,http://purl.obolibrary.org/obo/UBERON_0002079,left cardiac atrium,Male,celltypist,sc_transcriptomics,http://purl.obolibrary.org/obo/CL_1000413,EC5_art,1719.168,0.03833865814696486,7,#VHMHeart,#VHMaleOrgans,VH_M_left_cardiac_atrium,left cardiac atrium,UBERON:0002079,mesh,VH_M_Heart,,
191,heart,http://purl.obolibrary.org/obo/UBERON_0002079,left cardiac atrium,Male,celltypist,sc_transcriptomics,http://purl.obolibrary.org/obo/CL_0002543,EC6_ven,1413.28,0.03151714014333823,7,#VHFHeartV1.1,#VHFemaleOrgans,VH_F_left_cardiac_atrium,left cardiac atrium,UBERON:0002079,mesh,VH_F_Heart,,
192,heart,http://purl.obolibrary.org/obo/UBERON_0002079,left cardiac atrium,Male,celltypist,sc_transcriptomics,http://purl.obolibrary.org/obo/CL_0002543,EC6_ven,1413.28,0.03151714014333823,7,#VHMHeart,#VHMaleOrgans,VH_M_left_cardiac_atrium,left cardiac atrium,UBERON:0002079,mesh,VH_M_Heart,,
193,heart,http://purl.obolibrary.org/obo/UBERON_0002079,left cardiac atrium,Male,celltypist,sc_transcriptomics,http://purl.obolibrary.org/obo/CL_0000136,Adip1,946.704,0.02111216647957862,7,#VHFHeartV1.1,#VHFemaleOrgans,VH_F_left_cardiac_atrium,left cardiac atrium,UBERON:0002079,mesh,VH_F_Heart,,
194,heart,http://purl.obolibrary.org/obo/UBERON_0002079,left cardiac atrium,Male,celltypist,sc_transcriptomics,http://purl.obolibrary.org/obo/CL_0000136,Adip1,946.704,0.02111216647957862,7,#VHMHeart,#VHMaleOrgans,VH_M_left_cardiac_atrium,left cardiac atrium,UBERON:0002079,mesh,VH_M_Heart,,
195,heart,http://purl.obolibrary.org/obo/UBERON_0002079,left cardiac atrium,Male,celltypist,sc_transcriptomics,http://purl.obolibrary.org/obo/CL_0002350,EC7_endocardial,743.4240000000001,0.01657887919868751,7,#VHFHeartV1.1,#VHFemaleOrgans,VH_F_left_cardiac_atrium,left cardiac atrium,UBERON:0002079,mesh,VH_F_Heart,,
196,heart,http://purl.obolibrary.org/obo/UBERON_0002079,left cardiac atrium,Male,celltypist,sc_transcriptomics,http://purl.obolibrary.org/obo/CL_0002350,EC7_endocardial,743.4240000000001,0.01657887919868751,7,#VHMHeart,#VHMaleOrgans,VH_M_left_cardiac_atrium,left cardiac atrium,UBERON:0002079,mesh,VH_M_Heart,,
197,heart,http://purl.obolibrary.org/obo/UBERON_0002079,left cardiac atrium,Male,celltypist,sc_transcriptomics,http://purl.obolibrary.org/obo/CL_0000939,NK_CD16hi,735.6799999999998,0.01640618254036784,7,#VHFHeartV1.1,#VHFemaleOrgans,VH_F_left_cardiac_atrium,left cardiac atrium,UBERON:0002079,mesh,VH_F_Heart,,
198,heart,http://purl.obolibrary.org/obo/UBERON_0002079,left cardiac atrium,Male,celltypist,sc_transcriptomics,http://purl.obolibrary.org/obo/CL_0000939,NK_CD16hi,735.6799999999998,0.01640618254036784,7,#VHMHeart,#VHMaleOrgans,VH_M_left_cardiac_atrium,left cardiac atrium,UBERON:0002079,mesh,VH_M_Heart,,
199,heart,http://purl.obolibrary.org/obo/UBERON_0002079,left cardiac atrium,Male,celltypist,sc_transcriptomics,http://purl.obolibrary.org/obo/CL_0010020,NC1_glial,670.824,0.01495984802694068,7,#VHFHeartV1.1,#VHFemaleOrgans,VH_F_left_cardiac_atrium,left cardiac atrium,UBERON:0002079,mesh,VH_F_Heart,,
200,heart,http://purl.obolibrary.org/obo/UBERON_0002079,left cardiac atrium,Male,celltypist,sc_transcriptomics,http://purl.obolibrary.org/obo/CL_0010020,NC1_glial,670.824,0.01495984802694068,7,#VHMHeart,#VHMaleOrgans,VH_M_left_cardiac_atrium,left cardiac atrium,UBERON:0002079,mesh,VH_M_Heart,,
201,heart,http://purl.obolibrary.org/obo/UBERON_0002079,left cardiac atrium,Male,celltypist,sc_transcriptomics,http://purl.obolibrary.org/obo/CL_0000115,EC4_immune,503.36,0.011225282790778,7,#VHFHeartV1.1,#VHFemaleOrgans,VH_F_left_cardiac_atrium,left cardiac atrium,UBERON:0002079,mesh,VH_F_Heart,,
202,heart,http://purl.obolibrary.org/obo/UBERON_0002079,left cardiac atrium,Male,celltypist,sc_transcriptomics,http://purl.obolibrary.org/obo/CL_0000115,EC4_immune,503.36,0.011225282790778,7,#VHMHeart,#VHMaleOrgans,VH_M_left_cardiac_atrium,left cardiac atrium,UBERON:0002079,mesh,VH_M_Heart,,
203,heart,http://purl.obolibrary.org/obo/UBERON_0002079,left cardiac atrium,Male,celltypist,sc_transcriptomics,http://purl.obolibrary.org/obo/CL_0002057,CD14+Mo,463.6720000000001,0.01034021241688974,7,#VHFHeartV1.1,#VHFemaleOrgans,VH_F_left_cardiac_atrium,left cardiac atrium,UBERON:0002079,mesh,VH_F_Heart,,
204,heart,http://purl.obolibrary.org/obo/UBERON_0002079,left cardiac atrium,Male,celltypist,sc_transcriptomics,http://purl.obolibrary.org/obo/CL_0002057,CD14+Mo,463.6720000000001,0.01034021241688974,7,#VHMHeart,#VHMaleOrgans,VH_M_left_cardiac_atrium,left cardiac atrium,UBERON:0002079,mesh,VH_M_Heart,,
205,heart,http://purl.obolibrary.org/obo/UBERON_0002079,left cardiac atrium,Male,celltypist,sc_transcriptomics,http://purl.obolibrary.org/obo/CL_0001050,CD8+T_te,446.248,0.009951644935670497,7,#VHFHeartV1.1,#VHFemaleOrgans,VH_F_left_cardiac_atrium,left cardiac atrium,UBERON:0002079,mesh,VH_F_Heart,,
206,heart,http://purl.obolibrary.org/obo/UBERON_0002079,left cardiac atrium,Male,celltypist,sc_transcriptomics,http://purl.obolibrary.org/obo/CL_0001050,CD8+T_te,446.248,0.009951644935670497,7,#VHMHeart,#VHMaleOrgans,VH_M_left_cardiac_atrium,left cardiac atrium,UBERON:0002079,mesh,VH_M_Heart,,
207,heart,http://purl.obolibrary.org/obo/UBERON_0002079,left cardiac atrium,Male,celltypist,sc_transcriptomics,http://purl.obolibrary.org/obo/CL_0002396,CD16+Mo,431.728,0.00962783870132113,7,#VHFHeartV1.1,#VHFemaleOrgans,VH_F_left_cardiac_atrium,left cardiac atrium,UBERON:0002079,mesh,VH_F_Heart,,
208,heart,http://purl.obolibrary.org/obo/UBERON_0002079,left cardiac atrium,Male,celltypist,sc_transcriptomics,http://purl.obolibrary.org/obo/CL_0002396,CD16+Mo,431.728,0.00962783870132113,7,#VHMHeart,#VHMaleOrgans,VH_M_left_cardiac_atrium,left cardiac atrium,UBERON:0002079,mesh,VH_M_Heart,,
209,heart,http://purl.obolibrary.org/obo/UBERON_0002079,left cardiac atrium,Male,celltypist,sc_transcriptomics,http://purl.obolibrary.org/obo/CL_0000077,Meso,393.008,0.008764355409722821,7,#VHFHeartV1.1,#VHFemaleOrgans,VH_F_left_cardiac_atrium,left cardiac atrium,UBERON:0002079,mesh,VH_F_Heart,,
210,heart,http://purl.obolibrary.org/obo/UBERON_0002079,left cardiac atrium,Male,celltypist,sc_transcriptomics,http://purl.obolibrary.org/obo/CL_0000077,Meso,393.008,0.008764355409722821,7,#VHMHeart,#VHMaleOrgans,VH_M_left_cardiac_atrium,left cardiac atrium,UBERON:0002079,mesh,VH_M_Heart,,
211,heart,http://purl.obolibrary.org/obo/UBERON_0002079,left cardiac atrium,Male,celltypist,sc_transcriptomics,http://purl.obolibrary.org/obo/CL_0000895,CD4+T_naive,355.256,0.007922459200414471,7,#VHFHeartV1.1,#VHFemaleOrgans,VH_F_left_cardiac_atrium,left cardiac atrium,UBERON:0002079,mesh,VH_F_Heart,,
212,heart,http://purl.obolibrary.org/obo/UBERON_0002079,left cardiac atrium,Male,celltypist,sc_transcriptomics,http://purl.obolibrary.org/obo/CL_0000895,CD4+T_naive,355.256,0.007922459200414471,7,#VHMHeart,#VHMaleOrgans,VH_M_left_cardiac_atrium,left cardiac atrium,UBERON:0002079,mesh,VH_M_Heart,,
213,heart,http://purl.obolibrary.org/obo/UBERON_0002079,left cardiac atrium,Male,celltypist,sc_transcriptomics,http://purl.obolibrary.org/obo/CL_0000625,CD8+T_trans,298.144,0.006648821345306969,7,#VHFHeartV1.1,#VHFemaleOrgans,VH_F_left_cardiac_atrium,left cardiac atrium,UBERON:0002079,mesh,VH_F_Heart,,
214,heart,http://purl.obolibrary.org/obo/UBERON_0002079,left cardiac atrium,Male,celltypist,sc_transcriptomics,http://purl.obolibrary.org/obo/CL_0000625,CD8+T_trans,298.144,0.006648821345306969,7,#VHMHeart,#VHMaleOrgans,VH_M_left_cardiac_atrium,left cardiac atrium,UBERON:0002079,mesh,VH_M_Heart,,
215,heart,http://purl.obolibrary.org/obo/UBERON_0002079,left cardiac atrium,Male,celltypist,sc_transcriptomics,http://purl.obolibrary.org/obo/CL_0001043,CD4+T_act,270.072,0.006022795958898195,7,#VHFHeartV1.1,#VHFemaleOrgans,VH_F_left_cardiac_atrium,left cardiac atrium,UBERON:0002079,mesh,VH_F_Heart,,
216,heart,http://purl.obolibrary.org/obo/UBERON_0002079,left cardiac atrium,Male,celltypist,sc_transcriptomics,http://purl.obolibrary.org/obo/CL_0001043,CD4+T_act,270.072,0.006022795958898195,7,#VHMHeart,#VHMaleOrgans,VH_M_left_cardiac_atrium,left cardiac atrium,UBERON:0002079,mesh,VH_M_Heart,,
217,heart,http://purl.obolibrary.org/obo/UBERON_0002079,left cardiac atrium,Male,celltypist,sc_transcriptomics,http://purl.obolibrary.org/obo/CL_4033076,LYVE1+MP_cycling,184.888,0.004123132717381918,7,#VHFHeartV1.1,#VHFemaleOrgans,VH_F_left_cardiac_atrium,left cardiac atrium,UBERON:0002079,mesh,VH_F_Heart,,
218,heart,http://purl.obolibrary.org/obo/UBERON_0002079,left cardiac atrium,Male,celltypist,sc_transcriptomics,http://purl.obolibrary.org/obo/CL_4033076,LYVE1+MP_cycling,184.888,0.004123132717381918,7,#VHMHeart,#VHMaleOrgans,VH_M_left_cardiac_atrium,left cardiac atrium,UBERON:0002079,mesh,VH_M_Heart,,
219,heart,http://purl.obolibrary.org/obo/UBERON_0002079,left cardiac atrium,Male,celltypist,sc_transcriptomics,http://purl.obolibrary.org/obo/CL_0000913,CD8+T_em,181.984,0.004058371470512045,7,#VHFHeartV1.1,#VHFemaleOrgans,VH_F_left_cardiac_atrium,left cardiac atrium,UBERON:0002079,mesh,VH_F_Heart,,
220,heart,http://purl.obolibrary.org/obo/UBERON_0002079,left cardiac atrium,Male,celltypist,sc_transcriptomics,http://purl.obolibrary.org/obo/CL_0000913,CD8+T_em,181.984,0.004058371470512045,7,#VHMHeart,#VHMaleOrgans,VH_M_left_cardiac_atrium,left cardiac atrium,UBERON:0002079,mesh,VH_M_Heart,,
221,heart,http://purl.obolibrary.org/obo/UBERON_0002079,left cardiac atrium,Male,celltypist,sc_transcriptomics,http://purl.obolibrary.org/obo/CL_0000097,Mast,164.56,0.003669803989292808,7,#VHFHeartV1.1,#VHFemaleOrgans,VH_F_left_cardiac_atrium,left cardiac atrium,UBERON:0002079,mesh,VH_F_Heart,,
222,heart,http://purl.obolibrary.org/obo/UBERON_0002079,left cardiac atrium,Male,celltypist,sc_transcriptomics,http://purl.obolibrary.org/obo/CL_0000097,Mast,164.56,0.003669803989292808,7,#VHMHeart,#VHMaleOrgans,VH_M_left_cardiac_atrium,left cardiac atrium,UBERON:0002079,mesh,VH_M_Heart,,
223,heart,http://purl.obolibrary.org/obo/UBERON_0002079,left cardiac atrium,Male,celltypist,sc_transcriptomics,http://purl.obolibrary.org/obo/CL_0000794,CD8+T_cytox,141.328,0.003151714014333822,7,#VHFHeartV1.1,#VHFemaleOrgans,VH_F_left_cardiac_atrium,left cardiac atrium,UBERON:0002079,mesh,VH_F_Heart,,
224,heart,http://purl.obolibrary.org/obo/UBERON_0002079,left cardiac atrium,Male,celltypist,sc_transcriptomics,http://purl.obolibrary.org/obo/CL_0000794,CD8+T_cytox,141.328,0.003151714014333822,7,#VHMHeart,#VHMaleOrgans,VH_M_left_cardiac_atrium,left cardiac atrium,UBERON:0002079,mesh,VH_M_Heart,,
225,heart,http://purl.obolibrary.org/obo/UBERON_0002079,left cardiac atrium,Male,celltypist,sc_transcriptomics,http://purl.obolibrary.org/obo/CL_0000236,B,125.84,0.0028063206976945,7,#VHFHeartV1.1,#VHFemaleOrgans,VH_F_left_cardiac_atrium,left cardiac atrium,UBERON:0002079,mesh,VH_F_Heart,,
226,heart,http://purl.obolibrary.org/obo/UBERON_0002079,left cardiac atrium,Male,celltypist,sc_transcriptomics,http://purl.obolibrary.org/obo/CL_0000236,B,125.84,0.0028063206976945,7,#VHMHeart,#VHMaleOrgans,VH_M_left_cardiac_atrium,left cardiac atrium,UBERON:0002079,mesh,VH_M_Heart,,
227,heart,http://purl.obolibrary.org/obo/UBERON_0002079,left cardiac atrium,Male,celltypist,sc_transcriptomics,http://purl.obolibrary.org/obo/CL_0000938,NK_CD56hi,110.352,0.002460927381055177,7,#VHFHeartV1.1,#VHFemaleOrgans,VH_F_left_cardiac_atrium,left cardiac atrium,UBERON:0002079,mesh,VH_F_Heart,,
228,heart,http://purl.obolibrary.org/obo/UBERON_0002079,left cardiac atrium,Male,celltypist,sc_transcriptomics,http://purl.obolibrary.org/obo/CL_0000938,NK_CD56hi,110.352,0.002460927381055177,7,#VHMHeart,#VHMaleOrgans,VH_M_left_cardiac_atrium,left cardiac atrium,UBERON:0002079,mesh,VH_M_Heart,,
229,heart,http://purl.obolibrary.org/obo/UBERON_0002079,left cardiac atrium,Male,celltypist,sc_transcriptomics,http://purl.obolibrary.org/obo/CL_0002138,EC8_ln,99.704,0.002223469475865642,7,#VHFHeartV1.1,#VHFemaleOrgans,VH_F_left_cardiac_atrium,left cardiac atrium,UBERON:0002079,mesh,VH_F_Heart,,
230,heart,http://purl.obolibrary.org/obo/UBERON_0002079,left cardiac atrium,Male,celltypist,sc_transcriptomics,http://purl.obolibrary.org/obo/CL_0002138,EC8_ln,99.704,0.002223469475865642,7,#VHMHeart,#VHMaleOrgans,VH_M_left_cardiac_atrium,left cardiac atrium,UBERON:0002079,mesh,VH_M_Heart,,
231,heart,http://purl.obolibrary.org/obo/UBERON_0002079,left cardiac atrium,Male,celltypist,sc_transcriptomics,http://purl.obolibrary.org/obo/CL_0000451,DC,90.024,0.002007598652966065,7,#VHFHeartV1.1,#VHFemaleOrgans,VH_F_left_cardiac_atrium,left cardiac atrium,UBERON:0002079,mesh,VH_F_Heart,,
232,heart,http://purl.obolibrary.org/obo/UBERON_0002079,left cardiac atrium,Male,celltypist,sc_transcriptomics,http://purl.obolibrary.org/obo/CL_0000451,DC,90.024,0.002007598652966065,7,#VHMHeart,#VHMaleOrgans,VH_M_left_cardiac_atrium,left cardiac atrium,UBERON:0002079,mesh,VH_M_Heart,,
233,heart,http://purl.obolibrary.org/obo/UBERON_0002079,left cardiac atrium,Male,celltypist,sc_transcriptomics,http://purl.obolibrary.org/obo/CL_0000791,MAIT-like,63.88800000000001,0.001424747431137208,7,#VHFHeartV1.1,#VHFemaleOrgans,VH_F_left_cardiac_atrium,left cardiac atrium,UBERON:0002079,mesh,VH_F_Heart,,
234,heart,http://purl.obolibrary.org/obo/UBERON_0002079,left cardiac atrium,Male,celltypist,sc_transcriptomics,http://purl.obolibrary.org/obo/CL_0000791,MAIT-like,63.88800000000001,0.001424747431137208,7,#VHMHeart,#VHMaleOrgans,VH_M_left_cardiac_atrium,left cardiac atrium,UBERON:0002079,mesh,VH_M_Heart,,
235,heart,http://purl.obolibrary.org/obo/UBERON_0002079,left cardiac atrium,Male,celltypist,sc_transcriptomics,http://purl.obolibrary.org/obo/CL_0002131,vCM1,62.92,0.00140316034884725,7,#VHFHeartV1.1,#VHFemaleOrgans,VH_F_left_cardiac_atrium,left cardiac atrium,UBERON:0002079,mesh,VH_F_Heart,,
236,heart,http://purl.obolibrary.org/obo/UBERON_0002079,left cardiac atrium,Male,celltypist,sc_transcriptomics,http://purl.obolibrary.org/obo/CL_0002131,vCM1,62.92,0.00140316034884725,7,#VHMHeart,#VHMaleOrgans,VH_M_left_cardiac_atrium,left cardiac atrium,UBERON:0002079,mesh,VH_M_Heart,,
237,heart,http://purl.obolibrary.org/obo/UBERON_0002079,left cardiac atrium,Male,celltypist,sc_transcriptomics,http://purl.obolibrary.org/obo/CL_0000786,B_plasma,46.464,0.001036179949917969,7,#VHFHeartV1.1,#VHFemaleOrgans,VH_F_left_cardiac_atrium,left cardiac atrium,UBERON:0002079,mesh,VH_F_Heart,,
238,heart,http://purl.obolibrary.org/obo/UBERON_0002079,left cardiac atrium,Male,celltypist,sc_transcriptomics,http://purl.obolibrary.org/obo/CL_0000786,B_plasma,46.464,0.001036179949917969,7,#VHMHeart,#VHMaleOrgans,VH_M_left_cardiac_atrium,left cardiac atrium,UBERON:0002079,mesh,VH_M_Heart,,
239,heart,http://purl.obolibrary.org/obo/UBERON_0002079,left cardiac atrium,Male,celltypist,sc_transcriptomics,http://purl.obolibrary.org/obo/CL_0000814,T/NK_cycling,30.976,0.0006907866332786461,7,#VHFHeartV1.1,#VHFemaleOrgans,VH_F_left_cardiac_atrium,left cardiac atrium,UBERON:0002079,mesh,VH_F_Heart,,
240,heart,http://purl.obolibrary.org/obo/UBERON_0002079,left cardiac atrium,Male,celltypist,sc_transcriptomics,http://purl.obolibrary.org/obo/CL_0000814,T/NK_cycling,30.976,0.0006907866332786461,7,#VHMHeart,#VHMaleOrgans,VH_M_left_cardiac_atrium,left cardiac atrium,UBERON:0002079,mesh,VH_M_Heart,,
241,heart,http://purl.obolibrary.org/obo/UBERON_0002079,left cardiac atrium,Male,celltypist,sc_transcriptomics,http://purl.obolibrary.org/obo/CL_0000546,CD4+T_Th2,28.072,0.000626025386408773,7,#VHFHeartV1.1,#VHFemaleOrgans,VH_F_left_cardiac_atrium,left cardiac atrium,UBERON:0002079,mesh,VH_F_Heart,,
242,heart,http://purl.obolibrary.org/obo/UBERON_0002079,left cardiac atrium,Male,celltypist,sc_transcriptomics,http://purl.obolibrary.org/obo/CL_0000546,CD4+T_Th2,28.072,0.000626025386408773,7,#VHMHeart,#VHMaleOrgans,VH_M_left_cardiac_atrium,left cardiac atrium,UBERON:0002079,mesh,VH_M_Heart,,
243,heart,http://purl.obolibrary.org/obo/UBERON_0002079,left cardiac atrium,Male,celltypist,sc_transcriptomics,http://purl.obolibrary.org/obo/CL_0000545,CD4+T_Th1,20.328,0.0004533287280891115,7,#VHFHeartV1.1,#VHFemaleOrgans,VH_F_left_cardiac_atrium,left cardiac atrium,UBERON:0002079,mesh,VH_F_Heart,,
244,heart,http://purl.obolibrary.org/obo/UBERON_0002079,left cardiac atrium,Male,celltypist,sc_transcriptomics,http://purl.obolibrary.org/obo/CL_0000545,CD4+T_Th1,20.328,0.0004533287280891115,7,#VHMHeart,#VHMaleOrgans,VH_M_left_cardiac_atrium,left cardiac atrium,UBERON:0002079,mesh,VH_M_Heart,,
245,heart,http://purl.obolibrary.org/obo/UBERON_0002079,left cardiac atrium,Male,celltypist,sc_transcriptomics,http://purl.obolibrary.org/obo/CL_0000775,Neut,12.584,0.00028063206976945,7,#VHFHeartV1.1,#VHFemaleOrgans,VH_F_left_cardiac_atrium,left cardiac atrium,UBERON:0002079,mesh,VH_F_Heart,,
246,heart,http://purl.obolibrary.org/obo/UBERON_0002079,left cardiac atrium,Male,celltypist,sc_transcriptomics,http://purl.obolibrary.org/obo/CL_0000775,Neut,12.584,0.00028063206976945,7,#VHMHeart,#VHMaleOrgans,VH_M_left_cardiac_atrium,left cardiac atrium,UBERON:0002079,mesh,VH_M_Heart,,
247,heart,http://purl.obolibrary.org/obo/UBERON_0002079,left cardiac atrium,Male,celltypist,sc_transcriptomics,http://purl.obolibrary.org/obo/CL_0000492,CD4+T_Tfh,11.616,0.0002590449874794923,7,#VHFHeartV1.1,#VHFemaleOrgans,VH_F_left_cardiac_atrium,left cardiac atrium,UBERON:0002079,mesh,VH_F_Heart,,
248,heart,http://purl.obolibrary.org/obo/UBERON_0002079,left cardiac atrium,Male,celltypist,sc_transcriptomics,http://purl.obolibrary.org/obo/CL_0000492,CD4+T_Tfh,11.616,0.0002590449874794923,7,#VHMHeart,#VHMaleOrgans,VH_M_left_cardiac_atrium,left cardiac atrium,UBERON:0002079,mesh,VH_M_Heart,,
249,heart,http://purl.obolibrary.org/obo/UBERON_0002079,left cardiac atrium,Male,celltypist,sc_transcriptomics,http://purl.obolibrary.org/obo/CL_0000792,CD4+T_reg,11.616,0.0002590449874794923,7,#VHFHeartV1.1,#VHFemaleOrgans,VH_F_left_cardiac_atrium,left cardiac atrium,UBERON:0002079,mesh,VH_F_Heart,,
250,heart,http://purl.obolibrary.org/obo/UBERON_0002079,left cardiac atrium,Male,celltypist,sc_transcriptomics,http://purl.obolibrary.org/obo/CL_0000792,CD4+T_reg,11.616,0.0002590449874794923,7,#VHMHeart,#VHMaleOrgans,VH_M_left_cardiac_atrium,left cardiac atrium,UBERON:0002079,mesh,VH_M_Heart,,
251,heart,http://purl.obolibrary.org/obo/UBERON_0002079,left cardiac atrium,Male,celltypist,sc_transcriptomics,http://purl.obolibrary.org/obo/CL_0001065,ILC,8.712,0.0001942837406096192,7,#VHFHeartV1.1,#VHFemaleOrgans,VH_F_left_cardiac_atrium,left cardiac atrium,UBERON:0002079,mesh,VH_F_Heart,,
252,heart,http://purl.obolibrary.org/obo/UBERON_0002079,left cardiac atrium,Male,celltypist,sc_transcriptomics,http://purl.obolibrary.org/obo/CL_0001065,ILC,8.712,0.0001942837406096192,7,#VHMHeart,#VHMaleOrgans,VH_M_left_cardiac_atrium,left cardiac atrium,UBERON:0002079,mesh,VH_M_Heart,,
253,heart,http://purl.obolibrary.org/obo/UBERON_0002079,left cardiac atrium,Male,celltypist,sc_transcriptomics,http://purl.obolibrary.org/obo/CL_0000798,gdT,2.904,6.476124686987307e-05,7,#VHFHeartV1.1,#VHFemaleOrgans,VH_F_left_cardiac_atrium,left cardiac atrium,UBERON:0002079,mesh,VH_F_Heart,,
254,heart,http://purl.obolibrary.org/obo/UBERON_0002079,left cardiac atrium,Male,celltypist,sc_transcriptomics,http://purl.obolibrary.org/obo/CL_0000798,gdT,2.904,6.476124686987307e-05,7,#VHMHeart,#VHMaleOrgans,VH_M_left_cardiac_atrium,left cardiac atrium,UBERON:0002079,mesh,VH_M_Heart,,
255,heart,http://purl.obolibrary.org/obo/UBERON_0002079,left cardiac atrium,Male,celltypist,sc_transcriptomics,http://purl.obolibrary.org/obo/CL_0000899,CD4+T_Th17,0.968,2.158708228995769e-05,7,#VHFHeartV1.1,#VHFemaleOrgans,VH_F_left_cardiac_atrium,left cardiac atrium,UBERON:0002079,mesh,VH_F_Heart,,
256,heart,http://purl.obolibrary.org/obo/UBERON_0002079,left cardiac atrium,Male,celltypist,sc_transcriptomics,http://purl.obolibrary.org/obo/CL_0000899,CD4+T_Th17,0.968,2.158708228995769e-05,7,#VHMHeart,#VHMaleOrgans,VH_M_left_cardiac_atrium,left cardiac atrium,UBERON:0002079,mesh,VH_M_Heart,,
257,heart,http://purl.obolibrary.org/obo/UBERON_0002079,left cardiac atrium,Male,celltypist,sc_transcriptomics,http://purl.obolibrary.org/obo/CL_1000477,SAN_P_cell,0.968,2.158708228995769e-05,7,#VHFHeartV1.1,#VHFemaleOrgans,VH_F_left_cardiac_atrium,left cardiac atrium,UBERON:0002079,mesh,VH_F_Heart,,
258,heart,http://purl.obolibrary.org/obo/UBERON_0002079,left cardiac atrium,Male,celltypist,sc_transcriptomics,http://purl.obolibrary.org/obo/CL_1000477,SAN_P_cell,0.968,2.158708228995769e-05,7,#VHMHeart,#VHMaleOrgans,VH_M_left_cardiac_atrium,left cardiac atrium,UBERON:0002079,mesh,VH_M_Heart,,
259,heart,http://purl.obolibrary.org/obo/UBERON_0002080,heart right ventricle,Male,azimuth,sc_transcriptomics,http://purl.obolibrary.org/obo/CL_0002131,Ventricular Cardiomycoyte,26233.693,0.341260293669926,16,#VHFHeartV1.1,#VHFemaleOrgans,VH_F_right_ventricle,heart right ventricle,UBERON:0002080,mesh,VH_F_Heart,,
260,heart,http://purl.obolibrary.org/obo/UBERON_0002080,heart right ventricle,Male,azimuth,sc_transcriptomics,http://purl.obolibrary.org/obo/CL_0002131,Ventricular Cardiomycoyte,26233.693,0.341260293669926,16,#VHMHeart,#VHMaleOrgans,VH_M_heart_right_ventricle,heart right ventricle,UBERON:0002080,mesh,VH_M_Heart,,
261,heart,http://purl.obolibrary.org/obo/UBERON_0002080,heart right ventricle,Male,azimuth,sc_transcriptomics,http://purl.obolibrary.org/obo/CL_0000057,Fibroblast,12502.628,0.1626401019073387,16,#VHFHeartV1.1,#VHFemaleOrgans,VH_F_right_ventricle,heart right ventricle,UBERON:0002080,mesh,VH_F_Heart,,
262,heart,http://purl.obolibrary.org/obo/UBERON_0002080,heart right ventricle,Male,azimuth,sc_transcriptomics,http://purl.obolibrary.org/obo/CL_0000057,Fibroblast,12502.628,0.1626401019073387,16,#VHMHeart,#VHMaleOrgans,VH_M_heart_right_ventricle,heart right ventricle,UBERON:0002080,mesh,VH_M_Heart,,
263,heart,http://purl.obolibrary.org/obo/UBERON_0002080,heart right ventricle,Male,azimuth,sc_transcriptomics,http://purl.obolibrary.org/obo/CL_0002144,Capillary Endothelial,10471.762,0.1362216358696265,16,#VHFHeartV1.1,#VHFemaleOrgans,VH_F_right_ventricle,heart right ventricle,UBERON:0002080,mesh,VH_F_Heart,,
264,heart,http://purl.obolibrary.org/obo/UBERON_0002080,heart right ventricle,Male,azimuth,sc_transcriptomics,http://purl.obolibrary.org/obo/CL_0002144,Capillary Endothelial,10471.762,0.1362216358696265,16,#VHMHeart,#VHMaleOrgans,VH_M_heart_right_ventricle,heart right ventricle,UBERON:0002080,mesh,VH_M_Heart,,
265,heart,http://purl.obolibrary.org/obo/UBERON_0002080,heart right ventricle,Male,azimuth,sc_transcriptomics,http://purl.obolibrary.org/obo/CL_1000413,Arterial Endothelial,7890.167,0.1026390263667704,16,#VHFHeartV1.1,#VHFemaleOrgans,VH_F_right_ventricle,heart right ventricle,UBERON:0002080,mesh,VH_F_Heart,,
266,heart,http://purl.obolibrary.org/obo/UBERON_0002080,heart right ventricle,Male,azimuth,sc_transcriptomics,http://purl.obolibrary.org/obo/CL_1000413,Arterial Endothelial,7890.167,0.1026390263667704,16,#VHMHeart,#VHMaleOrgans,VH_M_heart_right_ventricle,heart right ventricle,UBERON:0002080,mesh,VH_M_Heart,,
267,heart,http://purl.obolibrary.org/obo/UBERON_0002080,heart right ventricle,Male,azimuth,sc_transcriptomics,http://purl.obolibrary.org/obo/CL_0000669,Pericyte,7352.566,0.09564565813846768,16,#VHFHeartV1.1,#VHFemaleOrgans,VH_F_right_ventricle,heart right ventricle,UBERON:0002080,mesh,VH_F_Heart,,
268,heart,http://purl.obolibrary.org/obo/UBERON_0002080,heart right ventricle,Male,azimuth,sc_transcriptomics,http://purl.obolibrary.org/obo/CL_0000669,Pericyte,7352.566,0.09564565813846768,16,#VHMHeart,#VHMaleOrgans,VH_M_heart_right_ventricle,heart right ventricle,UBERON:0002080,mesh,VH_M_Heart,,
269,heart,http://purl.obolibrary.org/obo/UBERON_0002080,heart right ventricle,Male,azimuth,sc_transcriptomics,http://purl.obolibrary.org/obo/CL_0011031,Monocyte/cDC,2302.671,0.02995423410974666,16,#VHFHeartV1.1,#VHFemaleOrgans,VH_F_right_ventricle,heart right ventricle,UBERON:0002080,mesh,VH_F_Heart,,
270,heart,http://purl.obolibrary.org/obo/UBERON_0002080,heart right ventricle,Male,azimuth,sc_transcriptomics,http://purl.obolibrary.org/obo/CL_0011031,Monocyte/cDC,2302.671,0.02995423410974666,16,#VHMHeart,#VHMaleOrgans,VH_M_heart_right_ventricle,heart right ventricle,UBERON:0002080,mesh,VH_M_Heart,,
271,heart,http://purl.obolibrary.org/obo/UBERON_0002080,heart right ventricle,Male,azimuth,sc_transcriptomics,http://purl.obolibrary.org/obo/CL_0000236,B,1894.489,0.02464440948113727,16,#VHFHeartV1.1,#VHFemaleOrgans,VH_F_right_ventricle,heart right ventricle,UBERON:0002080,mesh,VH_F_Heart,,
272,heart,http://purl.obolibrary.org/obo/UBERON_0002080,heart right ventricle,Male,azimuth,sc_transcriptomics,http://purl.obolibrary.org/obo/CL_0000236,B,1894.489,0.02464440948113727,16,#VHMHeart,#VHMaleOrgans,VH_M_heart_right_ventricle,heart right ventricle,UBERON:0002080,mesh,VH_M_Heart,,
273,heart,http://purl.obolibrary.org/obo/UBERON_0002080,heart right ventricle,Male,azimuth,sc_transcriptomics,http://purl.obolibrary.org/obo/CL_0000235,Macrophage,1570.62,0.02043136825775384,16,#VHFHeartV1.1,#VHFemaleOrgans,VH_F_right_ventricle,heart right ventricle,UBERON:0002080,mesh,VH_F_Heart,,
274,heart,http://purl.obolibrary.org/obo/UBERON_0002080,heart right ventricle,Male,azimuth,sc_transcriptomics,http://purl.obolibrary.org/obo/CL_0000235,Macrophage,1570.62,0.02043136825775384,16,#VHMHeart,#VHMaleOrgans,VH_M_heart_right_ventricle,heart right ventricle,UBERON:0002080,mesh,VH_M_Heart,,
275,heart,http://purl.obolibrary.org/obo/UBERON_0002080,heart right ventricle,Male,azimuth,sc_transcriptomics,http://purl.obolibrary.org/obo/CL_0000192,Smooth Muscle,1420.506,0.01847861430412759,16,#VHFHeartV1.1,#VHFemaleOrgans,VH_F_right_ventricle,heart right ventricle,UBERON:0002080,mesh,VH_F_Heart,,
276,heart,http://purl.obolibrary.org/obo/UBERON_0002080,heart right ventricle,Male,azimuth,sc_transcriptomics,http://purl.obolibrary.org/obo/CL_0000192,Smooth Muscle,1420.506,0.01847861430412759,16,#VHMHeart,#VHMaleOrgans,VH_M_heart_right_ventricle,heart right ventricle,UBERON:0002080,mesh,VH_M_Heart,,
277,heart,http://purl.obolibrary.org/obo/UBERON_0002080,heart right ventricle,Male,azimuth,sc_transcriptomics,http://purl.obolibrary.org/obo/CL_0000084,T,1169.425,0.01521243383175038,16,#VHFHeartV1.1,#VHFemaleOrgans,VH_F_right_ventricle,heart right ventricle,UBERON:0002080,mesh,VH_F_Heart,,
278,heart,http://purl.obolibrary.org/obo/UBERON_0002080,heart right ventricle,Male,azimuth,sc_transcriptomics,http://purl.obolibrary.org/obo/CL_0000084,T,1169.425,0.01521243383175038,16,#VHMHeart,#VHMaleOrgans,VH_M_heart_right_ventricle,heart right ventricle,UBERON:0002080,mesh,VH_M_Heart,,
279,heart,http://purl.obolibrary.org/obo/UBERON_0002080,heart right ventricle,Male,azimuth,sc_transcriptomics,http://purl.obolibrary.org/obo/CL_0000623,NK,1057.982,0.01376273054722016,16,#VHFHeartV1.1,#VHFemaleOrgans,VH_F_right_ventricle,heart right ventricle,UBERON:0002080,mesh,VH_F_Heart,,
280,heart,http://purl.obolibrary.org/obo/UBERON_0002080,heart right ventricle,Male,azimuth,sc_transcriptomics,http://purl.obolibrary.org/obo/CL_0000623,NK,1057.982,0.01376273054722016,16,#VHMHeart,#VHMaleOrgans,VH_M_heart_right_ventricle,heart right ventricle,UBERON:0002080,mesh,VH_M_Heart,,
281,heart,http://purl.obolibrary.org/obo/UBERON_0002080,heart right ventricle,Male,azimuth,sc_transcriptomics,http://purl.obolibrary.org/obo/CL_1000414,Venous Endothelial,779.345,0.01013808858593369,16,#VHFHeartV1.1,#VHFemaleOrgans,VH_F_right_ventricle,heart right ventricle,UBERON:0002080,mesh,VH_F_Heart,,
282,heart,http://purl.obolibrary.org/obo/UBERON_0002080,heart right ventricle,Male,azimuth,sc_transcriptomics,http://purl.obolibrary.org/obo/CL_1000414,Venous Endothelial,779.345,0.01013808858593369,16,#VHMHeart,#VHMaleOrgans,VH_M_heart_right_ventricle,heart right ventricle,UBERON:0002080,mesh,VH_M_Heart,,
283,heart,http://purl.obolibrary.org/obo/UBERON_0002080,heart right ventricle,Male,azimuth,sc_transcriptomics,http://purl.obolibrary.org/obo/CL_0002573,Neuronal,415.966,0.005411082584396502,16,#VHFHeartV1.1,#VHFemaleOrgans,VH_F_right_ventricle,heart right ventricle,UBERON:0002080,mesh,VH_F_Heart,,
284,heart,http://purl.obolibrary.org/obo/UBERON_0002080,heart right ventricle,Male,azimuth,sc_transcriptomics,http://purl.obolibrary.org/obo/CL_0002573,Neuronal,415.966,0.005411082584396502,16,#VHMHeart,#VHMaleOrgans,VH_M_heart_right_ventricle,heart right ventricle,UBERON:0002080,mesh,VH_M_Heart,,
285,heart,http://purl.obolibrary.org/obo/UBERON_0002080,heart right ventricle,Male,azimuth,sc_transcriptomics,http://purl.obolibrary.org/obo/CL_0000097,Mast,367.775,0.004784191249949332,16,#VHFHeartV1.1,#VHFemaleOrgans,VH_F_right_ventricle,heart right ventricle,UBERON:0002080,mesh,VH_F_Heart,,
286,heart,http://purl.obolibrary.org/obo/UBERON_0002080,heart right ventricle,Male,azimuth,sc_transcriptomics,http://purl.obolibrary.org/obo/CL_0000097,Mast,367.775,0.004784191249949332,16,#VHMHeart,#VHMaleOrgans,VH_M_heart_right_ventricle,heart right ventricle,UBERON:0002080,mesh,VH_M_Heart,,
287,heart,http://purl.obolibrary.org/obo/UBERON_0002080,heart right ventricle,Male,azimuth,sc_transcriptomics,http://purl.obolibrary.org/obo/CL_0002350,Endocardial,359.457,0.004675986769446093,16,#VHFHeartV1.1,#VHFemaleOrgans,VH_F_right_ventricle,heart right ventricle,UBERON:0002080,mesh,VH_F_Heart,,
288,heart,http://purl.obolibrary.org/obo/UBERON_0002080,heart right ventricle,Male,azimuth,sc_transcriptomics,http://purl.obolibrary.org/obo/CL_0002350,Endocardial,359.457,0.004675986769446093,16,#VHMHeart,#VHMaleOrgans,VH_M_heart_right_ventricle,heart right ventricle,UBERON:0002080,mesh,VH_M_Heart,,
289,heart,http://purl.obolibrary.org/obo/UBERON_0002080,heart right ventricle,Male,azimuth,sc_transcriptomics,http://purl.obolibrary.org/obo/CL_0000077,Mesothelial,320.573,0.004170165295547568,16,#VHFHeartV1.1,#VHFemaleOrgans,VH_F_right_ventricle,heart right ventricle,UBERON:0002080,mesh,VH_F_Heart,,
290,heart,http://purl.obolibrary.org/obo/UBERON_0002080,heart right ventricle,Male,azimuth,sc_transcriptomics,http://purl.obolibrary.org/obo/CL_0000077,Mesothelial,320.573,0.004170165295547568,16,#VHMHeart,#VHMaleOrgans,VH_M_heart_right_ventricle,heart right ventricle,UBERON:0002080,mesh,VH_M_Heart,,
291,heart,http://purl.obolibrary.org/obo/UBERON_0002080,heart right ventricle,Male,azimuth,sc_transcriptomics,http://purl.obolibrary.org/obo/CL_0000136,Adipocyte,289.5869999999999,0.00376708474338679,16,#VHFHeartV1.1,#VHFemaleOrgans,VH_F_right_ventricle,heart right ventricle,UBERON:0002080,mesh,VH_F_Heart,,
292,heart,http://purl.obolibrary.org/obo/UBERON_0002080,heart right ventricle,Male,azimuth,sc_transcriptomics,http://purl.obolibrary.org/obo/CL_0000136,Adipocyte,289.5869999999999,0.00376708474338679,16,#VHMHeart,#VHMaleOrgans,VH_M_heart_right_ventricle,heart right ventricle,UBERON:0002080,mesh,VH_M_Heart,,
293,heart,http://purl.obolibrary.org/obo/UBERON_0002080,heart right ventricle,Male,azimuth,sc_transcriptomics,http://purl.obolibrary.org/obo/CL_0002129,Atrial Cardiomyocyte,248.625,0.003234231662072334,16,#VHFHeartV1.1,#VHFemaleOrgans,VH_F_right_ventricle,heart right ventricle,UBERON:0002080,mesh,VH_F_Heart,,
294,heart,http://purl.obolibrary.org/obo/UBERON_0002080,heart right ventricle,Male,azimuth,sc_transcriptomics,http://purl.obolibrary.org/obo/CL_0002129,Atrial Cardiomyocyte,248.625,0.003234231662072334,16,#VHMHeart,#VHMaleOrgans,VH_M_heart_right_ventricle,heart right ventricle,UBERON:0002080,mesh,VH_M_Heart,,
295,heart,http://purl.obolibrary.org/obo/UBERON_0002080,heart right ventricle,Male,azimuth,sc_transcriptomics,http://purl.obolibrary.org/obo/CL_0002138,Lymphatic Endothelial,217.157,0.002824881025804492,16,#VHFHeartV1.1,#VHFemaleOrgans,VH_F_right_ventricle,heart right ventricle,UBERON:0002080,mesh,VH_F_Heart,,
296,heart,http://purl.obolibrary.org/obo/UBERON_0002080,heart right ventricle,Male,azimuth,sc_transcriptomics,http://purl.obolibrary.org/obo/CL_0002138,Lymphatic Endothelial,217.157,0.002824881025804492,16,#VHMHeart,#VHMaleOrgans,VH_M_heart_right_ventricle,heart right ventricle,UBERON:0002080,mesh,VH_M_Heart,,
297,heart,http://purl.obolibrary.org/obo/UBERON_0002080,heart right ventricle,Male,azimuth,sc_transcriptomics,http://purl.obolibrary.org/obo/CL_0000115,Endothelial,6.012,7.82069411860387e-05,16,#VHFHeartV1.1,#VHFemaleOrgans,VH_F_right_ventricle,heart right ventricle,UBERON:0002080,mesh,VH_F_Heart,,
298,heart,http://purl.obolibrary.org/obo/UBERON_0002080,heart right ventricle,Male,azimuth,sc_transcriptomics,http://purl.obolibrary.org/obo/CL_0000115,Endothelial,6.012,7.82069411860387e-05,16,#VHMHeart,#VHMaleOrgans,VH_M_heart_right_ventricle,heart right ventricle,UBERON:0002080,mesh,VH_M_Heart,,
299,heart,http://purl.obolibrary.org/obo/UBERON_0002080,heart right ventricle,Male,azimuth,sc_transcriptomics,http://purl.obolibrary.org/obo/CL_0001065,ILC,1.966,2.557465841180174e-05,16,#VHFHeartV1.1,#VHFemaleOrgans,VH_F_right_ventricle,heart right ventricle,UBERON:0002080,mesh,VH_F_Heart,,
300,heart,http://purl.obolibrary.org/obo/UBERON_0002080,heart right ventricle,Male,azimuth,sc_transcriptomics,http://purl.obolibrary.org/obo/CL_0001065,ILC,1.966,2.557465841180174e-05,16,#VHMHeart,#VHMaleOrgans,VH_M_heart_right_ventricle,heart right ventricle,UBERON:0002080,mesh,VH_M_Heart,,
301,heart,http://purl.obolibrary.org/obo/UBERON_0002080,heart right ventricle,Male,celltypist,sc_transcriptomics,http://purl.obolibrary.org/obo/CL_0000669,PC1_vent,25654.376,0.3337242639714775,16,#VHFHeartV1.1,#VHFemaleOrgans,VH_F_right_ventricle,heart right ventricle,UBERON:0002080,mesh,VH_F_Heart,,
302,heart,http://purl.obolibrary.org/obo/UBERON_0002080,heart right ventricle,Male,celltypist,sc_transcriptomics,http://purl.obolibrary.org/obo/CL_0000669,PC1_vent,25654.376,0.3337242639714775,16,#VHMHeart,#VHMaleOrgans,VH_M_heart_right_ventricle,heart right ventricle,UBERON:0002080,mesh,VH_M_Heart,,
303,heart,http://purl.obolibrary.org/obo/UBERON_0002080,heart right ventricle,Male,celltypist,sc_transcriptomics,http://purl.obolibrary.org/obo/CL_0002131,vCM1,16756.171,0.2179722022455435,16,#VHFHeartV1.1,#VHFemaleOrgans,VH_F_right_ventricle,heart right ventricle,UBERON:0002080,mesh,VH_F_Heart,,
304,heart,http://purl.obolibrary.org/obo/UBERON_0002080,heart right ventricle,Male,celltypist,sc_transcriptomics,http://purl.obolibrary.org/obo/CL_0002131,vCM1,16756.171,0.2179722022455435,16,#VHMHeart,#VHMaleOrgans,VH_M_heart_right_ventricle,heart right ventricle,UBERON:0002080,mesh,VH_M_Heart,,
305,heart,http://purl.obolibrary.org/obo/UBERON_0002080,heart right ventricle,Male,celltypist,sc_transcriptomics,http://purl.obolibrary.org/obo/CL_0002144,EC1_cap,11709.747,0.1523259306274772,16,#VHFHeartV1.1,#VHFemaleOrgans,VH_F_right_ventricle,heart right ventricle,UBERON:0002080,mesh,VH_F_Heart,,
306,heart,http://purl.obolibrary.org/obo/UBERON_0002080,heart right ventricle,Male,celltypist,sc_transcriptomics,http://purl.obolibrary.org/obo/CL_0002144,EC1_cap,11709.747,0.1523259306274772,16,#VHMHeart,#VHMaleOrgans,VH_M_heart_right_ventricle,heart right ventricle,UBERON:0002080,mesh,VH_M_Heart,,
307,heart,http://purl.obolibrary.org/obo/UBERON_0002080,heart right ventricle,Male,celltypist,sc_transcriptomics,http://purl.obolibrary.org/obo/CL_0000057,FB1,9967.852,0.1296665361136291,16,#VHFHeartV1.1,#VHFemaleOrgans,VH_F_right_ventricle,heart right ventricle,UBERON:0002080,mesh,VH_F_Heart,,
308,heart,http://purl.obolibrary.org/obo/UBERON_0002080,heart right ventricle,Male,celltypist,sc_transcriptomics,http://purl.obolibrary.org/obo/CL_0000057,FB1,9967.852,0.1296665361136291,16,#VHMHeart,#VHMaleOrgans,VH_M_heart_right_ventricle,heart right ventricle,UBERON:0002080,mesh,VH_M_Heart,,
309,heart,http://purl.obolibrary.org/obo/UBERON_0002080,heart right ventricle,Male,celltypist,sc_transcriptomics,http://purl.obolibrary.org/obo/CL_0000235,LYVE1+IGF1+MP,2547.397,0.03313774573461268,16,#VHFHeartV1.1,#VHFemaleOrgans,VH_F_right_ventricle,heart right ventricle,UBERON:0002080,mesh,VH_F_Heart,,
310,heart,http://purl.obolibrary.org/obo/UBERON_0002080,heart right ventricle,Male,celltypist,sc_transcriptomics,http://purl.obolibrary.org/obo/CL_0000235,LYVE1+IGF1+MP,2547.397,0.03313774573461268,16,#VHMHeart,#VHMaleOrgans,VH_M_heart_right_ventricle,heart right ventricle,UBERON:0002080,mesh,VH_M_Heart,,
311,heart,http://purl.obolibrary.org/obo/UBERON_0002080,heart right ventricle,Male,celltypist,sc_transcriptomics,http://purl.obolibrary.org/obo/CL_1000413,EC5_art,2454.076,0.03192378200234017,16,#VHFHeartV1.1,#VHFemaleOrgans,VH_F_right_ventricle,heart right ventricle,UBERON:0002080,mesh,VH_F_Heart,,
312,heart,http://purl.obolibrary.org/obo/UBERON_0002080,heart right ventricle,Male,celltypist,sc_transcriptomics,http://purl.obolibrary.org/obo/CL_1000413,EC5_art,2454.076,0.03192378200234017,16,#VHMHeart,#VHMaleOrgans,VH_M_heart_right_ventricle,heart right ventricle,UBERON:0002080,mesh,VH_M_Heart,,
313,heart,http://purl.obolibrary.org/obo/UBERON_0002080,heart right ventricle,Male,celltypist,sc_transcriptomics,http://purl.obolibrary.org/obo/CL_0000359,SMC1_basic,1550.276,0.02016672387793203,16,#VHFHeartV1.1,#VHFemaleOrgans,VH_F_right_ventricle,heart right ventricle,UBERON:0002080,mesh,VH_F_Heart,,
314,heart,http://purl.obolibrary.org/obo/UBERON_0002080,heart right ventricle,Male,celltypist,sc_transcriptomics,http://purl.obolibrary.org/obo/CL_0000359,SMC1_basic,1550.276,0.02016672387793203,16,#VHMHeart,#VHMaleOrgans,VH_M_heart_right_ventricle,heart right ventricle,UBERON:0002080,mesh,VH_M_Heart,,
315,heart,http://purl.obolibrary.org/obo/UBERON_0002080,heart right ventricle,Male,celltypist,sc_transcriptomics,http://purl.obolibrary.org/obo/CL_0002543,EC6_ven,782.706,0.01018181006453087,16,#VHFHeartV1.1,#VHFemaleOrgans,VH_F_right_ventricle,heart right ventricle,UBERON:0002080,mesh,VH_F_Heart,,
316,heart,http://purl.obolibrary.org/obo/UBERON_0002080,heart right ventricle,Male,celltypist,sc_transcriptomics,http://purl.obolibrary.org/obo/CL_0002543,EC6_ven,782.706,0.01018181006453087,16,#VHMHeart,#VHMaleOrgans,VH_M_heart_right_ventricle,heart right ventricle,UBERON:0002080,mesh,VH_M_Heart,,
317,heart,http://purl.obolibrary.org/obo/UBERON_0002080,heart right ventricle,Male,celltypist,sc_transcriptomics,http://purl.obolibrary.org/obo/CL_0000939,NK_CD16hi,555.4030000000001,0.007224945069120005,16,#VHFHeartV1.1,#VHFemaleOrgans,VH_F_right_ventricle,heart right ventricle,UBERON:0002080,mesh,VH_F_Heart,,
318,heart,http://purl.obolibrary.org/obo/UBERON_0002080,heart right ventricle,Male,celltypist,sc_transcriptomics,http://purl.obolibrary.org/obo/CL_0000939,NK_CD16hi,555.4030000000001,0.007224945069120005,16,#VHMHeart,#VHMaleOrgans,VH_M_heart_right_ventricle,heart right ventricle,UBERON:0002080,mesh,VH_M_Heart,,
319,heart,http://purl.obolibrary.org/obo/UBERON_0002080,heart right ventricle,Male,celltypist,sc_transcriptomics,http://purl.obolibrary.org/obo/CL_0002129,aCM1,474.7630000000001,0.006175941786145593,16,#VHFHeartV1.1,#VHFemaleOrgans,VH_F_right_ventricle,heart right ventricle,UBERON:0002080,mesh,VH_F_Heart,,
320,heart,http://purl.obolibrary.org/obo/UBERON_0002080,heart right ventricle,Male,celltypist,sc_transcriptomics,http://purl.obolibrary.org/obo/CL_0002129,aCM1,474.7630000000001,0.006175941786145593,16,#VHMHeart,#VHMaleOrgans,VH_M_heart_right_ventricle,heart right ventricle,UBERON:0002080,mesh,VH_M_Heart,,
321,heart,http://purl.obolibrary.org/obo/UBERON_0002080,heart right ventricle,Male,celltypist,sc_transcriptomics,http://purl.obolibrary.org/obo/CL_0002396,CD16+Mo,473.821,0.006163687804342988,16,#VHFHeartV1.1,#VHFemaleOrgans,VH_F_right_ventricle,heart right ventricle,UBERON:0002080,mesh,VH_F_Heart,,
322,heart,http://purl.obolibrary.org/obo/UBERON_0002080,heart right ventricle,Male,celltypist,sc_transcriptomics,http://purl.obolibrary.org/obo/CL_0002396,CD16+Mo,473.821,0.006163687804342988,16,#VHMHeart,#VHMaleOrgans,VH_M_heart_right_ventricle,heart right ventricle,UBERON:0002080,mesh,VH_M_Heart,,
323,heart,http://purl.obolibrary.org/obo/UBERON_0002080,heart right ventricle,Male,celltypist,sc_transcriptomics,http://purl.obolibrary.org/obo/CL_0002057,CD14+Mo,450.54,0.005860837538582482,16,#VHFHeartV1.1,#VHFemaleOrgans,VH_F_right_ventricle,heart right ventricle,UBERON:0002080,mesh,VH_F_Heart,,
324,heart,http://purl.obolibrary.org/obo/UBERON_0002080,heart right ventricle,Male,celltypist,sc_transcriptomics,http://purl.obolibrary.org/obo/CL_0002057,CD14+Mo,450.54,0.005860837538582482,16,#VHMHeart,#VHMaleOrgans,VH_M_heart_right_ventricle,heart right ventricle,UBERON:0002080,mesh,VH_M_Heart,,
325,heart,http://purl.obolibrary.org/obo/UBERON_0002080,heart right ventricle,Male,celltypist,sc_transcriptomics,http://purl.obolibrary.org/obo/CL_0010020,NC1_glial,405.2429999999999,0.005271592725724198,16,#VHFHeartV1.1,#VHFemaleOrgans,VH_F_right_ventricle,heart right ventricle,UBERON:0002080,mesh,VH_F_Heart,,
326,heart,http://purl.obolibrary.org/obo/UBERON_0002080,heart right ventricle,Male,celltypist,sc_transcriptomics,http://purl.obolibrary.org/obo/CL_0010020,NC1_glial,405.2429999999999,0.005271592725724198,16,#VHMHeart,#VHMaleOrgans,VH_M_heart_right_ventricle,heart right ventricle,UBERON:0002080,mesh,VH_M_Heart,,
327,heart,http://purl.obolibrary.org/obo/UBERON_0002080,heart right ventricle,Male,celltypist,sc_transcriptomics,http://purl.obolibrary.org/obo/CL_0000625,CD8+T_trans,366.194,0.004763624853739231,16,#VHFHeartV1.1,#VHFemaleOrgans,VH_F_right_ventricle,heart right ventricle,UBERON:0002080,mesh,VH_F_Heart,,
328,heart,http://purl.obolibrary.org/obo/UBERON_0002080,heart right ventricle,Male,celltypist,sc_transcriptomics,http://purl.obolibrary.org/obo/CL_0000625,CD8+T_trans,366.194,0.004763624853739231,16,#VHMHeart,#VHMaleOrgans,VH_M_heart_right_ventricle,heart right ventricle,UBERON:0002080,mesh,VH_M_Heart,,
329,heart,http://purl.obolibrary.org/obo/UBERON_0002080,heart right ventricle,Male,celltypist,sc_transcriptomics,http://purl.obolibrary.org/obo/CL_0000115,EC4_immune,343.675,0.004470687044596117,16,#VHFHeartV1.1,#VHFemaleOrgans,VH_F_right_ventricle,heart right ventricle,UBERON:0002080,mesh,VH_F_Heart,,
330,heart,http://purl.obolibrary.org/obo/UBERON_0002080,heart right ventricle,Male,celltypist,sc_transcriptomics,http://purl.obolibrary.org/obo/CL_0000115,EC4_immune,343.675,0.004470687044596117,16,#VHMHeart,#VHMaleOrgans,VH_M_heart_right_ventricle,heart right ventricle,UBERON:0002080,mesh,VH_M_Heart,,
331,heart,http://purl.obolibrary.org/obo/UBERON_0002080,heart right ventricle,Male,celltypist,sc_transcriptomics,http://purl.obolibrary.org/obo/CL_0000895,CD4+T_naive,307.742,0.004003253575261797,16,#VHFHeartV1.1,#VHFemaleOrgans,VH_F_right_ventricle,heart right ventricle,UBERON:0002080,mesh,VH_F_Heart,,
332,heart,http://purl.obolibrary.org/obo/UBERON_0002080,heart right ventricle,Male,celltypist,sc_transcriptomics,http://purl.obolibrary.org/obo/CL_0000895,CD4+T_naive,307.742,0.004003253575261797,16,#VHMHeart,#VHMaleOrgans,VH_M_heart_right_ventricle,heart right ventricle,UBERON:0002080,mesh,VH_M_Heart,,
333,heart,http://purl.obolibrary.org/obo/UBERON_0002080,heart right ventricle,Male,celltypist,sc_transcriptomics,http://purl.obolibrary.org/obo/CL_0000136,Adip1,295.472,0.003843639608469932,16,#VHFHeartV1.1,#VHFemaleOrgans,VH_F_right_ventricle,heart right ventricle,UBERON:0002080,mesh,VH_F_Heart,,
334,heart,http://purl.obolibrary.org/obo/UBERON_0002080,heart right ventricle,Male,celltypist,sc_transcriptomics,http://purl.obolibrary.org/obo/CL_0000136,Adip1,295.472,0.003843639608469932,16,#VHMHeart,#VHMaleOrgans,VH_M_heart_right_ventricle,heart right ventricle,UBERON:0002080,mesh,VH_M_Heart,,
335,heart,http://purl.obolibrary.org/obo/UBERON_0002080,heart right ventricle,Male,celltypist,sc_transcriptomics,http://purl.obolibrary.org/obo/CL_0002350,EC7_endocardial,249.753,0.003248905219899655,16,#VHFHeartV1.1,#VHFemaleOrgans,VH_F_right_ventricle,heart right ventricle,UBERON:0002080,mesh,VH_F_Heart,,
336,heart,http://purl.obolibrary.org/obo/UBERON_0002080,heart right ventricle,Male,celltypist,sc_transcriptomics,http://purl.obolibrary.org/obo/CL_0002350,EC7_endocardial,249.753,0.003248905219899655,16,#VHMHeart,#VHMaleOrgans,VH_M_heart_right_ventricle,heart right ventricle,UBERON:0002080,mesh,VH_M_Heart,,
337,heart,http://purl.obolibrary.org/obo/UBERON_0002080,heart right ventricle,Male,celltypist,sc_transcriptomics,http://purl.obolibrary.org/obo/CL_0000097,Mast,204.134,0.002655471678654495,16,#VHFHeartV1.1,#VHFemaleOrgans,VH_F_right_ventricle,heart right ventricle,UBERON:0002080,mesh,VH_F_Heart,,
338,heart,http://purl.obolibrary.org/obo/UBERON_0002080,heart right ventricle,Male,celltypist,sc_transcriptomics,http://purl.obolibrary.org/obo/CL_0000097,Mast,204.134,0.002655471678654495,16,#VHMHeart,#VHMaleOrgans,VH_M_heart_right_ventricle,heart right ventricle,UBERON:0002080,mesh,VH_M_Heart,,
339,heart,http://purl.obolibrary.org/obo/UBERON_0002080,heart right ventricle,Male,celltypist,sc_transcriptomics,http://purl.obolibrary.org/obo/CL_0000794,CD8+T_cytox,175.441,0.002282219555658652,16,#VHFHeartV1.1,#VHFemaleOrgans,VH_F_right_ventricle,heart right ventricle,UBERON:0002080,mesh,VH_F_Heart,,
340,heart,http://purl.obolibrary.org/obo/UBERON_0002080,heart right ventricle,Male,celltypist,sc_transcriptomics,http://purl.obolibrary.org/obo/CL_0000794,CD8+T_cytox,175.441,0.002282219555658652,16,#VHMHeart,#VHMaleOrgans,VH_M_heart_right_ventricle,heart right ventricle,UBERON:0002080,mesh,VH_M_Heart,,
341,heart,http://purl.obolibrary.org/obo/UBERON_0002080,heart right ventricle,Male,celltypist,sc_transcriptomics,http://purl.obolibrary.org/obo/CL_0001050,CD8+T_te,175.1,0.002277783666280002,16,#VHFHeartV1.1,#VHFemaleOrgans,VH_F_right_ventricle,heart right ventricle,UBERON:0002080,mesh,VH_F_Heart,,
342,heart,http://purl.obolibrary.org/obo/UBERON_0002080,heart right ventricle,Male,celltypist,sc_transcriptomics,http://purl.obolibrary.org/obo/CL_0001050,CD8+T_te,175.1,0.002277783666280002,16,#VHMHeart,#VHMaleOrgans,VH_M_heart_right_ventricle,heart right ventricle,UBERON:0002080,mesh,VH_M_Heart,,
343,heart,http://purl.obolibrary.org/obo/UBERON_0002080,heart right ventricle,Male,celltypist,sc_transcriptomics,http://purl.obolibrary.org/obo/CL_0000913,CD8+T_em,169.896,0.00221008757148091,16,#VHFHeartV1.1,#VHFemaleOrgans,VH_F_right_ventricle,heart right ventricle,UBERON:0002080,mesh,VH_F_Heart,,
344,heart,http://purl.obolibrary.org/obo/UBERON_0002080,heart right ventricle,Male,celltypist,sc_transcriptomics,http://purl.obolibrary.org/obo/CL_0000913,CD8+T_em,169.896,0.00221008757148091,16,#VHMHeart,#VHMaleOrgans,VH_M_heart_right_ventricle,heart right ventricle,UBERON:0002080,mesh,VH_M_Heart,,
345,heart,http://purl.obolibrary.org/obo/UBERON_0002080,heart right ventricle,Male,celltypist,sc_transcriptomics,http://purl.obolibrary.org/obo/CL_4033076,LYVE1+MP_cycling,166.7879999999999,0.002169657236616271,16,#VHFHeartV1.1,#VHFemaleOrgans,VH_F_right_ventricle,heart right ventricle,UBERON:0002080,mesh,VH_F_Heart,,
346,heart,http://purl.obolibrary.org/obo/UBERON_0002080,heart right ventricle,Male,celltypist,sc_transcriptomics,http://purl.obolibrary.org/obo/CL_4033076,LYVE1+MP_cycling,166.7879999999999,0.002169657236616271,16,#VHMHeart,#VHMaleOrgans,VH_M_heart_right_ventricle,heart right ventricle,UBERON:0002080,mesh,VH_M_Heart,,
347,heart,http://purl.obolibrary.org/obo/UBERON_0002080,heart right ventricle,Male,celltypist,sc_transcriptomics,http://purl.obolibrary.org/obo/CL_0002138,EC8_ln,138.73,0.001804665494134921,16,#VHFHeartV1.1,#VHFemaleOrgans,VH_F_right_ventricle,heart right ventricle,UBERON:0002080,mesh,VH_F_Heart,,
348,heart,http://purl.obolibrary.org/obo/UBERON_0002080,heart right ventricle,Male,celltypist,sc_transcriptomics,http://purl.obolibrary.org/obo/CL_0002138,EC8_ln,138.73,0.001804665494134921,16,#VHMHeart,#VHMaleOrgans,VH_M_heart_right_ventricle,heart right ventricle,UBERON:0002080,mesh,VH_M_Heart,,
349,heart,http://purl.obolibrary.org/obo/UBERON_0002080,heart right ventricle,Male,celltypist,sc_transcriptomics,http://purl.obolibrary.org/obo/CL_0001043,CD4+T_act,124.613,0.001621024877248144,16,#VHFHeartV1.1,#VHFemaleOrgans,VH_F_right_ventricle,heart right ventricle,UBERON:0002080,mesh,VH_F_Heart,,
350,heart,http://purl.obolibrary.org/obo/UBERON_0002080,heart right ventricle,Male,celltypist,sc_transcriptomics,http://purl.obolibrary.org/obo/CL_0001043,CD4+T_act,124.613,0.001621024877248144,16,#VHMHeart,#VHMaleOrgans,VH_M_heart_right_ventricle,heart right ventricle,UBERON:0002080,mesh,VH_M_Heart,,
351,heart,http://purl.obolibrary.org/obo/UBERON_0002080,heart right ventricle,Male,celltypist,sc_transcriptomics,http://purl.obolibrary.org/obo/CL_0000938,NK_CD56hi,77.49199999999998,0.001008052609179725,16,#VHFHeartV1.1,#VHFemaleOrgans,VH_F_right_ventricle,heart right ventricle,UBERON:0002080,mesh,VH_F_Heart,,
352,heart,http://purl.obolibrary.org/obo/UBERON_0002080,heart right ventricle,Male,celltypist,sc_transcriptomics,http://purl.obolibrary.org/obo/CL_0000938,NK_CD56hi,77.49199999999998,0.001008052609179725,16,#VHMHeart,#VHMaleOrgans,VH_M_heart_right_ventricle,heart right ventricle,UBERON:0002080,mesh,VH_M_Heart,,
353,heart,http://purl.obolibrary.org/obo/UBERON_0002080,heart right ventricle,Male,celltypist,sc_transcriptomics,http://purl.obolibrary.org/obo/CL_0000451,DC,73.18499999999997,0.000952025114886933,16,#VHFHeartV1.1,#VHFemaleOrgans,VH_F_right_ventricle,heart right ventricle,UBERON:0002080,mesh,VH_F_Heart,,
354,heart,http://purl.obolibrary.org/obo/UBERON_0002080,heart right ventricle,Male,celltypist,sc_transcriptomics,http://purl.obolibrary.org/obo/CL_0000451,DC,73.18499999999997,0.000952025114886933,16,#VHMHeart,#VHMaleOrgans,VH_M_heart_right_ventricle,heart right ventricle,UBERON:0002080,mesh,VH_M_Heart,,
355,heart,http://purl.obolibrary.org/obo/UBERON_0002080,heart right ventricle,Male,celltypist,sc_transcriptomics,http://purl.obolibrary.org/obo/CL_0000236,B,71.42499999999998,0.0009291302019648724,16,#VHFHeartV1.1,#VHFemaleOrgans,VH_F_right_ventricle,heart right ventricle,UBERON:0002080,mesh,VH_F_Heart,,
356,heart,http://purl.obolibrary.org/obo/UBERON_0002080,heart right ventricle,Male,celltypist,sc_transcriptomics,http://purl.obolibrary.org/obo/CL_0000236,B,71.42499999999998,0.0009291302019648724,16,#VHMHeart,#VHMaleOrgans,VH_M_heart_right_ventricle,heart right ventricle,UBERON:0002080,mesh,VH_M_Heart,,
357,heart,http://purl.obolibrary.org/obo/UBERON_0002080,heart right ventricle,Male,celltypist,sc_transcriptomics,http://purl.obolibrary.org/obo/CL_0000791,MAIT-like,39.721,0.0005167095660097543,16,#VHFHeartV1.1,#VHFemaleOrgans,VH_F_right_ventricle,heart right ventricle,UBERON:0002080,mesh,VH_F_Heart,,
358,heart,http://purl.obolibrary.org/obo/UBERON_0002080,heart right ventricle,Male,celltypist,sc_transcriptomics,http://purl.obolibrary.org/obo/CL_0000791,MAIT-like,39.721,0.0005167095660097543,16,#VHMHeart,#VHMaleOrgans,VH_M_heart_right_ventricle,heart right ventricle,UBERON:0002080,mesh,VH_M_Heart,,
359,heart,http://purl.obolibrary.org/obo/UBERON_0002080,heart right ventricle,Male,celltypist,sc_transcriptomics,http://purl.obolibrary.org/obo/CL_0000786,B_plasma,19.184,0.0002495545508504602,16,#VHFHeartV1.1,#VHFemaleOrgans,VH_F_right_ventricle,heart right ventricle,UBERON:0002080,mesh,VH_F_Heart,,
360,heart,http://purl.obolibrary.org/obo/UBERON_0002080,heart right ventricle,Male,celltypist,sc_transcriptomics,http://purl.obolibrary.org/obo/CL_0000786,B_plasma,19.184,0.0002495545508504602,16,#VHMHeart,#VHMaleOrgans,VH_M_heart_right_ventricle,heart right ventricle,UBERON:0002080,mesh,VH_M_Heart,,
361,heart,http://purl.obolibrary.org/obo/UBERON_0002080,heart right ventricle,Male,celltypist,sc_transcriptomics,http://purl.obolibrary.org/obo/CL_0000814,T/NK_cycling,18.492,0.00024055268736065,16,#VHFHeartV1.1,#VHFemaleOrgans,VH_F_right_ventricle,heart right ventricle,UBERON:0002080,mesh,VH_F_Heart,,
362,heart,http://purl.obolibrary.org/obo/UBERON_0002080,heart right ventricle,Male,celltypist,sc_transcriptomics,http://purl.obolibrary.org/obo/CL_0000814,T/NK_cycling,18.492,0.00024055268736065,16,#VHMHeart,#VHMaleOrgans,VH_M_heart_right_ventricle,heart right ventricle,UBERON:0002080,mesh,VH_M_Heart,,
363,heart,http://purl.obolibrary.org/obo/UBERON_0002080,heart right ventricle,Male,celltypist,sc_transcriptomics,http://purl.obolibrary.org/obo/CL_0000077,Meso,15.579,0.0002026590047799895,16,#VHFHeartV1.1,#VHFemaleOrgans,VH_F_right_ventricle,heart right ventricle,UBERON:0002080,mesh,VH_F_Heart,,
364,heart,http://purl.obolibrary.org/obo/UBERON_0002080,heart right ventricle,Male,celltypist,sc_transcriptomics,http://purl.obolibrary.org/obo/CL_0000077,Meso,15.579,0.0002026590047799895,16,#VHMHeart,#VHMaleOrgans,VH_M_heart_right_ventricle,heart right ventricle,UBERON:0002080,mesh,VH_M_Heart,,
365,heart,http://purl.obolibrary.org/obo/UBERON_0002080,heart right ventricle,Male,celltypist,sc_transcriptomics,http://purl.obolibrary.org/obo/CL_0000775,Neut,14.322,0.0001863073539032679,16,#VHFHeartV1.1,#VHFemaleOrgans,VH_F_right_ventricle,heart right ventricle,UBERON:0002080,mesh,VH_F_Heart,,
366,heart,http://purl.obolibrary.org/obo/UBERON_0002080,heart right ventricle,Male,celltypist,sc_transcriptomics,http://purl.obolibrary.org/obo/CL_0000775,Neut,14.322,0.0001863073539032679,16,#VHMHeart,#VHMaleOrgans,VH_M_heart_right_ventricle,heart right ventricle,UBERON:0002080,mesh,VH_M_Heart,,
367,heart,http://purl.obolibrary.org/obo/UBERON_0002080,heart right ventricle,Male,celltypist,sc_transcriptomics,http://purl.obolibrary.org/obo/CL_0000546,CD4+T_Th2,11.568,0.0001504820185695435,16,#VHFHeartV1.1,#VHFemaleOrgans,VH_F_right_ventricle,heart right ventricle,UBERON:0002080,mesh,VH_F_Heart,,
368,heart,http://purl.obolibrary.org/obo/UBERON_0002080,heart right ventricle,Male,celltypist,sc_transcriptomics,http://purl.obolibrary.org/obo/CL_0000546,CD4+T_Th2,11.568,0.0001504820185695435,16,#VHMHeart,#VHMaleOrgans,VH_M_heart_right_ventricle,heart right ventricle,UBERON:0002080,mesh,VH_M_Heart,,
369,heart,http://purl.obolibrary.org/obo/UBERON_0002080,heart right ventricle,Male,celltypist,sc_transcriptomics,http://purl.obolibrary.org/obo/CL_0001065,ILC,9.362999999999998,0.0001217983350507119,16,#VHFHeartV1.1,#VHFemaleOrgans,VH_F_right_ventricle,heart right ventricle,UBERON:0002080,mesh,VH_F_Heart,,
370,heart,http://purl.obolibrary.org/obo/UBERON_0002080,heart right ventricle,Male,celltypist,sc_transcriptomics,http://purl.obolibrary.org/obo/CL_0001065,ILC,9.362999999999998,0.0001217983350507119,16,#VHMHeart,#VHMaleOrgans,VH_M_heart_right_ventricle,heart right ventricle,UBERON:0002080,mesh,VH_M_Heart,,
371,heart,http://purl.obolibrary.org/obo/UBERON_0002080,heart right ventricle,Male,celltypist,sc_transcriptomics,http://purl.obolibrary.org/obo/CL_0000792,CD4+T_reg,8.34,0.0001084906669147643,16,#VHFHeartV1.1,#VHFemaleOrgans,VH_F_right_ventricle,heart right ventricle,UBERON:0002080,mesh,VH_F_Heart,,
372,heart,http://purl.obolibrary.org/obo/UBERON_0002080,heart right ventricle,Male,celltypist,sc_transcriptomics,http://purl.obolibrary.org/obo/CL_0000792,CD4+T_reg,8.34,0.0001084906669147643,16,#VHMHeart,#VHMaleOrgans,VH_M_heart_right_ventricle,heart right ventricle,UBERON:0002080,mesh,VH_M_Heart,,
373,heart,http://purl.obolibrary.org/obo/UBERON_0002080,heart right ventricle,Male,celltypist,sc_transcriptomics,http://purl.obolibrary.org/obo/CL_0000545,CD4+T_Th1,6.06,7.883134790209491e-05,16,#VHFHeartV1.1,#VHFemaleOrgans,VH_F_right_ventricle,heart right ventricle,UBERON:0002080,mesh,VH_F_Heart,,
374,heart,http://purl.obolibrary.org/obo/UBERON_0002080,heart right ventricle,Male,celltypist,sc_transcriptomics,http://purl.obolibrary.org/obo/CL_0000545,CD4+T_Th1,6.06,7.883134790209491e-05,16,#VHMHeart,#VHMaleOrgans,VH_M_heart_right_ventricle,heart right ventricle,UBERON:0002080,mesh,VH_M_Heart,,
375,heart,http://purl.obolibrary.org/obo/UBERON_0002080,heart right ventricle,Male,celltypist,sc_transcriptomics,http://purl.obolibrary.org/obo/CL_0000798,gdT,2.439,3.172766625960553e-05,16,#VHFHeartV1.1,#VHFemaleOrgans,VH_F_right_ventricle,heart right ventricle,UBERON:0002080,mesh,VH_F_Heart,,
376,heart,http://purl.obolibrary.org/obo/UBERON_0002080,heart right ventricle,Male,celltypist,sc_transcriptomics,http://purl.obolibrary.org/obo/CL_0000798,gdT,2.439,3.172766625960553e-05,16,#VHMHeart,#VHMaleOrgans,VH_M_heart_right_ventricle,heart right ventricle,UBERON:0002080,mesh,VH_M_Heart,,
377,heart,http://purl.obolibrary.org/obo/UBERON_0002080,heart right ventricle,Male,celltypist,sc_transcriptomics,http://purl.obolibrary.org/obo/CL_0000492,CD4+T_Tfh,2.439,3.172766625960553e-05,16,#VHFHeartV1.1,#VHFemaleOrgans,VH_F_right_ventricle,heart right ventricle,UBERON:0002080,mesh,VH_F_Heart,,
378,heart,http://purl.obolibrary.org/obo/UBERON_0002080,heart right ventricle,Male,celltypist,sc_transcriptomics,http://purl.obolibrary.org/obo/CL_0000492,CD4+T_Tfh,2.439,3.172766625960553e-05,16,#VHMHeart,#VHMaleOrgans,VH_M_heart_right_ventricle,heart right ventricle,UBERON:0002080,mesh,VH_M_Heart,,
379,heart,http://purl.obolibrary.org/obo/UBERON_0002080,heart right ventricle,Male,celltypist,sc_transcriptomics,http://purl.obolibrary.org/obo/CL_0002068,Purkinje_cell,1.023,1.33076681359477e-05,16,#VHFHeartV1.1,#VHFemaleOrgans,VH_F_right_ventricle,heart right ventricle,UBERON:0002080,mesh,VH_F_Heart,,
380,heart,http://purl.obolibrary.org/obo/UBERON_0002080,heart right ventricle,Male,celltypist,sc_transcriptomics,http://purl.obolibrary.org/obo/CL_0002068,Purkinje_cell,1.023,1.33076681359477e-05,16,#VHMHeart,#VHMaleOrgans,VH_M_heart_right_ventricle,heart right ventricle,UBERON:0002080,mesh,VH_M_Heart,,
381,heart,http://purl.obolibrary.org/obo/UBERON_0002080,heart right ventricle,Male,celltypist,sc_transcriptomics,http://purl.obolibrary.org/obo/CL_1000477,SAN_P_cell,1.015,1.320360034993834e-05,16,#VHFHeartV1.1,#VHFemaleOrgans,VH_F_right_ventricle,heart right ventricle,UBERON:0002080,mesh,VH_F_Heart,,
382,heart,http://purl.obolibrary.org/obo/UBERON_0002080,heart right ventricle,Male,celltypist,sc_transcriptomics,http://purl.obolibrary.org/obo/CL_1000477,SAN_P_cell,1.015,1.320360034993834e-05,16,#VHMHeart,#VHMaleOrgans,VH_M_heart_right_ventricle,heart right ventricle,UBERON:0002080,mesh,VH_M_Heart,,
383,heart,http://purl.obolibrary.org/obo/UBERON_0002080,heart right ventricle,Male,celltypist,sc_transcriptomics,http://purl.obolibrary.org/obo/CL_0010005,AVN_bundle_cell,0.708,9.20999906182891e-06,16,#VHFHeartV1.1,#VHFemaleOrgans,VH_F_right_ventricle,heart right ventricle,UBERON:0002080,mesh,VH_F_Heart,,
384,heart,http://purl.obolibrary.org/obo/UBERON_0002080,heart right ventricle,Male,celltypist,sc_transcriptomics,http://purl.obolibrary.org/obo/CL_0010005,AVN_bundle_cell,0.708,9.20999906182891e-06,16,#VHMHeart,#VHMaleOrgans,VH_M_heart_right_ventricle,heart right ventricle,UBERON:0002080,mesh,VH_M_Heart,,
385,heart,http://purl.obolibrary.org/obo/UBERON_0002080,heart right ventricle,Male,celltypist,sc_transcriptomics,http://purl.obolibrary.org/obo/CL_0000899,CD4+T_Th17,0.708,9.20999906182891e-06,16,#VHFHeartV1.1,#VHFemaleOrgans,VH_F_right_ventricle,heart right ventricle,UBERON:0002080,mesh,VH_F_Heart,,
386,heart,http://purl.obolibrary.org/obo/UBERON_0002080,heart right ventricle,Male,celltypist,sc_transcriptomics,http://purl.obolibrary.org/obo/CL_0000899,CD4+T_Th17,0.708,9.20999906182891e-06,16,#VHMHeart,#VHMaleOrgans,VH_M_heart_right_ventricle,heart right ventricle,UBERON:0002080,mesh,VH_M_Heart,,
387,heart,http://purl.obolibrary.org/obo/UBERON_0002084,heart left ventricle,Male,azimuth,sc_transcriptomics,http://purl.obolibrary.org/obo/CL_0002131,Ventricular Cardiomycoyte,280004.303,0.4051275332871974,37,#VHFHeartV1.1,#VHFemaleOrgans,VH_F_left_ventricle,heart left ventricle,UBERON:0002084,mesh,VH_F_Heart,,
388,heart,http://purl.obolibrary.org/obo/UBERON_0002084,heart left ventricle,Male,azimuth,sc_transcriptomics,http://purl.obolibrary.org/obo/CL_0002131,Ventricular Cardiomycoyte,280004.303,0.4051275332871974,37,#VHMHeart,#VHMaleOrgans,VH_M_heart_left_ventricle,heart left ventricle,UBERON:0002084,mesh,VH_M_Heart,,
389,heart,http://purl.obolibrary.org/obo/UBERON_0002084,heart left ventricle,Male,azimuth,sc_transcriptomics,http://purl.obolibrary.org/obo/CL_0000057,Fibroblast,193215.091,0.2795555367257744,37,#VHFHeartV1.1,#VHFemaleOrgans,VH_F_left_ventricle,heart left ventricle,UBERON:0002084,mesh,VH_F_Heart,,
390,heart,http://purl.obolibrary.org/obo/UBERON_0002084,heart left ventricle,Male,azimuth,sc_transcriptomics,http://purl.obolibrary.org/obo/CL_0000057,Fibroblast,193215.091,0.2795555367257744,37,#VHMHeart,#VHMaleOrgans,VH_M_heart_left_ventricle,heart left ventricle,UBERON:0002084,mesh,VH_M_Heart,,
391,heart,http://purl.obolibrary.org/obo/UBERON_0002084,heart left ventricle,Male,azimuth,sc_transcriptomics,http://purl.obolibrary.org/obo/CL_0000236,B,57665.73699999999,0.08343435274278005,37,#VHFHeartV1.1,#VHFemaleOrgans,VH_F_left_ventricle,heart left ventricle,UBERON:0002084,mesh,VH_F_Heart,,
392,heart,http://purl.obolibrary.org/obo/UBERON_0002084,heart left ventricle,Male,azimuth,sc_transcriptomics,http://purl.obolibrary.org/obo/CL_0000236,B,57665.73699999999,0.08343435274278005,37,#VHMHeart,#VHMaleOrgans,VH_M_heart_left_ventricle,heart left ventricle,UBERON:0002084,mesh,VH_M_Heart,,
393,heart,http://purl.obolibrary.org/obo/UBERON_0002084,heart left ventricle,Male,azimuth,sc_transcriptomics,http://purl.obolibrary.org/obo/CL_0002144,Capillary Endothelial,41602.60399999999,0.06019321901936659,37,#VHFHeartV1.1,#VHFemaleOrgans,VH_F_left_ventricle,heart left ventricle,UBERON:0002084,mesh,VH_F_Heart,,
394,heart,http://purl.obolibrary.org/obo/UBERON_0002084,heart left ventricle,Male,azimuth,sc_transcriptomics,http://purl.obolibrary.org/obo/CL_0002144,Capillary Endothelial,41602.60399999999,0.06019321901936659,37,#VHMHeart,#VHMaleOrgans,VH_M_heart_left_ventricle,heart left ventricle,UBERON:0002084,mesh,VH_M_Heart,,
395,heart,http://purl.obolibrary.org/obo/UBERON_0002084,heart left ventricle,Male,azimuth,sc_transcriptomics,http://purl.obolibrary.org/obo/CL_0000669,Pericyte,33846.197,0.04897076993049831,37,#VHFHeartV1.1,#VHFemaleOrgans,VH_F_left_ventricle,heart left ventricle,UBERON:0002084,mesh,VH_F_Heart,,
396,heart,http://purl.obolibrary.org/obo/UBERON_0002084,heart left ventricle,Male,azimuth,sc_transcriptomics,http://purl.obolibrary.org/obo/CL_0000669,Pericyte,33846.197,0.04897076993049831,37,#VHMHeart,#VHMaleOrgans,VH_M_heart_left_ventricle,heart left ventricle,UBERON:0002084,mesh,VH_M_Heart,,
397,heart,http://purl.obolibrary.org/obo/UBERON_0002084,heart left ventricle,Male,azimuth,sc_transcriptomics,http://purl.obolibrary.org/obo/CL_0000235,Macrophage,16285.075,0.02356225312775641,37,#VHFHeartV1.1,#VHFemaleOrgans,VH_F_left_ventricle,heart left ventricle,UBERON:0002084,mesh,VH_F_Heart,,
398,heart,http://purl.obolibrary.org/obo/UBERON_0002084,heart left ventricle,Male,azimuth,sc_transcriptomics,http://purl.obolibrary.org/obo/CL_0000235,Macrophage,16285.075,0.02356225312775641,37,#VHMHeart,#VHMaleOrgans,VH_M_heart_left_ventricle,heart left ventricle,UBERON:0002084,mesh,VH_M_Heart,,
399,heart,http://purl.obolibrary.org/obo/UBERON_0002084,heart left ventricle,Male,azimuth,sc_transcriptomics,http://purl.obolibrary.org/obo/CL_0011031,Monocyte/cDC,13390.83199999999,0.0193746834555727,37,#VHFHeartV1.1,#VHFemaleOrgans,VH_F_left_ventricle,heart left ventricle,UBERON:0002084,mesh,VH_F_Heart,,
400,heart,http://purl.obolibrary.org/obo/UBERON_0002084,heart left ventricle,Male,azimuth,sc_transcriptomics,http://purl.obolibrary.org/obo/CL_0011031,Monocyte/cDC,13390.83199999999,0.0193746834555727,37,#VHMHeart,#VHMaleOrgans,VH_M_heart_left_ventricle,heart left ventricle,UBERON:0002084,mesh,VH_M_Heart,,
401,heart,http://purl.obolibrary.org/obo/UBERON_0002084,heart left ventricle,Male,azimuth,sc_transcriptomics,http://purl.obolibrary.org/obo/CL_0000192,Smooth Muscle,9875.187,0.01428803095950921,37,#VHFHeartV1.1,#VHFemaleOrgans,VH_F_left_ventricle,heart left ventricle,UBERON:0002084,mesh,VH_F_Heart,,
402,heart,http://purl.obolibrary.org/obo/UBERON_0002084,heart left ventricle,Male,azimuth,sc_transcriptomics,http://purl.obolibrary.org/obo/CL_0000192,Smooth Muscle,9875.187,0.01428803095950921,37,#VHMHeart,#VHMaleOrgans,VH_M_heart_left_ventricle,heart left ventricle,UBERON:0002084,mesh,VH_M_Heart,,
403,heart,http://purl.obolibrary.org/obo/UBERON_0002084,heart left ventricle,Male,azimuth,sc_transcriptomics,http://purl.obolibrary.org/obo/CL_1000413,Arterial Endothelial,6314.874999999998,0.00913675148687622,37,#VHFHeartV1.1,#VHFemaleOrgans,VH_F_left_ventricle,heart left ventricle,UBERON:0002084,mesh,VH_F_Heart,,
404,heart,http://purl.obolibrary.org/obo/UBERON_0002084,heart left ventricle,Male,azimuth,sc_transcriptomics,http://purl.obolibrary.org/obo/CL_1000413,Arterial Endothelial,6314.874999999998,0.00913675148687622,37,#VHMHeart,#VHMaleOrgans,VH_M_heart_left_ventricle,heart left ventricle,UBERON:0002084,mesh,VH_M_Heart,,
405,heart,http://purl.obolibrary.org/obo/UBERON_0002084,heart left ventricle,Male,azimuth,sc_transcriptomics,http://purl.obolibrary.org/obo/CL_1000414,Venous Endothelial,6085.738000000001,0.008805221911793842,37,#VHFHeartV1.1,#VHFemaleOrgans,VH_F_left_ventricle,heart left ventricle,UBERON:0002084,mesh,VH_F_Heart,,
406,heart,http://purl.obolibrary.org/obo/UBERON_0002084,heart left ventricle,Male,azimuth,sc_transcriptomics,http://purl.obolibrary.org/obo/CL_1000414,Venous Endothelial,6085.738000000001,0.008805221911793842,37,#VHMHeart,#VHMaleOrgans,VH_M_heart_left_ventricle,heart left ventricle,UBERON:0002084,mesh,VH_M_Heart,,
407,heart,http://purl.obolibrary.org/obo/UBERON_0002084,heart left ventricle,Male,azimuth,sc_transcriptomics,http://purl.obolibrary.org/obo/CL_0000084,T,5745.548999999998,0.008313015438733178,37,#VHFHeartV1.1,#VHFemaleOrgans,VH_F_left_ventricle,heart left ventricle,UBERON:0002084,mesh,VH_F_Heart,,
408,heart,http://purl.obolibrary.org/obo/UBERON_0002084,heart left ventricle,Male,azimuth,sc_transcriptomics,http://purl.obolibrary.org/obo/CL_0000084,T,5745.548999999998,0.008313015438733178,37,#VHMHeart,#VHMaleOrgans,VH_M_heart_left_ventricle,heart left ventricle,UBERON:0002084,mesh,VH_M_Heart,,
409,heart,http://purl.obolibrary.org/obo/UBERON_0002084,heart left ventricle,Male,azimuth,sc_transcriptomics,http://purl.obolibrary.org/obo/CL_0000623,NK,5587.679,0.008084599364427172,37,#VHFHeartV1.1,#VHFemaleOrgans,VH_F_left_ventricle,heart left ventricle,UBERON:0002084,mesh,VH_F_Heart,,
410,heart,http://purl.obolibrary.org/obo/UBERON_0002084,heart left ventricle,Male,azimuth,sc_transcriptomics,http://purl.obolibrary.org/obo/CL_0000623,NK,5587.679,0.008084599364427172,37,#VHMHeart,#VHMaleOrgans,VH_M_heart_left_ventricle,heart left ventricle,UBERON:0002084,mesh,VH_M_Heart,,
411,heart,http://purl.obolibrary.org/obo/UBERON_0002084,heart left ventricle,Male,azimuth,sc_transcriptomics,http://purl.obolibrary.org/obo/CL_0000077,Mesothelial,4628.806999999999,0.006697244084754339,37,#VHFHeartV1.1,#VHFemaleOrgans,VH_F_left_ventricle,heart left ventricle,UBERON:0002084,mesh,VH_F_Heart,,
412,heart,http://purl.obolibrary.org/obo/UBERON_0002084,heart left ventricle,Male,azimuth,sc_transcriptomics,http://purl.obolibrary.org/obo/CL_0000077,Mesothelial,4628.806999999999,0.006697244084754339,37,#VHMHeart,#VHMaleOrgans,VH_M_heart_left_ventricle,heart left ventricle,UBERON:0002084,mesh,VH_M_Heart,,
413,heart,http://purl.obolibrary.org/obo/UBERON_0002084,heart left ventricle,Male,azimuth,sc_transcriptomics,http://purl.obolibrary.org/obo/CL_0002350,Endocardial,4329.431999999998,0.006264089829700426,37,#VHFHeartV1.1,#VHFemaleOrgans,VH_F_left_ventricle,heart left ventricle,UBERON:0002084,mesh,VH_F_Heart,,
414,heart,http://purl.obolibrary.org/obo/UBERON_0002084,heart left ventricle,Male,azimuth,sc_transcriptomics,http://purl.obolibrary.org/obo/CL_0002350,Endocardial,4329.431999999998,0.006264089829700426,37,#VHMHeart,#VHMaleOrgans,VH_M_heart_left_ventricle,heart left ventricle,UBERON:0002084,mesh,VH_M_Heart,,
415,heart,http://purl.obolibrary.org/obo/UBERON_0002084,heart left ventricle,Male,azimuth,sc_transcriptomics,http://purl.obolibrary.org/obo/CL_0000136,Adipocyte,3534.253999999999,0.005113577147528373,37,#VHFHeartV1.1,#VHFemaleOrgans,VH_F_left_ventricle,heart left ventricle,UBERON:0002084,mesh,VH_F_Heart,,
416,heart,http://purl.obolibrary.org/obo/UBERON_0002084,heart left ventricle,Male,azimuth,sc_transcriptomics,http://purl.obolibrary.org/obo/CL_0000136,Adipocyte,3534.253999999999,0.005113577147528373,37,#VHMHeart,#VHMaleOrgans,VH_M_heart_left_ventricle,heart left ventricle,UBERON:0002084,mesh,VH_M_Heart,,
417,heart,http://purl.obolibrary.org/obo/UBERON_0002084,heart left ventricle,Male,azimuth,sc_transcriptomics,http://purl.obolibrary.org/obo/CL_0002573,Neuronal,3025.047999999999,0.004376826431540123,37,#VHFHeartV1.1,#VHFemaleOrgans,VH_F_left_ventricle,heart left ventricle,UBERON:0002084,mesh,VH_F_Heart,,
418,heart,http://purl.obolibrary.org/obo/UBERON_0002084,heart left ventricle,Male,azimuth,sc_transcriptomics,http://purl.obolibrary.org/obo/CL_0002573,Neuronal,3025.047999999999,0.004376826431540123,37,#VHMHeart,#VHMaleOrgans,VH_M_heart_left_ventricle,heart left ventricle,UBERON:0002084,mesh,VH_M_Heart,,
419,heart,http://purl.obolibrary.org/obo/UBERON_0002084,heart left ventricle,Male,azimuth,sc_transcriptomics,http://purl.obolibrary.org/obo/CL_0000097,Mast,2998.311000000001,0.004338141687264964,37,#VHFHeartV1.1,#VHFemaleOrgans,VH_F_left_ventricle,heart left ventricle,UBERON:0002084,mesh,VH_F_Heart,,
420,heart,http://purl.obolibrary.org/obo/UBERON_0002084,heart left ventricle,Male,azimuth,sc_transcriptomics,http://purl.obolibrary.org/obo/CL_0000097,Mast,2998.311000000001,0.004338141687264964,37,#VHMHeart,#VHMaleOrgans,VH_M_heart_left_ventricle,heart left ventricle,UBERON:0002084,mesh,VH_M_Heart,,
421,heart,http://purl.obolibrary.org/obo/UBERON_0002084,heart left ventricle,Male,azimuth,sc_transcriptomics,http://purl.obolibrary.org/obo/CL_0002138,Lymphatic Endothelial,1615.561,0.002337493516322847,37,#VHFHeartV1.1,#VHFemaleOrgans,VH_F_left_ventricle,heart left ventricle,UBERON:0002084,mesh,VH_F_Heart,,
422,heart,http://purl.obolibrary.org/obo/UBERON_0002084,heart left ventricle,Male,azimuth,sc_transcriptomics,http://purl.obolibrary.org/obo/CL_0002138,Lymphatic Endothelial,1615.561,0.002337493516322847,37,#VHMHeart,#VHMaleOrgans,VH_M_heart_left_ventricle,heart left ventricle,UBERON:0002084,mesh,VH_M_Heart,,
423,heart,http://purl.obolibrary.org/obo/UBERON_0002084,heart left ventricle,Male,azimuth,sc_transcriptomics,http://purl.obolibrary.org/obo/CL_0002129,Atrial Cardiomyocyte,1297.321,0.00187704421318011,37,#VHFHeartV1.1,#VHFemaleOrgans,VH_F_left_ventricle,heart left ventricle,UBERON:0002084,mesh,VH_F_Heart,,
424,heart,http://purl.obolibrary.org/obo/UBERON_0002084,heart left ventricle,Male,azimuth,sc_transcriptomics,http://purl.obolibrary.org/obo/CL_0002129,Atrial Cardiomyocyte,1297.321,0.00187704421318011,37,#VHMHeart,#VHMaleOrgans,VH_M_heart_left_ventricle,heart left ventricle,UBERON:0002084,mesh,VH_M_Heart,,
425,heart,http://purl.obolibrary.org/obo/UBERON_0002084,heart left ventricle,Male,azimuth,sc_transcriptomics,http://purl.obolibrary.org/obo/CL_0000115,Endothelial,72.45499999999998,0.0001048323726093733,37,#VHFHeartV1.1,#VHFemaleOrgans,VH_F_left_ventricle,heart left ventricle,UBERON:0002084,mesh,VH_F_Heart,,
426,heart,http://purl.obolibrary.org/obo/UBERON_0002084,heart left ventricle,Male,azimuth,sc_transcriptomics,http://purl.obolibrary.org/obo/CL_0000115,Endothelial,72.45499999999998,0.0001048323726093733,37,#VHMHeart,#VHMaleOrgans,VH_M_heart_left_ventricle,heart left ventricle,UBERON:0002084,mesh,VH_M_Heart,,
427,heart,http://purl.obolibrary.org/obo/UBERON_0002084,heart left ventricle,Male,azimuth,sc_transcriptomics,http://purl.obolibrary.org/obo/CL_0001065,ILC,30.95199999999999,4.478326681395796e-05,37,#VHFHeartV1.1,#VHFemaleOrgans,VH_F_left_ventricle,heart left ventricle,UBERON:0002084,mesh,VH_F_Heart,,
428,heart,http://purl.obolibrary.org/obo/UBERON_0002084,heart left ventricle,Male,azimuth,sc_transcriptomics,http://purl.obolibrary.org/obo/CL_0001065,ILC,30.95199999999999,4.478326681395796e-05,37,#VHMHeart,#VHMaleOrgans,VH_M_heart_left_ventricle,heart left ventricle,UBERON:0002084,mesh,VH_M_Heart,,
429,heart,http://purl.obolibrary.org/obo/UBERON_0002084,heart left ventricle,Male,celltypist,sc_transcriptomics,http://purl.obolibrary.org/obo/CL_0000669,PC1_vent,367030.59,0.5310425446127689,37,#VHFHeartV1.1,#VHFemaleOrgans,VH_F_left_ventricle,heart left ventricle,UBERON:0002084,mesh,VH_F_Heart,,
430,heart,http://purl.obolibrary.org/obo/UBERON_0002084,heart left ventricle,Male,celltypist,sc_transcriptomics,http://purl.obolibrary.org/obo/CL_0000669,PC1_vent,367030.59,0.5310425446127689,37,#VHMHeart,#VHMaleOrgans,VH_M_heart_left_ventricle,heart left ventricle,UBERON:0002084,mesh,VH_M_Heart,,
431,heart,http://purl.obolibrary.org/obo/UBERON_0002084,heart left ventricle,Male,celltypist,sc_transcriptomics,http://purl.obolibrary.org/obo/CL_0002144,EC1_cap,107629.654,0.1557252362424393,37,#VHFHeartV1.1,#VHFemaleOrgans,VH_F_left_ventricle,heart left ventricle,UBERON:0002084,mesh,VH_F_Heart,,
432,heart,http://purl.obolibrary.org/obo/UBERON_0002084,heart left ventricle,Male,celltypist,sc_transcriptomics,http://purl.obolibrary.org/obo/CL_0002144,EC1_cap,107629.654,0.1557252362424393,37,#VHMHeart,#VHMaleOrgans,VH_M_heart_left_ventricle,heart left ventricle,UBERON:0002084,mesh,VH_M_Heart,,
433,heart,http://purl.obolibrary.org/obo/UBERON_0002084,heart left ventricle,Male,celltypist,sc_transcriptomics,http://purl.obolibrary.org/obo/CL_0002131,vCM1,78676.46499999998,0.1138339727343637,37,#VHFHeartV1.1,#VHFemaleOrgans,VH_F_left_ventricle,heart left ventricle,UBERON:0002084,mesh,VH_F_Heart,,
434,heart,http://purl.obolibrary.org/obo/UBERON_0002084,heart left ventricle,Male,celltypist,sc_transcriptomics,http://purl.obolibrary.org/obo/CL_0002131,vCM1,78676.46499999998,0.1138339727343637,37,#VHMHeart,#VHMaleOrgans,VH_M_heart_left_ventricle,heart left ventricle,UBERON:0002084,mesh,VH_M_Heart,,
435,heart,http://purl.obolibrary.org/obo/UBERON_0002084,heart left ventricle,Male,celltypist,sc_transcriptomics,http://purl.obolibrary.org/obo/CL_0000057,FB4_activated,63893.755,0.09244543415322636,37,#VHFHeartV1.1,#VHFemaleOrgans,VH_F_left_ventricle,heart left ventricle,UBERON:0002084,mesh,VH_F_Heart,,
436,heart,http://purl.obolibrary.org/obo/UBERON_0002084,heart left ventricle,Male,celltypist,sc_transcriptomics,http://purl.obolibrary.org/obo/CL_0000057,FB4_activated,63893.755,0.09244543415322636,37,#VHMHeart,#VHMaleOrgans,VH_M_heart_left_ventricle,heart left ventricle,UBERON:0002084,mesh,VH_M_Heart,,
437,heart,http://purl.obolibrary.org/obo/UBERON_0002084,heart left ventricle,Male,celltypist,sc_transcriptomics,http://purl.obolibrary.org/obo/CL_0000235,LYVE1+IGF1+MP,25386.699,0.03673104532316621,37,#VHFHeartV1.1,#VHFemaleOrgans,VH_F_left_ventricle,heart left ventricle,UBERON:0002084,mesh,VH_F_Heart,,
438,heart,http://purl.obolibrary.org/obo/UBERON_0002084,heart left ventricle,Male,celltypist,sc_transcriptomics,http://purl.obolibrary.org/obo/CL_0000235,LYVE1+IGF1+MP,25386.699,0.03673104532316621,37,#VHMHeart,#VHMaleOrgans,VH_M_heart_left_ventricle,heart left ventricle,UBERON:0002084,mesh,VH_M_Heart,,
439,heart,http://purl.obolibrary.org/obo/UBERON_0002084,heart left ventricle,Male,celltypist,sc_transcriptomics,http://purl.obolibrary.org/obo/CL_1000413,EC5_art,9456.05,0.013681597640092,37,#VHFHeartV1.1,#VHFemaleOrgans,VH_F_left_ventricle,heart left ventricle,UBERON:0002084,mesh,VH_F_Heart,,
440,heart,http://purl.obolibrary.org/obo/UBERON_0002084,heart left ventricle,Male,celltypist,sc_transcriptomics,http://purl.obolibrary.org/obo/CL_1000413,EC5_art,9456.05,0.013681597640092,37,#VHMHeart,#VHMaleOrgans,VH_M_heart_left_ventricle,heart left ventricle,UBERON:0002084,mesh,VH_M_Heart,,
441,heart,http://purl.obolibrary.org/obo/UBERON_0002084,heart left ventricle,Male,celltypist,sc_transcriptomics,http://purl.obolibrary.org/obo/CL_0002129,aCM1,7244.498999999999,0.01048178895226324,37,#VHFHeartV1.1,#VHFemaleOrgans,VH_F_left_ventricle,heart left ventricle,UBERON:0002084,mesh,VH_F_Heart,,
442,heart,http://purl.obolibrary.org/obo/UBERON_0002084,heart left ventricle,Male,celltypist,sc_transcriptomics,http://purl.obolibrary.org/obo/CL_0002129,aCM1,7244.498999999999,0.01048178895226324,37,#VHMHeart,#VHMaleOrgans,VH_M_heart_left_ventricle,heart left ventricle,UBERON:0002084,mesh,VH_M_Heart,,
443,heart,http://purl.obolibrary.org/obo/UBERON_0002084,heart left ventricle,Male,celltypist,sc_transcriptomics,http://purl.obolibrary.org/obo/CL_0000359,SMC1_basic,4957.208,0.007172394950771745,37,#VHFHeartV1.1,#VHFemaleOrgans,VH_F_left_ventricle,heart left ventricle,UBERON:0002084,mesh,VH_F_Heart,,
444,heart,http://purl.obolibrary.org/obo/UBERON_0002084,heart left ventricle,Male,celltypist,sc_transcriptomics,http://purl.obolibrary.org/obo/CL_0000359,SMC1_basic,4957.208,0.007172394950771745,37,#VHMHeart,#VHMaleOrgans,VH_M_heart_left_ventricle,heart left ventricle,UBERON:0002084,mesh,VH_M_Heart,,
445,heart,http://purl.obolibrary.org/obo/UBERON_0002084,heart left ventricle,Male,celltypist,sc_transcriptomics,http://purl.obolibrary.org/obo/CL_0002543,EC6_ven,3936.45,0.005695499180983618,37,#VHFHeartV1.1,#VHFemaleOrgans,VH_F_left_ventricle,heart left ventricle,UBERON:0002084,mesh,VH_F_Heart,,
446,heart,http://purl.obolibrary.org/obo/UBERON_0002084,heart left ventricle,Male,celltypist,sc_transcriptomics,http://purl.obolibrary.org/obo/CL_0002543,EC6_ven,3936.45,0.005695499180983618,37,#VHMHeart,#VHMaleOrgans,VH_M_heart_left_ventricle,heart left ventricle,UBERON:0002084,mesh,VH_M_Heart,,
447,heart,http://purl.obolibrary.org/obo/UBERON_0002084,heart left ventricle,Male,celltypist,sc_transcriptomics,http://purl.obolibrary.org/obo/CL_0000939,NK_CD16hi,2387.831999999999,0.003454862934960808,37,#VHFHeartV1.1,#VHFemaleOrgans,VH_F_left_ventricle,heart left ventricle,UBERON:0002084,mesh,VH_F_Heart,,
448,heart,http://purl.obolibrary.org/obo/UBERON_0002084,heart left ventricle,Male,celltypist,sc_transcriptomics,http://purl.obolibrary.org/obo/CL_0000939,NK_CD16hi,2387.831999999999,0.003454862934960808,37,#VHMHeart,#VHMaleOrgans,VH_M_heart_left_ventricle,heart left ventricle,UBERON:0002084,mesh,VH_M_Heart,,
449,heart,http://purl.obolibrary.org/obo/UBERON_0002084,heart left ventricle,Male,celltypist,sc_transcriptomics,http://purl.obolibrary.org/obo/CL_0000895,CD4+T_naive,2320.283000000001,0.003357128866402524,37,#VHFHeartV1.1,#VHFemaleOrgans,VH_F_left_ventricle,heart left ventricle,UBERON:0002084,mesh,VH_F_Heart,,
450,heart,http://purl.obolibrary.org/obo/UBERON_0002084,heart left ventricle,Male,celltypist,sc_transcriptomics,http://purl.obolibrary.org/obo/CL_0000895,CD4+T_naive,2320.283000000001,0.003357128866402524,37,#VHMHeart,#VHMaleOrgans,VH_M_heart_left_ventricle,heart left ventricle,UBERON:0002084,mesh,VH_M_Heart,,
451,heart,http://purl.obolibrary.org/obo/UBERON_0002084,heart left ventricle,Male,celltypist,sc_transcriptomics,http://purl.obolibrary.org/obo/CL_0002350,EC7_endocardial,2305.694999999999,0.003336022046284855,37,#VHFHeartV1.1,#VHFemaleOrgans,VH_F_left_ventricle,heart left ventricle,UBERON:0002084,mesh,VH_F_Heart,,
452,heart,http://purl.obolibrary.org/obo/UBERON_0002084,heart left ventricle,Male,celltypist,sc_transcriptomics,http://purl.obolibrary.org/obo/CL_0002350,EC7_endocardial,2305.694999999999,0.003336022046284855,37,#VHMHeart,#VHMaleOrgans,VH_M_heart_left_ventricle,heart left ventricle,UBERON:0002084,mesh,VH_M_Heart,,
453,heart,http://purl.obolibrary.org/obo/UBERON_0002084,heart left ventricle,Male,celltypist,sc_transcriptomics,http://purl.obolibrary.org/obo/CL_0000625,CD8+T_trans,2190.508,0.003169362374712765,37,#VHFHeartV1.1,#VHFemaleOrgans,VH_F_left_ventricle,heart left ventricle,UBERON:0002084,mesh,VH_F_Heart,,
454,heart,http://purl.obolibrary.org/obo/UBERON_0002084,heart left ventricle,Male,celltypist,sc_transcriptomics,http://purl.obolibrary.org/obo/CL_0000625,CD8+T_trans,2190.508,0.003169362374712765,37,#VHMHeart,#VHMaleOrgans,VH_M_heart_left_ventricle,heart left ventricle,UBERON:0002084,mesh,VH_M_Heart,,
455,heart,http://purl.obolibrary.org/obo/UBERON_0002084,heart left ventricle,Male,celltypist,sc_transcriptomics,http://purl.obolibrary.org/obo/CL_0002396,CD16+Mo,1841.634,0.002664589906812378,37,#VHFHeartV1.1,#VHFemaleOrgans,VH_F_left_ventricle,heart left ventricle,UBERON:0002084,mesh,VH_F_Heart,,
456,heart,http://purl.obolibrary.org/obo/UBERON_0002084,heart left ventricle,Male,celltypist,sc_transcriptomics,http://purl.obolibrary.org/obo/CL_0002396,CD16+Mo,1841.634,0.002664589906812378,37,#VHMHeart,#VHMaleOrgans,VH_M_heart_left_ventricle,heart left ventricle,UBERON:0002084,mesh,VH_M_Heart,,
457,heart,http://purl.obolibrary.org/obo/UBERON_0002084,heart left ventricle,Male,celltypist,sc_transcriptomics,http://purl.obolibrary.org/obo/CL_0010020,NC1_glial,1792.579,0.002593614100610559,37,#VHFHeartV1.1,#VHFemaleOrgans,VH_F_left_ventricle,heart left ventricle,UBERON:0002084,mesh,VH_F_Heart,,
458,heart,http://purl.obolibrary.org/obo/UBERON_0002084,heart left ventricle,Male,celltypist,sc_transcriptomics,http://purl.obolibrary.org/obo/CL_0010020,NC1_glial,1792.579,0.002593614100610559,37,#VHMHeart,#VHMaleOrgans,VH_M_heart_left_ventricle,heart left ventricle,UBERON:0002084,mesh,VH_M_Heart,,
459,heart,http://purl.obolibrary.org/obo/UBERON_0002084,heart left ventricle,Male,celltypist,sc_transcriptomics,http://purl.obolibrary.org/obo/CL_0000136,Adip1,1175.948,0.001701434254437202,37,#VHFHeartV1.1,#VHFemaleOrgans,VH_F_left_ventricle,heart left ventricle,UBERON:0002084,mesh,VH_F_Heart,,
460,heart,http://purl.obolibrary.org/obo/UBERON_0002084,heart left ventricle,Male,celltypist,sc_transcriptomics,http://purl.obolibrary.org/obo/CL_0000136,Adip1,1175.948,0.001701434254437202,37,#VHMHeart,#VHMaleOrgans,VH_M_heart_left_ventricle,heart left ventricle,UBERON:0002084,mesh,VH_M_Heart,,
461,heart,http://purl.obolibrary.org/obo/UBERON_0002084,heart left ventricle,Male,celltypist,sc_transcriptomics,http://purl.obolibrary.org/obo/CL_0000115,EC4_immune,1160.107,0.001678514516468738,37,#VHFHeartV1.1,#VHFemaleOrgans,VH_F_left_ventricle,heart left ventricle,UBERON:0002084,mesh,VH_F_Heart,,
462,heart,http://purl.obolibrary.org/obo/UBERON_0002084,heart left ventricle,Male,celltypist,sc_transcriptomics,http://purl.obolibrary.org/obo/CL_0000115,EC4_immune,1160.107,0.001678514516468738,37,#VHMHeart,#VHMaleOrgans,VH_M_heart_left_ventricle,heart left ventricle,UBERON:0002084,mesh,VH_M_Heart,,
463,heart,http://purl.obolibrary.org/obo/UBERON_0002084,heart left ventricle,Male,celltypist,sc_transcriptomics,http://purl.obolibrary.org/obo/CL_0000097,Mast,1093.009,0.001581432982587794,37,#VHFHeartV1.1,#VHFemaleOrgans,VH_F_left_ventricle,heart left ventricle,UBERON:0002084,mesh,VH_F_Heart,,
464,heart,http://purl.obolibrary.org/obo/UBERON_0002084,heart left ventricle,Male,celltypist,sc_transcriptomics,http://purl.obolibrary.org/obo/CL_0000097,Mast,1093.009,0.001581432982587794,37,#VHMHeart,#VHMaleOrgans,VH_M_heart_left_ventricle,heart left ventricle,UBERON:0002084,mesh,VH_M_Heart,,
465,heart,http://purl.obolibrary.org/obo/UBERON_0002084,heart left ventricle,Male,celltypist,sc_transcriptomics,http://purl.obolibrary.org/obo/CL_0002057,CD14+Mo,1092.261,0.001580350729952202,37,#VHFHeartV1.1,#VHFemaleOrgans,VH_F_left_ventricle,heart left ventricle,UBERON:0002084,mesh,VH_F_Heart,,
466,heart,http://purl.obolibrary.org/obo/UBERON_0002084,heart left ventricle,Male,celltypist,sc_transcriptomics,http://purl.obolibrary.org/obo/CL_0002057,CD14+Mo,1092.261,0.001580350729952202,37,#VHMHeart,#VHMaleOrgans,VH_M_heart_left_ventricle,heart left ventricle,UBERON:0002084,mesh,VH_M_Heart,,
467,heart,http://purl.obolibrary.org/obo/UBERON_0002084,heart left ventricle,Male,celltypist,sc_transcriptomics,http://purl.obolibrary.org/obo/CL_0002138,EC8_ln,882.7009999999999,0.001277146368568995,37,#VHFHeartV1.1,#VHFemaleOrgans,VH_F_left_ventricle,heart left ventricle,UBERON:0002084,mesh,VH_F_Heart,,
468,heart,http://purl.obolibrary.org/obo/UBERON_0002084,heart left ventricle,Male,celltypist,sc_transcriptomics,http://purl.obolibrary.org/obo/CL_0002138,EC8_ln,882.7009999999999,0.001277146368568995,37,#VHMHeart,#VHMaleOrgans,VH_M_heart_left_ventricle,heart left ventricle,UBERON:0002084,mesh,VH_M_Heart,,
469,heart,http://purl.obolibrary.org/obo/UBERON_0002084,heart left ventricle,Male,celltypist,sc_transcriptomics,http://purl.obolibrary.org/obo/CL_0000794,CD8+T_cytox,631.522,0.0009137250654201468,37,#VHFHeartV1.1,#VHFemaleOrgans,VH_F_left_ventricle,heart left ventricle,UBERON:0002084,mesh,VH_F_Heart,,
470,heart,http://purl.obolibrary.org/obo/UBERON_0002084,heart left ventricle,Male,celltypist,sc_transcriptomics,http://purl.obolibrary.org/obo/CL_0000794,CD8+T_cytox,631.522,0.0009137250654201468,37,#VHMHeart,#VHMaleOrgans,VH_M_heart_left_ventricle,heart left ventricle,UBERON:0002084,mesh,VH_M_Heart,,
471,heart,http://purl.obolibrary.org/obo/UBERON_0002084,heart left ventricle,Male,celltypist,sc_transcriptomics,http://purl.obolibrary.org/obo/CL_4033076,LYVE1+MP_cycling,615.6759999999999,0.0008907980931426207,37,#VHFHeartV1.1,#VHFemaleOrgans,VH_F_left_ventricle,heart left ventricle,UBERON:0002084,mesh,VH_F_Heart,,
472,heart,http://purl.obolibrary.org/obo/UBERON_0002084,heart left ventricle,Male,celltypist,sc_transcriptomics,http://purl.obolibrary.org/obo/CL_4033076,LYVE1+MP_cycling,615.6759999999999,0.0008907980931426207,37,#VHMHeart,#VHMaleOrgans,VH_M_heart_left_ventricle,heart left ventricle,UBERON:0002084,mesh,VH_M_Heart,,
473,heart,http://purl.obolibrary.org/obo/UBERON_0002084,heart left ventricle,Male,celltypist,sc_transcriptomics,http://purl.obolibrary.org/obo/CL_0000451,DC,610.5749999999999,0.0008834176510381364,37,#VHFHeartV1.1,#VHFemaleOrgans,VH_F_left_ventricle,heart left ventricle,UBERON:0002084,mesh,VH_F_Heart,,
474,heart,http://purl.obolibrary.org/obo/UBERON_0002084,heart left ventricle,Male,celltypist,sc_transcriptomics,http://purl.obolibrary.org/obo/CL_0000451,DC,610.5749999999999,0.0008834176510381364,37,#VHMHeart,#VHMaleOrgans,VH_M_heart_left_ventricle,heart left ventricle,UBERON:0002084,mesh,VH_M_Heart,,
475,heart,http://purl.obolibrary.org/obo/UBERON_0002084,heart left ventricle,Male,celltypist,sc_transcriptomics,http://purl.obolibrary.org/obo/CL_0000236,B,443.156,0.0006411854932865846,37,#VHFHeartV1.1,#VHFemaleOrgans,VH_F_left_ventricle,heart left ventricle,UBERON:0002084,mesh,VH_F_Heart,,
476,heart,http://purl.obolibrary.org/obo/UBERON_0002084,heart left ventricle,Male,celltypist,sc_transcriptomics,http://purl.obolibrary.org/obo/CL_0000236,B,443.156,0.0006411854932865846,37,#VHMHeart,#VHMaleOrgans,VH_M_heart_left_ventricle,heart left ventricle,UBERON:0002084,mesh,VH_M_Heart,,
477,heart,http://purl.obolibrary.org/obo/UBERON_0002084,heart left ventricle,Male,celltypist,sc_transcriptomics,http://purl.obolibrary.org/obo/CL_0001043,CD4+T_act,421.5289999999999,0.0006098942128722182,37,#VHFHeartV1.1,#VHFemaleOrgans,VH_F_left_ventricle,heart left ventricle,UBERON:0002084,mesh,VH_F_Heart,,
478,heart,http://purl.obolibrary.org/obo/UBERON_0002084,heart left ventricle,Male,celltypist,sc_transcriptomics,http://purl.obolibrary.org/obo/CL_0001043,CD4+T_act,421.5289999999999,0.0006098942128722182,37,#VHMHeart,#VHMaleOrgans,VH_M_heart_left_ventricle,heart left ventricle,UBERON:0002084,mesh,VH_M_Heart,,
479,heart,http://purl.obolibrary.org/obo/UBERON_0002084,heart left ventricle,Male,celltypist,sc_transcriptomics,http://purl.obolibrary.org/obo/CL_0001050,CD8+T_te,412.0929999999999,0.0005962416248114625,37,#VHFHeartV1.1,#VHFemaleOrgans,VH_F_left_ventricle,heart left ventricle,UBERON:0002084,mesh,VH_F_Heart,,
480,heart,http://purl.obolibrary.org/obo/UBERON_0002084,heart left ventricle,Male,celltypist,sc_transcriptomics,http://purl.obolibrary.org/obo/CL_0001050,CD8+T_te,412.0929999999999,0.0005962416248114625,37,#VHMHeart,#VHMaleOrgans,VH_M_heart_left_ventricle,heart left ventricle,UBERON:0002084,mesh,VH_M_Heart,,
481,heart,http://purl.obolibrary.org/obo/UBERON_0002084,heart left ventricle,Male,celltypist,sc_transcriptomics,http://purl.obolibrary.org/obo/CL_0000913,CD8+T_em,405.8869999999999,0.0005872624004043993,37,#VHFHeartV1.1,#VHFemaleOrgans,VH_F_left_ventricle,heart left ventricle,UBERON:0002084,mesh,VH_F_Heart,,
482,heart,http://purl.obolibrary.org/obo/UBERON_0002084,heart left ventricle,Male,celltypist,sc_transcriptomics,http://purl.obolibrary.org/obo/CL_0000913,CD8+T_em,405.8869999999999,0.0005872624004043993,37,#VHMHeart,#VHMaleOrgans,VH_M_heart_left_ventricle,heart left ventricle,UBERON:0002084,mesh,VH_M_Heart,,
483,heart,http://purl.obolibrary.org/obo/UBERON_0002084,heart left ventricle,Male,celltypist,sc_transcriptomics,http://purl.obolibrary.org/obo/CL_0000077,Meso,362.133,0.0005239564086695221,37,#VHFHeartV1.1,#VHFemaleOrgans,VH_F_left_ventricle,heart left ventricle,UBERON:0002084,mesh,VH_F_Heart,,
484,heart,http://purl.obolibrary.org/obo/UBERON_0002084,heart left ventricle,Male,celltypist,sc_transcriptomics,http://purl.obolibrary.org/obo/CL_0000077,Meso,362.133,0.0005239564086695221,37,#VHMHeart,#VHMaleOrgans,VH_M_heart_left_ventricle,heart left ventricle,UBERON:0002084,mesh,VH_M_Heart,,
485,heart,http://purl.obolibrary.org/obo/UBERON_0002084,heart left ventricle,Male,celltypist,sc_transcriptomics,http://purl.obolibrary.org/obo/CL_0000938,NK_CD56hi,352.286,0.0005097091604039159,37,#VHFHeartV1.1,#VHFemaleOrgans,VH_F_left_ventricle,heart left ventricle,UBERON:0002084,mesh,VH_F_Heart,,
486,heart,http://purl.obolibrary.org/obo/UBERON_0002084,heart left ventricle,Male,celltypist,sc_transcriptomics,http://purl.obolibrary.org/obo/CL_0000938,NK_CD56hi,352.286,0.0005097091604039159,37,#VHMHeart,#VHMaleOrgans,VH_M_heart_left_ventricle,heart left ventricle,UBERON:0002084,mesh,VH_M_Heart,,
487,heart,http://purl.obolibrary.org/obo/UBERON_0002084,heart left ventricle,Male,celltypist,sc_transcriptomics,http://purl.obolibrary.org/obo/CL_0000791,MAIT-like,154.869,0.0002240740420073294,37,#VHFHeartV1.1,#VHFemaleOrgans,VH_F_left_ventricle,heart left ventricle,UBERON:0002084,mesh,VH_F_Heart,,
488,heart,http://purl.obolibrary.org/obo/UBERON_0002084,heart left ventricle,Male,celltypist,sc_transcriptomics,http://purl.obolibrary.org/obo/CL_0000791,MAIT-like,154.869,0.0002240740420073294,37,#VHMHeart,#VHMaleOrgans,VH_M_heart_left_ventricle,heart left ventricle,UBERON:0002084,mesh,VH_M_Heart,,
489,heart,http://purl.obolibrary.org/obo/UBERON_0002084,heart left ventricle,Male,celltypist,sc_transcriptomics,http://purl.obolibrary.org/obo/CL_0000786,B_plasma,91.975,0.0001330751151852477,37,#VHFHeartV1.1,#VHFemaleOrgans,VH_F_left_ventricle,heart left ventricle,UBERON:0002084,mesh,VH_F_Heart,,
490,heart,http://purl.obolibrary.org/obo/UBERON_0002084,heart left ventricle,Male,celltypist,sc_transcriptomics,http://purl.obolibrary.org/obo/CL_0000786,B_plasma,91.975,0.0001330751151852477,37,#VHMHeart,#VHMaleOrgans,VH_M_heart_left_ventricle,heart left ventricle,UBERON:0002084,mesh,VH_M_Heart,,
491,heart,http://purl.obolibrary.org/obo/UBERON_0002084,heart left ventricle,Male,celltypist,sc_transcriptomics,http://purl.obolibrary.org/obo/CL_0000814,T/NK_cycling,60.74399999999999,8.788817392566116e-05,37,#VHFHeartV1.1,#VHFemaleOrgans,VH_F_left_ventricle,heart left ventricle,UBERON:0002084,mesh,VH_F_Heart,,
492,heart,http://purl.obolibrary.org/obo/UBERON_0002084,heart left ventricle,Male,celltypist,sc_transcriptomics,http://purl.obolibrary.org/obo/CL_0000814,T/NK_cycling,60.74399999999999,8.788817392566116e-05,37,#VHMHeart,#VHMaleOrgans,VH_M_heart_left_ventricle,heart left ventricle,UBERON:0002084,mesh,VH_M_Heart,,
493,heart,http://purl.obolibrary.org/obo/UBERON_0002084,heart left ventricle,Male,celltypist,sc_transcriptomics,http://purl.obolibrary.org/obo/CL_0001065,ILC,26.009,3.763142887581525e-05,37,#VHFHeartV1.1,#VHFemaleOrgans,VH_F_left_ventricle,heart left ventricle,UBERON:0002084,mesh,VH_F_Heart,,
494,heart,http://purl.obolibrary.org/obo/UBERON_0002084,heart left ventricle,Male,celltypist,sc_transcriptomics,http://purl.obolibrary.org/obo/CL_0001065,ILC,26.009,3.763142887581525e-05,37,#VHMHeart,#VHMaleOrgans,VH_M_heart_left_ventricle,heart left ventricle,UBERON:0002084,mesh,VH_M_Heart,,
495,heart,http://purl.obolibrary.org/obo/UBERON_0002084,heart left ventricle,Male,celltypist,sc_transcriptomics,http://purl.obolibrary.org/obo/CL_0002068,Purkinje_cell,22.041,3.189028120465392e-05,37,#VHFHeartV1.1,#VHFemaleOrgans,VH_F_left_ventricle,heart left ventricle,UBERON:0002084,mesh,VH_F_Heart,,
496,heart,http://purl.obolibrary.org/obo/UBERON_0002084,heart left ventricle,Male,celltypist,sc_transcriptomics,http://purl.obolibrary.org/obo/CL_0002068,Purkinje_cell,22.041,3.189028120465392e-05,37,#VHMHeart,#VHMaleOrgans,VH_M_heart_left_ventricle,heart left ventricle,UBERON:0002084,mesh,VH_M_Heart,,
497,heart,http://purl.obolibrary.org/obo/UBERON_0002084,heart left ventricle,Male,celltypist,sc_transcriptomics,http://purl.obolibrary.org/obo/CL_0000546,CD4+T_Th2,20.99,3.036962943993856e-05,37,#VHFHeartV1.1,#VHFemaleOrgans,VH_F_left_ventricle,heart left ventricle,UBERON:0002084,mesh,VH_F_Heart,,
498,heart,http://purl.obolibrary.org/obo/UBERON_0002084,heart left ventricle,Male,celltypist,sc_transcriptomics,http://purl.obolibrary.org/obo/CL_0000546,CD4+T_Th2,20.99,3.036962943993856e-05,37,#VHMHeart,#VHMaleOrgans,VH_M_heart_left_ventricle,heart left ventricle,UBERON:0002084,mesh,VH_M_Heart,,
499,heart,http://purl.obolibrary.org/obo/UBERON_0002084,heart left ventricle,Male,celltypist,sc_transcriptomics,http://purl.obolibrary.org/obo/CL_0000775,Neut,20.586,2.978509726777394e-05,37,#VHFHeartV1.1,#VHFemaleOrgans,VH_F_left_ventricle,heart left ventricle,UBERON:0002084,mesh,VH_F_Heart,,
500,heart,http://purl.obolibrary.org/obo/UBERON_0002084,heart left ventricle,Male,celltypist,sc_transcriptomics,http://purl.obolibrary.org/obo/CL_0000775,Neut,20.586,2.978509726777394e-05,37,#VHMHeart,#VHMaleOrgans,VH_M_heart_left_ventricle,heart left ventricle,UBERON:0002084,mesh,VH_M_Heart,,
501,heart,http://purl.obolibrary.org/obo/UBERON_0002084,heart left ventricle,Male,celltypist,sc_transcriptomics,http://purl.obolibrary.org/obo/CL_0000545,CD4+T_Th1,15.926,2.304272122250888e-05,37,#VHFHeartV1.1,#VHFemaleOrgans,VH_F_left_ventricle,heart left ventricle,UBERON:0002084,mesh,VH_F_Heart,,
502,heart,http://purl.obolibrary.org/obo/UBERON_0002084,heart left ventricle,Male,celltypist,sc_transcriptomics,http://purl.obolibrary.org/obo/CL_0000545,CD4+T_Th1,15.926,2.304272122250888e-05,37,#VHMHeart,#VHMaleOrgans,VH_M_heart_left_ventricle,heart left ventricle,UBERON:0002084,mesh,VH_M_Heart,,
503,heart,http://purl.obolibrary.org/obo/UBERON_0002084,heart left ventricle,Male,celltypist,sc_transcriptomics,http://purl.obolibrary.org/obo/CL_0000792,CD4+T_reg,13.546,1.959919010926192e-05,37,#VHFHeartV1.1,#VHFemaleOrgans,VH_F_left_ventricle,heart left ventricle,UBERON:0002084,mesh,VH_F_Heart,,
504,heart,http://purl.obolibrary.org/obo/UBERON_0002084,heart left ventricle,Male,celltypist,sc_transcriptomics,http://purl.obolibrary.org/obo/CL_0000792,CD4+T_reg,13.546,1.959919010926192e-05,37,#VHMHeart,#VHMaleOrgans,VH_M_heart_left_ventricle,heart left ventricle,UBERON:0002084,mesh,VH_M_Heart,,
505,heart,http://purl.obolibrary.org/obo/UBERON_0002084,heart left ventricle,Male,celltypist,sc_transcriptomics,http://purl.obolibrary.org/obo/CL_0000798,gdT,5.133,7.42674168247759e-06,37,#VHFHeartV1.1,#VHFemaleOrgans,VH_F_left_ventricle,heart left ventricle,UBERON:0002084,mesh,VH_F_Heart,,
506,heart,http://purl.obolibrary.org/obo/UBERON_0002084,heart left ventricle,Male,celltypist,sc_transcriptomics,http://purl.obolibrary.org/obo/CL_0000798,gdT,5.133,7.42674168247759e-06,37,#VHMHeart,#VHMaleOrgans,VH_M_heart_left_ventricle,heart left ventricle,UBERON:0002084,mesh,VH_M_Heart,,
507,heart,http://purl.obolibrary.org/obo/UBERON_0002084,heart left ventricle,Male,celltypist,sc_transcriptomics,http://purl.obolibrary.org/obo/CL_0000492,CD4+T_Tfh,5.085,7.357292315487735e-06,37,#VHFHeartV1.1,#VHFemaleOrgans,VH_F_left_ventricle,heart left ventricle,UBERON:0002084,mesh,VH_F_Heart,,
508,heart,http://purl.obolibrary.org/obo/UBERON_0002084,heart left ventricle,Male,celltypist,sc_transcriptomics,http://purl.obolibrary.org/obo/CL_0000492,CD4+T_Tfh,5.085,7.357292315487735e-06,37,#VHMHeart,#VHMaleOrgans,VH_M_heart_left_ventricle,heart left ventricle,UBERON:0002084,mesh,VH_M_Heart,,
509,heart,http://purl.obolibrary.org/obo/UBERON_0002084,heart left ventricle,Male,celltypist,sc_transcriptomics,http://purl.obolibrary.org/obo/CL_0000899,CD4+T_Th17,2.86,4.138024783145511e-06,37,#VHFHeartV1.1,#VHFemaleOrgans,VH_F_left_ventricle,heart left ventricle,UBERON:0002084,mesh,VH_F_Heart,,
510,heart,http://purl.obolibrary.org/obo/UBERON_0002084,heart left ventricle,Male,celltypist,sc_transcriptomics,http://purl.obolibrary.org/obo/CL_0000899,CD4+T_Th17,2.86,4.138024783145511e-06,37,#VHMHeart,#VHMaleOrgans,VH_M_heart_left_ventricle,heart left ventricle,UBERON:0002084,mesh,VH_M_Heart,,
511,heart,http://purl.obolibrary.org/obo/UBERON_0002084,heart left ventricle,Male,celltypist,sc_transcriptomics,http://purl.obolibrary.org/obo/CL_1000477,SAN_P_cell,1.496,2.164505271183806e-06,37,#VHFHeartV1.1,#VHFemaleOrgans,VH_F_left_ventricle,heart left ventricle,UBERON:0002084,mesh,VH_F_Heart,,
512,heart,http://purl.obolibrary.org/obo/UBERON_0002084,heart left ventricle,Male,celltypist,sc_transcriptomics,http://purl.obolibrary.org/obo/CL_1000477,SAN_P_cell,1.496,2.164505271183806e-06,37,#VHMHeart,#VHMaleOrgans,VH_M_heart_left_ventricle,heart left ventricle,UBERON:0002084,mesh,VH_M_Heart,,
513,heart,http://purl.obolibrary.org/obo/UBERON_0002084,heart left ventricle,Male,celltypist,sc_transcriptomics,http://purl.obolibrary.org/obo/CL_0002072,AVN_P_cell,0.964,1.394774787046249e-06,37,#VHFHeartV1.1,#VHFemaleOrgans,VH_F_left_ventricle,heart left ventricle,UBERON:0002084,mesh,VH_F_Heart,,
514,heart,http://purl.obolibrary.org/obo/UBERON_0002084,heart left ventricle,Male,celltypist,sc_transcriptomics,http://purl.obolibrary.org/obo/CL_0002072,AVN_P_cell,0.964,1.394774787046249e-06,37,#VHMHeart,#VHMaleOrgans,VH_M_heart_left_ventricle,heart left ventricle,UBERON:0002084,mesh,VH_M_Heart,,
515,heart,http://purl.obolibrary.org/obo/UBERON_0002094,interventricular septum,Male,azimuth,sc_transcriptomics,http://purl.obolibrary.org/obo/CL_0002131,Ventricular Cardiomycoyte,19830.087,0.4707697093711321,8,#VHFHeartV1.1,#VHFemaleOrgans,VH_F_interventricular_septum,interventricular septum,UBERON:0002094,mesh,VH_F_Heart,,
516,heart,http://purl.obolibrary.org/obo/UBERON_0002094,interventricular septum,Male,azimuth,sc_transcriptomics,http://purl.obolibrary.org/obo/CL_0002131,Ventricular Cardiomycoyte,19830.087,0.4707697093711321,8,#VHMHeart,#VHMaleOrgans,VH_M_interventricular_septum,interventricular septum,UBERON:0002094,mesh,VH_M_Heart,,
517,heart,http://purl.obolibrary.org/obo/UBERON_0002094,interventricular septum,Male,azimuth,sc_transcriptomics,http://purl.obolibrary.org/obo/CL_0000057,Fibroblast,6351.857999999999,0.1507942120791855,8,#VHFHeartV1.1,#VHFemaleOrgans,VH_F_interventricular_septum,interventricular septum,UBERON:0002094,mesh,VH_F_Heart,,
518,heart,http://purl.obolibrary.org/obo/UBERON_0002094,interventricular septum,Male,azimuth,sc_transcriptomics,http://purl.obolibrary.org/obo/CL_0000057,Fibroblast,6351.857999999999,0.1507942120791855,8,#VHMHeart,#VHMaleOrgans,VH_M_interventricular_septum,interventricular septum,UBERON:0002094,mesh,VH_M_Heart,,
519,heart,http://purl.obolibrary.org/obo/UBERON_0002094,interventricular septum,Male,azimuth,sc_transcriptomics,http://purl.obolibrary.org/obo/CL_0002144,Capillary Endothelial,5313.276,0.1261380950234162,8,#VHFHeartV1.1,#VHFemaleOrgans,VH_F_interventricular_septum,interventricular septum,UBERON:0002094,mesh,VH_F_Heart,,
520,heart,http://purl.obolibrary.org/obo/UBERON_0002094,interventricular septum,Male,azimuth,sc_transcriptomics,http://purl.obolibrary.org/obo/CL_0002144,Capillary Endothelial,5313.276,0.1261380950234162,8,#VHMHeart,#VHMaleOrgans,VH_M_interventricular_septum,interventricular septum,UBERON:0002094,mesh,VH_M_Heart,,
521,heart,http://purl.obolibrary.org/obo/UBERON_0002094,interventricular septum,Male,azimuth,sc_transcriptomics,http://purl.obolibrary.org/obo/CL_0000669,Pericyte,3614.931,0.0858190897632822,8,#VHFHeartV1.1,#VHFemaleOrgans,VH_F_interventricular_septum,interventricular septum,UBERON:0002094,mesh,VH_F_Heart,,
522,heart,http://purl.obolibrary.org/obo/UBERON_0002094,interventricular septum,Male,azimuth,sc_transcriptomics,http://purl.obolibrary.org/obo/CL_0000669,Pericyte,3614.931,0.0858190897632822,8,#VHMHeart,#VHMaleOrgans,VH_M_interventricular_septum,interventricular septum,UBERON:0002094,mesh,VH_M_Heart,,
523,heart,http://purl.obolibrary.org/obo/UBERON_0002094,interventricular septum,Male,azimuth,sc_transcriptomics,http://purl.obolibrary.org/obo/CL_0011031,Monocyte/cDC,1420.362,0.03371964056142567,8,#VHFHeartV1.1,#VHFemaleOrgans,VH_F_interventricular_septum,interventricular septum,UBERON:0002094,mesh,VH_F_Heart,,
524,heart,http://purl.obolibrary.org/obo/UBERON_0002094,interventricular septum,Male,azimuth,sc_transcriptomics,http://purl.obolibrary.org/obo/CL_0011031,Monocyte/cDC,1420.362,0.03371964056142567,8,#VHMHeart,#VHMaleOrgans,VH_M_interventricular_septum,interventricular septum,UBERON:0002094,mesh,VH_M_Heart,,
525,heart,http://purl.obolibrary.org/obo/UBERON_0002094,interventricular septum,Male,azimuth,sc_transcriptomics,http://purl.obolibrary.org/obo/CL_0000236,B,1328.175,0.03153110517084486,8,#VHFHeartV1.1,#VHFemaleOrgans,VH_F_interventricular_septum,interventricular septum,UBERON:0002094,mesh,VH_F_Heart,,
526,heart,http://purl.obolibrary.org/obo/UBERON_0002094,interventricular septum,Male,azimuth,sc_transcriptomics,http://purl.obolibrary.org/obo/CL_0000236,B,1328.175,0.03153110517084486,8,#VHMHeart,#VHMaleOrgans,VH_M_interventricular_septum,interventricular septum,UBERON:0002094,mesh,VH_M_Heart,,
527,heart,http://purl.obolibrary.org/obo/UBERON_0002094,interventricular septum,Male,azimuth,sc_transcriptomics,http://purl.obolibrary.org/obo/CL_0000235,Macrophage,754.2359999999999,0.01790569363196667,8,#VHFHeartV1.1,#VHFemaleOrgans,VH_F_interventricular_septum,interventricular septum,UBERON:0002094,mesh,VH_F_Heart,,
528,heart,http://purl.obolibrary.org/obo/UBERON_0002094,interventricular septum,Male,azimuth,sc_transcriptomics,http://purl.obolibrary.org/obo/CL_0000235,Macrophage,754.2359999999999,0.01790569363196667,8,#VHMHeart,#VHMaleOrgans,VH_M_interventricular_septum,interventricular septum,UBERON:0002094,mesh,VH_M_Heart,,
529,heart,http://purl.obolibrary.org/obo/UBERON_0002094,interventricular septum,Male,azimuth,sc_transcriptomics,http://purl.obolibrary.org/obo/CL_0000623,NK,559.8539999999999,0.01329103119266525,8,#VHFHeartV1.1,#VHFemaleOrgans,VH_F_interventricular_septum,interventricular septum,UBERON:0002094,mesh,VH_F_Heart,,
530,heart,http://purl.obolibrary.org/obo/UBERON_0002094,interventricular septum,Male,azimuth,sc_transcriptomics,http://purl.obolibrary.org/obo/CL_0000623,NK,559.8539999999999,0.01329103119266525,8,#VHMHeart,#VHMaleOrgans,VH_M_interventricular_septum,interventricular septum,UBERON:0002094,mesh,VH_M_Heart,,
531,heart,http://purl.obolibrary.org/obo/UBERON_0002094,interventricular septum,Male,azimuth,sc_transcriptomics,http://purl.obolibrary.org/obo/CL_0000084,T,532.7189999999999,0.01264684157999307,8,#VHFHeartV1.1,#VHFemaleOrgans,VH_F_interventricular_septum,interventricular septum,UBERON:0002094,mesh,VH_F_Heart,,
532,heart,http://purl.obolibrary.org/obo/UBERON_0002094,interventricular septum,Male,azimuth,sc_transcriptomics,http://purl.obolibrary.org/obo/CL_0000084,T,532.7189999999999,0.01264684157999307,8,#VHMHeart,#VHMaleOrgans,VH_M_interventricular_septum,interventricular septum,UBERON:0002094,mesh,VH_M_Heart,,
533,heart,http://purl.obolibrary.org/obo/UBERON_0002094,interventricular septum,Male,azimuth,sc_transcriptomics,http://purl.obolibrary.org/obo/CL_0000192,Smooth Muscle,513.3870000000001,0.01218789654250722,8,#VHFHeartV1.1,#VHFemaleOrgans,VH_F_interventricular_septum,interventricular septum,UBERON:0002094,mesh,VH_F_Heart,,
534,heart,http://purl.obolibrary.org/obo/UBERON_0002094,interventricular septum,Male,azimuth,sc_transcriptomics,http://purl.obolibrary.org/obo/CL_0000192,Smooth Muscle,513.3870000000001,0.01218789654250722,8,#VHMHeart,#VHMaleOrgans,VH_M_interventricular_septum,interventricular septum,UBERON:0002094,mesh,VH_M_Heart,,
535,heart,http://purl.obolibrary.org/obo/UBERON_0002094,interventricular septum,Male,azimuth,sc_transcriptomics,http://purl.obolibrary.org/obo/CL_1000414,Venous Endothelial,456.741,0.01084311066451096,8,#VHFHeartV1.1,#VHFemaleOrgans,VH_F_interventricular_septum,interventricular septum,UBERON:0002094,mesh,VH_F_Heart,,
536,heart,http://purl.obolibrary.org/obo/UBERON_0002094,interventricular septum,Male,azimuth,sc_transcriptomics,http://purl.obolibrary.org/obo/CL_1000414,Venous Endothelial,456.741,0.01084311066451096,8,#VHMHeart,#VHMaleOrgans,VH_M_interventricular_septum,interventricular septum,UBERON:0002094,mesh,VH_M_Heart,,
537,heart,http://purl.obolibrary.org/obo/UBERON_0002094,interventricular septum,Male,azimuth,sc_transcriptomics,http://purl.obolibrary.org/obo/CL_1000413,Arterial Endothelial,453.393,0.01076362856304693,8,#VHFHeartV1.1,#VHFemaleOrgans,VH_F_interventricular_septum,interventricular septum,UBERON:0002094,mesh,VH_F_Heart,,
538,heart,http://purl.obolibrary.org/obo/UBERON_0002094,interventricular septum,Male,azimuth,sc_transcriptomics,http://purl.obolibrary.org/obo/CL_1000413,Arterial Endothelial,453.393,0.01076362856304693,8,#VHMHeart,#VHMaleOrgans,VH_M_interventricular_septum,interventricular septum,UBERON:0002094,mesh,VH_M_Heart,,
539,heart,http://purl.obolibrary.org/obo/UBERON_0002094,interventricular septum,Male,azimuth,sc_transcriptomics,http://purl.obolibrary.org/obo/CL_0002129,Atrial Cardiomyocyte,227.484,0.00540050966829256,8,#VHFHeartV1.1,#VHFemaleOrgans,VH_F_interventricular_septum,interventricular septum,UBERON:0002094,mesh,VH_F_Heart,,
540,heart,http://purl.obolibrary.org/obo/UBERON_0002094,interventricular septum,Male,azimuth,sc_transcriptomics,http://purl.obolibrary.org/obo/CL_0002129,Atrial Cardiomyocyte,227.484,0.00540050966829256,8,#VHMHeart,#VHMaleOrgans,VH_M_interventricular_septum,interventricular septum,UBERON:0002094,mesh,VH_M_Heart,,
541,heart,http://purl.obolibrary.org/obo/UBERON_0002094,interventricular septum,Male,azimuth,sc_transcriptomics,http://purl.obolibrary.org/obo/CL_0000097,Mast,193.563,0.004595219237061562,8,#VHFHeartV1.1,#VHFemaleOrgans,VH_F_interventricular_septum,interventricular septum,UBERON:0002094,mesh,VH_F_Heart,,
542,heart,http://purl.obolibrary.org/obo/UBERON_0002094,interventricular septum,Male,azimuth,sc_transcriptomics,http://purl.obolibrary.org/obo/CL_0000097,Mast,193.563,0.004595219237061562,8,#VHMHeart,#VHMaleOrgans,VH_M_interventricular_septum,interventricular septum,UBERON:0002094,mesh,VH_M_Heart,,
543,heart,http://purl.obolibrary.org/obo/UBERON_0002094,interventricular septum,Male,azimuth,sc_transcriptomics,http://purl.obolibrary.org/obo/CL_0002573,Neuronal,167.013,0.00396491762598928,8,#VHFHeartV1.1,#VHFemaleOrgans,VH_F_interventricular_septum,interventricular septum,UBERON:0002094,mesh,VH_F_Heart,,
544,heart,http://purl.obolibrary.org/obo/UBERON_0002094,interventricular septum,Male,azimuth,sc_transcriptomics,http://purl.obolibrary.org/obo/CL_0002573,Neuronal,167.013,0.00396491762598928,8,#VHMHeart,#VHMaleOrgans,VH_M_interventricular_septum,interventricular septum,UBERON:0002094,mesh,VH_M_Heart,,
545,heart,http://purl.obolibrary.org/obo/UBERON_0002094,interventricular septum,Male,azimuth,sc_transcriptomics,http://purl.obolibrary.org/obo/CL_0002138,Lymphatic Endothelial,131.616,0.003124586698413925,8,#VHFHeartV1.1,#VHFemaleOrgans,VH_F_interventricular_septum,interventricular septum,UBERON:0002094,mesh,VH_F_Heart,,
546,heart,http://purl.obolibrary.org/obo/UBERON_0002094,interventricular septum,Male,azimuth,sc_transcriptomics,http://purl.obolibrary.org/obo/CL_0002138,Lymphatic Endothelial,131.616,0.003124586698413925,8,#VHMHeart,#VHMaleOrgans,VH_M_interventricular_septum,interventricular septum,UBERON:0002094,mesh,VH_M_Heart,,
547,heart,http://purl.obolibrary.org/obo/UBERON_0002094,interventricular septum,Male,azimuth,sc_transcriptomics,http://purl.obolibrary.org/obo/CL_0000077,Mesothelial,103.212,0.00245027080534812,8,#VHFHeartV1.1,#VHFemaleOrgans,VH_F_interventricular_septum,interventricular septum,UBERON:0002094,mesh,VH_F_Heart,,
548,heart,http://purl.obolibrary.org/obo/UBERON_0002094,interventricular septum,Male,azimuth,sc_transcriptomics,http://purl.obolibrary.org/obo/CL_0000077,Mesothelial,103.212,0.00245027080534812,8,#VHMHeart,#VHMaleOrgans,VH_M_interventricular_septum,interventricular septum,UBERON:0002094,mesh,VH_M_Heart,,
549,heart,http://purl.obolibrary.org/obo/UBERON_0002094,interventricular septum,Male,azimuth,sc_transcriptomics,http://purl.obolibrary.org/obo/CL_0002350,Endocardial,100.242,0.002379762489533253,8,#VHFHeartV1.1,#VHFemaleOrgans,VH_F_interventricular_septum,interventricular septum,UBERON:0002094,mesh,VH_F_Heart,,
550,heart,http://purl.obolibrary.org/obo/UBERON_0002094,interventricular septum,Male,azimuth,sc_transcriptomics,http://purl.obolibrary.org/obo/CL_0002350,Endocardial,100.242,0.002379762489533253,8,#VHMHeart,#VHMaleOrgans,VH_M_interventricular_septum,interventricular septum,UBERON:0002094,mesh,VH_M_Heart,,
551,heart,http://purl.obolibrary.org/obo/UBERON_0002094,interventricular septum,Male,azimuth,sc_transcriptomics,http://purl.obolibrary.org/obo/CL_0000136,Adipocyte,65.358,0.001551610271053195,8,#VHFHeartV1.1,#VHFemaleOrgans,VH_F_interventricular_septum,interventricular septum,UBERON:0002094,mesh,VH_F_Heart,,
552,heart,http://purl.obolibrary.org/obo/UBERON_0002094,interventricular septum,Male,azimuth,sc_transcriptomics,http://purl.obolibrary.org/obo/CL_0000136,Adipocyte,65.358,0.001551610271053195,8,#VHMHeart,#VHMaleOrgans,VH_M_interventricular_septum,interventricular septum,UBERON:0002094,mesh,VH_M_Heart,,
553,heart,http://purl.obolibrary.org/obo/UBERON_0002094,interventricular septum,Male,azimuth,sc_transcriptomics,http://purl.obolibrary.org/obo/CL_0000115,Endothelial,5.184,0.0001230690603314019,8,#VHFHeartV1.1,#VHFemaleOrgans,VH_F_interventricular_septum,interventricular septum,UBERON:0002094,mesh,VH_F_Heart,,
554,heart,http://purl.obolibrary.org/obo/UBERON_0002094,interventricular septum,Male,azimuth,sc_transcriptomics,http://purl.obolibrary.org/obo/CL_0000115,Endothelial,5.184,0.0001230690603314019,8,#VHMHeart,#VHMaleOrgans,VH_M_interventricular_septum,interventricular septum,UBERON:0002094,mesh,VH_M_Heart,,
555,heart,http://purl.obolibrary.org/obo/UBERON_0002094,interventricular septum,Male,celltypist,sc_transcriptomics,http://purl.obolibrary.org/obo/CL_0000669,PC1_vent,14512.239,0.3445230742736735,8,#VHFHeartV1.1,#VHFemaleOrgans,VH_F_interventricular_septum,interventricular septum,UBERON:0002094,mesh,VH_F_Heart,,
556,heart,http://purl.obolibrary.org/obo/UBERON_0002094,interventricular septum,Male,celltypist,sc_transcriptomics,http://purl.obolibrary.org/obo/CL_0000669,PC1_vent,14512.239,0.3445230742736735,8,#VHMHeart,#VHMaleOrgans,VH_M_interventricular_septum,interventricular septum,UBERON:0002094,mesh,VH_M_Heart,,
557,heart,http://purl.obolibrary.org/obo/UBERON_0002094,interventricular septum,Male,celltypist,sc_transcriptomics,http://purl.obolibrary.org/obo/CL_0002131,vCM1,10237.707,0.243044942214162,8,#VHFHeartV1.1,#VHFemaleOrgans,VH_F_interventricular_septum,interventricular septum,UBERON:0002094,mesh,VH_F_Heart,,
558,heart,http://purl.obolibrary.org/obo/UBERON_0002094,interventricular septum,Male,celltypist,sc_transcriptomics,http://purl.obolibrary.org/obo/CL_0002131,vCM1,10237.707,0.243044942214162,8,#VHMHeart,#VHMaleOrgans,VH_M_interventricular_septum,interventricular septum,UBERON:0002094,mesh,VH_M_Heart,,
559,heart,http://purl.obolibrary.org/obo/UBERON_0002094,interventricular septum,Male,celltypist,sc_transcriptomics,http://purl.obolibrary.org/obo/CL_0002144,EC1_cap,6069.303000000001,0.1440863073064349,8,#VHFHeartV1.1,#VHFemaleOrgans,VH_F_interventricular_septum,interventricular septum,UBERON:0002094,mesh,VH_F_Heart,,
560,heart,http://purl.obolibrary.org/obo/UBERON_0002094,interventricular septum,Male,celltypist,sc_transcriptomics,http://purl.obolibrary.org/obo/CL_0002144,EC1_cap,6069.303000000001,0.1440863073064349,8,#VHMHeart,#VHMaleOrgans,VH_M_interventricular_septum,interventricular septum,UBERON:0002094,mesh,VH_M_Heart,,
561,heart,http://purl.obolibrary.org/obo/UBERON_0002094,interventricular septum,Male,celltypist,sc_transcriptomics,http://purl.obolibrary.org/obo/CL_0000057,FB4_activated,4971.231000000001,0.1180178873187376,8,#VHFHeartV1.1,#VHFemaleOrgans,VH_F_interventricular_septum,interventricular septum,UBERON:0002094,mesh,VH_F_Heart,,
562,heart,http://purl.obolibrary.org/obo/UBERON_0002094,interventricular septum,Male,celltypist,sc_transcriptomics,http://purl.obolibrary.org/obo/CL_0000057,FB4_activated,4971.231000000001,0.1180178873187376,8,#VHMHeart,#VHMaleOrgans,VH_M_interventricular_septum,interventricular septum,UBERON:0002094,mesh,VH_M_Heart,,
563,heart,http://purl.obolibrary.org/obo/UBERON_0002094,interventricular septum,Male,celltypist,sc_transcriptomics,http://purl.obolibrary.org/obo/CL_0000235,LYVE1+IGF1+MP,1417.023,0.03364037212152472,8,#VHFHeartV1.1,#VHFemaleOrgans,VH_F_interventricular_septum,interventricular septum,UBERON:0002094,mesh,VH_F_Heart,,
564,heart,http://purl.obolibrary.org/obo/UBERON_0002094,interventricular septum,Male,celltypist,sc_transcriptomics,http://purl.obolibrary.org/obo/CL_0000235,LYVE1+IGF1+MP,1417.023,0.03364037212152472,8,#VHMHeart,#VHMaleOrgans,VH_M_interventricular_septum,interventricular septum,UBERON:0002094,mesh,VH_M_Heart,,
565,heart,http://purl.obolibrary.org/obo/UBERON_0002094,interventricular septum,Male,celltypist,sc_transcriptomics,http://purl.obolibrary.org/obo/CL_1000413,EC5_art,1298.664,0.03083050890552079,8,#VHFHeartV1.1,#VHFemaleOrgans,VH_F_interventricular_septum,interventricular septum,UBERON:0002094,mesh,VH_F_Heart,,
566,heart,http://purl.obolibrary.org/obo/UBERON_0002094,interventricular septum,Male,celltypist,sc_transcriptomics,http://purl.obolibrary.org/obo/CL_1000413,EC5_art,1298.664,0.03083050890552079,8,#VHMHeart,#VHMaleOrgans,VH_M_interventricular_septum,interventricular septum,UBERON:0002094,mesh,VH_M_Heart,,
567,heart,http://purl.obolibrary.org/obo/UBERON_0002094,interventricular septum,Male,celltypist,sc_transcriptomics,http://purl.obolibrary.org/obo/CL_0000359,SMC1_basic,638.4150000000001,0.01515608297674999,8,#VHFHeartV1.1,#VHFemaleOrgans,VH_F_interventricular_septum,interventricular septum,UBERON:0002094,mesh,VH_F_Heart,,
568,heart,http://purl.obolibrary.org/obo/UBERON_0002094,interventricular septum,Male,celltypist,sc_transcriptomics,http://purl.obolibrary.org/obo/CL_0000359,SMC1_basic,638.4150000000001,0.01515608297674999,8,#VHMHeart,#VHMaleOrgans,VH_M_interventricular_septum,interventricular septum,UBERON:0002094,mesh,VH_M_Heart,,
569,heart,http://purl.obolibrary.org/obo/UBERON_0002094,interventricular septum,Male,celltypist,sc_transcriptomics,http://purl.obolibrary.org/obo/CL_0002543,EC6_ven,372.1319999999999,0.008834478310039593,8,#VHFHeartV1.1,#VHFemaleOrgans,VH_F_interventricular_septum,interventricular septum,UBERON:0002094,mesh,VH_F_Heart,,
570,heart,http://purl.obolibrary.org/obo/UBERON_0002094,interventricular septum,Male,celltypist,sc_transcriptomics,http://purl.obolibrary.org/obo/CL_0002543,EC6_ven,372.1319999999999,0.008834478310039593,8,#VHMHeart,#VHMaleOrgans,VH_M_interventricular_septum,interventricular septum,UBERON:0002094,mesh,VH_M_Heart,,
571,heart,http://purl.obolibrary.org/obo/UBERON_0002094,interventricular septum,Male,celltypist,sc_transcriptomics,http://purl.obolibrary.org/obo/CL_0000939,NK_CD16hi,356.868,0.008472108299063799,8,#VHFHeartV1.1,#VHFemaleOrgans,VH_F_interventricular_septum,interventricular septum,UBERON:0002094,mesh,VH_F_Heart,,
572,heart,http://purl.obolibrary.org/obo/UBERON_0002094,interventricular septum,Male,celltypist,sc_transcriptomics,http://purl.obolibrary.org/obo/CL_0000939,NK_CD16hi,356.868,0.008472108299063799,8,#VHMHeart,#VHMaleOrgans,VH_M_interventricular_septum,interventricular septum,UBERON:0002094,mesh,VH_M_Heart,,
573,heart,http://purl.obolibrary.org/obo/UBERON_0002094,interventricular septum,Male,celltypist,sc_transcriptomics,http://purl.obolibrary.org/obo/CL_0002057,CD14+Mo,314.64,0.007469608245114254,8,#VHFHeartV1.1,#VHFemaleOrgans,VH_F_interventricular_septum,interventricular septum,UBERON:0002094,mesh,VH_F_Heart,,
574,heart,http://purl.obolibrary.org/obo/UBERON_0002094,interventricular septum,Male,celltypist,sc_transcriptomics,http://purl.obolibrary.org/obo/CL_0002057,CD14+Mo,314.64,0.007469608245114254,8,#VHMHeart,#VHMaleOrgans,VH_M_interventricular_septum,interventricular septum,UBERON:0002094,mesh,VH_M_Heart,,
575,heart,http://purl.obolibrary.org/obo/UBERON_0002094,interventricular septum,Male,celltypist,sc_transcriptomics,http://purl.obolibrary.org/obo/CL_0002396,CD16+Mo,285.57,0.006779481396380872,8,#VHFHeartV1.1,#VHFemaleOrgans,VH_F_interventricular_septum,interventricular septum,UBERON:0002094,mesh,VH_F_Heart,,
576,heart,http://purl.obolibrary.org/obo/UBERON_0002094,interventricular septum,Male,celltypist,sc_transcriptomics,http://purl.obolibrary.org/obo/CL_0002396,CD16+Mo,285.57,0.006779481396380872,8,#VHMHeart,#VHMaleOrgans,VH_M_interventricular_septum,interventricular septum,UBERON:0002094,mesh,VH_M_Heart,,
577,heart,http://purl.obolibrary.org/obo/UBERON_0002094,interventricular septum,Male,celltypist,sc_transcriptomics,http://purl.obolibrary.org/obo/CL_0002129,aCM1,275.4089999999999,0.0065382574916688,8,#VHFHeartV1.1,#VHFemaleOrgans,VH_F_interventricular_septum,interventricular septum,UBERON:0002094,mesh,VH_F_Heart,,
578,heart,http://purl.obolibrary.org/obo/UBERON_0002094,interventricular septum,Male,celltypist,sc_transcriptomics,http://purl.obolibrary.org/obo/CL_0002129,aCM1,275.4089999999999,0.0065382574916688,8,#VHMHeart,#VHMaleOrgans,VH_M_interventricular_septum,interventricular septum,UBERON:0002094,mesh,VH_M_Heart,,
579,heart,http://purl.obolibrary.org/obo/UBERON_0002094,interventricular septum,Male,celltypist,sc_transcriptomics,http://purl.obolibrary.org/obo/CL_0000895,CD4+T_naive,151.164,0.003588659613413589,8,#VHFHeartV1.1,#VHFemaleOrgans,VH_F_interventricular_septum,interventricular septum,UBERON:0002094,mesh,VH_F_Heart,,
580,heart,http://purl.obolibrary.org/obo/UBERON_0002094,interventricular septum,Male,celltypist,sc_transcriptomics,http://purl.obolibrary.org/obo/CL_0000895,CD4+T_naive,151.164,0.003588659613413589,8,#VHMHeart,#VHMaleOrgans,VH_M_interventricular_septum,interventricular septum,UBERON:0002094,mesh,VH_M_Heart,,
581,heart,http://purl.obolibrary.org/obo/UBERON_0002094,interventricular septum,Male,celltypist,sc_transcriptomics,http://purl.obolibrary.org/obo/CL_0010020,NC1_glial,149.931,0.003559387979272265,8,#VHFHeartV1.1,#VHFemaleOrgans,VH_F_interventricular_septum,interventricular septum,UBERON:0002094,mesh,VH_F_Heart,,
582,heart,http://purl.obolibrary.org/obo/UBERON_0002094,interventricular septum,Male,celltypist,sc_transcriptomics,http://purl.obolibrary.org/obo/CL_0010020,NC1_glial,149.931,0.003559387979272265,8,#VHMHeart,#VHMaleOrgans,VH_M_interventricular_septum,interventricular septum,UBERON:0002094,mesh,VH_M_Heart,,
583,heart,http://purl.obolibrary.org/obo/UBERON_0002094,interventricular septum,Male,celltypist,sc_transcriptomics,http://purl.obolibrary.org/obo/CL_0000115,EC4_immune,148.824,0.003533107607013997,8,#VHFHeartV1.1,#VHFemaleOrgans,VH_F_interventricular_septum,interventricular septum,UBERON:0002094,mesh,VH_F_Heart,,
584,heart,http://purl.obolibrary.org/obo/UBERON_0002094,interventricular septum,Male,celltypist,sc_transcriptomics,http://purl.obolibrary.org/obo/CL_0000115,EC4_immune,148.824,0.003533107607013997,8,#VHMHeart,#VHMaleOrgans,VH_M_interventricular_septum,interventricular septum,UBERON:0002094,mesh,VH_M_Heart,,
585,heart,http://purl.obolibrary.org/obo/UBERON_0002094,interventricular septum,Male,celltypist,sc_transcriptomics,http://purl.obolibrary.org/obo/CL_0000625,CD8+T_trans,130.05,0.003087409586438816,8,#VHFHeartV1.1,#VHFemaleOrgans,VH_F_interventricular_septum,interventricular septum,UBERON:0002094,mesh,VH_F_Heart,,
586,heart,http://purl.obolibrary.org/obo/UBERON_0002094,interventricular septum,Male,celltypist,sc_transcriptomics,http://purl.obolibrary.org/obo/CL_0000625,CD8+T_trans,130.05,0.003087409586438816,8,#VHMHeart,#VHMaleOrgans,VH_M_interventricular_septum,interventricular septum,UBERON:0002094,mesh,VH_M_Heart,,
587,heart,http://purl.obolibrary.org/obo/UBERON_0002094,interventricular septum,Male,celltypist,sc_transcriptomics,http://purl.obolibrary.org/obo/CL_0001050,CD8+T_te,111.996,0.002658804490909662,8,#VHFHeartV1.1,#VHFemaleOrgans,VH_F_interventricular_septum,interventricular septum,UBERON:0002094,mesh,VH_F_Heart,,
588,heart,http://purl.obolibrary.org/obo/UBERON_0002094,interventricular septum,Male,celltypist,sc_transcriptomics,http://purl.obolibrary.org/obo/CL_0001050,CD8+T_te,111.996,0.002658804490909662,8,#VHMHeart,#VHMaleOrgans,VH_M_interventricular_septum,interventricular septum,UBERON:0002094,mesh,VH_M_Heart,,
589,heart,http://purl.obolibrary.org/obo/UBERON_0002094,interventricular septum,Male,celltypist,sc_transcriptomics,http://purl.obolibrary.org/obo/CL_0000097,Mast,109.62,0.002602397838257769,8,#VHFHeartV1.1,#VHFemaleOrgans,VH_F_interventricular_septum,interventricular septum,UBERON:0002094,mesh,VH_F_Heart,,
590,heart,http://purl.obolibrary.org/obo/UBERON_0002094,interventricular septum,Male,celltypist,sc_transcriptomics,http://purl.obolibrary.org/obo/CL_0000097,Mast,109.62,0.002602397838257769,8,#VHMHeart,#VHMaleOrgans,VH_M_interventricular_septum,interventricular septum,UBERON:0002094,mesh,VH_M_Heart,,
591,heart,http://purl.obolibrary.org/obo/UBERON_0002094,interventricular septum,Male,celltypist,sc_transcriptomics,http://purl.obolibrary.org/obo/CL_0002138,EC8_ln,93.294,0.002214815762839084,8,#VHFHeartV1.1,#VHFemaleOrgans,VH_F_interventricular_septum,interventricular septum,UBERON:0002094,mesh,VH_F_Heart,,
592,heart,http://purl.obolibrary.org/obo/UBERON_0002094,interventricular septum,Male,celltypist,sc_transcriptomics,http://purl.obolibrary.org/obo/CL_0002138,EC8_ln,93.294,0.002214815762839084,8,#VHMHeart,#VHMaleOrgans,VH_M_interventricular_septum,interventricular septum,UBERON:0002094,mesh,VH_M_Heart,,
593,heart,http://purl.obolibrary.org/obo/UBERON_0002094,interventricular septum,Male,celltypist,sc_transcriptomics,http://purl.obolibrary.org/obo/CL_4033076,LYVE1+MP_cycling,70.19100000000002,0.001666346530424659,8,#VHFHeartV1.1,#VHFemaleOrgans,VH_F_interventricular_septum,interventricular septum,UBERON:0002094,mesh,VH_F_Heart,,
594,heart,http://purl.obolibrary.org/obo/UBERON_0002094,interventricular septum,Male,celltypist,sc_transcriptomics,http://purl.obolibrary.org/obo/CL_4033076,LYVE1+MP_cycling,70.19100000000002,0.001666346530424659,8,#VHMHeart,#VHMaleOrgans,VH_M_interventricular_septum,interventricular septum,UBERON:0002094,mesh,VH_M_Heart,,
595,heart,http://purl.obolibrary.org/obo/UBERON_0002094,interventricular septum,Male,celltypist,sc_transcriptomics,http://purl.obolibrary.org/obo/CL_0000794,CD8+T_cytox,62.982,0.001495203618401303,8,#VHFHeartV1.1,#VHFemaleOrgans,VH_F_interventricular_septum,interventricular septum,UBERON:0002094,mesh,VH_F_Heart,,
596,heart,http://purl.obolibrary.org/obo/UBERON_0002094,interventricular septum,Male,celltypist,sc_transcriptomics,http://purl.obolibrary.org/obo/CL_0000794,CD8+T_cytox,62.982,0.001495203618401303,8,#VHMHeart,#VHMaleOrgans,VH_M_interventricular_septum,interventricular septum,UBERON:0002094,mesh,VH_M_Heart,,
597,heart,http://purl.obolibrary.org/obo/UBERON_0002094,interventricular septum,Male,celltypist,sc_transcriptomics,http://purl.obolibrary.org/obo/CL_0001043,CD4+T_act,48.303,0.001146721609025406,8,#VHFHeartV1.1,#VHFemaleOrgans,VH_F_interventricular_septum,interventricular septum,UBERON:0002094,mesh,VH_F_Heart,,
598,heart,http://purl.obolibrary.org/obo/UBERON_0002094,interventricular septum,Male,celltypist,sc_transcriptomics,http://purl.obolibrary.org/obo/CL_0001043,CD4+T_act,48.303,0.001146721609025406,8,#VHMHeart,#VHMaleOrgans,VH_M_interventricular_septum,interventricular septum,UBERON:0002094,mesh,VH_M_Heart,,
599,heart,http://purl.obolibrary.org/obo/UBERON_0002094,interventricular septum,Male,celltypist,sc_transcriptomics,http://purl.obolibrary.org/obo/CL_0000913,CD8+T_em,46.908,0.001113604066748727,8,#VHFHeartV1.1,#VHFemaleOrgans,VH_F_interventricular_septum,interventricular septum,UBERON:0002094,mesh,VH_F_Heart,,
600,heart,http://purl.obolibrary.org/obo/UBERON_0002094,interventricular septum,Male,celltypist,sc_transcriptomics,http://purl.obolibrary.org/obo/CL_0000913,CD8+T_em,46.908,0.001113604066748727,8,#VHMHeart,#VHMaleOrgans,VH_M_interventricular_septum,interventricular septum,UBERON:0002094,mesh,VH_M_Heart,,
601,heart,http://purl.obolibrary.org/obo/UBERON_0002094,interventricular septum,Male,celltypist,sc_transcriptomics,http://purl.obolibrary.org/obo/CL_0000451,DC,42.759,0.00101510608617099,8,#VHFHeartV1.1,#VHFemaleOrgans,VH_F_interventricular_septum,interventricular septum,UBERON:0002094,mesh,VH_F_Heart,,
602,heart,http://purl.obolibrary.org/obo/UBERON_0002094,interventricular septum,Male,celltypist,sc_transcriptomics,http://purl.obolibrary.org/obo/CL_0000451,DC,42.759,0.00101510608617099,8,#VHMHeart,#VHMaleOrgans,VH_M_interventricular_septum,interventricular septum,UBERON:0002094,mesh,VH_M_Heart,,
603,heart,http://purl.obolibrary.org/obo/UBERON_0002094,interventricular septum,Male,celltypist,sc_transcriptomics,http://purl.obolibrary.org/obo/CL_0000136,Adip1,40.914,0.0009713054657405436,8,#VHFHeartV1.1,#VHFemaleOrgans,VH_F_interventricular_septum,interventricular septum,UBERON:0002094,mesh,VH_F_Heart,,
604,heart,http://purl.obolibrary.org/obo/UBERON_0002094,interventricular septum,Male,celltypist,sc_transcriptomics,http://purl.obolibrary.org/obo/CL_0000136,Adip1,40.914,0.0009713054657405436,8,#VHMHeart,#VHMaleOrgans,VH_M_interventricular_septum,interventricular septum,UBERON:0002094,mesh,VH_M_Heart,,
605,heart,http://purl.obolibrary.org/obo/UBERON_0002094,interventricular septum,Male,celltypist,sc_transcriptomics,http://purl.obolibrary.org/obo/CL_0002350,EC7_endocardial,36.99,0.0008781490242396907,8,#VHFHeartV1.1,#VHFemaleOrgans,VH_F_interventricular_septum,interventricular septum,UBERON:0002094,mesh,VH_F_Heart,,
606,heart,http://purl.obolibrary.org/obo/UBERON_0002094,interventricular septum,Male,celltypist,sc_transcriptomics,http://purl.obolibrary.org/obo/CL_0002350,EC7_endocardial,36.99,0.0008781490242396907,8,#VHMHeart,#VHMaleOrgans,VH_M_interventricular_septum,interventricular septum,UBERON:0002094,mesh,VH_M_Heart,,
607,heart,http://purl.obolibrary.org/obo/UBERON_0002094,interventricular septum,Male,celltypist,sc_transcriptomics,http://purl.obolibrary.org/obo/CL_0000236,B,31.428,0.000746106178259124,8,#VHFHeartV1.1,#VHFemaleOrgans,VH_F_interventricular_septum,interventricular septum,UBERON:0002094,mesh,VH_F_Heart,,
608,heart,http://purl.obolibrary.org/obo/UBERON_0002094,interventricular septum,Male,celltypist,sc_transcriptomics,http://purl.obolibrary.org/obo/CL_0000236,B,31.428,0.000746106178259124,8,#VHMHeart,#VHMaleOrgans,VH_M_interventricular_septum,interventricular septum,UBERON:0002094,mesh,VH_M_Heart,,
609,heart,http://purl.obolibrary.org/obo/UBERON_0002094,interventricular septum,Male,celltypist,sc_transcriptomics,http://purl.obolibrary.org/obo/CL_0000938,NK_CD56hi,28.44,0.0006751705393181076,8,#VHFHeartV1.1,#VHFemaleOrgans,VH_F_interventricular_septum,interventricular septum,UBERON:0002094,mesh,VH_F_Heart,,
610,heart,http://purl.obolibrary.org/obo/UBERON_0002094,interventricular septum,Male,celltypist,sc_transcriptomics,http://purl.obolibrary.org/obo/CL_0000938,NK_CD56hi,28.44,0.0006751705393181076,8,#VHMHeart,#VHMaleOrgans,VH_M_interventricular_septum,interventricular septum,UBERON:0002094,mesh,VH_M_Heart,,
611,heart,http://purl.obolibrary.org/obo/UBERON_0002094,interventricular septum,Male,celltypist,sc_transcriptomics,http://purl.obolibrary.org/obo/CL_0000791,MAIT-like,18.765,0.0004454843590121059,8,#VHFHeartV1.1,#VHFemaleOrgans,VH_F_interventricular_septum,interventricular septum,UBERON:0002094,mesh,VH_F_Heart,,
612,heart,http://purl.obolibrary.org/obo/UBERON_0002094,interventricular septum,Male,celltypist,sc_transcriptomics,http://purl.obolibrary.org/obo/CL_0000791,MAIT-like,18.765,0.0004454843590121059,8,#VHMHeart,#VHMaleOrgans,VH_M_interventricular_septum,interventricular septum,UBERON:0002094,mesh,VH_M_Heart,,
613,heart,http://purl.obolibrary.org/obo/UBERON_0002094,interventricular septum,Male,celltypist,sc_transcriptomics,http://purl.obolibrary.org/obo/CL_0000786,B_plasma,11.628,0.0002760507394933529,8,#VHFHeartV1.1,#VHFemaleOrgans,VH_F_interventricular_septum,interventricular septum,UBERON:0002094,mesh,VH_F_Heart,,
614,heart,http://purl.obolibrary.org/obo/UBERON_0002094,interventricular septum,Male,celltypist,sc_transcriptomics,http://purl.obolibrary.org/obo/CL_0000786,B_plasma,11.628,0.0002760507394933529,8,#VHMHeart,#VHMaleOrgans,VH_M_interventricular_septum,interventricular septum,UBERON:0002094,mesh,VH_M_Heart,,
615,heart,http://purl.obolibrary.org/obo/UBERON_0002094,interventricular septum,Male,celltypist,sc_transcriptomics,http://purl.obolibrary.org/obo/CL_0000814,T/NK_cycling,8.784,0.0002085336855615421,8,#VHFHeartV1.1,#VHFemaleOrgans,VH_F_interventricular_septum,interventricular septum,UBERON:0002094,mesh,VH_F_Heart,,
616,heart,http://purl.obolibrary.org/obo/UBERON_0002094,interventricular septum,Male,celltypist,sc_transcriptomics,http://purl.obolibrary.org/obo/CL_0000814,T/NK_cycling,8.784,0.0002085336855615421,8,#VHMHeart,#VHMaleOrgans,VH_M_interventricular_septum,interventricular septum,UBERON:0002094,mesh,VH_M_Heart,,
617,heart,http://purl.obolibrary.org/obo/UBERON_0002094,interventricular septum,Male,celltypist,sc_transcriptomics,http://purl.obolibrary.org/obo/CL_0000775,Neut,7.686000000000001,0.0001824669748663494,8,#VHFHeartV1.1,#VHFemaleOrgans,VH_F_interventricular_septum,interventricular septum,UBERON:0002094,mesh,VH_F_Heart,,
618,heart,http://purl.obolibrary.org/obo/UBERON_0002094,interventricular septum,Male,celltypist,sc_transcriptomics,http://purl.obolibrary.org/obo/CL_0000775,Neut,7.686000000000001,0.0001824669748663494,8,#VHMHeart,#VHMaleOrgans,VH_M_interventricular_septum,interventricular septum,UBERON:0002094,mesh,VH_M_Heart,,
619,heart,http://purl.obolibrary.org/obo/UBERON_0002094,interventricular septum,Male,celltypist,sc_transcriptomics,http://purl.obolibrary.org/obo/CL_0000546,CD4+T_Th2,6.588000000000001,0.0001564002641711566,8,#VHFHeartV1.1,#VHFemaleOrgans,VH_F_interventricular_septum,interventricular septum,UBERON:0002094,mesh,VH_F_Heart,,
620,heart,http://purl.obolibrary.org/obo/UBERON_0002094,interventricular septum,Male,celltypist,sc_transcriptomics,http://purl.obolibrary.org/obo/CL_0000546,CD4+T_Th2,6.588000000000001,0.0001564002641711566,8,#VHMHeart,#VHMaleOrgans,VH_M_interventricular_septum,interventricular septum,UBERON:0002094,mesh,VH_M_Heart,,
621,heart,http://purl.obolibrary.org/obo/UBERON_0002094,interventricular septum,Male,celltypist,sc_transcriptomics,http://purl.obolibrary.org/obo/CL_0000077,Meso,4.941000000000001,0.0001173001981283675,8,#VHFHeartV1.1,#VHFemaleOrgans,VH_F_interventricular_septum,interventricular septum,UBERON:0002094,mesh,VH_F_Heart,,
622,heart,http://purl.obolibrary.org/obo/UBERON_0002094,interventricular septum,Male,celltypist,sc_transcriptomics,http://purl.obolibrary.org/obo/CL_0000077,Meso,4.941000000000001,0.0001173001981283675,8,#VHMHeart,#VHMaleOrgans,VH_M_interventricular_septum,interventricular septum,UBERON:0002094,mesh,VH_M_Heart,,
623,heart,http://purl.obolibrary.org/obo/UBERON_0002094,interventricular septum,Male,celltypist,sc_transcriptomics,http://purl.obolibrary.org/obo/CL_0000545,CD4+T_Th1,4.392,0.0001042668427807711,8,#VHFHeartV1.1,#VHFemaleOrgans,VH_F_interventricular_septum,interventricular septum,UBERON:0002094,mesh,VH_F_Heart,,
624,heart,http://purl.obolibrary.org/obo/UBERON_0002094,interventricular septum,Male,celltypist,sc_transcriptomics,http://purl.obolibrary.org/obo/CL_0000545,CD4+T_Th1,4.392,0.0001042668427807711,8,#VHMHeart,#VHMaleOrgans,VH_M_interventricular_septum,interventricular septum,UBERON:0002094,mesh,VH_M_Heart,,
625,heart,http://purl.obolibrary.org/obo/UBERON_0002094,interventricular septum,Male,celltypist,sc_transcriptomics,http://purl.obolibrary.org/obo/CL_0001065,ILC,2.745,6.516677673798191e-05,8,#VHFHeartV1.1,#VHFemaleOrgans,VH_F_interventricular_septum,interventricular septum,UBERON:0002094,mesh,VH_F_Heart,,
626,heart,http://purl.obolibrary.org/obo/UBERON_0002094,interventricular septum,Male,celltypist,sc_transcriptomics,http://purl.obolibrary.org/obo/CL_0001065,ILC,2.745,6.516677673798191e-05,8,#VHMHeart,#VHMaleOrgans,VH_M_interventricular_septum,interventricular septum,UBERON:0002094,mesh,VH_M_Heart,,
627,heart,http://purl.obolibrary.org/obo/UBERON_0002094,interventricular septum,Male,celltypist,sc_transcriptomics,http://purl.obolibrary.org/obo/CL_0000792,CD4+T_reg,2.196,5.213342139038553e-05,8,#VHFHeartV1.1,#VHFemaleOrgans,VH_F_interventricular_septum,interventricular septum,UBERON:0002094,mesh,VH_F_Heart,,
628,heart,http://purl.obolibrary.org/obo/UBERON_0002094,interventricular septum,Male,celltypist,sc_transcriptomics,http://purl.obolibrary.org/obo/CL_0000792,CD4+T_reg,2.196,5.213342139038553e-05,8,#VHMHeart,#VHMaleOrgans,VH_M_interventricular_septum,interventricular septum,UBERON:0002094,mesh,VH_M_Heart,,
629,heart,http://purl.obolibrary.org/obo/UBERON_0002094,interventricular septum,Male,celltypist,sc_transcriptomics,http://purl.obolibrary.org/obo/CL_0000492,CD4+T_Tfh,0.549,1.303335534759638e-05,8,#VHFHeartV1.1,#VHFemaleOrgans,VH_F_interventricular_septum,interventricular septum,UBERON:0002094,mesh,VH_F_Heart,,
630,heart,http://purl.obolibrary.org/obo/UBERON_0002094,interventricular septum,Male,celltypist,sc_transcriptomics,http://purl.obolibrary.org/obo/CL_0000492,CD4+T_Tfh,0.549,1.303335534759638e-05,8,#VHMHeart,#VHMaleOrgans,VH_M_interventricular_septum,interventricular septum,UBERON:0002094,mesh,VH_M_Heart,,
631,heart,http://purl.obolibrary.org/obo/UBERON_0002094,interventricular septum,Male,celltypist,sc_transcriptomics,http://purl.obolibrary.org/obo/CL_0002068,Purkinje_cell,0.549,1.303335534759638e-05,8,#VHFHeartV1.1,#VHFemaleOrgans,VH_F_interventricular_septum,interventricular septum,UBERON:0002094,mesh,VH_F_Heart,,
632,heart,http://purl.obolibrary.org/obo/UBERON_0002094,interventricular septum,Male,celltypist,sc_transcriptomics,http://purl.obolibrary.org/obo/CL_0002068,Purkinje_cell,0.549,1.303335534759638e-05,8,#VHMHeart,#VHMaleOrgans,VH_M_interventricular_septum,interventricular septum,UBERON:0002094,mesh,VH_M_Heart,,
633,heart,http://purl.obolibrary.org/obo/UBERON_0002094,interventricular septum,Male,celltypist,sc_transcriptomics,http://purl.obolibrary.org/obo/CL_0000798,gdT,0.549,1.303335534759638e-05,8,#VHFHeartV1.1,#VHFemaleOrgans,VH_F_interventricular_septum,interventricular septum,UBERON:0002094,mesh,VH_F_Heart,,
634,heart,http://purl.obolibrary.org/obo/UBERON_0002094,interventricular septum,Male,celltypist,sc_transcriptomics,http://purl.obolibrary.org/obo/CL_0000798,gdT,0.549,1.303335534759638e-05,8,#VHMHeart,#VHMaleOrgans,VH_M_interventricular_septum,interventricular septum,UBERON:0002094,mesh,VH_M_Heart,,
635,heart,http://purl.obolibrary.org/obo/UBERON_0002094,interventricular septum,Male,celltypist,sc_transcriptomics,http://purl.obolibrary.org/obo/CL_1000477,SAN_P_cell,0.324,7.69181627071262e-06,8,#VHFHeartV1.1,#VHFemaleOrgans,VH_F_interventricular_septum,interventricular septum,UBERON:0002094,mesh,VH_F_Heart,,
636,heart,http://purl.obolibrary.org/obo/UBERON_0002094,interventricular septum,Male,celltypist,sc_transcriptomics,http://purl.obolibrary.org/obo/CL_1000477,SAN_P_cell,0.324,7.69181627071262e-06,8,#VHMHeart,#VHMaleOrgans,VH_M_interventricular_septum,interventricular septum,UBERON:0002094,mesh,VH_M_Heart,,
637,prostate,http://purl.obolibrary.org/obo/UBERON_0035441,apex of prostate,Male,popv,sc_transcriptomics,http://purl.obolibrary.org/obo/CL_0000066,epithelial cell,42.525,0.3199726113978721,2,#VHMProstate,#VHMaleOrgans,VH_M_apex_of_prostate,apex of prostate,UBERON:0035441,surface,VH_M_Prostate,,
638,prostate,http://purl.obolibrary.org/obo/UBERON_0035441,apex of prostate,Male,popv,sc_transcriptomics,http://purl.obolibrary.org/obo/CL_0002341,basal cell of prostate epithelium,34.65,0.2607184241019699,2,#VHMProstate,#VHMaleOrgans,VH_M_apex_of_prostate,apex of prostate,UBERON:0035441,surface,VH_M_Prostate,,
639,prostate,http://purl.obolibrary.org/obo/UBERON_0035441,apex of prostate,Male,popv,sc_transcriptomics,http://purl.obolibrary.org/obo/CL_0000625,"CD8-positive, alpha-beta T cell",15.309,0.115190140103234,2,#VHMProstate,#VHMaleOrgans,VH_M_apex_of_prostate,apex of prostate,UBERON:0035441,surface,VH_M_Prostate,,
640,prostate,http://purl.obolibrary.org/obo/UBERON_0035441,apex of prostate,Male,popv,sc_transcriptomics,http://purl.obolibrary.org/obo/CL_0002340,luminal cell of prostate epithelium,10.416,0.07837353839671338,2,#VHMProstate,#VHMaleOrgans,VH_M_apex_of_prostate,apex of prostate,UBERON:0035441,surface,VH_M_Prostate,,
641,prostate,http://purl.obolibrary.org/obo/UBERON_0035441,apex of prostate,Male,popv,sc_transcriptomics,http://purl.obolibrary.org/obo/CL_0000158,club cell,8.834,0.06647003054882546,2,#VHMProstate,#VHMaleOrgans,VH_M_apex_of_prostate,apex of prostate,UBERON:0035441,surface,VH_M_Prostate,,
642,prostate,http://purl.obolibrary.org/obo/UBERON_0035441,apex of prostate,Male,popv,sc_transcriptomics,http://purl.obolibrary.org/obo/CL_0000115,endothelial cell,5.754,0.04329505951753924,2,#VHMProstate,#VHMaleOrgans,VH_M_apex_of_prostate,apex of prostate,UBERON:0035441,surface,VH_M_Prostate,,
643,prostate,http://purl.obolibrary.org/obo/UBERON_0035441,apex of prostate,Male,popv,sc_transcriptomics,http://purl.obolibrary.org/obo/CL_0000235,macrophage,5.208,0.03918676919835669,2,#VHMProstate,#VHMaleOrgans,VH_M_apex_of_prostate,apex of prostate,UBERON:0035441,surface,VH_M_Prostate,,
644,prostate,http://purl.obolibrary.org/obo/UBERON_0035441,apex of prostate,Male,popv,sc_transcriptomics,http://purl.obolibrary.org/obo/CL_0000814,mature NK T cell,3.941,0.02965342884230486,2,#VHMProstate,#VHMaleOrgans,VH_M_apex_of_prostate,apex of prostate,UBERON:0035441,surface,VH_M_Prostate,,
645,prostate,http://purl.obolibrary.org/obo/UBERON_0035441,apex of prostate,Male,popv,sc_transcriptomics,http://purl.obolibrary.org/obo/CL_0000192,smooth muscle cell,2.583,0.01943537343305594,2,#VHMProstate,#VHMaleOrgans,VH_M_apex_of_prostate,apex of prostate,UBERON:0035441,surface,VH_M_Prostate,,
646,prostate,http://purl.obolibrary.org/obo/UBERON_0035441,apex of prostate,Male,popv,sc_transcriptomics,http://purl.obolibrary.org/obo/CL_0000057,fibroblast,1.981,0.01490572000421363,2,#VHMProstate,#VHMaleOrgans,VH_M_apex_of_prostate,apex of prostate,UBERON:0035441,surface,VH_M_Prostate,,
647,prostate,http://purl.obolibrary.org/obo/UBERON_0035441,apex of prostate,Male,popv,sc_transcriptomics,http://purl.obolibrary.org/obo/CL_0000038,erythroid progenitor cell,0.735,0.00553039081428421,2,#VHMProstate,#VHMaleOrgans,VH_M_apex_of_prostate,apex of prostate,UBERON:0035441,surface,VH_M_Prostate,,
648,prostate,http://purl.obolibrary.org/obo/UBERON_0035441,apex of prostate,Male,popv,sc_transcriptomics,http://purl.obolibrary.org/obo/CL_0000576,monocyte,0.637,0.004793005372379648,2,#VHMProstate,#VHMaleOrgans,VH_M_apex_of_prostate,apex of prostate,UBERON:0035441,surface,VH_M_Prostate,,
649,prostate,http://purl.obolibrary.org/obo/UBERON_0035441,apex of prostate,Male,popv,sc_transcriptomics,http://purl.obolibrary.org/obo/CL_0000499,stromal cell,0.329,0.002475508269251027,2,#VHMProstate,#VHMaleOrgans,VH_M_apex_of_prostate,apex of prostate,UBERON:0035441,surface,VH_M_Prostate,,
650,prostate,http://purl.obolibrary.org/obo/UBERON_8410025,transition zone of prostate,Male,popv,sc_transcriptomics,http://purl.obolibrary.org/obo/CL_0000066,epithelial cell,200.475,0.3199726113978721,2,#VHMProstate,#VHMaleOrgans,VH_M_transition_zone__of_prostate_L,transition zone of prostate,UBERON:8410025,mesh,VH_M_Prostate,,
651,prostate,http://purl.obolibrary.org/obo/UBERON_8410025,transition zone of prostate,Male,popv,sc_transcriptomics,http://purl.obolibrary.org/obo/CL_0000066,epithelial cell,200.475,0.3199726113978721,2,#VHMProstate,#VHMaleOrgans,VH_M_transition_zone_of_prostate_R,transition zone of prostate,UBERON:8410025,mesh,VH_M_Prostate,,
652,prostate,http://purl.obolibrary.org/obo/UBERON_8410025,transition zone of prostate,Male,popv,sc_transcriptomics,http://purl.obolibrary.org/obo/CL_0002341,basal cell of prostate epithelium,163.35,0.2607184241019699,2,#VHMProstate,#VHMaleOrgans,VH_M_transition_zone__of_prostate_L,transition zone of prostate,UBERON:8410025,mesh,VH_M_Prostate,,
653,prostate,http://purl.obolibrary.org/obo/UBERON_8410025,transition zone of prostate,Male,popv,sc_transcriptomics,http://purl.obolibrary.org/obo/CL_0002341,basal cell of prostate epithelium,163.35,0.2607184241019699,2,#VHMProstate,#VHMaleOrgans,VH_M_transition_zone_of_prostate_R,transition zone of prostate,UBERON:8410025,mesh,VH_M_Prostate,,
654,prostate,http://purl.obolibrary.org/obo/UBERON_8410025,transition zone of prostate,Male,popv,sc_transcriptomics,http://purl.obolibrary.org/obo/CL_0000625,"CD8-positive, alpha-beta T cell",72.17099999999999,0.1151901401032339,2,#VHMProstate,#VHMaleOrgans,VH_M_transition_zone__of_prostate_L,transition zone of prostate,UBERON:8410025,mesh,VH_M_Prostate,,
655,prostate,http://purl.obolibrary.org/obo/UBERON_8410025,transition zone of prostate,Male,popv,sc_transcriptomics,http://purl.obolibrary.org/obo/CL_0000625,"CD8-positive, alpha-beta T cell",72.17099999999999,0.1151901401032339,2,#VHMProstate,#VHMaleOrgans,VH_M_transition_zone_of_prostate_R,transition zone of prostate,UBERON:8410025,mesh,VH_M_Prostate,,
656,prostate,http://purl.obolibrary.org/obo/UBERON_8410025,transition zone of prostate,Male,popv,sc_transcriptomics,http://purl.obolibrary.org/obo/CL_0002340,luminal cell of prostate epithelium,49.10399999999999,0.07837353839671335,2,#VHMProstate,#VHMaleOrgans,VH_M_transition_zone__of_prostate_L,transition zone of prostate,UBERON:8410025,mesh,VH_M_Prostate,,
657,prostate,http://purl.obolibrary.org/obo/UBERON_8410025,transition zone of prostate,Male,popv,sc_transcriptomics,http://purl.obolibrary.org/obo/CL_0002340,luminal cell of prostate epithelium,49.10399999999999,0.07837353839671335,2,#VHMProstate,#VHMaleOrgans,VH_M_transition_zone_of_prostate_R,transition zone of prostate,UBERON:8410025,mesh,VH_M_Prostate,,
658,prostate,http://purl.obolibrary.org/obo/UBERON_8410025,transition zone of prostate,Male,popv,sc_transcriptomics,http://purl.obolibrary.org/obo/CL_0000158,club cell,41.64599999999999,0.06647003054882544,2,#VHMProstate,#VHMaleOrgans,VH_M_transition_zone__of_prostate_L,transition zone of prostate,UBERON:8410025,mesh,VH_M_Prostate,,
659,prostate,http://purl.obolibrary.org/obo/UBERON_8410025,transition zone of prostate,Male,popv,sc_transcriptomics,http://purl.obolibrary.org/obo/CL_0000158,club cell,41.64599999999999,0.06647003054882544,2,#VHMProstate,#VHMaleOrgans,VH_M_transition_zone_of_prostate_R,transition zone of prostate,UBERON:8410025,mesh,VH_M_Prostate,,
660,prostate,http://purl.obolibrary.org/obo/UBERON_8410025,transition zone of prostate,Male,popv,sc_transcriptomics,http://purl.obolibrary.org/obo/CL_0000115,endothelial cell,27.126,0.04329505951753924,2,#VHMProstate,#VHMaleOrgans,VH_M_transition_zone__of_prostate_L,transition zone of prostate,UBERON:8410025,mesh,VH_M_Prostate,,
661,prostate,http://purl.obolibrary.org/obo/UBERON_8410025,transition zone of prostate,Male,popv,sc_transcriptomics,http://purl.obolibrary.org/obo/CL_0000115,endothelial cell,27.126,0.04329505951753924,2,#VHMProstate,#VHMaleOrgans,VH_M_transition_zone_of_prostate_R,transition zone of prostate,UBERON:8410025,mesh,VH_M_Prostate,,
662,prostate,http://purl.obolibrary.org/obo/UBERON_8410025,transition zone of prostate,Male,popv,sc_transcriptomics,http://purl.obolibrary.org/obo/CL_0000235,macrophage,24.552,0.03918676919835668,2,#VHMProstate,#VHMaleOrgans,VH_M_transition_zone__of_prostate_L,transition zone of prostate,UBERON:8410025,mesh,VH_M_Prostate,,
663,prostate,http://purl.obolibrary.org/obo/UBERON_8410025,transition zone of prostate,Male,popv,sc_transcriptomics,http://purl.obolibrary.org/obo/CL_0000235,macrophage,24.552,0.03918676919835668,2,#VHMProstate,#VHMaleOrgans,VH_M_transition_zone_of_prostate_R,transition zone of prostate,UBERON:8410025,mesh,VH_M_Prostate,,
664,prostate,http://purl.obolibrary.org/obo/UBERON_8410025,transition zone of prostate,Male,popv,sc_transcriptomics,http://purl.obolibrary.org/obo/CL_0000814,mature NK T cell,18.579,0.02965342884230486,2,#VHMProstate,#VHMaleOrgans,VH_M_transition_zone__of_prostate_L,transition zone of prostate,UBERON:8410025,mesh,VH_M_Prostate,,
665,prostate,http://purl.obolibrary.org/obo/UBERON_8410025,transition zone of prostate,Male,popv,sc_transcriptomics,http://purl.obolibrary.org/obo/CL_0000814,mature NK T cell,18.579,0.02965342884230486,2,#VHMProstate,#VHMaleOrgans,VH_M_transition_zone_of_prostate_R,transition zone of prostate,UBERON:8410025,mesh,VH_M_Prostate,,
666,prostate,http://purl.obolibrary.org/obo/UBERON_8410025,transition zone of prostate,Male,popv,sc_transcriptomics,http://purl.obolibrary.org/obo/CL_0000192,smooth muscle cell,12.177,0.01943537343305593,2,#VHMProstate,#VHMaleOrgans,VH_M_transition_zone__of_prostate_L,transition zone of prostate,UBERON:8410025,mesh,VH_M_Prostate,,
667,prostate,http://purl.obolibrary.org/obo/UBERON_8410025,transition zone of prostate,Male,popv,sc_transcriptomics,http://purl.obolibrary.org/obo/CL_0000192,smooth muscle cell,12.177,0.01943537343305593,2,#VHMProstate,#VHMaleOrgans,VH_M_transition_zone_of_prostate_R,transition zone of prostate,UBERON:8410025,mesh,VH_M_Prostate,,
668,prostate,http://purl.obolibrary.org/obo/UBERON_8410025,transition zone of prostate,Male,popv,sc_transcriptomics,http://purl.obolibrary.org/obo/CL_0000057,fibroblast,9.339,0.01490572000421363,2,#VHMProstate,#VHMaleOrgans,VH_M_transition_zone__of_prostate_L,transition zone of prostate,UBERON:8410025,mesh,VH_M_Prostate,,
669,prostate,http://purl.obolibrary.org/obo/UBERON_8410025,transition zone of prostate,Male,popv,sc_transcriptomics,http://purl.obolibrary.org/obo/CL_0000057,fibroblast,9.339,0.01490572000421363,2,#VHMProstate,#VHMaleOrgans,VH_M_transition_zone_of_prostate_R,transition zone of prostate,UBERON:8410025,mesh,VH_M_Prostate,,
670,prostate,http://purl.obolibrary.org/obo/UBERON_8410025,transition zone of prostate,Male,popv,sc_transcriptomics,http://purl.obolibrary.org/obo/CL_0000038,erythroid progenitor cell,3.465,0.005530390814284209,2,#VHMProstate,#VHMaleOrgans,VH_M_transition_zone__of_prostate_L,transition zone of prostate,UBERON:8410025,mesh,VH_M_Prostate,,
671,prostate,http://purl.obolibrary.org/obo/UBERON_8410025,transition zone of prostate,Male,popv,sc_transcriptomics,http://purl.obolibrary.org/obo/CL_0000038,erythroid progenitor cell,3.465,0.005530390814284209,2,#VHMProstate,#VHMaleOrgans,VH_M_transition_zone_of_prostate_R,transition zone of prostate,UBERON:8410025,mesh,VH_M_Prostate,,
672,prostate,http://purl.obolibrary.org/obo/UBERON_8410025,transition zone of prostate,Male,popv,sc_transcriptomics,http://purl.obolibrary.org/obo/CL_0000576,monocyte,3.003,0.004793005372379647,2,#VHMProstate,#VHMaleOrgans,VH_M_transition_zone__of_prostate_L,transition zone of prostate,UBERON:8410025,mesh,VH_M_Prostate,,
673,prostate,http://purl.obolibrary.org/obo/UBERON_8410025,transition zone of prostate,Male,popv,sc_transcriptomics,http://purl.obolibrary.org/obo/CL_0000576,monocyte,3.003,0.004793005372379647,2,#VHMProstate,#VHMaleOrgans,VH_M_transition_zone_of_prostate_R,transition zone of prostate,UBERON:8410025,mesh,VH_M_Prostate,,
674,prostate,http://purl.obolibrary.org/obo/UBERON_8410025,transition zone of prostate,Male,popv,sc_transcriptomics,http://purl.obolibrary.org/obo/CL_0000499,stromal cell,1.551,0.002475508269251027,2,#VHMProstate,#VHMaleOrgans,VH_M_transition_zone__of_prostate_L,transition zone of prostate,UBERON:8410025,mesh,VH_M_Prostate,,
675,prostate,http://purl.obolibrary.org/obo/UBERON_8410025,transition zone of prostate,Male,popv,sc_transcriptomics,http://purl.obolibrary.org/obo/CL_0000499,stromal cell,1.551,0.002475508269251027,2,#VHMProstate,#VHMaleOrgans,VH_M_transition_zone_of_prostate_R,transition zone of prostate,UBERON:8410025,mesh,VH_M_Prostate,,
676,prostate,http://purl.obolibrary.org/obo/UBERON_8410026,peripheral zone of prostate,Male,popv,sc_transcriptomics,http://purl.obolibrary.org/obo/CL_0002340,luminal cell of prostate epithelium,8835.508000000002,0.2741824139487551,6,#VHMProstate,#VHMaleOrgans,VH_M_peripheral_zone_of_prostate_R,peripheral zone of prostate,UBERON:8410026,mesh,VH_M_Prostate,,
677,prostate,http://purl.obolibrary.org/obo/UBERON_8410026,peripheral zone of prostate,Male,popv,sc_transcriptomics,http://purl.obolibrary.org/obo/CL_0002340,luminal cell of prostate epithelium,8835.508000000002,0.2741824139487551,6,#VHMProstate,#VHMaleOrgans,VH_M_peripheral_zone_of_prostate_L,peripheral zone of prostate,UBERON:8410026,mesh,VH_M_Prostate,,
678,prostate,http://purl.obolibrary.org/obo/UBERON_8410026,peripheral zone of prostate,Male,popv,sc_transcriptomics,http://purl.obolibrary.org/obo/CL_0002341,basal cell of prostate epithelium,5280.162000000001,0.1638533475608292,6,#VHMProstate,#VHMaleOrgans,VH_M_peripheral_zone_of_prostate_R,peripheral zone of prostate,UBERON:8410026,mesh,VH_M_Prostate,,
679,prostate,http://purl.obolibrary.org/obo/UBERON_8410026,peripheral zone of prostate,Male,popv,sc_transcriptomics,http://purl.obolibrary.org/obo/CL_0002341,basal cell of prostate epithelium,5280.162000000001,0.1638533475608292,6,#VHMProstate,#VHMaleOrgans,VH_M_peripheral_zone_of_prostate_L,peripheral zone of prostate,UBERON:8410026,mesh,VH_M_Prostate,,
680,prostate,http://purl.obolibrary.org/obo/UBERON_8410026,peripheral zone of prostate,Male,popv,sc_transcriptomics,http://purl.obolibrary.org/obo/CL_0000158,club cell,4372.494,0.1356867041370398,6,#VHMProstate,#VHMaleOrgans,VH_M_peripheral_zone_of_prostate_R,peripheral zone of prostate,UBERON:8410026,mesh,VH_M_Prostate,,
681,prostate,http://purl.obolibrary.org/obo/UBERON_8410026,peripheral zone of prostate,Male,popv,sc_transcriptomics,http://purl.obolibrary.org/obo/CL_0000158,club cell,4372.494,0.1356867041370398,6,#VHMProstate,#VHMaleOrgans,VH_M_peripheral_zone_of_prostate_L,peripheral zone of prostate,UBERON:8410026,mesh,VH_M_Prostate,,
682,prostate,http://purl.obolibrary.org/obo/UBERON_8410026,peripheral zone of prostate,Male,popv,sc_transcriptomics,http://purl.obolibrary.org/obo/CL_0000499,stromal cell,4158.14,0.1290348967752478,6,#VHMProstate,#VHMaleOrgans,VH_M_peripheral_zone_of_prostate_R,peripheral zone of prostate,UBERON:8410026,mesh,VH_M_Prostate,,
683,prostate,http://purl.obolibrary.org/obo/UBERON_8410026,peripheral zone of prostate,Male,popv,sc_transcriptomics,http://purl.obolibrary.org/obo/CL_0000499,stromal cell,4158.14,0.1290348967752478,6,#VHMProstate,#VHMaleOrgans,VH_M_peripheral_zone_of_prostate_L,peripheral zone of prostate,UBERON:8410026,mesh,VH_M_Prostate,,
684,prostate,http://purl.obolibrary.org/obo/UBERON_8410026,peripheral zone of prostate,Male,popv,sc_transcriptomics,http://purl.obolibrary.org/obo/CL_0000115,endothelial cell,2682.286,0.08323637422782601,6,#VHMProstate,#VHMaleOrgans,VH_M_peripheral_zone_of_prostate_R,peripheral zone of prostate,UBERON:8410026,mesh,VH_M_Prostate,,
685,prostate,http://purl.obolibrary.org/obo/UBERON_8410026,peripheral zone of prostate,Male,popv,sc_transcriptomics,http://purl.obolibrary.org/obo/CL_0000115,endothelial cell,2682.286,0.08323637422782601,6,#VHMProstate,#VHMaleOrgans,VH_M_peripheral_zone_of_prostate_L,peripheral zone of prostate,UBERON:8410026,mesh,VH_M_Prostate,,
686,prostate,http://purl.obolibrary.org/obo/UBERON_8410026,peripheral zone of prostate,Male,popv,sc_transcriptomics,http://purl.obolibrary.org/obo/CL_0000192,smooth muscle cell,2014.96,0.06252799463371926,6,#VHMProstate,#VHMaleOrgans,VH_M_peripheral_zone_of_prostate_R,peripheral zone of prostate,UBERON:8410026,mesh,VH_M_Prostate,,
687,prostate,http://purl.obolibrary.org/obo/UBERON_8410026,peripheral zone of prostate,Male,popv,sc_transcriptomics,http://purl.obolibrary.org/obo/CL_0000192,smooth muscle cell,2014.96,0.06252799463371926,6,#VHMProstate,#VHMaleOrgans,VH_M_peripheral_zone_of_prostate_L,peripheral zone of prostate,UBERON:8410026,mesh,VH_M_Prostate,,
688,prostate,http://purl.obolibrary.org/obo/UBERON_8410026,peripheral zone of prostate,Male,popv,sc_transcriptomics,http://purl.obolibrary.org/obo/CL_0000066,epithelial cell,1715.226,0.05322668545460742,6,#VHMProstate,#VHMaleOrgans,VH_M_peripheral_zone_of_prostate_R,peripheral zone of prostate,UBERON:8410026,mesh,VH_M_Prostate,,
689,prostate,http://purl.obolibrary.org/obo/UBERON_8410026,peripheral zone of prostate,Male,popv,sc_transcriptomics,http://purl.obolibrary.org/obo/CL_0000066,epithelial cell,1715.226,0.05322668545460742,6,#VHMProstate,#VHMaleOrgans,VH_M_peripheral_zone_of_prostate_L,peripheral zone of prostate,UBERON:8410026,mesh,VH_M_Prostate,,
690,prostate,http://purl.obolibrary.org/obo/UBERON_8410026,peripheral zone of prostate,Male,popv,sc_transcriptomics,http://purl.obolibrary.org/obo/CL_0000625,"CD8-positive, alpha-beta T cell",974.636,0.03024478628748442,6,#VHMProstate,#VHMaleOrgans,VH_M_peripheral_zone_of_prostate_R,peripheral zone of prostate,UBERON:8410026,mesh,VH_M_Prostate,,
691,prostate,http://purl.obolibrary.org/obo/UBERON_8410026,peripheral zone of prostate,Male,popv,sc_transcriptomics,http://purl.obolibrary.org/obo/CL_0000625,"CD8-positive, alpha-beta T cell",974.636,0.03024478628748442,6,#VHMProstate,#VHMaleOrgans,VH_M_peripheral_zone_of_prostate_L,peripheral zone of prostate,UBERON:8410026,mesh,VH_M_Prostate,,
692,prostate,http://purl.obolibrary.org/obo/UBERON_8410026,peripheral zone of prostate,Male,popv,sc_transcriptomics,http://purl.obolibrary.org/obo/CL_0000057,fibroblast,902.616,0.0280098703717737,6,#VHMProstate,#VHMaleOrgans,VH_M_peripheral_zone_of_prostate_R,peripheral zone of prostate,UBERON:8410026,mesh,VH_M_Prostate,,
693,prostate,http://purl.obolibrary.org/obo/UBERON_8410026,peripheral zone of prostate,Male,popv,sc_transcriptomics,http://purl.obolibrary.org/obo/CL_0000057,fibroblast,902.616,0.0280098703717737,6,#VHMProstate,#VHMaleOrgans,VH_M_peripheral_zone_of_prostate_L,peripheral zone of prostate,UBERON:8410026,mesh,VH_M_Prostate,,
694,prostate,http://purl.obolibrary.org/obo/UBERON_8410026,peripheral zone of prostate,Male,popv,sc_transcriptomics,http://purl.obolibrary.org/obo/CL_0000235,macrophage,545.136,0.0169165943158411,6,#VHMProstate,#VHMaleOrgans,VH_M_peripheral_zone_of_prostate_R,peripheral zone of prostate,UBERON:8410026,mesh,VH_M_Prostate,,
695,prostate,http://purl.obolibrary.org/obo/UBERON_8410026,peripheral zone of prostate,Male,popv,sc_transcriptomics,http://purl.obolibrary.org/obo/CL_0000235,macrophage,545.136,0.0169165943158411,6,#VHMProstate,#VHMaleOrgans,VH_M_peripheral_zone_of_prostate_L,peripheral zone of prostate,UBERON:8410026,mesh,VH_M_Prostate,,
696,prostate,http://purl.obolibrary.org/obo/UBERON_8410026,peripheral zone of prostate,Male,popv,sc_transcriptomics,http://purl.obolibrary.org/obo/CL_0000576,monocyte,508.286,0.01577306957974085,6,#VHMProstate,#VHMaleOrgans,VH_M_peripheral_zone_of_prostate_R,peripheral zone of prostate,UBERON:8410026,mesh,VH_M_Prostate,,
697,prostate,http://purl.obolibrary.org/obo/UBERON_8410026,peripheral zone of prostate,Male,popv,sc_transcriptomics,http://purl.obolibrary.org/obo/CL_0000576,monocyte,508.286,0.01577306957974085,6,#VHMProstate,#VHMaleOrgans,VH_M_peripheral_zone_of_prostate_L,peripheral zone of prostate,UBERON:8410026,mesh,VH_M_Prostate,,
698,prostate,http://purl.obolibrary.org/obo/UBERON_8410026,peripheral zone of prostate,Male,popv,sc_transcriptomics,http://purl.obolibrary.org/obo/CL_0000814,mature NK T cell,213.352,0.006620713419171235,6,#VHMProstate,#VHMaleOrgans,VH_M_peripheral_zone_of_prostate_R,peripheral zone of prostate,UBERON:8410026,mesh,VH_M_Prostate,,
699,prostate,http://purl.obolibrary.org/obo/UBERON_8410026,peripheral zone of prostate,Male,popv,sc_transcriptomics,http://purl.obolibrary.org/obo/CL_0000814,mature NK T cell,213.352,0.006620713419171235,6,#VHMProstate,#VHMaleOrgans,VH_M_peripheral_zone_of_prostate_L,peripheral zone of prostate,UBERON:8410026,mesh,VH_M_Prostate,,
700,prostate,http://purl.obolibrary.org/obo/UBERON_8410026,peripheral zone of prostate,Male,popv,sc_transcriptomics,http://purl.obolibrary.org/obo/CL_0000038,erythroid progenitor cell,22.124,0.00068654928796423,6,#VHMProstate,#VHMaleOrgans,VH_M_peripheral_zone_of_prostate_R,peripheral zone of prostate,UBERON:8410026,mesh,VH_M_Prostate,,
701,prostate,http://purl.obolibrary.org/obo/UBERON_8410026,peripheral zone of prostate,Male,popv,sc_transcriptomics,http://purl.obolibrary.org/obo/CL_0000038,erythroid progenitor cell,22.124,0.00068654928796423,6,#VHMProstate,#VHMaleOrgans,VH_M_peripheral_zone_of_prostate_L,peripheral zone of prostate,UBERON:8410026,mesh,VH_M_Prostate,,
702,prostate,http://purl.obolibrary.org/obo/UBERON_8410027,central zone of prostate,Male,popv,sc_transcriptomics,http://purl.obolibrary.org/obo/CL_0002340,luminal cell of prostate epithelium,1001.534,0.2102683470487745,6,#VHMProstate,#VHMaleOrgans,VH_M_central_zone_of_prostate_R,central zone of prostate,UBERON:8410027,mesh,VH_M_Prostate,,
703,prostate,http://purl.obolibrary.org/obo/UBERON_8410027,central zone of prostate,Male,popv,sc_transcriptomics,http://purl.obolibrary.org/obo/CL_0002340,luminal cell of prostate epithelium,1001.534,0.2102683470487745,6,#VHMProstate,#VHMaleOrgans,VH_M_central_zone_of_prostate_L,central zone of prostate,UBERON:8410027,mesh,VH_M_Prostate,,
704,prostate,http://purl.obolibrary.org/obo/UBERON_8410027,central zone of prostate,Male,popv,sc_transcriptomics,http://purl.obolibrary.org/obo/CL_0002341,basal cell of prostate epithelium,931.053,0.1954711226226994,6,#VHMProstate,#VHMaleOrgans,VH_M_central_zone_of_prostate_R,central zone of prostate,UBERON:8410027,mesh,VH_M_Prostate,,
705,prostate,http://purl.obolibrary.org/obo/UBERON_8410027,central zone of prostate,Male,popv,sc_transcriptomics,http://purl.obolibrary.org/obo/CL_0002341,basal cell of prostate epithelium,931.053,0.1954711226226994,6,#VHMProstate,#VHMaleOrgans,VH_M_central_zone_of_prostate_L,central zone of prostate,UBERON:8410027,mesh,VH_M_Prostate,,
706,prostate,http://purl.obolibrary.org/obo/UBERON_8410027,central zone of prostate,Male,popv,sc_transcriptomics,http://purl.obolibrary.org/obo/CL_0000066,epithelial cell,668.244,0.1402953482410595,6,#VHMProstate,#VHMaleOrgans,VH_M_central_zone_of_prostate_R,central zone of prostate,UBERON:8410027,mesh,VH_M_Prostate,,
707,prostate,http://purl.obolibrary.org/obo/UBERON_8410027,central zone of prostate,Male,popv,sc_transcriptomics,http://purl.obolibrary.org/obo/CL_0000066,epithelial cell,668.244,0.1402953482410595,6,#VHMProstate,#VHMaleOrgans,VH_M_central_zone_of_prostate_L,central zone of prostate,UBERON:8410027,mesh,VH_M_Prostate,,
708,prostate,http://purl.obolibrary.org/obo/UBERON_8410027,central zone of prostate,Male,popv,sc_transcriptomics,http://purl.obolibrary.org/obo/CL_0000158,club cell,538.679,0.1130936572496658,6,#VHMProstate,#VHMaleOrgans,VH_M_central_zone_of_prostate_R,central zone of prostate,UBERON:8410027,mesh,VH_M_Prostate,,
709,prostate,http://purl.obolibrary.org/obo/UBERON_8410027,central zone of prostate,Male,popv,sc_transcriptomics,http://purl.obolibrary.org/obo/CL_0000158,club cell,538.679,0.1130936572496658,6,#VHMProstate,#VHMaleOrgans,VH_M_central_zone_of_prostate_L,central zone of prostate,UBERON:8410027,mesh,VH_M_Prostate,,
710,prostate,http://purl.obolibrary.org/obo/UBERON_8410027,central zone of prostate,Male,popv,sc_transcriptomics,http://purl.obolibrary.org/obo/CL_0000499,stromal cell,417.843,0.08772458741880065,6,#VHMProstate,#VHMaleOrgans,VH_M_central_zone_of_prostate_R,central zone of prostate,UBERON:8410027,mesh,VH_M_Prostate,,
711,prostate,http://purl.obolibrary.org/obo/UBERON_8410027,central zone of prostate,Male,popv,sc_transcriptomics,http://purl.obolibrary.org/obo/CL_0000499,stromal cell,417.843,0.08772458741880065,6,#VHMProstate,#VHMaleOrgans,VH_M_central_zone_of_prostate_L,central zone of prostate,UBERON:8410027,mesh,VH_M_Prostate,,
712,prostate,http://purl.obolibrary.org/obo/UBERON_8410027,central zone of prostate,Male,popv,sc_transcriptomics,http://purl.obolibrary.org/obo/CL_0000115,endothelial cell,334.367,0.07019911096144273,6,#VHMProstate,#VHMaleOrgans,VH_M_central_zone_of_prostate_R,central zone of prostate,UBERON:8410027,mesh,VH_M_Prostate,,
713,prostate,http://purl.obolibrary.org/obo/UBERON_8410027,central zone of prostate,Male,popv,sc_transcriptomics,http://purl.obolibrary.org/obo/CL_0000115,endothelial cell,334.367,0.07019911096144273,6,#VHMProstate,#VHMaleOrgans,VH_M_central_zone_of_prostate_L,central zone of prostate,UBERON:8410027,mesh,VH_M_Prostate,,
714,prostate,http://purl.obolibrary.org/obo/UBERON_8410027,central zone of prostate,Male,popv,sc_transcriptomics,http://purl.obolibrary.org/obo/CL_0000625,"CD8-positive, alpha-beta T cell",276.127,0.05797183906441215,6,#VHMProstate,#VHMaleOrgans,VH_M_central_zone_of_prostate_R,central zone of prostate,UBERON:8410027,mesh,VH_M_Prostate,,
715,prostate,http://purl.obolibrary.org/obo/UBERON_8410027,central zone of prostate,Male,popv,sc_transcriptomics,http://purl.obolibrary.org/obo/CL_0000625,"CD8-positive, alpha-beta T cell",276.127,0.05797183906441215,6,#VHMProstate,#VHMaleOrgans,VH_M_central_zone_of_prostate_L,central zone of prostate,UBERON:8410027,mesh,VH_M_Prostate,,
716,prostate,http://purl.obolibrary.org/obo/UBERON_8410027,central zone of prostate,Male,popv,sc_transcriptomics,http://purl.obolibrary.org/obo/CL_0000192,smooth muscle cell,230.831,0.04846211193790293,6,#VHMProstate,#VHMaleOrgans,VH_M_central_zone_of_prostate_R,central zone of prostate,UBERON:8410027,mesh,VH_M_Prostate,,
717,prostate,http://purl.obolibrary.org/obo/UBERON_8410027,central zone of prostate,Male,popv,sc_transcriptomics,http://purl.obolibrary.org/obo/CL_0000192,smooth muscle cell,230.831,0.04846211193790293,6,#VHMProstate,#VHMaleOrgans,VH_M_central_zone_of_prostate_L,central zone of prostate,UBERON:8410027,mesh,VH_M_Prostate,,
718,prostate,http://purl.obolibrary.org/obo/UBERON_8410027,central zone of prostate,Male,popv,sc_transcriptomics,http://purl.obolibrary.org/obo/CL_0000235,macrophage,115.2,0.02418581254357698,6,#VHMProstate,#VHMaleOrgans,VH_M_central_zone_of_prostate_R,central zone of prostate,UBERON:8410027,mesh,VH_M_Prostate,,
719,prostate,http://purl.obolibrary.org/obo/UBERON_8410027,central zone of prostate,Male,popv,sc_transcriptomics,http://purl.obolibrary.org/obo/CL_0000235,macrophage,115.2,0.02418581254357698,6,#VHMProstate,#VHMaleOrgans,VH_M_central_zone_of_prostate_L,central zone of prostate,UBERON:8410027,mesh,VH_M_Prostate,,
720,prostate,http://purl.obolibrary.org/obo/UBERON_8410027,central zone of prostate,Male,popv,sc_transcriptomics,http://purl.obolibrary.org/obo/CL_0000057,fibroblast,113.041,0.02373253850467435,6,#VHMProstate,#VHMaleOrgans,VH_M_central_zone_of_prostate_R,central zone of prostate,UBERON:8410027,mesh,VH_M_Prostate,,
721,prostate,http://purl.obolibrary.org/obo/UBERON_8410027,central zone of prostate,Male,popv,sc_transcriptomics,http://purl.obolibrary.org/obo/CL_0000057,fibroblast,113.041,0.02373253850467435,6,#VHMProstate,#VHMaleOrgans,VH_M_central_zone_of_prostate_L,central zone of prostate,UBERON:8410027,mesh,VH_M_Prostate,,
722,prostate,http://purl.obolibrary.org/obo/UBERON_8410027,central zone of prostate,Male,popv,sc_transcriptomics,http://purl.obolibrary.org/obo/CL_0000814,mature NK T cell,67.34499999999998,0.01413883286238881,6,#VHMProstate,#VHMaleOrgans,VH_M_central_zone_of_prostate_R,central zone of prostate,UBERON:8410027,mesh,VH_M_Prostate,,
723,prostate,http://purl.obolibrary.org/obo/UBERON_8410027,central zone of prostate,Male,popv,sc_transcriptomics,http://purl.obolibrary.org/obo/CL_0000814,mature NK T cell,67.34499999999998,0.01413883286238881,6,#VHMProstate,#VHMaleOrgans,VH_M_central_zone_of_prostate_L,central zone of prostate,UBERON:8410027,mesh,VH_M_Prostate,,
724,prostate,http://purl.obolibrary.org/obo/UBERON_8410027,central zone of prostate,Male,popv,sc_transcriptomics,http://purl.obolibrary.org/obo/CL_0000576,monocyte,58.05799999999999,0.01218906167235236,6,#VHMProstate,#VHMaleOrgans,VH_M_central_zone_of_prostate_R,central zone of prostate,UBERON:8410027,mesh,VH_M_Prostate,,
725,prostate,http://purl.obolibrary.org/obo/UBERON_8410027,central zone of prostate,Male,popv,sc_transcriptomics,http://purl.obolibrary.org/obo/CL_0000576,monocyte,58.05799999999999,0.01218906167235236,6,#VHMProstate,#VHMaleOrgans,VH_M_central_zone_of_prostate_L,central zone of prostate,UBERON:8410027,mesh,VH_M_Prostate,,
726,prostate,http://purl.obolibrary.org/obo/UBERON_8410027,central zone of prostate,Male,popv,sc_transcriptomics,http://purl.obolibrary.org/obo/CL_0000038,erythroid progenitor cell,10.801,0.002267629872249782,6,#VHMProstate,#VHMaleOrgans,VH_M_central_zone_of_prostate_R,central zone of prostate,UBERON:8410027,mesh,VH_M_Prostate,,
727,prostate,http://purl.obolibrary.org/obo/UBERON_8410027,central zone of prostate,Male,popv,sc_transcriptomics,http://purl.obolibrary.org/obo/CL_0000038,erythroid progenitor cell,10.801,0.002267629872249782,6,#VHMProstate,#VHMaleOrgans,VH_M_central_zone_of_prostate_L,central zone of prostate,UBERON:8410027,mesh,VH_M_Prostate,,
728,prostate,http://purl.org/sig/ont/fma/fma19719,Verumontanum,Male,popv,sc_transcriptomics,http://purl.obolibrary.org/obo/CL_0000066,epithelial cell,6.075,0.3199726113978721,2,#VHMProstate,#VHMaleOrgans,VH_M_seminal_colliculus,Verumontanum,FMA:19719,surface,VH_M_Prostate,,
729,prostate,http://purl.org/sig/ont/fma/fma19719,Verumontanum,Male,popv,sc_transcriptomics,http://purl.obolibrary.org/obo/CL_0002341,basal cell of prostate epithelium,4.95,0.2607184241019699,2,#VHMProstate,#VHMaleOrgans,VH_M_seminal_colliculus,Verumontanum,FMA:19719,surface,VH_M_Prostate,,
730,prostate,http://purl.org/sig/ont/fma/fma19719,Verumontanum,Male,popv,sc_transcriptomics,http://purl.obolibrary.org/obo/CL_0000625,"CD8-positive, alpha-beta T cell",2.187,0.115190140103234,2,#VHMProstate,#VHMaleOrgans,VH_M_seminal_colliculus,Verumontanum,FMA:19719,surface,VH_M_Prostate,,
731,prostate,http://purl.org/sig/ont/fma/fma19719,Verumontanum,Male,popv,sc_transcriptomics,http://purl.obolibrary.org/obo/CL_0002340,luminal cell of prostate epithelium,1.488,0.07837353839671336,2,#VHMProstate,#VHMaleOrgans,VH_M_seminal_colliculus,Verumontanum,FMA:19719,surface,VH_M_Prostate,,
732,prostate,http://purl.org/sig/ont/fma/fma19719,Verumontanum,Male,popv,sc_transcriptomics,http://purl.obolibrary.org/obo/CL_0000158,club cell,1.262,0.06647003054882544,2,#VHMProstate,#VHMaleOrgans,VH_M_seminal_colliculus,Verumontanum,FMA:19719,surface,VH_M_Prostate,,
733,prostate,http://purl.org/sig/ont/fma/fma19719,Verumontanum,Male,popv,sc_transcriptomics,http://purl.obolibrary.org/obo/CL_0000115,endothelial cell,0.8220000000000001,0.04329505951753924,2,#VHMProstate,#VHMaleOrgans,VH_M_seminal_colliculus,Verumontanum,FMA:19719,surface,VH_M_Prostate,,
734,prostate,http://purl.org/sig/ont/fma/fma19719,Verumontanum,Male,popv,sc_transcriptomics,http://purl.obolibrary.org/obo/CL_0000235,macrophage,0.744,0.03918676919835668,2,#VHMProstate,#VHMaleOrgans,VH_M_seminal_colliculus,Verumontanum,FMA:19719,surface,VH_M_Prostate,,
735,prostate,http://purl.org/sig/ont/fma/fma19719,Verumontanum,Male,popv,sc_transcriptomics,http://purl.obolibrary.org/obo/CL_0000814,mature NK T cell,0.5630000000000001,0.02965342884230486,2,#VHMProstate,#VHMaleOrgans,VH_M_seminal_colliculus,Verumontanum,FMA:19719,surface,VH_M_Prostate,,
736,prostate,http://purl.org/sig/ont/fma/fma19719,Verumontanum,Male,popv,sc_transcriptomics,http://purl.obolibrary.org/obo/CL_0000192,smooth muscle cell,0.369,0.01943537343305593,2,#VHMProstate,#VHMaleOrgans,VH_M_seminal_colliculus,Verumontanum,FMA:19719,surface,VH_M_Prostate,,
737,prostate,http://purl.org/sig/ont/fma/fma19719,Verumontanum,Male,popv,sc_transcriptomics,http://purl.obolibrary.org/obo/CL_0000057,fibroblast,0.283,0.01490572000421363,2,#VHMProstate,#VHMaleOrgans,VH_M_seminal_colliculus,Verumontanum,FMA:19719,surface,VH_M_Prostate,,
738,prostate,http://purl.org/sig/ont/fma/fma19719,Verumontanum,Male,popv,sc_transcriptomics,http://purl.obolibrary.org/obo/CL_0000038,erythroid progenitor cell,0.105,0.00553039081428421,2,#VHMProstate,#VHMaleOrgans,VH_M_seminal_colliculus,Verumontanum,FMA:19719,surface,VH_M_Prostate,,
739,prostate,http://purl.org/sig/ont/fma/fma19719,Verumontanum,Male,popv,sc_transcriptomics,http://purl.obolibrary.org/obo/CL_0000576,monocyte,0.091,0.004793005372379647,2,#VHMProstate,#VHMaleOrgans,VH_M_seminal_colliculus,Verumontanum,FMA:19719,surface,VH_M_Prostate,,
740,prostate,http://purl.org/sig/ont/fma/fma19719,Verumontanum,Male,popv,sc_transcriptomics,http://purl.obolibrary.org/obo/CL_0000499,stromal cell,0.047,0.002475508269251027,2,#VHMProstate,#VHMaleOrgans,VH_M_seminal_colliculus,Verumontanum,FMA:19719,surface,VH_M_Prostate,,
