AS/1,AS/1/LABEL,AS/1/ID,AS/2,AS/2/LABEL,AS/2/ID,AS/3,AS/3/LABEL,AS/3/ID,AS/4,AS/4/LABEL,AS/4/ID,CT/1,CT/1/LABEL,CT/1/ID,BGene/1,BGene/1/LABEL,BGene/1/ID
cell,cell,http://purl.obolibrary.org/obo/CL_0000000,no mapped parent cell,no mapped parent cell,http://purl.obolibrary.org/obo/CL_0000000,no mapped parent cell,no mapped parent cell,http://purl.obolibrary.org/obo/CL_0000000,cell,cell,http://purl.obolibrary.org/obo/CL_0000000,celltypist,celltypist,celltypist,sc_transcriptomics,sc_transcriptomics,sc_transcriptomics
cell,cell,http://purl.obolibrary.org/obo/CL_0000000,hematopoietic cell,hematopoietic cell,http://purl.obolibrary.org/obo/CL_0000988,hematopoietic cell,hematopoietic cell,http://purl.obolibrary.org/obo/CL_0000988,hematopoietic stem cell,hematopoietic stem cell,http://purl.obolibrary.org/obo/CL_0000037,celltypist,celltypist,celltypist,sc_transcriptomics,sc_transcriptomics,sc_transcriptomics
cell,cell,http://purl.obolibrary.org/obo/CL_0000000,hematopoietic cell,hematopoietic cell,http://purl.obolibrary.org/obo/CL_0000988,hematopoietic cell,hematopoietic cell,http://purl.obolibrary.org/obo/CL_0000988,hematopoietic stem cell,hematopoietic stem cell,http://purl.obolibrary.org/obo/CL_0000037,popv,popv,popv,sc_transcriptomics,sc_transcriptomics,sc_transcriptomics
cell,cell,http://purl.obolibrary.org/obo/CL_0000000,hematopoietic cell,hematopoietic cell,http://purl.obolibrary.org/obo/CL_0000988,hematopoietic cell,hematopoietic cell,http://purl.obolibrary.org/obo/CL_0000988,hematopoietic stem cell,hematopoietic stem cell,http://purl.obolibrary.org/obo/CL_0000037,vccf,vccf,vccf,sc_proteomics,sc_proteomics,sc_proteomics
cell,cell,http://purl.obolibrary.org/obo/CL_0000000,connective tissue cell,connective tissue cell,http://purl.obolibrary.org/obo/CL_0002320,stromal cell,stromal cell,http://purl.obolibrary.org/obo/CL_0000499,fibroblast,fibroblast,http://purl.obolibrary.org/obo/CL_0000057,azimuth,azimuth,azimuth,sc_transcriptomics,sc_transcriptomics,sc_transcriptomics
cell,cell,http://purl.obolibrary.org/obo/CL_0000000,connective tissue cell,connective tissue cell,http://purl.obolibrary.org/obo/CL_0002320,stromal cell,stromal cell,http://purl.obolibrary.org/obo/CL_0000499,fibroblast,fibroblast,http://purl.obolibrary.org/obo/CL_0000057,celltypist,celltypist,celltypist,sc_transcriptomics,sc_transcriptomics,sc_transcriptomics
cell,cell,http://purl.obolibrary.org/obo/CL_0000000,connective tissue cell,connective tissue cell,http://purl.obolibrary.org/obo/CL_0002320,stromal cell,stromal cell,http://purl.obolibrary.org/obo/CL_0000499,fibroblast,fibroblast,http://purl.obolibrary.org/obo/CL_0000057,popv,popv,popv,sc_transcriptomics,sc_transcriptomics,sc_transcriptomics
cell,cell,http://purl.obolibrary.org/obo/CL_0000000,connective tissue cell,connective tissue cell,http://purl.obolibrary.org/obo/CL_0002320,stromal cell,stromal cell,http://purl.obolibrary.org/obo/CL_0000499,fibroblast,fibroblast,http://purl.obolibrary.org/obo/CL_0000057,vccf,vccf,vccf,sc_proteomics,sc_proteomics,sc_proteomics
cell,cell,http://purl.obolibrary.org/obo/CL_0000000,epithelial cell,epithelial cell,http://purl.obolibrary.org/obo/CL_0000066,epithelial cell,epithelial cell,http://purl.obolibrary.org/obo/CL_0000066,epithelial cell,epithelial cell,http://purl.obolibrary.org/obo/CL_0000066,azimuth,azimuth,azimuth,sc_transcriptomics,sc_transcriptomics,sc_transcriptomics
cell,cell,http://purl.obolibrary.org/obo/CL_0000000,epithelial cell,epithelial cell,http://purl.obolibrary.org/obo/CL_0000066,epithelial cell,epithelial cell,http://purl.obolibrary.org/obo/CL_0000066,epithelial cell,epithelial cell,http://purl.obolibrary.org/obo/CL_0000066,popv,popv,popv,sc_transcriptomics,sc_transcriptomics,sc_transcriptomics
cell,cell,http://purl.obolibrary.org/obo/CL_0000000,epithelial cell,epithelial cell,http://purl.obolibrary.org/obo/CL_0000066,epithelial cell,epithelial cell,http://purl.obolibrary.org/obo/CL_0000066,epithelial cell,epithelial cell,http://purl.obolibrary.org/obo/CL_0000066,vccf,vccf,vccf,sc_proteomics,sc_proteomics,sc_proteomics
cell,cell,http://purl.obolibrary.org/obo/CL_0000000,endothelial cell,endothelial cell,http://purl.obolibrary.org/obo/CL_0000115,endothelial cell,endothelial cell,http://purl.obolibrary.org/obo/CL_0000115,blood vessel endothelial cell,blood vessel endothelial cell,http://purl.obolibrary.org/obo/CL_0000071,azimuth,azimuth,azimuth,sc_transcriptomics,sc_transcriptomics,sc_transcriptomics
cell,cell,http://purl.obolibrary.org/obo/CL_0000000,endothelial cell,endothelial cell,http://purl.obolibrary.org/obo/CL_0000115,endothelial cell,endothelial cell,http://purl.obolibrary.org/obo/CL_0000115,blood vessel endothelial cell,blood vessel endothelial cell,http://purl.obolibrary.org/obo/CL_0000071,popv,popv,popv,sc_transcriptomics,sc_transcriptomics,sc_transcriptomics
cell,cell,http://purl.obolibrary.org/obo/CL_0000000,epithelial cell,epithelial cell,http://purl.obolibrary.org/obo/CL_0000066,epithelial cell,epithelial cell,http://purl.obolibrary.org/obo/CL_0000066,mesothelial cell,mesothelial cell,http://purl.obolibrary.org/obo/CL_0000077,azimuth,azimuth,azimuth,sc_transcriptomics,sc_transcriptomics,sc_transcriptomics
cell,cell,http://purl.obolibrary.org/obo/CL_0000000,epithelial cell,epithelial cell,http://purl.obolibrary.org/obo/CL_0000066,epithelial cell,epithelial cell,http://purl.obolibrary.org/obo/CL_0000066,mesothelial cell,mesothelial cell,http://purl.obolibrary.org/obo/CL_0000077,celltypist,celltypist,celltypist,sc_transcriptomics,sc_transcriptomics,sc_transcriptomics
cell,cell,http://purl.obolibrary.org/obo/CL_0000000,epithelial cell,epithelial cell,http://purl.obolibrary.org/obo/CL_0000066,epithelial cell,epithelial cell,http://purl.obolibrary.org/obo/CL_0000066,mesothelial cell,mesothelial cell,http://purl.obolibrary.org/obo/CL_0000077,popv,popv,popv,sc_transcriptomics,sc_transcriptomics,sc_transcriptomics
cell,cell,http://purl.obolibrary.org/obo/CL_0000000,hematopoietic cell,hematopoietic cell,http://purl.obolibrary.org/obo/CL_0000988,T cell,T cell,http://purl.obolibrary.org/obo/CL_0000084,T cell,T cell,http://purl.obolibrary.org/obo/CL_0000084,azimuth,azimuth,azimuth,sc_transcriptomics,sc_transcriptomics,sc_transcriptomics
cell,cell,http://purl.obolibrary.org/obo/CL_0000000,hematopoietic cell,hematopoietic cell,http://purl.obolibrary.org/obo/CL_0000988,T cell,T cell,http://purl.obolibrary.org/obo/CL_0000084,T cell,T cell,http://purl.obolibrary.org/obo/CL_0000084,celltypist,celltypist,celltypist,sc_transcriptomics,sc_transcriptomics,sc_transcriptomics
cell,cell,http://purl.obolibrary.org/obo/CL_0000000,hematopoietic cell,hematopoietic cell,http://purl.obolibrary.org/obo/CL_0000988,T cell,T cell,http://purl.obolibrary.org/obo/CL_0000084,T cell,T cell,http://purl.obolibrary.org/obo/CL_0000084,popv,popv,popv,sc_transcriptomics,sc_transcriptomics,sc_transcriptomics
cell,cell,http://purl.obolibrary.org/obo/CL_0000000,hematopoietic cell,hematopoietic cell,http://purl.obolibrary.org/obo/CL_0000988,T cell,T cell,http://purl.obolibrary.org/obo/CL_0000084,T cell,T cell,http://purl.obolibrary.org/obo/CL_0000084,vccf,vccf,vccf,sc_proteomics,sc_proteomics,sc_proteomics
cell,cell,http://purl.obolibrary.org/obo/CL_0000000,hematopoietic cell,hematopoietic cell,http://purl.obolibrary.org/obo/CL_0000988,hematopoietic cell,hematopoietic cell,http://purl.obolibrary.org/obo/CL_0000988,mast cell,mast cell,http://purl.obolibrary.org/obo/CL_0000097,azimuth,azimuth,azimuth,sc_transcriptomics,sc_transcriptomics,sc_transcriptomics
cell,cell,http://purl.obolibrary.org/obo/CL_0000000,hematopoietic cell,hematopoietic cell,http://purl.obolibrary.org/obo/CL_0000988,hematopoietic cell,hematopoietic cell,http://purl.obolibrary.org/obo/CL_0000988,mast cell,mast cell,http://purl.obolibrary.org/obo/CL_0000097,celltypist,celltypist,celltypist,sc_transcriptomics,sc_transcriptomics,sc_transcriptomics
cell,cell,http://purl.obolibrary.org/obo/CL_0000000,hematopoietic cell,hematopoietic cell,http://purl.obolibrary.org/obo/CL_0000988,hematopoietic cell,hematopoietic cell,http://purl.obolibrary.org/obo/CL_0000988,mast cell,mast cell,http://purl.obolibrary.org/obo/CL_0000097,popv,popv,popv,sc_transcriptomics,sc_transcriptomics,sc_transcriptomics
cell,cell,http://purl.obolibrary.org/obo/CL_0000000,hematopoietic cell,hematopoietic cell,http://purl.obolibrary.org/obo/CL_0000988,hematopoietic cell,hematopoietic cell,http://purl.obolibrary.org/obo/CL_0000988,mast cell,mast cell,http://purl.obolibrary.org/obo/CL_0000097,vccf,vccf,vccf,sc_proteomics,sc_proteomics,sc_proteomics
cell,cell,http://purl.obolibrary.org/obo/CL_0000000,endothelial cell,endothelial cell,http://purl.obolibrary.org/obo/CL_0000115,endothelial cell,endothelial cell,http://purl.obolibrary.org/obo/CL_0000115,endothelial cell,endothelial cell,http://purl.obolibrary.org/obo/CL_0000115,azimuth,azimuth,azimuth,sc_transcriptomics,sc_transcriptomics,sc_transcriptomics
cell,cell,http://purl.obolibrary.org/obo/CL_0000000,endothelial cell,endothelial cell,http://purl.obolibrary.org/obo/CL_0000115,endothelial cell,endothelial cell,http://purl.obolibrary.org/obo/CL_0000115,endothelial cell,endothelial cell,http://purl.obolibrary.org/obo/CL_0000115,celltypist,celltypist,celltypist,sc_transcriptomics,sc_transcriptomics,sc_transcriptomics
cell,cell,http://purl.obolibrary.org/obo/CL_0000000,endothelial cell,endothelial cell,http://purl.obolibrary.org/obo/CL_0000115,endothelial cell,endothelial cell,http://purl.obolibrary.org/obo/CL_0000115,endothelial cell,endothelial cell,http://purl.obolibrary.org/obo/CL_0000115,popv,popv,popv,sc_transcriptomics,sc_transcriptomics,sc_transcriptomics
cell,cell,http://purl.obolibrary.org/obo/CL_0000000,endothelial cell,endothelial cell,http://purl.obolibrary.org/obo/CL_0000115,endothelial cell,endothelial cell,http://purl.obolibrary.org/obo/CL_0000115,endothelial cell,endothelial cell,http://purl.obolibrary.org/obo/CL_0000115,vccf,vccf,vccf,sc_proteomics,sc_proteomics,sc_proteomics
cell,cell,http://purl.obolibrary.org/obo/CL_0000000,connective tissue cell,connective tissue cell,http://purl.obolibrary.org/obo/CL_0002320,adipocyte,adipocyte,http://purl.obolibrary.org/obo/CL_0000136,adipocyte,adipocyte,http://purl.obolibrary.org/obo/CL_0000136,azimuth,azimuth,azimuth,sc_transcriptomics,sc_transcriptomics,sc_transcriptomics
cell,cell,http://purl.obolibrary.org/obo/CL_0000000,connective tissue cell,connective tissue cell,http://purl.obolibrary.org/obo/CL_0002320,adipocyte,adipocyte,http://purl.obolibrary.org/obo/CL_0000136,adipocyte,adipocyte,http://purl.obolibrary.org/obo/CL_0000136,celltypist,celltypist,celltypist,sc_transcriptomics,sc_transcriptomics,sc_transcriptomics
cell,cell,http://purl.obolibrary.org/obo/CL_0000000,connective tissue cell,connective tissue cell,http://purl.obolibrary.org/obo/CL_0002320,adipocyte,adipocyte,http://purl.obolibrary.org/obo/CL_0000136,adipocyte,adipocyte,http://purl.obolibrary.org/obo/CL_0000136,popv,popv,popv,sc_transcriptomics,sc_transcriptomics,sc_transcriptomics
cell,cell,http://purl.obolibrary.org/obo/CL_0000000,connective tissue cell,connective tissue cell,http://purl.obolibrary.org/obo/CL_0002320,adipocyte,adipocyte,http://purl.obolibrary.org/obo/CL_0000136,adipocyte,adipocyte,http://purl.obolibrary.org/obo/CL_0000136,vccf,vccf,vccf,sc_proteomics,sc_proteomics,sc_proteomics
cell,cell,http://purl.obolibrary.org/obo/CL_0000000,melanocyte,melanocyte,http://purl.obolibrary.org/obo/CL_0000148,melanocyte,melanocyte,http://purl.obolibrary.org/obo/CL_0000148,melanocyte,melanocyte,http://purl.obolibrary.org/obo/CL_0000148,popv,popv,popv,sc_transcriptomics,sc_transcriptomics,sc_transcriptomics
cell,cell,http://purl.obolibrary.org/obo/CL_0000000,epithelial cell,epithelial cell,http://purl.obolibrary.org/obo/CL_0000066,epithelial cell,epithelial cell,http://purl.obolibrary.org/obo/CL_0000066,club cell,club cell,http://purl.obolibrary.org/obo/CL_0000158,azimuth,azimuth,azimuth,sc_transcriptomics,sc_transcriptomics,sc_transcriptomics
cell,cell,http://purl.obolibrary.org/obo/CL_0000000,epithelial cell,epithelial cell,http://purl.obolibrary.org/obo/CL_0000066,epithelial cell,epithelial cell,http://purl.obolibrary.org/obo/CL_0000066,club cell,club cell,http://purl.obolibrary.org/obo/CL_0000158,celltypist,celltypist,celltypist,sc_transcriptomics,sc_transcriptomics,sc_transcriptomics
cell,cell,http://purl.obolibrary.org/obo/CL_0000000,epithelial cell,epithelial cell,http://purl.obolibrary.org/obo/CL_0000066,epithelial cell,epithelial cell,http://purl.obolibrary.org/obo/CL_0000066,club cell,club cell,http://purl.obolibrary.org/obo/CL_0000158,popv,popv,popv,sc_transcriptomics,sc_transcriptomics,sc_transcriptomics
cell,cell,http://purl.obolibrary.org/obo/CL_0000000,epithelial cell,epithelial cell,http://purl.obolibrary.org/obo/CL_0000066,epithelial cell,epithelial cell,http://purl.obolibrary.org/obo/CL_0000066,goblet cell,goblet cell,http://purl.obolibrary.org/obo/CL_0000160,azimuth,azimuth,azimuth,sc_transcriptomics,sc_transcriptomics,sc_transcriptomics
cell,cell,http://purl.obolibrary.org/obo/CL_0000000,epithelial cell,epithelial cell,http://purl.obolibrary.org/obo/CL_0000066,epithelial cell,epithelial cell,http://purl.obolibrary.org/obo/CL_0000066,goblet cell,goblet cell,http://purl.obolibrary.org/obo/CL_0000160,celltypist,celltypist,celltypist,sc_transcriptomics,sc_transcriptomics,sc_transcriptomics
cell,cell,http://purl.obolibrary.org/obo/CL_0000000,epithelial cell,epithelial cell,http://purl.obolibrary.org/obo/CL_0000066,epithelial cell,epithelial cell,http://purl.obolibrary.org/obo/CL_0000066,goblet cell,goblet cell,http://purl.obolibrary.org/obo/CL_0000160,vccf,vccf,vccf,sc_proteomics,sc_proteomics,sc_proteomics
cell,cell,http://purl.obolibrary.org/obo/CL_0000000,neural cell,neural cell,http://purl.obolibrary.org/obo/CL_0002319,neuron,neuron,http://purl.obolibrary.org/obo/CL_0000540,neuroendocrine cell,neuroendocrine cell,http://purl.obolibrary.org/obo/CL_0000165,celltypist,celltypist,celltypist,sc_transcriptomics,sc_transcriptomics,sc_transcriptomics
cell,cell,http://purl.obolibrary.org/obo/CL_0000000,neural cell,neural cell,http://purl.obolibrary.org/obo/CL_0002319,neuron,neuron,http://purl.obolibrary.org/obo/CL_0000540,neuroendocrine cell,neuroendocrine cell,http://purl.obolibrary.org/obo/CL_0000165,vccf,vccf,vccf,sc_proteomics,sc_proteomics,sc_proteomics
cell,cell,http://purl.obolibrary.org/obo/CL_0000000,epithelial cell,epithelial cell,http://purl.obolibrary.org/obo/CL_0000066,epithelial cell,epithelial cell,http://purl.obolibrary.org/obo/CL_0000066,type B pancreatic cell,type B pancreatic cell,http://purl.obolibrary.org/obo/CL_0000169,azimuth,azimuth,azimuth,sc_transcriptomics,sc_transcriptomics,sc_transcriptomics
cell,cell,http://purl.obolibrary.org/obo/CL_0000000,epithelial cell,epithelial cell,http://purl.obolibrary.org/obo/CL_0000066,epithelial cell,epithelial cell,http://purl.obolibrary.org/obo/CL_0000066,type B pancreatic cell,type B pancreatic cell,http://purl.obolibrary.org/obo/CL_0000169,celltypist,celltypist,celltypist,sc_transcriptomics,sc_transcriptomics,sc_transcriptomics
cell,cell,http://purl.obolibrary.org/obo/CL_0000000,epithelial cell,epithelial cell,http://purl.obolibrary.org/obo/CL_0000066,epithelial cell,epithelial cell,http://purl.obolibrary.org/obo/CL_0000066,type B pancreatic cell,type B pancreatic cell,http://purl.obolibrary.org/obo/CL_0000169,popv,popv,popv,sc_transcriptomics,sc_transcriptomics,sc_transcriptomics
cell,cell,http://purl.obolibrary.org/obo/CL_0000000,epithelial cell,epithelial cell,http://purl.obolibrary.org/obo/CL_0000066,epithelial cell,epithelial cell,http://purl.obolibrary.org/obo/CL_0000066,type B pancreatic cell,type B pancreatic cell,http://purl.obolibrary.org/obo/CL_0000169,vccf,vccf,vccf,sc_proteomics,sc_proteomics,sc_proteomics
cell,cell,http://purl.obolibrary.org/obo/CL_0000000,epithelial cell,epithelial cell,http://purl.obolibrary.org/obo/CL_0000066,epithelial cell,epithelial cell,http://purl.obolibrary.org/obo/CL_0000066,pancreatic A cell,pancreatic A cell,http://purl.obolibrary.org/obo/CL_0000171,azimuth,azimuth,azimuth,sc_transcriptomics,sc_transcriptomics,sc_transcriptomics
cell,cell,http://purl.obolibrary.org/obo/CL_0000000,epithelial cell,epithelial cell,http://purl.obolibrary.org/obo/CL_0000066,epithelial cell,epithelial cell,http://purl.obolibrary.org/obo/CL_0000066,pancreatic A cell,pancreatic A cell,http://purl.obolibrary.org/obo/CL_0000171,celltypist,celltypist,celltypist,sc_transcriptomics,sc_transcriptomics,sc_transcriptomics
cell,cell,http://purl.obolibrary.org/obo/CL_0000000,epithelial cell,epithelial cell,http://purl.obolibrary.org/obo/CL_0000066,epithelial cell,epithelial cell,http://purl.obolibrary.org/obo/CL_0000066,pancreatic A cell,pancreatic A cell,http://purl.obolibrary.org/obo/CL_0000171,popv,popv,popv,sc_transcriptomics,sc_transcriptomics,sc_transcriptomics
cell,cell,http://purl.obolibrary.org/obo/CL_0000000,epithelial cell,epithelial cell,http://purl.obolibrary.org/obo/CL_0000066,neuron,neuron,http://purl.obolibrary.org/obo/CL_0000540,pancreatic D cell,pancreatic D cell,http://purl.obolibrary.org/obo/CL_0000173,azimuth,azimuth,azimuth,sc_transcriptomics,sc_transcriptomics,sc_transcriptomics
cell,cell,http://purl.obolibrary.org/obo/CL_0000000,epithelial cell,epithelial cell,http://purl.obolibrary.org/obo/CL_0000066,neuron,neuron,http://purl.obolibrary.org/obo/CL_0000540,pancreatic D cell,pancreatic D cell,http://purl.obolibrary.org/obo/CL_0000173,celltypist,celltypist,celltypist,sc_transcriptomics,sc_transcriptomics,sc_transcriptomics
cell,cell,http://purl.obolibrary.org/obo/CL_0000000,epithelial cell,epithelial cell,http://purl.obolibrary.org/obo/CL_0000066,epithelial cell,epithelial cell,http://purl.obolibrary.org/obo/CL_0000066,hepatocyte,hepatocyte,http://purl.obolibrary.org/obo/CL_0000182,azimuth,azimuth,azimuth,sc_transcriptomics,sc_transcriptomics,sc_transcriptomics
cell,cell,http://purl.obolibrary.org/obo/CL_0000000,epithelial cell,epithelial cell,http://purl.obolibrary.org/obo/CL_0000066,epithelial cell,epithelial cell,http://purl.obolibrary.org/obo/CL_0000066,hepatocyte,hepatocyte,http://purl.obolibrary.org/obo/CL_0000182,celltypist,celltypist,celltypist,sc_transcriptomics,sc_transcriptomics,sc_transcriptomics
cell,cell,http://purl.obolibrary.org/obo/CL_0000000,epithelial cell,epithelial cell,http://purl.obolibrary.org/obo/CL_0000066,epithelial cell,epithelial cell,http://purl.obolibrary.org/obo/CL_0000066,hepatocyte,hepatocyte,http://purl.obolibrary.org/obo/CL_0000182,popv,popv,popv,sc_transcriptomics,sc_transcriptomics,sc_transcriptomics
cell,cell,http://purl.obolibrary.org/obo/CL_0000000,connective tissue cell,connective tissue cell,http://purl.obolibrary.org/obo/CL_0002320,connective tissue cell,connective tissue cell,http://purl.obolibrary.org/obo/CL_0002320,myofibroblast cell,myofibroblast cell,http://purl.obolibrary.org/obo/CL_0000186,azimuth,azimuth,azimuth,sc_transcriptomics,sc_transcriptomics,sc_transcriptomics
cell,cell,http://purl.obolibrary.org/obo/CL_0000000,connective tissue cell,connective tissue cell,http://purl.obolibrary.org/obo/CL_0002320,connective tissue cell,connective tissue cell,http://purl.obolibrary.org/obo/CL_0002320,myofibroblast cell,myofibroblast cell,http://purl.obolibrary.org/obo/CL_0000186,celltypist,celltypist,celltypist,sc_transcriptomics,sc_transcriptomics,sc_transcriptomics
cell,cell,http://purl.obolibrary.org/obo/CL_0000000,connective tissue cell,connective tissue cell,http://purl.obolibrary.org/obo/CL_0002320,connective tissue cell,connective tissue cell,http://purl.obolibrary.org/obo/CL_0002320,myofibroblast cell,myofibroblast cell,http://purl.obolibrary.org/obo/CL_0000186,popv,popv,popv,sc_transcriptomics,sc_transcriptomics,sc_transcriptomics
cell,cell,http://purl.obolibrary.org/obo/CL_0000000,connective tissue cell,connective tissue cell,http://purl.obolibrary.org/obo/CL_0002320,connective tissue cell,connective tissue cell,http://purl.obolibrary.org/obo/CL_0002320,myofibroblast cell,myofibroblast cell,http://purl.obolibrary.org/obo/CL_0000186,vccf,vccf,vccf,sc_proteomics,sc_proteomics,sc_proteomics
cell,cell,http://purl.obolibrary.org/obo/CL_0000000,muscle cell,muscle cell,http://purl.obolibrary.org/obo/CL_0000187,muscle cell,muscle cell,http://purl.obolibrary.org/obo/CL_0000187,muscle cell,muscle cell,http://purl.obolibrary.org/obo/CL_0000187,popv,popv,popv,sc_transcriptomics,sc_transcriptomics,sc_transcriptomics
cell,cell,http://purl.obolibrary.org/obo/CL_0000000,muscle cell,muscle cell,http://purl.obolibrary.org/obo/CL_0000187,muscle cell,muscle cell,http://purl.obolibrary.org/obo/CL_0000187,muscle cell,muscle cell,http://purl.obolibrary.org/obo/CL_0000187,vccf,vccf,vccf,sc_proteomics,sc_proteomics,sc_proteomics
cell,cell,http://purl.obolibrary.org/obo/CL_0000000,muscle cell,muscle cell,http://purl.obolibrary.org/obo/CL_0000187,muscle cell,muscle cell,http://purl.obolibrary.org/obo/CL_0000187,smooth muscle cell,smooth muscle cell,http://purl.obolibrary.org/obo/CL_0000192,azimuth,azimuth,azimuth,sc_transcriptomics,sc_transcriptomics,sc_transcriptomics
cell,cell,http://purl.obolibrary.org/obo/CL_0000000,muscle cell,muscle cell,http://purl.obolibrary.org/obo/CL_0000187,muscle cell,muscle cell,http://purl.obolibrary.org/obo/CL_0000187,smooth muscle cell,smooth muscle cell,http://purl.obolibrary.org/obo/CL_0000192,celltypist,celltypist,celltypist,sc_transcriptomics,sc_transcriptomics,sc_transcriptomics
cell,cell,http://purl.obolibrary.org/obo/CL_0000000,muscle cell,muscle cell,http://purl.obolibrary.org/obo/CL_0000187,muscle cell,muscle cell,http://purl.obolibrary.org/obo/CL_0000187,smooth muscle cell,smooth muscle cell,http://purl.obolibrary.org/obo/CL_0000192,popv,popv,popv,sc_transcriptomics,sc_transcriptomics,sc_transcriptomics
cell,cell,http://purl.obolibrary.org/obo/CL_0000000,muscle cell,muscle cell,http://purl.obolibrary.org/obo/CL_0000187,muscle cell,muscle cell,http://purl.obolibrary.org/obo/CL_0000187,smooth muscle cell,smooth muscle cell,http://purl.obolibrary.org/obo/CL_0000192,vccf,vccf,vccf,sc_proteomics,sc_proteomics,sc_proteomics
cell,cell,http://purl.obolibrary.org/obo/CL_0000000,hematopoietic cell,hematopoietic cell,http://purl.obolibrary.org/obo/CL_0000988,blood cell,blood cell,http://purl.obolibrary.org/obo/CL_0000081,erythrocyte,erythrocyte,http://purl.obolibrary.org/obo/CL_0000232,azimuth,azimuth,azimuth,sc_transcriptomics,sc_transcriptomics,sc_transcriptomics
cell,cell,http://purl.obolibrary.org/obo/CL_0000000,hematopoietic cell,hematopoietic cell,http://purl.obolibrary.org/obo/CL_0000988,blood cell,blood cell,http://purl.obolibrary.org/obo/CL_0000081,erythrocyte,erythrocyte,http://purl.obolibrary.org/obo/CL_0000232,celltypist,celltypist,celltypist,sc_transcriptomics,sc_transcriptomics,sc_transcriptomics
cell,cell,http://purl.obolibrary.org/obo/CL_0000000,hematopoietic cell,hematopoietic cell,http://purl.obolibrary.org/obo/CL_0000988,blood cell,blood cell,http://purl.obolibrary.org/obo/CL_0000081,erythrocyte,erythrocyte,http://purl.obolibrary.org/obo/CL_0000232,popv,popv,popv,sc_transcriptomics,sc_transcriptomics,sc_transcriptomics
cell,cell,http://purl.obolibrary.org/obo/CL_0000000,hematopoietic cell,hematopoietic cell,http://purl.obolibrary.org/obo/CL_0000988,blood cell,blood cell,http://purl.obolibrary.org/obo/CL_0000081,platelet,platelet,http://purl.obolibrary.org/obo/CL_0000233,azimuth,azimuth,azimuth,sc_transcriptomics,sc_transcriptomics,sc_transcriptomics
cell,cell,http://purl.obolibrary.org/obo/CL_0000000,hematopoietic cell,hematopoietic cell,http://purl.obolibrary.org/obo/CL_0000988,blood cell,blood cell,http://purl.obolibrary.org/obo/CL_0000081,platelet,platelet,http://purl.obolibrary.org/obo/CL_0000233,popv,popv,popv,sc_transcriptomics,sc_transcriptomics,sc_transcriptomics
cell,cell,http://purl.obolibrary.org/obo/CL_0000000,hematopoietic cell,hematopoietic cell,http://purl.obolibrary.org/obo/CL_0000988,macrophage,macrophage,http://purl.obolibrary.org/obo/CL_0000235,macrophage,macrophage,http://purl.obolibrary.org/obo/CL_0000235,azimuth,azimuth,azimuth,sc_transcriptomics,sc_transcriptomics,sc_transcriptomics
cell,cell,http://purl.obolibrary.org/obo/CL_0000000,hematopoietic cell,hematopoietic cell,http://purl.obolibrary.org/obo/CL_0000988,macrophage,macrophage,http://purl.obolibrary.org/obo/CL_0000235,macrophage,macrophage,http://purl.obolibrary.org/obo/CL_0000235,celltypist,celltypist,celltypist,sc_transcriptomics,sc_transcriptomics,sc_transcriptomics
cell,cell,http://purl.obolibrary.org/obo/CL_0000000,hematopoietic cell,hematopoietic cell,http://purl.obolibrary.org/obo/CL_0000988,macrophage,macrophage,http://purl.obolibrary.org/obo/CL_0000235,macrophage,macrophage,http://purl.obolibrary.org/obo/CL_0000235,popv,popv,popv,sc_transcriptomics,sc_transcriptomics,sc_transcriptomics
cell,cell,http://purl.obolibrary.org/obo/CL_0000000,hematopoietic cell,hematopoietic cell,http://purl.obolibrary.org/obo/CL_0000988,macrophage,macrophage,http://purl.obolibrary.org/obo/CL_0000235,macrophage,macrophage,http://purl.obolibrary.org/obo/CL_0000235,vccf,vccf,vccf,sc_proteomics,sc_proteomics,sc_proteomics
cell,cell,http://purl.obolibrary.org/obo/CL_0000000,hematopoietic cell,hematopoietic cell,http://purl.obolibrary.org/obo/CL_0000988,B cell,B cell,http://purl.obolibrary.org/obo/CL_0000236,B cell,B cell,http://purl.obolibrary.org/obo/CL_0000236,azimuth,azimuth,azimuth,sc_transcriptomics,sc_transcriptomics,sc_transcriptomics
cell,cell,http://purl.obolibrary.org/obo/CL_0000000,hematopoietic cell,hematopoietic cell,http://purl.obolibrary.org/obo/CL_0000988,B cell,B cell,http://purl.obolibrary.org/obo/CL_0000236,B cell,B cell,http://purl.obolibrary.org/obo/CL_0000236,celltypist,celltypist,celltypist,sc_transcriptomics,sc_transcriptomics,sc_transcriptomics
cell,cell,http://purl.obolibrary.org/obo/CL_0000000,hematopoietic cell,hematopoietic cell,http://purl.obolibrary.org/obo/CL_0000988,B cell,B cell,http://purl.obolibrary.org/obo/CL_0000236,B cell,B cell,http://purl.obolibrary.org/obo/CL_0000236,popv,popv,popv,sc_transcriptomics,sc_transcriptomics,sc_transcriptomics
cell,cell,http://purl.obolibrary.org/obo/CL_0000000,hematopoietic cell,hematopoietic cell,http://purl.obolibrary.org/obo/CL_0000988,B cell,B cell,http://purl.obolibrary.org/obo/CL_0000236,B cell,B cell,http://purl.obolibrary.org/obo/CL_0000236,vccf,vccf,vccf,sc_proteomics,sc_proteomics,sc_proteomics
cell,cell,http://purl.obolibrary.org/obo/CL_0000000,no mapped parent cell,no mapped parent cell,http://purl.obolibrary.org/obo/CL_0000000,no mapped parent cell,no mapped parent cell,http://purl.obolibrary.org/obo/CL_0000000,serous secreting cell,serous secreting cell,http://purl.obolibrary.org/obo/CL_0000313,azimuth,azimuth,azimuth,sc_transcriptomics,sc_transcriptomics,sc_transcriptomics
cell,cell,http://purl.obolibrary.org/obo/CL_0000000,epithelial cell,epithelial cell,http://purl.obolibrary.org/obo/CL_0000066,epithelial cell,epithelial cell,http://purl.obolibrary.org/obo/CL_0000066,pulmonary alveolar epithelial cell,pulmonary alveolar epithelial cell,http://purl.obolibrary.org/obo/CL_0000322,azimuth,azimuth,azimuth,sc_transcriptomics,sc_transcriptomics,sc_transcriptomics
cell,cell,http://purl.obolibrary.org/obo/CL_0000000,epithelial cell,epithelial cell,http://purl.obolibrary.org/obo/CL_0000066,epithelial cell,epithelial cell,http://purl.obolibrary.org/obo/CL_0000066,pulmonary alveolar epithelial cell,pulmonary alveolar epithelial cell,http://purl.obolibrary.org/obo/CL_0000322,popv,popv,popv,sc_transcriptomics,sc_transcriptomics,sc_transcriptomics
cell,cell,http://purl.obolibrary.org/obo/CL_0000000,muscle cell,muscle cell,http://purl.obolibrary.org/obo/CL_0000187,muscle cell,muscle cell,http://purl.obolibrary.org/obo/CL_0000187,vascular associated smooth muscle cell,vascular associated smooth muscle cell,http://purl.obolibrary.org/obo/CL_0000359,celltypist,celltypist,celltypist,sc_transcriptomics,sc_transcriptomics,sc_transcriptomics
cell,cell,http://purl.obolibrary.org/obo/CL_0000000,muscle cell,muscle cell,http://purl.obolibrary.org/obo/CL_0000187,muscle cell,muscle cell,http://purl.obolibrary.org/obo/CL_0000187,vascular associated smooth muscle cell,vascular associated smooth muscle cell,http://purl.obolibrary.org/obo/CL_0000359,popv,popv,popv,sc_transcriptomics,sc_transcriptomics,sc_transcriptomics
cell,cell,http://purl.obolibrary.org/obo/CL_0000000,hematopoietic cell,hematopoietic cell,http://purl.obolibrary.org/obo/CL_0000988,dendritic cell,dendritic cell,http://purl.obolibrary.org/obo/CL_0000451,dendritic cell,dendritic cell,http://purl.obolibrary.org/obo/CL_0000451,azimuth,azimuth,azimuth,sc_transcriptomics,sc_transcriptomics,sc_transcriptomics
cell,cell,http://purl.obolibrary.org/obo/CL_0000000,hematopoietic cell,hematopoietic cell,http://purl.obolibrary.org/obo/CL_0000988,dendritic cell,dendritic cell,http://purl.obolibrary.org/obo/CL_0000451,dendritic cell,dendritic cell,http://purl.obolibrary.org/obo/CL_0000451,celltypist,celltypist,celltypist,sc_transcriptomics,sc_transcriptomics,sc_transcriptomics
cell,cell,http://purl.obolibrary.org/obo/CL_0000000,hematopoietic cell,hematopoietic cell,http://purl.obolibrary.org/obo/CL_0000988,dendritic cell,dendritic cell,http://purl.obolibrary.org/obo/CL_0000451,dendritic cell,dendritic cell,http://purl.obolibrary.org/obo/CL_0000451,popv,popv,popv,sc_transcriptomics,sc_transcriptomics,sc_transcriptomics
cell,cell,http://purl.obolibrary.org/obo/CL_0000000,hematopoietic cell,hematopoietic cell,http://purl.obolibrary.org/obo/CL_0000988,dendritic cell,dendritic cell,http://purl.obolibrary.org/obo/CL_0000451,dendritic cell,dendritic cell,http://purl.obolibrary.org/obo/CL_0000451,vccf,vccf,vccf,sc_proteomics,sc_proteomics,sc_proteomics
cell,cell,http://purl.obolibrary.org/obo/CL_0000000,hematopoietic cell,hematopoietic cell,http://purl.obolibrary.org/obo/CL_0000988,dendritic cell,dendritic cell,http://purl.obolibrary.org/obo/CL_0000451,Langerhans cell,Langerhans cell,http://purl.obolibrary.org/obo/CL_0000453,popv,popv,popv,sc_transcriptomics,sc_transcriptomics,sc_transcriptomics
cell,cell,http://purl.obolibrary.org/obo/CL_0000000,hematopoietic cell,hematopoietic cell,http://purl.obolibrary.org/obo/CL_0000988,dendritic cell,dendritic cell,http://purl.obolibrary.org/obo/CL_0000451,Langerhans cell,Langerhans cell,http://purl.obolibrary.org/obo/CL_0000453,vccf,vccf,vccf,sc_proteomics,sc_proteomics,sc_proteomics
cell,cell,http://purl.obolibrary.org/obo/CL_0000000,hematopoietic cell,hematopoietic cell,http://purl.obolibrary.org/obo/CL_0000988,T cell,T cell,http://purl.obolibrary.org/obo/CL_0000084,CD4-positive helper T cell,CD4-positive helper T cell,http://purl.obolibrary.org/obo/CL_0000492,celltypist,celltypist,celltypist,sc_transcriptomics,sc_transcriptomics,sc_transcriptomics
cell,cell,http://purl.obolibrary.org/obo/CL_0000000,hematopoietic cell,hematopoietic cell,http://purl.obolibrary.org/obo/CL_0000988,T cell,T cell,http://purl.obolibrary.org/obo/CL_0000084,CD4-positive helper T cell,CD4-positive helper T cell,http://purl.obolibrary.org/obo/CL_0000492,popv,popv,popv,sc_transcriptomics,sc_transcriptomics,sc_transcriptomics
cell,cell,http://purl.obolibrary.org/obo/CL_0000000,connective tissue cell,connective tissue cell,http://purl.obolibrary.org/obo/CL_0002320,stromal cell,stromal cell,http://purl.obolibrary.org/obo/CL_0000499,stromal cell,stromal cell,http://purl.obolibrary.org/obo/CL_0000499,azimuth,azimuth,azimuth,sc_transcriptomics,sc_transcriptomics,sc_transcriptomics
cell,cell,http://purl.obolibrary.org/obo/CL_0000000,connective tissue cell,connective tissue cell,http://purl.obolibrary.org/obo/CL_0002320,stromal cell,stromal cell,http://purl.obolibrary.org/obo/CL_0000499,stromal cell,stromal cell,http://purl.obolibrary.org/obo/CL_0000499,popv,popv,popv,sc_transcriptomics,sc_transcriptomics,sc_transcriptomics
cell,cell,http://purl.obolibrary.org/obo/CL_0000000,connective tissue cell,connective tissue cell,http://purl.obolibrary.org/obo/CL_0002320,stromal cell,stromal cell,http://purl.obolibrary.org/obo/CL_0000499,stromal cell,stromal cell,http://purl.obolibrary.org/obo/CL_0000499,vccf,vccf,vccf,sc_proteomics,sc_proteomics,sc_proteomics
cell,cell,http://purl.obolibrary.org/obo/CL_0000000,epithelial cell,epithelial cell,http://purl.obolibrary.org/obo/CL_0000066,epithelial cell,epithelial cell,http://purl.obolibrary.org/obo/CL_0000066,paneth cell,paneth cell,http://purl.obolibrary.org/obo/CL_0000510,celltypist,celltypist,celltypist,sc_transcriptomics,sc_transcriptomics,sc_transcriptomics
cell,cell,http://purl.obolibrary.org/obo/CL_0000000,epithelial cell,epithelial cell,http://purl.obolibrary.org/obo/CL_0000066,epithelial cell,epithelial cell,http://purl.obolibrary.org/obo/CL_0000066,paneth cell,paneth cell,http://purl.obolibrary.org/obo/CL_0000510,vccf,vccf,vccf,sc_proteomics,sc_proteomics,sc_proteomics
cell,cell,http://purl.obolibrary.org/obo/CL_0000000,neural cell,neural cell,http://purl.obolibrary.org/obo/CL_0002319,neuron,neuron,http://purl.obolibrary.org/obo/CL_0000540,neuron,neuron,http://purl.obolibrary.org/obo/CL_0000540,azimuth,azimuth,azimuth,sc_transcriptomics,sc_transcriptomics,sc_transcriptomics
cell,cell,http://purl.obolibrary.org/obo/CL_0000000,neural cell,neural cell,http://purl.obolibrary.org/obo/CL_0002319,neuron,neuron,http://purl.obolibrary.org/obo/CL_0000540,neuron,neuron,http://purl.obolibrary.org/obo/CL_0000540,vccf,vccf,vccf,sc_proteomics,sc_proteomics,sc_proteomics
cell,cell,http://purl.obolibrary.org/obo/CL_0000000,hematopoietic cell,hematopoietic cell,http://purl.obolibrary.org/obo/CL_0000988,hematopoietic cell,hematopoietic cell,http://purl.obolibrary.org/obo/CL_0000988,lymphocyte,lymphocyte,http://purl.obolibrary.org/obo/CL_0000542,azimuth,azimuth,azimuth,sc_transcriptomics,sc_transcriptomics,sc_transcriptomics
cell,cell,http://purl.obolibrary.org/obo/CL_0000000,hematopoietic cell,hematopoietic cell,http://purl.obolibrary.org/obo/CL_0000988,hematopoietic cell,hematopoietic cell,http://purl.obolibrary.org/obo/CL_0000988,lymphocyte,lymphocyte,http://purl.obolibrary.org/obo/CL_0000542,celltypist,celltypist,celltypist,sc_transcriptomics,sc_transcriptomics,sc_transcriptomics
cell,cell,http://purl.obolibrary.org/obo/CL_0000000,hematopoietic cell,hematopoietic cell,http://purl.obolibrary.org/obo/CL_0000988,hematopoietic cell,hematopoietic cell,http://purl.obolibrary.org/obo/CL_0000988,lymphocyte,lymphocyte,http://purl.obolibrary.org/obo/CL_0000542,vccf,vccf,vccf,sc_proteomics,sc_proteomics,sc_proteomics
cell,cell,http://purl.obolibrary.org/obo/CL_0000000,hematopoietic cell,hematopoietic cell,http://purl.obolibrary.org/obo/CL_0000988,T cell,T cell,http://purl.obolibrary.org/obo/CL_0000084,T-helper 1 cell,T-helper 1 cell,http://purl.obolibrary.org/obo/CL_0000545,celltypist,celltypist,celltypist,sc_transcriptomics,sc_transcriptomics,sc_transcriptomics
cell,cell,http://purl.obolibrary.org/obo/CL_0000000,hematopoietic cell,hematopoietic cell,http://purl.obolibrary.org/obo/CL_0000988,T cell,T cell,http://purl.obolibrary.org/obo/CL_0000084,T-helper 2 cell,T-helper 2 cell,http://purl.obolibrary.org/obo/CL_0000546,celltypist,celltypist,celltypist,sc_transcriptomics,sc_transcriptomics,sc_transcriptomics
cell,cell,http://purl.obolibrary.org/obo/CL_0000000,hematopoietic cell,hematopoietic cell,http://purl.obolibrary.org/obo/CL_0000988,monocyte,monocyte,http://purl.obolibrary.org/obo/CL_0000576,monocyte,monocyte,http://purl.obolibrary.org/obo/CL_0000576,azimuth,azimuth,azimuth,sc_transcriptomics,sc_transcriptomics,sc_transcriptomics
cell,cell,http://purl.obolibrary.org/obo/CL_0000000,hematopoietic cell,hematopoietic cell,http://purl.obolibrary.org/obo/CL_0000988,monocyte,monocyte,http://purl.obolibrary.org/obo/CL_0000576,monocyte,monocyte,http://purl.obolibrary.org/obo/CL_0000576,celltypist,celltypist,celltypist,sc_transcriptomics,sc_transcriptomics,sc_transcriptomics
cell,cell,http://purl.obolibrary.org/obo/CL_0000000,hematopoietic cell,hematopoietic cell,http://purl.obolibrary.org/obo/CL_0000988,monocyte,monocyte,http://purl.obolibrary.org/obo/CL_0000576,monocyte,monocyte,http://purl.obolibrary.org/obo/CL_0000576,popv,popv,popv,sc_transcriptomics,sc_transcriptomics,sc_transcriptomics
cell,cell,http://purl.obolibrary.org/obo/CL_0000000,hematopoietic cell,hematopoietic cell,http://purl.obolibrary.org/obo/CL_0000988,monocyte,monocyte,http://purl.obolibrary.org/obo/CL_0000576,monocyte,monocyte,http://purl.obolibrary.org/obo/CL_0000576,vccf,vccf,vccf,sc_proteomics,sc_proteomics,sc_proteomics
cell,cell,http://purl.obolibrary.org/obo/CL_0000000,hematopoietic cell,hematopoietic cell,http://purl.obolibrary.org/obo/CL_0000988,macrophage,macrophage,http://purl.obolibrary.org/obo/CL_0000235,alveolar macrophage,alveolar macrophage,http://purl.obolibrary.org/obo/CL_0000583,azimuth,azimuth,azimuth,sc_transcriptomics,sc_transcriptomics,sc_transcriptomics
cell,cell,http://purl.obolibrary.org/obo/CL_0000000,hematopoietic cell,hematopoietic cell,http://purl.obolibrary.org/obo/CL_0000988,macrophage,macrophage,http://purl.obolibrary.org/obo/CL_0000235,alveolar macrophage,alveolar macrophage,http://purl.obolibrary.org/obo/CL_0000583,celltypist,celltypist,celltypist,sc_transcriptomics,sc_transcriptomics,sc_transcriptomics
cell,cell,http://purl.obolibrary.org/obo/CL_0000000,hematopoietic cell,hematopoietic cell,http://purl.obolibrary.org/obo/CL_0000988,macrophage,macrophage,http://purl.obolibrary.org/obo/CL_0000235,alveolar macrophage,alveolar macrophage,http://purl.obolibrary.org/obo/CL_0000583,vccf,vccf,vccf,sc_proteomics,sc_proteomics,sc_proteomics
cell,cell,http://purl.obolibrary.org/obo/CL_0000000,epithelial cell,epithelial cell,http://purl.obolibrary.org/obo/CL_0000066,epithelial cell,epithelial cell,http://purl.obolibrary.org/obo/CL_0000066,enterocyte,enterocyte,http://purl.obolibrary.org/obo/CL_0000584,celltypist,celltypist,celltypist,sc_transcriptomics,sc_transcriptomics,sc_transcriptomics
cell,cell,http://purl.obolibrary.org/obo/CL_0000000,epithelial cell,epithelial cell,http://purl.obolibrary.org/obo/CL_0000066,epithelial cell,epithelial cell,http://purl.obolibrary.org/obo/CL_0000066,enterocyte,enterocyte,http://purl.obolibrary.org/obo/CL_0000584,vccf,vccf,vccf,sc_proteomics,sc_proteomics,sc_proteomics
cell,cell,http://purl.obolibrary.org/obo/CL_0000000,hematopoietic cell,hematopoietic cell,http://purl.obolibrary.org/obo/CL_0000988,hematopoietic cell,hematopoietic cell,http://purl.obolibrary.org/obo/CL_0000988,natural killer cell,natural killer cell,http://purl.obolibrary.org/obo/CL_0000623,azimuth,azimuth,azimuth,sc_transcriptomics,sc_transcriptomics,sc_transcriptomics
cell,cell,http://purl.obolibrary.org/obo/CL_0000000,hematopoietic cell,hematopoietic cell,http://purl.obolibrary.org/obo/CL_0000988,hematopoietic cell,hematopoietic cell,http://purl.obolibrary.org/obo/CL_0000988,natural killer cell,natural killer cell,http://purl.obolibrary.org/obo/CL_0000623,celltypist,celltypist,celltypist,sc_transcriptomics,sc_transcriptomics,sc_transcriptomics
cell,cell,http://purl.obolibrary.org/obo/CL_0000000,hematopoietic cell,hematopoietic cell,http://purl.obolibrary.org/obo/CL_0000988,hematopoietic cell,hematopoietic cell,http://purl.obolibrary.org/obo/CL_0000988,natural killer cell,natural killer cell,http://purl.obolibrary.org/obo/CL_0000623,vccf,vccf,vccf,sc_proteomics,sc_proteomics,sc_proteomics
cell,cell,http://purl.obolibrary.org/obo/CL_0000000,hematopoietic cell,hematopoietic cell,http://purl.obolibrary.org/obo/CL_0000988,T cell,T cell,http://purl.obolibrary.org/obo/CL_0000084,"CD4-positive, alpha-beta T cell","CD4-positive, alpha-beta T cell",http://purl.obolibrary.org/obo/CL_0000624,azimuth,azimuth,azimuth,sc_transcriptomics,sc_transcriptomics,sc_transcriptomics
cell,cell,http://purl.obolibrary.org/obo/CL_0000000,hematopoietic cell,hematopoietic cell,http://purl.obolibrary.org/obo/CL_0000988,T cell,T cell,http://purl.obolibrary.org/obo/CL_0000084,"CD4-positive, alpha-beta T cell","CD4-positive, alpha-beta T cell",http://purl.obolibrary.org/obo/CL_0000624,celltypist,celltypist,celltypist,sc_transcriptomics,sc_transcriptomics,sc_transcriptomics
cell,cell,http://purl.obolibrary.org/obo/CL_0000000,hematopoietic cell,hematopoietic cell,http://purl.obolibrary.org/obo/CL_0000988,T cell,T cell,http://purl.obolibrary.org/obo/CL_0000084,"CD4-positive, alpha-beta T cell","CD4-positive, alpha-beta T cell",http://purl.obolibrary.org/obo/CL_0000624,popv,popv,popv,sc_transcriptomics,sc_transcriptomics,sc_transcriptomics
cell,cell,http://purl.obolibrary.org/obo/CL_0000000,hematopoietic cell,hematopoietic cell,http://purl.obolibrary.org/obo/CL_0000988,T cell,T cell,http://purl.obolibrary.org/obo/CL_0000084,"CD4-positive, alpha-beta T cell","CD4-positive, alpha-beta T cell",http://purl.obolibrary.org/obo/CL_0000624,vccf,vccf,vccf,sc_proteomics,sc_proteomics,sc_proteomics
cell,cell,http://purl.obolibrary.org/obo/CL_0000000,hematopoietic cell,hematopoietic cell,http://purl.obolibrary.org/obo/CL_0000988,T cell,T cell,http://purl.obolibrary.org/obo/CL_0000084,"CD8-positive, alpha-beta T cell","CD8-positive, alpha-beta T cell",http://purl.obolibrary.org/obo/CL_0000625,azimuth,azimuth,azimuth,sc_transcriptomics,sc_transcriptomics,sc_transcriptomics
cell,cell,http://purl.obolibrary.org/obo/CL_0000000,hematopoietic cell,hematopoietic cell,http://purl.obolibrary.org/obo/CL_0000988,T cell,T cell,http://purl.obolibrary.org/obo/CL_0000084,"CD8-positive, alpha-beta T cell","CD8-positive, alpha-beta T cell",http://purl.obolibrary.org/obo/CL_0000625,popv,popv,popv,sc_transcriptomics,sc_transcriptomics,sc_transcriptomics
cell,cell,http://purl.obolibrary.org/obo/CL_0000000,hematopoietic cell,hematopoietic cell,http://purl.obolibrary.org/obo/CL_0000988,T cell,T cell,http://purl.obolibrary.org/obo/CL_0000084,"CD8-positive, alpha-beta T cell","CD8-positive, alpha-beta T cell",http://purl.obolibrary.org/obo/CL_0000625,vccf,vccf,vccf,sc_proteomics,sc_proteomics,sc_proteomics
cell,cell,http://purl.obolibrary.org/obo/CL_0000000,stem cell,stem cell,http://purl.obolibrary.org/obo/CL_0000034,stem cell,stem cell,http://purl.obolibrary.org/obo/CL_0000034,basal cell,basal cell,http://purl.obolibrary.org/obo/CL_0000646,azimuth,azimuth,azimuth,sc_transcriptomics,sc_transcriptomics,sc_transcriptomics
cell,cell,http://purl.obolibrary.org/obo/CL_0000000,stem cell,stem cell,http://purl.obolibrary.org/obo/CL_0000034,stem cell,stem cell,http://purl.obolibrary.org/obo/CL_0000034,basal cell,basal cell,http://purl.obolibrary.org/obo/CL_0000646,celltypist,celltypist,celltypist,sc_transcriptomics,sc_transcriptomics,sc_transcriptomics
cell,cell,http://purl.obolibrary.org/obo/CL_0000000,stem cell,stem cell,http://purl.obolibrary.org/obo/CL_0000034,stem cell,stem cell,http://purl.obolibrary.org/obo/CL_0000034,basal cell,basal cell,http://purl.obolibrary.org/obo/CL_0000646,popv,popv,popv,sc_transcriptomics,sc_transcriptomics,sc_transcriptomics
cell,cell,http://purl.obolibrary.org/obo/CL_0000000,muscle cell,muscle cell,http://purl.obolibrary.org/obo/CL_0000187,muscle cell,muscle cell,http://purl.obolibrary.org/obo/CL_0000187,kidney granular cell,kidney granular cell,http://purl.obolibrary.org/obo/CL_0000648,azimuth,azimuth,azimuth,sc_transcriptomics,sc_transcriptomics,sc_transcriptomics
cell,cell,http://purl.obolibrary.org/obo/CL_0000000,connective tissue cell,connective tissue cell,http://purl.obolibrary.org/obo/CL_0002320,connective tissue cell,connective tissue cell,http://purl.obolibrary.org/obo/CL_0002320,mesangial cell,mesangial cell,http://purl.obolibrary.org/obo/CL_0000650,azimuth,azimuth,azimuth,sc_transcriptomics,sc_transcriptomics,sc_transcriptomics
cell,cell,http://purl.obolibrary.org/obo/CL_0000000,epithelial cell,epithelial cell,http://purl.obolibrary.org/obo/CL_0000066,epithelial cell,epithelial cell,http://purl.obolibrary.org/obo/CL_0000066,podocyte,podocyte,http://purl.obolibrary.org/obo/CL_0000653,azimuth,azimuth,azimuth,sc_transcriptomics,sc_transcriptomics,sc_transcriptomics
cell,cell,http://purl.obolibrary.org/obo/CL_0000000,epithelial cell,epithelial cell,http://purl.obolibrary.org/obo/CL_0000066,epithelial cell,epithelial cell,http://purl.obolibrary.org/obo/CL_0000066,podocyte,podocyte,http://purl.obolibrary.org/obo/CL_0000653,celltypist,celltypist,celltypist,sc_transcriptomics,sc_transcriptomics,sc_transcriptomics
cell,cell,http://purl.obolibrary.org/obo/CL_0000000,connective tissue cell,connective tissue cell,http://purl.obolibrary.org/obo/CL_0002320,connective tissue cell,connective tissue cell,http://purl.obolibrary.org/obo/CL_0002320,pericyte,pericyte,http://purl.obolibrary.org/obo/CL_0000669,azimuth,azimuth,azimuth,sc_transcriptomics,sc_transcriptomics,sc_transcriptomics
cell,cell,http://purl.obolibrary.org/obo/CL_0000000,connective tissue cell,connective tissue cell,http://purl.obolibrary.org/obo/CL_0002320,connective tissue cell,connective tissue cell,http://purl.obolibrary.org/obo/CL_0002320,pericyte,pericyte,http://purl.obolibrary.org/obo/CL_0000669,celltypist,celltypist,celltypist,sc_transcriptomics,sc_transcriptomics,sc_transcriptomics
cell,cell,http://purl.obolibrary.org/obo/CL_0000000,connective tissue cell,connective tissue cell,http://purl.obolibrary.org/obo/CL_0002320,connective tissue cell,connective tissue cell,http://purl.obolibrary.org/obo/CL_0002320,pericyte,pericyte,http://purl.obolibrary.org/obo/CL_0000669,popv,popv,popv,sc_transcriptomics,sc_transcriptomics,sc_transcriptomics
cell,cell,http://purl.obolibrary.org/obo/CL_0000000,connective tissue cell,connective tissue cell,http://purl.obolibrary.org/obo/CL_0002320,connective tissue cell,connective tissue cell,http://purl.obolibrary.org/obo/CL_0002320,pericyte,pericyte,http://purl.obolibrary.org/obo/CL_0000669,vccf,vccf,vccf,sc_proteomics,sc_proteomics,sc_proteomics
cell,cell,http://purl.obolibrary.org/obo/CL_0000000,hematopoietic cell,hematopoietic cell,http://purl.obolibrary.org/obo/CL_0000988,hematopoietic cell,hematopoietic cell,http://purl.obolibrary.org/obo/CL_0000988,leukocyte,leukocyte,http://purl.obolibrary.org/obo/CL_0000738,azimuth,azimuth,azimuth,sc_transcriptomics,sc_transcriptomics,sc_transcriptomics
cell,cell,http://purl.obolibrary.org/obo/CL_0000000,hematopoietic cell,hematopoietic cell,http://purl.obolibrary.org/obo/CL_0000988,hematopoietic cell,hematopoietic cell,http://purl.obolibrary.org/obo/CL_0000988,leukocyte,leukocyte,http://purl.obolibrary.org/obo/CL_0000738,celltypist,celltypist,celltypist,sc_transcriptomics,sc_transcriptomics,sc_transcriptomics
cell,cell,http://purl.obolibrary.org/obo/CL_0000000,hematopoietic cell,hematopoietic cell,http://purl.obolibrary.org/obo/CL_0000988,hematopoietic cell,hematopoietic cell,http://purl.obolibrary.org/obo/CL_0000988,leukocyte,leukocyte,http://purl.obolibrary.org/obo/CL_0000738,popv,popv,popv,sc_transcriptomics,sc_transcriptomics,sc_transcriptomics
cell,cell,http://purl.obolibrary.org/obo/CL_0000000,hematopoietic cell,hematopoietic cell,http://purl.obolibrary.org/obo/CL_0000988,hematopoietic cell,hematopoietic cell,http://purl.obolibrary.org/obo/CL_0000988,leukocyte,leukocyte,http://purl.obolibrary.org/obo/CL_0000738,vccf,vccf,vccf,sc_proteomics,sc_proteomics,sc_proteomics
cell,cell,http://purl.obolibrary.org/obo/CL_0000000,hematopoietic cell,hematopoietic cell,http://purl.obolibrary.org/obo/CL_0000988,hematopoietic cell,hematopoietic cell,http://purl.obolibrary.org/obo/CL_0000988,myeloid cell,myeloid cell,http://purl.obolibrary.org/obo/CL_0000763,azimuth,azimuth,azimuth,sc_transcriptomics,sc_transcriptomics,sc_transcriptomics
cell,cell,http://purl.obolibrary.org/obo/CL_0000000,hematopoietic cell,hematopoietic cell,http://purl.obolibrary.org/obo/CL_0000988,hematopoietic cell,hematopoietic cell,http://purl.obolibrary.org/obo/CL_0000988,myeloid cell,myeloid cell,http://purl.obolibrary.org/obo/CL_0000763,celltypist,celltypist,celltypist,sc_transcriptomics,sc_transcriptomics,sc_transcriptomics
cell,cell,http://purl.obolibrary.org/obo/CL_0000000,hematopoietic cell,hematopoietic cell,http://purl.obolibrary.org/obo/CL_0000988,hematopoietic cell,hematopoietic cell,http://purl.obolibrary.org/obo/CL_0000988,myeloid cell,myeloid cell,http://purl.obolibrary.org/obo/CL_0000763,popv,popv,popv,sc_transcriptomics,sc_transcriptomics,sc_transcriptomics
cell,cell,http://purl.obolibrary.org/obo/CL_0000000,hematopoietic cell,hematopoietic cell,http://purl.obolibrary.org/obo/CL_0000988,hematopoietic cell,hematopoietic cell,http://purl.obolibrary.org/obo/CL_0000988,myeloid cell,myeloid cell,http://purl.obolibrary.org/obo/CL_0000763,vccf,vccf,vccf,sc_proteomics,sc_proteomics,sc_proteomics
cell,cell,http://purl.obolibrary.org/obo/CL_0000000,hematopoietic cell,hematopoietic cell,http://purl.obolibrary.org/obo/CL_0000988,blood cell,blood cell,http://purl.obolibrary.org/obo/CL_0000081,basophil,basophil,http://purl.obolibrary.org/obo/CL_0000767,celltypist,celltypist,celltypist,sc_transcriptomics,sc_transcriptomics,sc_transcriptomics
cell,cell,http://purl.obolibrary.org/obo/CL_0000000,hematopoietic cell,hematopoietic cell,http://purl.obolibrary.org/obo/CL_0000988,blood cell,blood cell,http://purl.obolibrary.org/obo/CL_0000081,basophil,basophil,http://purl.obolibrary.org/obo/CL_0000767,popv,popv,popv,sc_transcriptomics,sc_transcriptomics,sc_transcriptomics
cell,cell,http://purl.obolibrary.org/obo/CL_0000000,hematopoietic cell,hematopoietic cell,http://purl.obolibrary.org/obo/CL_0000988,blood cell,blood cell,http://purl.obolibrary.org/obo/CL_0000081,neutrophil,neutrophil,http://purl.obolibrary.org/obo/CL_0000775,azimuth,azimuth,azimuth,sc_transcriptomics,sc_transcriptomics,sc_transcriptomics
cell,cell,http://purl.obolibrary.org/obo/CL_0000000,hematopoietic cell,hematopoietic cell,http://purl.obolibrary.org/obo/CL_0000988,blood cell,blood cell,http://purl.obolibrary.org/obo/CL_0000081,neutrophil,neutrophil,http://purl.obolibrary.org/obo/CL_0000775,celltypist,celltypist,celltypist,sc_transcriptomics,sc_transcriptomics,sc_transcriptomics
cell,cell,http://purl.obolibrary.org/obo/CL_0000000,hematopoietic cell,hematopoietic cell,http://purl.obolibrary.org/obo/CL_0000988,blood cell,blood cell,http://purl.obolibrary.org/obo/CL_0000081,neutrophil,neutrophil,http://purl.obolibrary.org/obo/CL_0000775,popv,popv,popv,sc_transcriptomics,sc_transcriptomics,sc_transcriptomics
cell,cell,http://purl.obolibrary.org/obo/CL_0000000,hematopoietic cell,hematopoietic cell,http://purl.obolibrary.org/obo/CL_0000988,blood cell,blood cell,http://purl.obolibrary.org/obo/CL_0000081,neutrophil,neutrophil,http://purl.obolibrary.org/obo/CL_0000775,vccf,vccf,vccf,sc_proteomics,sc_proteomics,sc_proteomics
cell,cell,http://purl.obolibrary.org/obo/CL_0000000,hematopoietic cell,hematopoietic cell,http://purl.obolibrary.org/obo/CL_0000988,dendritic cell,dendritic cell,http://purl.obolibrary.org/obo/CL_0000451,plasmacytoid dendritic cell,plasmacytoid dendritic cell,http://purl.obolibrary.org/obo/CL_0000784,azimuth,azimuth,azimuth,sc_transcriptomics,sc_transcriptomics,sc_transcriptomics
cell,cell,http://purl.obolibrary.org/obo/CL_0000000,hematopoietic cell,hematopoietic cell,http://purl.obolibrary.org/obo/CL_0000988,dendritic cell,dendritic cell,http://purl.obolibrary.org/obo/CL_0000451,plasmacytoid dendritic cell,plasmacytoid dendritic cell,http://purl.obolibrary.org/obo/CL_0000784,celltypist,celltypist,celltypist,sc_transcriptomics,sc_transcriptomics,sc_transcriptomics
cell,cell,http://purl.obolibrary.org/obo/CL_0000000,hematopoietic cell,hematopoietic cell,http://purl.obolibrary.org/obo/CL_0000988,dendritic cell,dendritic cell,http://purl.obolibrary.org/obo/CL_0000451,plasmacytoid dendritic cell,plasmacytoid dendritic cell,http://purl.obolibrary.org/obo/CL_0000784,popv,popv,popv,sc_transcriptomics,sc_transcriptomics,sc_transcriptomics
cell,cell,http://purl.obolibrary.org/obo/CL_0000000,hematopoietic cell,hematopoietic cell,http://purl.obolibrary.org/obo/CL_0000988,dendritic cell,dendritic cell,http://purl.obolibrary.org/obo/CL_0000451,plasmacytoid dendritic cell,plasmacytoid dendritic cell,http://purl.obolibrary.org/obo/CL_0000784,vccf,vccf,vccf,sc_proteomics,sc_proteomics,sc_proteomics
cell,cell,http://purl.obolibrary.org/obo/CL_0000000,hematopoietic cell,hematopoietic cell,http://purl.obolibrary.org/obo/CL_0000988,hematopoietic cell,hematopoietic cell,http://purl.obolibrary.org/obo/CL_0000988,plasma cell,plasma cell,http://purl.obolibrary.org/obo/CL_0000786,azimuth,azimuth,azimuth,sc_transcriptomics,sc_transcriptomics,sc_transcriptomics
cell,cell,http://purl.obolibrary.org/obo/CL_0000000,hematopoietic cell,hematopoietic cell,http://purl.obolibrary.org/obo/CL_0000988,hematopoietic cell,hematopoietic cell,http://purl.obolibrary.org/obo/CL_0000988,plasma cell,plasma cell,http://purl.obolibrary.org/obo/CL_0000786,celltypist,celltypist,celltypist,sc_transcriptomics,sc_transcriptomics,sc_transcriptomics
cell,cell,http://purl.obolibrary.org/obo/CL_0000000,hematopoietic cell,hematopoietic cell,http://purl.obolibrary.org/obo/CL_0000988,hematopoietic cell,hematopoietic cell,http://purl.obolibrary.org/obo/CL_0000988,plasma cell,plasma cell,http://purl.obolibrary.org/obo/CL_0000786,popv,popv,popv,sc_transcriptomics,sc_transcriptomics,sc_transcriptomics
cell,cell,http://purl.obolibrary.org/obo/CL_0000000,hematopoietic cell,hematopoietic cell,http://purl.obolibrary.org/obo/CL_0000988,hematopoietic cell,hematopoietic cell,http://purl.obolibrary.org/obo/CL_0000988,plasma cell,plasma cell,http://purl.obolibrary.org/obo/CL_0000786,vccf,vccf,vccf,sc_proteomics,sc_proteomics,sc_proteomics
cell,cell,http://purl.obolibrary.org/obo/CL_0000000,hematopoietic cell,hematopoietic cell,http://purl.obolibrary.org/obo/CL_0000988,B cell,B cell,http://purl.obolibrary.org/obo/CL_0000236,memory B cell,memory B cell,http://purl.obolibrary.org/obo/CL_0000787,azimuth,azimuth,azimuth,sc_transcriptomics,sc_transcriptomics,sc_transcriptomics
cell,cell,http://purl.obolibrary.org/obo/CL_0000000,hematopoietic cell,hematopoietic cell,http://purl.obolibrary.org/obo/CL_0000988,B cell,B cell,http://purl.obolibrary.org/obo/CL_0000236,memory B cell,memory B cell,http://purl.obolibrary.org/obo/CL_0000787,celltypist,celltypist,celltypist,sc_transcriptomics,sc_transcriptomics,sc_transcriptomics
cell,cell,http://purl.obolibrary.org/obo/CL_0000000,hematopoietic cell,hematopoietic cell,http://purl.obolibrary.org/obo/CL_0000988,B cell,B cell,http://purl.obolibrary.org/obo/CL_0000236,memory B cell,memory B cell,http://purl.obolibrary.org/obo/CL_0000787,popv,popv,popv,sc_transcriptomics,sc_transcriptomics,sc_transcriptomics
cell,cell,http://purl.obolibrary.org/obo/CL_0000000,hematopoietic cell,hematopoietic cell,http://purl.obolibrary.org/obo/CL_0000988,B cell,B cell,http://purl.obolibrary.org/obo/CL_0000236,memory B cell,memory B cell,http://purl.obolibrary.org/obo/CL_0000787,vccf,vccf,vccf,sc_proteomics,sc_proteomics,sc_proteomics
cell,cell,http://purl.obolibrary.org/obo/CL_0000000,hematopoietic cell,hematopoietic cell,http://purl.obolibrary.org/obo/CL_0000988,B cell,B cell,http://purl.obolibrary.org/obo/CL_0000236,naive B cell,naive B cell,http://purl.obolibrary.org/obo/CL_0000788,azimuth,azimuth,azimuth,sc_transcriptomics,sc_transcriptomics,sc_transcriptomics
cell,cell,http://purl.obolibrary.org/obo/CL_0000000,hematopoietic cell,hematopoietic cell,http://purl.obolibrary.org/obo/CL_0000988,B cell,B cell,http://purl.obolibrary.org/obo/CL_0000236,naive B cell,naive B cell,http://purl.obolibrary.org/obo/CL_0000788,celltypist,celltypist,celltypist,sc_transcriptomics,sc_transcriptomics,sc_transcriptomics
cell,cell,http://purl.obolibrary.org/obo/CL_0000000,hematopoietic cell,hematopoietic cell,http://purl.obolibrary.org/obo/CL_0000988,B cell,B cell,http://purl.obolibrary.org/obo/CL_0000236,naive B cell,naive B cell,http://purl.obolibrary.org/obo/CL_0000788,popv,popv,popv,sc_transcriptomics,sc_transcriptomics,sc_transcriptomics
cell,cell,http://purl.obolibrary.org/obo/CL_0000000,hematopoietic cell,hematopoietic cell,http://purl.obolibrary.org/obo/CL_0000988,B cell,B cell,http://purl.obolibrary.org/obo/CL_0000236,naive B cell,naive B cell,http://purl.obolibrary.org/obo/CL_0000788,vccf,vccf,vccf,sc_proteomics,sc_proteomics,sc_proteomics
cell,cell,http://purl.obolibrary.org/obo/CL_0000000,hematopoietic cell,hematopoietic cell,http://purl.obolibrary.org/obo/CL_0000988,T cell,T cell,http://purl.obolibrary.org/obo/CL_0000084,mature alpha-beta T cell,mature alpha-beta T cell,http://purl.obolibrary.org/obo/CL_0000791,,,,sc_transcriptomics,sc_transcriptomics,sc_transcriptomics
cell,cell,http://purl.obolibrary.org/obo/CL_0000000,hematopoietic cell,hematopoietic cell,http://purl.obolibrary.org/obo/CL_0000988,T cell,T cell,http://purl.obolibrary.org/obo/CL_0000084,"CD4-positive, CD25-positive, alpha-beta regulatory T cell","CD4-positive, CD25-positive, alpha-beta regulatory T cell",http://purl.obolibrary.org/obo/CL_0000792,celltypist,celltypist,celltypist,sc_transcriptomics,sc_transcriptomics,sc_transcriptomics
cell,cell,http://purl.obolibrary.org/obo/CL_0000000,hematopoietic cell,hematopoietic cell,http://purl.obolibrary.org/obo/CL_0000988,T cell,T cell,http://purl.obolibrary.org/obo/CL_0000084,"CD4-positive, CD25-positive, alpha-beta regulatory T cell","CD4-positive, CD25-positive, alpha-beta regulatory T cell",http://purl.obolibrary.org/obo/CL_0000792,popv,popv,popv,sc_transcriptomics,sc_transcriptomics,sc_transcriptomics
cell,cell,http://purl.obolibrary.org/obo/CL_0000000,hematopoietic cell,hematopoietic cell,http://purl.obolibrary.org/obo/CL_0000988,T cell,T cell,http://purl.obolibrary.org/obo/CL_0000084,"CD8-positive, alpha-beta cytotoxic T cell","CD8-positive, alpha-beta cytotoxic T cell",http://purl.obolibrary.org/obo/CL_0000794,celltypist,celltypist,celltypist,sc_transcriptomics,sc_transcriptomics,sc_transcriptomics
cell,cell,http://purl.obolibrary.org/obo/CL_0000000,hematopoietic cell,hematopoietic cell,http://purl.obolibrary.org/obo/CL_0000988,T cell,T cell,http://purl.obolibrary.org/obo/CL_0000084,"CD8-positive, alpha-beta cytotoxic T cell","CD8-positive, alpha-beta cytotoxic T cell",http://purl.obolibrary.org/obo/CL_0000794,popv,popv,popv,sc_transcriptomics,sc_transcriptomics,sc_transcriptomics
cell,cell,http://purl.obolibrary.org/obo/CL_0000000,hematopoietic cell,hematopoietic cell,http://purl.obolibrary.org/obo/CL_0000988,T cell,T cell,http://purl.obolibrary.org/obo/CL_0000084,gamma-delta T cell,gamma-delta T cell,http://purl.obolibrary.org/obo/CL_0000798,azimuth,azimuth,azimuth,sc_transcriptomics,sc_transcriptomics,sc_transcriptomics
cell,cell,http://purl.obolibrary.org/obo/CL_0000000,hematopoietic cell,hematopoietic cell,http://purl.obolibrary.org/obo/CL_0000988,T cell,T cell,http://purl.obolibrary.org/obo/CL_0000084,gamma-delta T cell,gamma-delta T cell,http://purl.obolibrary.org/obo/CL_0000798,celltypist,celltypist,celltypist,sc_transcriptomics,sc_transcriptomics,sc_transcriptomics
cell,cell,http://purl.obolibrary.org/obo/CL_0000000,hematopoietic cell,hematopoietic cell,http://purl.obolibrary.org/obo/CL_0000988,T cell,T cell,http://purl.obolibrary.org/obo/CL_0000084,"double-positive, alpha-beta thymocyte","double-positive, alpha-beta thymocyte",http://purl.obolibrary.org/obo/CL_0000809,vccf,vccf,vccf,sc_proteomics,sc_proteomics,sc_proteomics
cell,cell,http://purl.obolibrary.org/obo/CL_0000000,hematopoietic cell,hematopoietic cell,http://purl.obolibrary.org/obo/CL_0000988,T cell,T cell,http://purl.obolibrary.org/obo/CL_0000084,mature NK T cell,mature NK T cell,http://purl.obolibrary.org/obo/CL_0000814,azimuth,azimuth,azimuth,sc_transcriptomics,sc_transcriptomics,sc_transcriptomics
cell,cell,http://purl.obolibrary.org/obo/CL_0000000,hematopoietic cell,hematopoietic cell,http://purl.obolibrary.org/obo/CL_0000988,T cell,T cell,http://purl.obolibrary.org/obo/CL_0000084,mature NK T cell,mature NK T cell,http://purl.obolibrary.org/obo/CL_0000814,celltypist,celltypist,celltypist,sc_transcriptomics,sc_transcriptomics,sc_transcriptomics
cell,cell,http://purl.obolibrary.org/obo/CL_0000000,hematopoietic cell,hematopoietic cell,http://purl.obolibrary.org/obo/CL_0000988,T cell,T cell,http://purl.obolibrary.org/obo/CL_0000084,mature NK T cell,mature NK T cell,http://purl.obolibrary.org/obo/CL_0000814,popv,popv,popv,sc_transcriptomics,sc_transcriptomics,sc_transcriptomics
cell,cell,http://purl.obolibrary.org/obo/CL_0000000,hematopoietic cell,hematopoietic cell,http://purl.obolibrary.org/obo/CL_0000988,T cell,T cell,http://purl.obolibrary.org/obo/CL_0000084,mature NK T cell,mature NK T cell,http://purl.obolibrary.org/obo/CL_0000814,vccf,vccf,vccf,sc_proteomics,sc_proteomics,sc_proteomics
cell,cell,http://purl.obolibrary.org/obo/CL_0000000,hematopoietic cell,hematopoietic cell,http://purl.obolibrary.org/obo/CL_0000988,T cell,T cell,http://purl.obolibrary.org/obo/CL_0000084,regulatory T cell,regulatory T cell,http://purl.obolibrary.org/obo/CL_0000815,azimuth,azimuth,azimuth,sc_transcriptomics,sc_transcriptomics,sc_transcriptomics
cell,cell,http://purl.obolibrary.org/obo/CL_0000000,hematopoietic cell,hematopoietic cell,http://purl.obolibrary.org/obo/CL_0000988,T cell,T cell,http://purl.obolibrary.org/obo/CL_0000084,regulatory T cell,regulatory T cell,http://purl.obolibrary.org/obo/CL_0000815,celltypist,celltypist,celltypist,sc_transcriptomics,sc_transcriptomics,sc_transcriptomics
cell,cell,http://purl.obolibrary.org/obo/CL_0000000,hematopoietic cell,hematopoietic cell,http://purl.obolibrary.org/obo/CL_0000988,T cell,T cell,http://purl.obolibrary.org/obo/CL_0000084,regulatory T cell,regulatory T cell,http://purl.obolibrary.org/obo/CL_0000815,popv,popv,popv,sc_transcriptomics,sc_transcriptomics,sc_transcriptomics
cell,cell,http://purl.obolibrary.org/obo/CL_0000000,hematopoietic cell,hematopoietic cell,http://purl.obolibrary.org/obo/CL_0000988,T cell,T cell,http://purl.obolibrary.org/obo/CL_0000084,regulatory T cell,regulatory T cell,http://purl.obolibrary.org/obo/CL_0000815,vccf,vccf,vccf,sc_proteomics,sc_proteomics,sc_proteomics
cell,cell,http://purl.obolibrary.org/obo/CL_0000000,hematopoietic cell,hematopoietic cell,http://purl.obolibrary.org/obo/CL_0000988,monocyte,monocyte,http://purl.obolibrary.org/obo/CL_0000576,classical monocyte,classical monocyte,http://purl.obolibrary.org/obo/CL_0000860,azimuth,azimuth,azimuth,sc_transcriptomics,sc_transcriptomics,sc_transcriptomics
cell,cell,http://purl.obolibrary.org/obo/CL_0000000,hematopoietic cell,hematopoietic cell,http://purl.obolibrary.org/obo/CL_0000988,monocyte,monocyte,http://purl.obolibrary.org/obo/CL_0000576,classical monocyte,classical monocyte,http://purl.obolibrary.org/obo/CL_0000860,celltypist,celltypist,celltypist,sc_transcriptomics,sc_transcriptomics,sc_transcriptomics
cell,cell,http://purl.obolibrary.org/obo/CL_0000000,hematopoietic cell,hematopoietic cell,http://purl.obolibrary.org/obo/CL_0000988,monocyte,monocyte,http://purl.obolibrary.org/obo/CL_0000576,classical monocyte,classical monocyte,http://purl.obolibrary.org/obo/CL_0000860,popv,popv,popv,sc_transcriptomics,sc_transcriptomics,sc_transcriptomics
cell,cell,http://purl.obolibrary.org/obo/CL_0000000,hematopoietic cell,hematopoietic cell,http://purl.obolibrary.org/obo/CL_0000988,monocyte,monocyte,http://purl.obolibrary.org/obo/CL_0000576,non-classical monocyte,non-classical monocyte,http://purl.obolibrary.org/obo/CL_0000875,azimuth,azimuth,azimuth,sc_transcriptomics,sc_transcriptomics,sc_transcriptomics
cell,cell,http://purl.obolibrary.org/obo/CL_0000000,hematopoietic cell,hematopoietic cell,http://purl.obolibrary.org/obo/CL_0000988,monocyte,monocyte,http://purl.obolibrary.org/obo/CL_0000576,non-classical monocyte,non-classical monocyte,http://purl.obolibrary.org/obo/CL_0000875,celltypist,celltypist,celltypist,sc_transcriptomics,sc_transcriptomics,sc_transcriptomics
cell,cell,http://purl.obolibrary.org/obo/CL_0000000,hematopoietic cell,hematopoietic cell,http://purl.obolibrary.org/obo/CL_0000988,monocyte,monocyte,http://purl.obolibrary.org/obo/CL_0000576,non-classical monocyte,non-classical monocyte,http://purl.obolibrary.org/obo/CL_0000875,popv,popv,popv,sc_transcriptomics,sc_transcriptomics,sc_transcriptomics
cell,cell,http://purl.obolibrary.org/obo/CL_0000000,hematopoietic cell,hematopoietic cell,http://purl.obolibrary.org/obo/CL_0000988,monocyte,monocyte,http://purl.obolibrary.org/obo/CL_0000576,non-classical monocyte,non-classical monocyte,http://purl.obolibrary.org/obo/CL_0000875,vccf,vccf,vccf,sc_proteomics,sc_proteomics,sc_proteomics
cell,cell,http://purl.obolibrary.org/obo/CL_0000000,hematopoietic cell,hematopoietic cell,http://purl.obolibrary.org/obo/CL_0000988,macrophage,macrophage,http://purl.obolibrary.org/obo/CL_0000235,alternatively activated macrophage,alternatively activated macrophage,http://purl.obolibrary.org/obo/CL_0000890,azimuth,azimuth,azimuth,sc_transcriptomics,sc_transcriptomics,sc_transcriptomics
cell,cell,http://purl.obolibrary.org/obo/CL_0000000,hematopoietic cell,hematopoietic cell,http://purl.obolibrary.org/obo/CL_0000988,macrophage,macrophage,http://purl.obolibrary.org/obo/CL_0000235,alternatively activated macrophage,alternatively activated macrophage,http://purl.obolibrary.org/obo/CL_0000890,celltypist,celltypist,celltypist,sc_transcriptomics,sc_transcriptomics,sc_transcriptomics
cell,cell,http://purl.obolibrary.org/obo/CL_0000000,hematopoietic cell,hematopoietic cell,http://purl.obolibrary.org/obo/CL_0000988,T cell,T cell,http://purl.obolibrary.org/obo/CL_0000084,"naive thymus-derived CD4-positive, alpha-beta T cell","naive thymus-derived CD4-positive, alpha-beta T cell",http://purl.obolibrary.org/obo/CL_0000895,azimuth,azimuth,azimuth,sc_transcriptomics,sc_transcriptomics,sc_transcriptomics
cell,cell,http://purl.obolibrary.org/obo/CL_0000000,hematopoietic cell,hematopoietic cell,http://purl.obolibrary.org/obo/CL_0000988,T cell,T cell,http://purl.obolibrary.org/obo/CL_0000084,"naive thymus-derived CD4-positive, alpha-beta T cell","naive thymus-derived CD4-positive, alpha-beta T cell",http://purl.obolibrary.org/obo/CL_0000895,celltypist,celltypist,celltypist,sc_transcriptomics,sc_transcriptomics,sc_transcriptomics
cell,cell,http://purl.obolibrary.org/obo/CL_0000000,hematopoietic cell,hematopoietic cell,http://purl.obolibrary.org/obo/CL_0000988,T cell,T cell,http://purl.obolibrary.org/obo/CL_0000084,"naive thymus-derived CD4-positive, alpha-beta T cell","naive thymus-derived CD4-positive, alpha-beta T cell",http://purl.obolibrary.org/obo/CL_0000895,popv,popv,popv,sc_transcriptomics,sc_transcriptomics,sc_transcriptomics
cell,cell,http://purl.obolibrary.org/obo/CL_0000000,hematopoietic cell,hematopoietic cell,http://purl.obolibrary.org/obo/CL_0000988,T cell,T cell,http://purl.obolibrary.org/obo/CL_0000084,"naive thymus-derived CD4-positive, alpha-beta T cell","naive thymus-derived CD4-positive, alpha-beta T cell",http://purl.obolibrary.org/obo/CL_0000895,vccf,vccf,vccf,sc_proteomics,sc_proteomics,sc_proteomics
cell,cell,http://purl.obolibrary.org/obo/CL_0000000,hematopoietic cell,hematopoietic cell,http://purl.obolibrary.org/obo/CL_0000988,T cell,T cell,http://purl.obolibrary.org/obo/CL_0000084,"CD4-positive, alpha-beta memory T cell","CD4-positive, alpha-beta memory T cell",http://purl.obolibrary.org/obo/CL_0000897,azimuth,azimuth,azimuth,sc_transcriptomics,sc_transcriptomics,sc_transcriptomics
cell,cell,http://purl.obolibrary.org/obo/CL_0000000,hematopoietic cell,hematopoietic cell,http://purl.obolibrary.org/obo/CL_0000988,T cell,T cell,http://purl.obolibrary.org/obo/CL_0000084,"CD4-positive, alpha-beta memory T cell","CD4-positive, alpha-beta memory T cell",http://purl.obolibrary.org/obo/CL_0000897,popv,popv,popv,sc_transcriptomics,sc_transcriptomics,sc_transcriptomics
cell,cell,http://purl.obolibrary.org/obo/CL_0000000,hematopoietic cell,hematopoietic cell,http://purl.obolibrary.org/obo/CL_0000988,T cell,T cell,http://purl.obolibrary.org/obo/CL_0000084,"CD4-positive, alpha-beta memory T cell","CD4-positive, alpha-beta memory T cell",http://purl.obolibrary.org/obo/CL_0000897,vccf,vccf,vccf,sc_proteomics,sc_proteomics,sc_proteomics
cell,cell,http://purl.obolibrary.org/obo/CL_0000000,hematopoietic cell,hematopoietic cell,http://purl.obolibrary.org/obo/CL_0000988,T cell,T cell,http://purl.obolibrary.org/obo/CL_0000084,T-helper 17 cell,T-helper 17 cell,http://purl.obolibrary.org/obo/CL_0000899,celltypist,celltypist,celltypist,sc_transcriptomics,sc_transcriptomics,sc_transcriptomics
cell,cell,http://purl.obolibrary.org/obo/CL_0000000,hematopoietic cell,hematopoietic cell,http://purl.obolibrary.org/obo/CL_0000988,T cell,T cell,http://purl.obolibrary.org/obo/CL_0000084,"naive thymus-derived CD8-positive, alpha-beta T cell","naive thymus-derived CD8-positive, alpha-beta T cell",http://purl.obolibrary.org/obo/CL_0000900,azimuth,azimuth,azimuth,sc_transcriptomics,sc_transcriptomics,sc_transcriptomics
cell,cell,http://purl.obolibrary.org/obo/CL_0000000,hematopoietic cell,hematopoietic cell,http://purl.obolibrary.org/obo/CL_0000988,T cell,T cell,http://purl.obolibrary.org/obo/CL_0000084,"naive thymus-derived CD8-positive, alpha-beta T cell","naive thymus-derived CD8-positive, alpha-beta T cell",http://purl.obolibrary.org/obo/CL_0000900,popv,popv,popv,sc_transcriptomics,sc_transcriptomics,sc_transcriptomics
cell,cell,http://purl.obolibrary.org/obo/CL_0000000,hematopoietic cell,hematopoietic cell,http://purl.obolibrary.org/obo/CL_0000988,T cell,T cell,http://purl.obolibrary.org/obo/CL_0000084,"CD8-positive, alpha-beta memory T cell","CD8-positive, alpha-beta memory T cell",http://purl.obolibrary.org/obo/CL_0000909,azimuth,azimuth,azimuth,sc_transcriptomics,sc_transcriptomics,sc_transcriptomics
cell,cell,http://purl.obolibrary.org/obo/CL_0000000,hematopoietic cell,hematopoietic cell,http://purl.obolibrary.org/obo/CL_0000988,T cell,T cell,http://purl.obolibrary.org/obo/CL_0000084,"CD8-positive, alpha-beta memory T cell","CD8-positive, alpha-beta memory T cell",http://purl.obolibrary.org/obo/CL_0000909,celltypist,celltypist,celltypist,sc_transcriptomics,sc_transcriptomics,sc_transcriptomics
cell,cell,http://purl.obolibrary.org/obo/CL_0000000,hematopoietic cell,hematopoietic cell,http://purl.obolibrary.org/obo/CL_0000988,T cell,T cell,http://purl.obolibrary.org/obo/CL_0000084,"CD8-positive, alpha-beta memory T cell","CD8-positive, alpha-beta memory T cell",http://purl.obolibrary.org/obo/CL_0000909,popv,popv,popv,sc_transcriptomics,sc_transcriptomics,sc_transcriptomics
cell,cell,http://purl.obolibrary.org/obo/CL_0000000,hematopoietic cell,hematopoietic cell,http://purl.obolibrary.org/obo/CL_0000988,T cell,T cell,http://purl.obolibrary.org/obo/CL_0000084,"CD8-positive, alpha-beta memory T cell","CD8-positive, alpha-beta memory T cell",http://purl.obolibrary.org/obo/CL_0000909,vccf,vccf,vccf,sc_proteomics,sc_proteomics,sc_proteomics
cell,cell,http://purl.obolibrary.org/obo/CL_0000000,hematopoietic cell,hematopoietic cell,http://purl.obolibrary.org/obo/CL_0000988,T cell,T cell,http://purl.obolibrary.org/obo/CL_0000084,cytotoxic T cell,cytotoxic T cell,http://purl.obolibrary.org/obo/CL_0000910,celltypist,celltypist,celltypist,sc_transcriptomics,sc_transcriptomics,sc_transcriptomics
cell,cell,http://purl.obolibrary.org/obo/CL_0000000,hematopoietic cell,hematopoietic cell,http://purl.obolibrary.org/obo/CL_0000988,T cell,T cell,http://purl.obolibrary.org/obo/CL_0000084,"effector memory CD8-positive, alpha-beta T cell","effector memory CD8-positive, alpha-beta T cell",http://purl.obolibrary.org/obo/CL_0000913,azimuth,azimuth,azimuth,sc_transcriptomics,sc_transcriptomics,sc_transcriptomics
cell,cell,http://purl.obolibrary.org/obo/CL_0000000,hematopoietic cell,hematopoietic cell,http://purl.obolibrary.org/obo/CL_0000988,T cell,T cell,http://purl.obolibrary.org/obo/CL_0000084,"effector memory CD8-positive, alpha-beta T cell","effector memory CD8-positive, alpha-beta T cell",http://purl.obolibrary.org/obo/CL_0000913,celltypist,celltypist,celltypist,sc_transcriptomics,sc_transcriptomics,sc_transcriptomics
cell,cell,http://purl.obolibrary.org/obo/CL_0000000,hematopoietic cell,hematopoietic cell,http://purl.obolibrary.org/obo/CL_0000988,T cell,T cell,http://purl.obolibrary.org/obo/CL_0000084,"effector memory CD8-positive, alpha-beta T cell","effector memory CD8-positive, alpha-beta T cell",http://purl.obolibrary.org/obo/CL_0000913,vccf,vccf,vccf,sc_proteomics,sc_proteomics,sc_proteomics
cell,cell,http://purl.obolibrary.org/obo/CL_0000000,hematopoietic cell,hematopoietic cell,http://purl.obolibrary.org/obo/CL_0000988,T cell,T cell,http://purl.obolibrary.org/obo/CL_0000084,type I NK T cell,type I NK T cell,http://purl.obolibrary.org/obo/CL_0000921,popv,popv,popv,sc_transcriptomics,sc_transcriptomics,sc_transcriptomics
cell,cell,http://purl.obolibrary.org/obo/CL_0000000,hematopoietic cell,hematopoietic cell,http://purl.obolibrary.org/obo/CL_0000988,hematopoietic cell,hematopoietic cell,http://purl.obolibrary.org/obo/CL_0000988,"CD16-negative, CD56-bright natural killer cell, human","CD16-negative, CD56-bright natural killer cell, human",http://purl.obolibrary.org/obo/CL_0000938,azimuth,azimuth,azimuth,sc_transcriptomics,sc_transcriptomics,sc_transcriptomics
cell,cell,http://purl.obolibrary.org/obo/CL_0000000,hematopoietic cell,hematopoietic cell,http://purl.obolibrary.org/obo/CL_0000988,hematopoietic cell,hematopoietic cell,http://purl.obolibrary.org/obo/CL_0000988,"CD16-negative, CD56-bright natural killer cell, human","CD16-negative, CD56-bright natural killer cell, human",http://purl.obolibrary.org/obo/CL_0000938,celltypist,celltypist,celltypist,sc_transcriptomics,sc_transcriptomics,sc_transcriptomics
cell,cell,http://purl.obolibrary.org/obo/CL_0000000,hematopoietic cell,hematopoietic cell,http://purl.obolibrary.org/obo/CL_0000988,dendritic cell,dendritic cell,http://purl.obolibrary.org/obo/CL_0000451,conventional dendritic cell,conventional dendritic cell,http://purl.obolibrary.org/obo/CL_0000990,azimuth,azimuth,azimuth,sc_transcriptomics,sc_transcriptomics,sc_transcriptomics
cell,cell,http://purl.obolibrary.org/obo/CL_0000000,hematopoietic cell,hematopoietic cell,http://purl.obolibrary.org/obo/CL_0000988,dendritic cell,dendritic cell,http://purl.obolibrary.org/obo/CL_0000451,conventional dendritic cell,conventional dendritic cell,http://purl.obolibrary.org/obo/CL_0000990,popv,popv,popv,sc_transcriptomics,sc_transcriptomics,sc_transcriptomics
cell,cell,http://purl.obolibrary.org/obo/CL_0000000,hematopoietic cell,hematopoietic cell,http://purl.obolibrary.org/obo/CL_0000988,T cell,T cell,http://purl.obolibrary.org/obo/CL_0000084,"effector CD8-positive, alpha-beta T cell","effector CD8-positive, alpha-beta T cell",http://purl.obolibrary.org/obo/CL_0001050,azimuth,azimuth,azimuth,sc_transcriptomics,sc_transcriptomics,sc_transcriptomics
cell,cell,http://purl.obolibrary.org/obo/CL_0000000,hematopoietic cell,hematopoietic cell,http://purl.obolibrary.org/obo/CL_0000988,T cell,T cell,http://purl.obolibrary.org/obo/CL_0000084,"effector CD8-positive, alpha-beta T cell","effector CD8-positive, alpha-beta T cell",http://purl.obolibrary.org/obo/CL_0001050,celltypist,celltypist,celltypist,sc_transcriptomics,sc_transcriptomics,sc_transcriptomics
cell,cell,http://purl.obolibrary.org/obo/CL_0000000,hematopoietic cell,hematopoietic cell,http://purl.obolibrary.org/obo/CL_0000988,T cell,T cell,http://purl.obolibrary.org/obo/CL_0000084,"effector CD8-positive, alpha-beta T cell","effector CD8-positive, alpha-beta T cell",http://purl.obolibrary.org/obo/CL_0001050,popv,popv,popv,sc_transcriptomics,sc_transcriptomics,sc_transcriptomics
cell,cell,http://purl.obolibrary.org/obo/CL_0000000,hematopoietic cell,hematopoietic cell,http://purl.obolibrary.org/obo/CL_0000988,dendritic cell,dendritic cell,http://purl.obolibrary.org/obo/CL_0000451,"dendritic cell, human","dendritic cell, human",http://purl.obolibrary.org/obo/CL_0001056,azimuth,azimuth,azimuth,sc_transcriptomics,sc_transcriptomics,sc_transcriptomics
cell,cell,http://purl.obolibrary.org/obo/CL_0000000,hematopoietic cell,hematopoietic cell,http://purl.obolibrary.org/obo/CL_0000988,dendritic cell,dendritic cell,http://purl.obolibrary.org/obo/CL_0000451,"dendritic cell, human","dendritic cell, human",http://purl.obolibrary.org/obo/CL_0001056,celltypist,celltypist,celltypist,sc_transcriptomics,sc_transcriptomics,sc_transcriptomics
cell,cell,http://purl.obolibrary.org/obo/CL_0000000,hematopoietic cell,hematopoietic cell,http://purl.obolibrary.org/obo/CL_0000988,dendritic cell,dendritic cell,http://purl.obolibrary.org/obo/CL_0000451,"plasmacytoid dendritic cell, human","plasmacytoid dendritic cell, human",http://purl.obolibrary.org/obo/CL_0001058,azimuth,azimuth,azimuth,sc_transcriptomics,sc_transcriptomics,sc_transcriptomics
cell,cell,http://purl.obolibrary.org/obo/CL_0000000,hematopoietic cell,hematopoietic cell,http://purl.obolibrary.org/obo/CL_0000988,dendritic cell,dendritic cell,http://purl.obolibrary.org/obo/CL_0000451,"plasmacytoid dendritic cell, human","plasmacytoid dendritic cell, human",http://purl.obolibrary.org/obo/CL_0001058,celltypist,celltypist,celltypist,sc_transcriptomics,sc_transcriptomics,sc_transcriptomics
cell,cell,http://purl.obolibrary.org/obo/CL_0000000,hematopoietic cell,hematopoietic cell,http://purl.obolibrary.org/obo/CL_0000988,hematopoietic cell,hematopoietic cell,http://purl.obolibrary.org/obo/CL_0000988,innate lymphoid cell,innate lymphoid cell,http://purl.obolibrary.org/obo/CL_0001065,azimuth,azimuth,azimuth,sc_transcriptomics,sc_transcriptomics,sc_transcriptomics
cell,cell,http://purl.obolibrary.org/obo/CL_0000000,hematopoietic cell,hematopoietic cell,http://purl.obolibrary.org/obo/CL_0000988,hematopoietic cell,hematopoietic cell,http://purl.obolibrary.org/obo/CL_0000988,innate lymphoid cell,innate lymphoid cell,http://purl.obolibrary.org/obo/CL_0001065,celltypist,celltypist,celltypist,sc_transcriptomics,sc_transcriptomics,sc_transcriptomics
cell,cell,http://purl.obolibrary.org/obo/CL_0000000,hematopoietic cell,hematopoietic cell,http://purl.obolibrary.org/obo/CL_0000988,hematopoietic cell,hematopoietic cell,http://purl.obolibrary.org/obo/CL_0000988,innate lymphoid cell,innate lymphoid cell,http://purl.obolibrary.org/obo/CL_0001065,popv,popv,popv,sc_transcriptomics,sc_transcriptomics,sc_transcriptomics
cell,cell,http://purl.obolibrary.org/obo/CL_0000000,hematopoietic cell,hematopoietic cell,http://purl.obolibrary.org/obo/CL_0000988,hematopoietic cell,hematopoietic cell,http://purl.obolibrary.org/obo/CL_0000988,innate lymphoid cell,innate lymphoid cell,http://purl.obolibrary.org/obo/CL_0001065,vccf,vccf,vccf,sc_proteomics,sc_proteomics,sc_proteomics
cell,cell,http://purl.obolibrary.org/obo/CL_0000000,hematopoietic cell,hematopoietic cell,http://purl.obolibrary.org/obo/CL_0000988,hematopoietic cell,hematopoietic cell,http://purl.obolibrary.org/obo/CL_0000988,"group 3 innate lymphoid cell, human","group 3 innate lymphoid cell, human",http://purl.obolibrary.org/obo/CL_0001078,celltypist,celltypist,celltypist,sc_transcriptomics,sc_transcriptomics,sc_transcriptomics
cell,cell,http://purl.obolibrary.org/obo/CL_0000000,hematopoietic cell,hematopoietic cell,http://purl.obolibrary.org/obo/CL_0000988,B cell,B cell,http://purl.obolibrary.org/obo/CL_0000236,"B cell, CD19-positive","B cell, CD19-positive",http://purl.obolibrary.org/obo/CL_0001201,popv,popv,popv,sc_transcriptomics,sc_transcriptomics,sc_transcriptomics
cell,cell,http://purl.obolibrary.org/obo/CL_0000000,hematopoietic cell,hematopoietic cell,http://purl.obolibrary.org/obo/CL_0000988,T cell,T cell,http://purl.obolibrary.org/obo/CL_0000084,T follicular helper cell,T follicular helper cell,http://purl.obolibrary.org/obo/CL_0002038,azimuth,azimuth,azimuth,sc_transcriptomics,sc_transcriptomics,sc_transcriptomics
cell,cell,http://purl.obolibrary.org/obo/CL_0000000,hematopoietic cell,hematopoietic cell,http://purl.obolibrary.org/obo/CL_0000988,T cell,T cell,http://purl.obolibrary.org/obo/CL_0000084,T follicular helper cell,T follicular helper cell,http://purl.obolibrary.org/obo/CL_0002038,celltypist,celltypist,celltypist,sc_transcriptomics,sc_transcriptomics,sc_transcriptomics
cell,cell,http://purl.obolibrary.org/obo/CL_0000000,hematopoietic cell,hematopoietic cell,http://purl.obolibrary.org/obo/CL_0000988,T cell,T cell,http://purl.obolibrary.org/obo/CL_0000084,T follicular helper cell,T follicular helper cell,http://purl.obolibrary.org/obo/CL_0002038,popv,popv,popv,sc_transcriptomics,sc_transcriptomics,sc_transcriptomics
cell,cell,http://purl.obolibrary.org/obo/CL_0000000,hematopoietic cell,hematopoietic cell,http://purl.obolibrary.org/obo/CL_0000988,T cell,T cell,http://purl.obolibrary.org/obo/CL_0000084,T follicular helper cell,T follicular helper cell,http://purl.obolibrary.org/obo/CL_0002038,vccf,vccf,vccf,sc_proteomics,sc_proteomics,sc_proteomics
cell,cell,http://purl.obolibrary.org/obo/CL_0000000,epithelial cell,epithelial cell,http://purl.obolibrary.org/obo/CL_0000066,epithelial cell,epithelial cell,http://purl.obolibrary.org/obo/CL_0000066,pulmonary alveolar type 1 cell,pulmonary alveolar type 1 cell,http://purl.obolibrary.org/obo/CL_0002062,azimuth,azimuth,azimuth,sc_transcriptomics,sc_transcriptomics,sc_transcriptomics
cell,cell,http://purl.obolibrary.org/obo/CL_0000000,epithelial cell,epithelial cell,http://purl.obolibrary.org/obo/CL_0000066,epithelial cell,epithelial cell,http://purl.obolibrary.org/obo/CL_0000066,pulmonary alveolar type 1 cell,pulmonary alveolar type 1 cell,http://purl.obolibrary.org/obo/CL_0002062,celltypist,celltypist,celltypist,sc_transcriptomics,sc_transcriptomics,sc_transcriptomics
cell,cell,http://purl.obolibrary.org/obo/CL_0000000,epithelial cell,epithelial cell,http://purl.obolibrary.org/obo/CL_0000066,epithelial cell,epithelial cell,http://purl.obolibrary.org/obo/CL_0000066,pulmonary alveolar type 1 cell,pulmonary alveolar type 1 cell,http://purl.obolibrary.org/obo/CL_0002062,popv,popv,popv,sc_transcriptomics,sc_transcriptomics,sc_transcriptomics
cell,cell,http://purl.obolibrary.org/obo/CL_0000000,epithelial cell,epithelial cell,http://purl.obolibrary.org/obo/CL_0000066,epithelial cell,epithelial cell,http://purl.obolibrary.org/obo/CL_0000066,pulmonary alveolar type 1 cell,pulmonary alveolar type 1 cell,http://purl.obolibrary.org/obo/CL_0002062,vccf,vccf,vccf,sc_proteomics,sc_proteomics,sc_proteomics
cell,cell,http://purl.obolibrary.org/obo/CL_0000000,epithelial cell,epithelial cell,http://purl.obolibrary.org/obo/CL_0000066,epithelial cell,epithelial cell,http://purl.obolibrary.org/obo/CL_0000066,pulmonary alveolar type 2 cell,pulmonary alveolar type 2 cell,http://purl.obolibrary.org/obo/CL_0002063,azimuth,azimuth,azimuth,sc_transcriptomics,sc_transcriptomics,sc_transcriptomics
cell,cell,http://purl.obolibrary.org/obo/CL_0000000,epithelial cell,epithelial cell,http://purl.obolibrary.org/obo/CL_0000066,epithelial cell,epithelial cell,http://purl.obolibrary.org/obo/CL_0000066,pulmonary alveolar type 2 cell,pulmonary alveolar type 2 cell,http://purl.obolibrary.org/obo/CL_0002063,celltypist,celltypist,celltypist,sc_transcriptomics,sc_transcriptomics,sc_transcriptomics
cell,cell,http://purl.obolibrary.org/obo/CL_0000000,epithelial cell,epithelial cell,http://purl.obolibrary.org/obo/CL_0000066,epithelial cell,epithelial cell,http://purl.obolibrary.org/obo/CL_0000066,pulmonary alveolar type 2 cell,pulmonary alveolar type 2 cell,http://purl.obolibrary.org/obo/CL_0002063,popv,popv,popv,sc_transcriptomics,sc_transcriptomics,sc_transcriptomics
cell,cell,http://purl.obolibrary.org/obo/CL_0000000,epithelial cell,epithelial cell,http://purl.obolibrary.org/obo/CL_0000066,epithelial cell,epithelial cell,http://purl.obolibrary.org/obo/CL_0000066,pulmonary alveolar type 2 cell,pulmonary alveolar type 2 cell,http://purl.obolibrary.org/obo/CL_0002063,vccf,vccf,vccf,sc_proteomics,sc_proteomics,sc_proteomics
cell,cell,http://purl.obolibrary.org/obo/CL_0000000,epithelial cell,epithelial cell,http://purl.obolibrary.org/obo/CL_0000066,exocrine cell,exocrine cell,http://purl.obolibrary.org/obo/CL_0000152,pancreatic acinar cell,pancreatic acinar cell,http://purl.obolibrary.org/obo/CL_0002064,azimuth,azimuth,azimuth,sc_transcriptomics,sc_transcriptomics,sc_transcriptomics
cell,cell,http://purl.obolibrary.org/obo/CL_0000000,epithelial cell,epithelial cell,http://purl.obolibrary.org/obo/CL_0000066,exocrine cell,exocrine cell,http://purl.obolibrary.org/obo/CL_0000152,pancreatic acinar cell,pancreatic acinar cell,http://purl.obolibrary.org/obo/CL_0002064,celltypist,celltypist,celltypist,sc_transcriptomics,sc_transcriptomics,sc_transcriptomics
cell,cell,http://purl.obolibrary.org/obo/CL_0000000,epithelial cell,epithelial cell,http://purl.obolibrary.org/obo/CL_0000066,exocrine cell,exocrine cell,http://purl.obolibrary.org/obo/CL_0000152,pancreatic acinar cell,pancreatic acinar cell,http://purl.obolibrary.org/obo/CL_0002064,popv,popv,popv,sc_transcriptomics,sc_transcriptomics,sc_transcriptomics
cell,cell,http://purl.obolibrary.org/obo/CL_0000000,muscle cell,muscle cell,http://purl.obolibrary.org/obo/CL_0000187,muscle cell,muscle cell,http://purl.obolibrary.org/obo/CL_0000187,Purkinje myocyte,Purkinje myocyte,http://purl.obolibrary.org/obo/CL_0002068,celltypist,celltypist,celltypist,sc_transcriptomics,sc_transcriptomics,sc_transcriptomics
cell,cell,http://purl.obolibrary.org/obo/CL_0000000,epithelial cell,epithelial cell,http://purl.obolibrary.org/obo/CL_0000066,epithelial cell,epithelial cell,http://purl.obolibrary.org/obo/CL_0000066,enterocyte of epithelium of large intestine,enterocyte of epithelium of large intestine,http://purl.obolibrary.org/obo/CL_0002071,popv,popv,popv,sc_transcriptomics,sc_transcriptomics,sc_transcriptomics
cell,cell,http://purl.obolibrary.org/obo/CL_0000000,muscle cell,muscle cell,http://purl.obolibrary.org/obo/CL_0000187,muscle cell,muscle cell,http://purl.obolibrary.org/obo/CL_0000187,nodal myocyte,nodal myocyte,http://purl.obolibrary.org/obo/CL_0002072,celltypist,celltypist,celltypist,sc_transcriptomics,sc_transcriptomics,sc_transcriptomics
cell,cell,http://purl.obolibrary.org/obo/CL_0000000,epithelial cell,epithelial cell,http://purl.obolibrary.org/obo/CL_0000066,epithelial cell,epithelial cell,http://purl.obolibrary.org/obo/CL_0000066,brush cell of tracheobronchial tree,brush cell of tracheobronchial tree,http://purl.obolibrary.org/obo/CL_0002075,azimuth,azimuth,azimuth,sc_transcriptomics,sc_transcriptomics,sc_transcriptomics
cell,cell,http://purl.obolibrary.org/obo/CL_0000000,epithelial cell,epithelial cell,http://purl.obolibrary.org/obo/CL_0000066,epithelial cell,epithelial cell,http://purl.obolibrary.org/obo/CL_0000066,brush cell of tracheobronchial tree,brush cell of tracheobronchial tree,http://purl.obolibrary.org/obo/CL_0002075,celltypist,celltypist,celltypist,sc_transcriptomics,sc_transcriptomics,sc_transcriptomics
cell,cell,http://purl.obolibrary.org/obo/CL_0000000,epithelial cell,epithelial cell,http://purl.obolibrary.org/obo/CL_0000066,epithelial cell,epithelial cell,http://purl.obolibrary.org/obo/CL_0000066,pancreatic ductal cell,pancreatic ductal cell,http://purl.obolibrary.org/obo/CL_0002079,azimuth,azimuth,azimuth,sc_transcriptomics,sc_transcriptomics,sc_transcriptomics
cell,cell,http://purl.obolibrary.org/obo/CL_0000000,epithelial cell,epithelial cell,http://purl.obolibrary.org/obo/CL_0000066,epithelial cell,epithelial cell,http://purl.obolibrary.org/obo/CL_0000066,pancreatic ductal cell,pancreatic ductal cell,http://purl.obolibrary.org/obo/CL_0002079,celltypist,celltypist,celltypist,sc_transcriptomics,sc_transcriptomics,sc_transcriptomics
cell,cell,http://purl.obolibrary.org/obo/CL_0000000,epithelial cell,epithelial cell,http://purl.obolibrary.org/obo/CL_0000066,epithelial cell,epithelial cell,http://purl.obolibrary.org/obo/CL_0000066,pancreatic ductal cell,pancreatic ductal cell,http://purl.obolibrary.org/obo/CL_0002079,popv,popv,popv,sc_transcriptomics,sc_transcriptomics,sc_transcriptomics
cell,cell,http://purl.obolibrary.org/obo/CL_0000000,epithelial cell,epithelial cell,http://purl.obolibrary.org/obo/CL_0000066,epithelial cell,epithelial cell,http://purl.obolibrary.org/obo/CL_0000066,interstitial cell of Cajal,interstitial cell of Cajal,http://purl.obolibrary.org/obo/CL_0002088,celltypist,celltypist,celltypist,sc_transcriptomics,sc_transcriptomics,sc_transcriptomics
cell,cell,http://purl.obolibrary.org/obo/CL_0000000,epithelial cell,epithelial cell,http://purl.obolibrary.org/obo/CL_0000066,epithelial cell,epithelial cell,http://purl.obolibrary.org/obo/CL_0000066,interstitial cell of Cajal,interstitial cell of Cajal,http://purl.obolibrary.org/obo/CL_0002088,vccf,vccf,vccf,sc_proteomics,sc_proteomics,sc_proteomics
cell,cell,http://purl.obolibrary.org/obo/CL_0000000,endothelial cell,endothelial cell,http://purl.obolibrary.org/obo/CL_0000115,endothelial cell,endothelial cell,http://purl.obolibrary.org/obo/CL_0000115,endothelial cell of lymphatic vessel,endothelial cell of lymphatic vessel,http://purl.obolibrary.org/obo/CL_0002138,azimuth,azimuth,azimuth,sc_transcriptomics,sc_transcriptomics,sc_transcriptomics
cell,cell,http://purl.obolibrary.org/obo/CL_0000000,endothelial cell,endothelial cell,http://purl.obolibrary.org/obo/CL_0000115,endothelial cell,endothelial cell,http://purl.obolibrary.org/obo/CL_0000115,endothelial cell of lymphatic vessel,endothelial cell of lymphatic vessel,http://purl.obolibrary.org/obo/CL_0002138,celltypist,celltypist,celltypist,sc_transcriptomics,sc_transcriptomics,sc_transcriptomics
cell,cell,http://purl.obolibrary.org/obo/CL_0000000,endothelial cell,endothelial cell,http://purl.obolibrary.org/obo/CL_0000115,endothelial cell,endothelial cell,http://purl.obolibrary.org/obo/CL_0000115,endothelial cell of lymphatic vessel,endothelial cell of lymphatic vessel,http://purl.obolibrary.org/obo/CL_0002138,popv,popv,popv,sc_transcriptomics,sc_transcriptomics,sc_transcriptomics
cell,cell,http://purl.obolibrary.org/obo/CL_0000000,endothelial cell,endothelial cell,http://purl.obolibrary.org/obo/CL_0000115,endothelial cell,endothelial cell,http://purl.obolibrary.org/obo/CL_0000115,endothelial cell of lymphatic vessel,endothelial cell of lymphatic vessel,http://purl.obolibrary.org/obo/CL_0002138,vccf,vccf,vccf,sc_proteomics,sc_proteomics,sc_proteomics
cell,cell,http://purl.obolibrary.org/obo/CL_0000000,endothelial cell,endothelial cell,http://purl.obolibrary.org/obo/CL_0000115,endothelial cell,endothelial cell,http://purl.obolibrary.org/obo/CL_0000115,capillary endothelial cell,capillary endothelial cell,http://purl.obolibrary.org/obo/CL_0002144,azimuth,azimuth,azimuth,sc_transcriptomics,sc_transcriptomics,sc_transcriptomics
cell,cell,http://purl.obolibrary.org/obo/CL_0000000,endothelial cell,endothelial cell,http://purl.obolibrary.org/obo/CL_0000115,endothelial cell,endothelial cell,http://purl.obolibrary.org/obo/CL_0000115,capillary endothelial cell,capillary endothelial cell,http://purl.obolibrary.org/obo/CL_0002144,celltypist,celltypist,celltypist,sc_transcriptomics,sc_transcriptomics,sc_transcriptomics
cell,cell,http://purl.obolibrary.org/obo/CL_0000000,endothelial cell,endothelial cell,http://purl.obolibrary.org/obo/CL_0000115,endothelial cell,endothelial cell,http://purl.obolibrary.org/obo/CL_0000115,capillary endothelial cell,capillary endothelial cell,http://purl.obolibrary.org/obo/CL_0002144,popv,popv,popv,sc_transcriptomics,sc_transcriptomics,sc_transcriptomics
cell,cell,http://purl.obolibrary.org/obo/CL_0000000,endothelial cell,endothelial cell,http://purl.obolibrary.org/obo/CL_0000115,endothelial cell,endothelial cell,http://purl.obolibrary.org/obo/CL_0000115,capillary endothelial cell,capillary endothelial cell,http://purl.obolibrary.org/obo/CL_0002144,vccf,vccf,vccf,sc_proteomics,sc_proteomics,sc_proteomics
cell,cell,http://purl.obolibrary.org/obo/CL_0000000,epithelial cell,epithelial cell,http://purl.obolibrary.org/obo/CL_0000066,epithelial cell,epithelial cell,http://purl.obolibrary.org/obo/CL_0000066,multiciliated columnar cell of tracheobronchial tree,multiciliated columnar cell of tracheobronchial tree,http://purl.obolibrary.org/obo/CL_0002145,azimuth,azimuth,azimuth,sc_transcriptomics,sc_transcriptomics,sc_transcriptomics
cell,cell,http://purl.obolibrary.org/obo/CL_0000000,no mapped parent cell,no mapped parent cell,http://purl.obolibrary.org/obo/CL_0000000,no mapped parent cell,no mapped parent cell,http://purl.obolibrary.org/obo/CL_0000000,corneocyte,corneocyte,http://purl.obolibrary.org/obo/CL_0002153,celltypist,celltypist,celltypist,sc_transcriptomics,sc_transcriptomics,sc_transcriptomics
cell,cell,http://purl.obolibrary.org/obo/CL_0000000,epithelial cell,epithelial cell,http://purl.obolibrary.org/obo/CL_0000066,epithelial cell,epithelial cell,http://purl.obolibrary.org/obo/CL_0000066,renal beta-intercalated cell,renal beta-intercalated cell,http://purl.obolibrary.org/obo/CL_0002201,azimuth,azimuth,azimuth,sc_transcriptomics,sc_transcriptomics,sc_transcriptomics
cell,cell,http://purl.obolibrary.org/obo/CL_0000000,connective tissue cell,connective tissue cell,http://purl.obolibrary.org/obo/CL_0002320,stromal cell,stromal cell,http://purl.obolibrary.org/obo/CL_0000499,pulmonary interstitial fibroblast,pulmonary interstitial fibroblast,http://purl.obolibrary.org/obo/CL_0002241,azimuth,azimuth,azimuth,sc_transcriptomics,sc_transcriptomics,sc_transcriptomics
cell,cell,http://purl.obolibrary.org/obo/CL_0000000,connective tissue cell,connective tissue cell,http://purl.obolibrary.org/obo/CL_0002320,stromal cell,stromal cell,http://purl.obolibrary.org/obo/CL_0000499,pulmonary interstitial fibroblast,pulmonary interstitial fibroblast,http://purl.obolibrary.org/obo/CL_0002241,celltypist,celltypist,celltypist,sc_transcriptomics,sc_transcriptomics,sc_transcriptomics
cell,cell,http://purl.obolibrary.org/obo/CL_0000000,epithelial cell,epithelial cell,http://purl.obolibrary.org/obo/CL_0000066,epithelial cell,epithelial cell,http://purl.obolibrary.org/obo/CL_0000066,epithelial cell of large intestine,epithelial cell of large intestine,http://purl.obolibrary.org/obo/CL_0002253,popv,popv,popv,sc_transcriptomics,sc_transcriptomics,sc_transcriptomics
cell,cell,http://purl.obolibrary.org/obo/CL_0000000,epithelial cell,epithelial cell,http://purl.obolibrary.org/obo/CL_0000066,epithelial cell,epithelial cell,http://purl.obolibrary.org/obo/CL_0000066,epithelial cell of small intestine,epithelial cell of small intestine,http://purl.obolibrary.org/obo/CL_0002254,popv,popv,popv,sc_transcriptomics,sc_transcriptomics,sc_transcriptomics
cell,cell,http://purl.obolibrary.org/obo/CL_0000000,epithelial cell,epithelial cell,http://purl.obolibrary.org/obo/CL_0000066,epithelial cell,epithelial cell,http://purl.obolibrary.org/obo/CL_0000066,pancreatic PP cell,pancreatic PP cell,http://purl.obolibrary.org/obo/CL_0002275,azimuth,azimuth,azimuth,sc_transcriptomics,sc_transcriptomics,sc_transcriptomics
cell,cell,http://purl.obolibrary.org/obo/CL_0000000,epithelial cell,epithelial cell,http://purl.obolibrary.org/obo/CL_0000066,epithelial cell,epithelial cell,http://purl.obolibrary.org/obo/CL_0000066,pancreatic PP cell,pancreatic PP cell,http://purl.obolibrary.org/obo/CL_0002275,celltypist,celltypist,celltypist,sc_transcriptomics,sc_transcriptomics,sc_transcriptomics
cell,cell,http://purl.obolibrary.org/obo/CL_0000000,epithelial cell,epithelial cell,http://purl.obolibrary.org/obo/CL_0000066,epithelial cell,epithelial cell,http://purl.obolibrary.org/obo/CL_0000066,pancreatic PP cell,pancreatic PP cell,http://purl.obolibrary.org/obo/CL_0002275,popv,popv,popv,sc_transcriptomics,sc_transcriptomics,sc_transcriptomics
cell,cell,http://purl.obolibrary.org/obo/CL_0000000,epithelial cell,epithelial cell,http://purl.obolibrary.org/obo/CL_0000066,epithelial cell,epithelial cell,http://purl.obolibrary.org/obo/CL_0000066,bronchial epithelial cell,bronchial epithelial cell,http://purl.obolibrary.org/obo/CL_0002328,popv,popv,popv,sc_transcriptomics,sc_transcriptomics,sc_transcriptomics
cell,cell,http://purl.obolibrary.org/obo/CL_0000000,epithelial cell,epithelial cell,http://purl.obolibrary.org/obo/CL_0000066,epithelial cell,epithelial cell,http://purl.obolibrary.org/obo/CL_0000066,luminal cell of prostate epithelium,luminal cell of prostate epithelium,http://purl.obolibrary.org/obo/CL_0002340,popv,popv,popv,sc_transcriptomics,sc_transcriptomics,sc_transcriptomics
cell,cell,http://purl.obolibrary.org/obo/CL_0000000,epithelial cell,epithelial cell,http://purl.obolibrary.org/obo/CL_0000066,epithelial cell,epithelial cell,http://purl.obolibrary.org/obo/CL_0000066,basal cell of prostate epithelium,basal cell of prostate epithelium,http://purl.obolibrary.org/obo/CL_0002341,popv,popv,popv,sc_transcriptomics,sc_transcriptomics,sc_transcriptomics
cell,cell,http://purl.obolibrary.org/obo/CL_0000000,endothelial cell,endothelial cell,http://purl.obolibrary.org/obo/CL_0000115,endothelial cell,endothelial cell,http://purl.obolibrary.org/obo/CL_0000115,endocardial cell,endocardial cell,http://purl.obolibrary.org/obo/CL_0002350,azimuth,azimuth,azimuth,sc_transcriptomics,sc_transcriptomics,sc_transcriptomics
cell,cell,http://purl.obolibrary.org/obo/CL_0000000,endothelial cell,endothelial cell,http://purl.obolibrary.org/obo/CL_0000115,endothelial cell,endothelial cell,http://purl.obolibrary.org/obo/CL_0000115,endocardial cell,endocardial cell,http://purl.obolibrary.org/obo/CL_0002350,celltypist,celltypist,celltypist,sc_transcriptomics,sc_transcriptomics,sc_transcriptomics
cell,cell,http://purl.obolibrary.org/obo/CL_0000000,epithelial cell,epithelial cell,http://purl.obolibrary.org/obo/CL_0000066,epithelial cell,epithelial cell,http://purl.obolibrary.org/obo/CL_0000066,medullary thymic epithelial cell,medullary thymic epithelial cell,http://purl.obolibrary.org/obo/CL_0002365,popv,popv,popv,sc_transcriptomics,sc_transcriptomics,sc_transcriptomics
cell,cell,http://purl.obolibrary.org/obo/CL_0000000,epithelial cell,epithelial cell,http://purl.obolibrary.org/obo/CL_0000066,epithelial cell,epithelial cell,http://purl.obolibrary.org/obo/CL_0000066,respiratory tract goblet cell,respiratory tract goblet cell,http://purl.obolibrary.org/obo/CL_0002370,popv,popv,popv,sc_transcriptomics,sc_transcriptomics,sc_transcriptomics
cell,cell,http://purl.obolibrary.org/obo/CL_0000000,hematopoietic cell,hematopoietic cell,http://purl.obolibrary.org/obo/CL_0000988,monocyte,monocyte,http://purl.obolibrary.org/obo/CL_0000576,intermediate monocyte,intermediate monocyte,http://purl.obolibrary.org/obo/CL_0002393,popv,popv,popv,sc_transcriptomics,sc_transcriptomics,sc_transcriptomics
cell,cell,http://purl.obolibrary.org/obo/CL_0000000,hematopoietic cell,hematopoietic cell,http://purl.obolibrary.org/obo/CL_0000988,dendritic cell,dendritic cell,http://purl.obolibrary.org/obo/CL_0000451,CD141-positive myeloid dendritic cell,CD141-positive myeloid dendritic cell,http://purl.obolibrary.org/obo/CL_0002394,azimuth,azimuth,azimuth,sc_transcriptomics,sc_transcriptomics,sc_transcriptomics
cell,cell,http://purl.obolibrary.org/obo/CL_0000000,hematopoietic cell,hematopoietic cell,http://purl.obolibrary.org/obo/CL_0000988,dendritic cell,dendritic cell,http://purl.obolibrary.org/obo/CL_0000451,CD141-positive myeloid dendritic cell,CD141-positive myeloid dendritic cell,http://purl.obolibrary.org/obo/CL_0002394,celltypist,celltypist,celltypist,sc_transcriptomics,sc_transcriptomics,sc_transcriptomics
cell,cell,http://purl.obolibrary.org/obo/CL_0000000,hematopoietic cell,hematopoietic cell,http://purl.obolibrary.org/obo/CL_0000988,dendritic cell,dendritic cell,http://purl.obolibrary.org/obo/CL_0000451,CD141-positive myeloid dendritic cell,CD141-positive myeloid dendritic cell,http://purl.obolibrary.org/obo/CL_0002394,popv,popv,popv,sc_transcriptomics,sc_transcriptomics,sc_transcriptomics
cell,cell,http://purl.obolibrary.org/obo/CL_0000000,hematopoietic cell,hematopoietic cell,http://purl.obolibrary.org/obo/CL_0000988,dendritic cell,dendritic cell,http://purl.obolibrary.org/obo/CL_0000451,CD141-positive myeloid dendritic cell,CD141-positive myeloid dendritic cell,http://purl.obolibrary.org/obo/CL_0002394,vccf,vccf,vccf,sc_proteomics,sc_proteomics,sc_proteomics
cell,cell,http://purl.obolibrary.org/obo/CL_0000000,hematopoietic cell,hematopoietic cell,http://purl.obolibrary.org/obo/CL_0000988,monocyte,monocyte,http://purl.obolibrary.org/obo/CL_0000576,"CD14-low, CD16-positive monocyte","CD14-low, CD16-positive monocyte",http://purl.obolibrary.org/obo/CL_0002396,azimuth,azimuth,azimuth,sc_transcriptomics,sc_transcriptomics,sc_transcriptomics
cell,cell,http://purl.obolibrary.org/obo/CL_0000000,hematopoietic cell,hematopoietic cell,http://purl.obolibrary.org/obo/CL_0000988,monocyte,monocyte,http://purl.obolibrary.org/obo/CL_0000576,"CD14-low, CD16-positive monocyte","CD14-low, CD16-positive monocyte",http://purl.obolibrary.org/obo/CL_0002396,celltypist,celltypist,celltypist,sc_transcriptomics,sc_transcriptomics,sc_transcriptomics
cell,cell,http://purl.obolibrary.org/obo/CL_0000000,hematopoietic cell,hematopoietic cell,http://purl.obolibrary.org/obo/CL_0000988,dendritic cell,dendritic cell,http://purl.obolibrary.org/obo/CL_0000451,CD1c-positive myeloid dendritic cell,CD1c-positive myeloid dendritic cell,http://purl.obolibrary.org/obo/CL_0002399,azimuth,azimuth,azimuth,sc_transcriptomics,sc_transcriptomics,sc_transcriptomics
cell,cell,http://purl.obolibrary.org/obo/CL_0000000,hematopoietic cell,hematopoietic cell,http://purl.obolibrary.org/obo/CL_0000988,dendritic cell,dendritic cell,http://purl.obolibrary.org/obo/CL_0000451,CD1c-positive myeloid dendritic cell,CD1c-positive myeloid dendritic cell,http://purl.obolibrary.org/obo/CL_0002399,celltypist,celltypist,celltypist,sc_transcriptomics,sc_transcriptomics,sc_transcriptomics
cell,cell,http://purl.obolibrary.org/obo/CL_0000000,hematopoietic cell,hematopoietic cell,http://purl.obolibrary.org/obo/CL_0000988,dendritic cell,dendritic cell,http://purl.obolibrary.org/obo/CL_0000451,CD1c-positive myeloid dendritic cell,CD1c-positive myeloid dendritic cell,http://purl.obolibrary.org/obo/CL_0002399,popv,popv,popv,sc_transcriptomics,sc_transcriptomics,sc_transcriptomics
cell,cell,http://purl.obolibrary.org/obo/CL_0000000,hematopoietic cell,hematopoietic cell,http://purl.obolibrary.org/obo/CL_0000988,dendritic cell,dendritic cell,http://purl.obolibrary.org/obo/CL_0000451,CD1c-positive myeloid dendritic cell,CD1c-positive myeloid dendritic cell,http://purl.obolibrary.org/obo/CL_0002399,vccf,vccf,vccf,sc_proteomics,sc_proteomics,sc_proteomics
cell,cell,http://purl.obolibrary.org/obo/CL_0000000,connective tissue cell,connective tissue cell,http://purl.obolibrary.org/obo/CL_0002320,stromal cell,stromal cell,http://purl.obolibrary.org/obo/CL_0000499,pancreatic stellate cell,pancreatic stellate cell,http://purl.obolibrary.org/obo/CL_0002410,celltypist,celltypist,celltypist,sc_transcriptomics,sc_transcriptomics,sc_transcriptomics
cell,cell,http://purl.obolibrary.org/obo/CL_0000000,connective tissue cell,connective tissue cell,http://purl.obolibrary.org/obo/CL_0002320,stromal cell,stromal cell,http://purl.obolibrary.org/obo/CL_0000499,pancreatic stellate cell,pancreatic stellate cell,http://purl.obolibrary.org/obo/CL_0002410,popv,popv,popv,sc_transcriptomics,sc_transcriptomics,sc_transcriptomics
cell,cell,http://purl.obolibrary.org/obo/CL_0000000,hematopoietic cell,hematopoietic cell,http://purl.obolibrary.org/obo/CL_0000988,dendritic cell,dendritic cell,http://purl.obolibrary.org/obo/CL_0000451,epidermal Langerhans cell,epidermal Langerhans cell,http://purl.obolibrary.org/obo/CL_0002457,celltypist,celltypist,celltypist,sc_transcriptomics,sc_transcriptomics,sc_transcriptomics
cell,cell,http://purl.obolibrary.org/obo/CL_0000000,hematopoietic cell,hematopoietic cell,http://purl.obolibrary.org/obo/CL_0000988,T cell,T cell,http://purl.obolibrary.org/obo/CL_0000084,double negative thymocyte,double negative thymocyte,http://purl.obolibrary.org/obo/CL_0002489,azimuth,azimuth,azimuth,sc_transcriptomics,sc_transcriptomics,sc_transcriptomics
cell,cell,http://purl.obolibrary.org/obo/CL_0000000,hematopoietic cell,hematopoietic cell,http://purl.obolibrary.org/obo/CL_0000988,T cell,T cell,http://purl.obolibrary.org/obo/CL_0000084,double negative thymocyte,double negative thymocyte,http://purl.obolibrary.org/obo/CL_0002489,vccf,vccf,vccf,sc_proteomics,sc_proteomics,sc_proteomics
cell,cell,http://purl.obolibrary.org/obo/CL_0000000,muscle cell,muscle cell,http://purl.obolibrary.org/obo/CL_0000187,muscle cell,muscle cell,http://purl.obolibrary.org/obo/CL_0000187,enteric smooth muscle cell,enteric smooth muscle cell,http://purl.obolibrary.org/obo/CL_0002504,,,,sc_transcriptomics,sc_transcriptomics,sc_transcriptomics
cell,cell,http://purl.obolibrary.org/obo/CL_0000000,endothelial cell,endothelial cell,http://purl.obolibrary.org/obo/CL_0000115,endothelial cell,endothelial cell,http://purl.obolibrary.org/obo/CL_0000115,vein endothelial cell,vein endothelial cell,http://purl.obolibrary.org/obo/CL_0002543,azimuth,azimuth,azimuth,sc_transcriptomics,sc_transcriptomics,sc_transcriptomics
cell,cell,http://purl.obolibrary.org/obo/CL_0000000,endothelial cell,endothelial cell,http://purl.obolibrary.org/obo/CL_0000115,endothelial cell,endothelial cell,http://purl.obolibrary.org/obo/CL_0000115,vein endothelial cell,vein endothelial cell,http://purl.obolibrary.org/obo/CL_0002543,celltypist,celltypist,celltypist,sc_transcriptomics,sc_transcriptomics,sc_transcriptomics
cell,cell,http://purl.obolibrary.org/obo/CL_0000000,endothelial cell,endothelial cell,http://purl.obolibrary.org/obo/CL_0000115,endothelial cell,endothelial cell,http://purl.obolibrary.org/obo/CL_0000115,vein endothelial cell,vein endothelial cell,http://purl.obolibrary.org/obo/CL_0002543,popv,popv,popv,sc_transcriptomics,sc_transcriptomics,sc_transcriptomics
cell,cell,http://purl.obolibrary.org/obo/CL_0000000,neural cell,neural cell,http://purl.obolibrary.org/obo/CL_0002319,glial cell,glial cell,http://purl.obolibrary.org/obo/CL_0000125,Schwann cell,Schwann cell,http://purl.obolibrary.org/obo/CL_0002573,azimuth,azimuth,azimuth,sc_transcriptomics,sc_transcriptomics,sc_transcriptomics
cell,cell,http://purl.obolibrary.org/obo/CL_0000000,neural cell,neural cell,http://purl.obolibrary.org/obo/CL_0002319,glial cell,glial cell,http://purl.obolibrary.org/obo/CL_0000125,Schwann cell,Schwann cell,http://purl.obolibrary.org/obo/CL_0002573,celltypist,celltypist,celltypist,sc_transcriptomics,sc_transcriptomics,sc_transcriptomics
cell,cell,http://purl.obolibrary.org/obo/CL_0000000,neural cell,neural cell,http://purl.obolibrary.org/obo/CL_0002319,glial cell,glial cell,http://purl.obolibrary.org/obo/CL_0000125,Schwann cell,Schwann cell,http://purl.obolibrary.org/obo/CL_0002573,vccf,vccf,vccf,sc_proteomics,sc_proteomics,sc_proteomics
cell,cell,http://purl.obolibrary.org/obo/CL_0000000,muscle cell,muscle cell,http://purl.obolibrary.org/obo/CL_0000187,muscle cell,muscle cell,http://purl.obolibrary.org/obo/CL_0000187,bronchial smooth muscle cell,bronchial smooth muscle cell,http://purl.obolibrary.org/obo/CL_0002598,popv,popv,popv,sc_transcriptomics,sc_transcriptomics,sc_transcriptomics
cell,cell,http://purl.obolibrary.org/obo/CL_0000000,stem cell,stem cell,http://purl.obolibrary.org/obo/CL_0000034,stem cell,stem cell,http://purl.obolibrary.org/obo/CL_0000034,respiratory basal cell,respiratory basal cell,http://purl.obolibrary.org/obo/CL_0002633,celltypist,celltypist,celltypist,sc_transcriptomics,sc_transcriptomics,sc_transcriptomics
cell,cell,http://purl.obolibrary.org/obo/CL_0000000,hematopoietic cell,hematopoietic cell,http://purl.obolibrary.org/obo/CL_0000988,T cell,T cell,http://purl.obolibrary.org/obo/CL_0000084,naive regulatory T cell,naive regulatory T cell,http://purl.obolibrary.org/obo/CL_0002677,azimuth,azimuth,azimuth,sc_transcriptomics,sc_transcriptomics,sc_transcriptomics
cell,cell,http://purl.obolibrary.org/obo/CL_0000000,hematopoietic cell,hematopoietic cell,http://purl.obolibrary.org/obo/CL_0000988,T cell,T cell,http://purl.obolibrary.org/obo/CL_0000084,naive regulatory T cell,naive regulatory T cell,http://purl.obolibrary.org/obo/CL_0002677,popv,popv,popv,sc_transcriptomics,sc_transcriptomics,sc_transcriptomics
cell,cell,http://purl.obolibrary.org/obo/CL_0000000,epithelial cell,epithelial cell,http://purl.obolibrary.org/obo/CL_0000066,epithelial cell,epithelial cell,http://purl.obolibrary.org/obo/CL_0000066,ionocyte,ionocyte,http://purl.obolibrary.org/obo/CL_0005006,azimuth,azimuth,azimuth,sc_transcriptomics,sc_transcriptomics,sc_transcriptomics
cell,cell,http://purl.obolibrary.org/obo/CL_0000000,epithelial cell,epithelial cell,http://purl.obolibrary.org/obo/CL_0000066,epithelial cell,epithelial cell,http://purl.obolibrary.org/obo/CL_0000066,ionocyte,ionocyte,http://purl.obolibrary.org/obo/CL_0005006,celltypist,celltypist,celltypist,sc_transcriptomics,sc_transcriptomics,sc_transcriptomics
cell,cell,http://purl.obolibrary.org/obo/CL_0000000,epithelial cell,epithelial cell,http://purl.obolibrary.org/obo/CL_0000066,epithelial cell,epithelial cell,http://purl.obolibrary.org/obo/CL_0000066,ionocyte,ionocyte,http://purl.obolibrary.org/obo/CL_0005006,popv,popv,popv,sc_transcriptomics,sc_transcriptomics,sc_transcriptomics
cell,cell,http://purl.obolibrary.org/obo/CL_0000000,epithelial cell,epithelial cell,http://purl.obolibrary.org/obo/CL_0000066,epithelial cell,epithelial cell,http://purl.obolibrary.org/obo/CL_0000066,multiciliated epithelial cell,multiciliated epithelial cell,http://purl.obolibrary.org/obo/CL_0005012,azimuth,azimuth,azimuth,sc_transcriptomics,sc_transcriptomics,sc_transcriptomics
cell,cell,http://purl.obolibrary.org/obo/CL_0000000,epithelial cell,epithelial cell,http://purl.obolibrary.org/obo/CL_0000066,epithelial cell,epithelial cell,http://purl.obolibrary.org/obo/CL_0000066,paneth cell of colon,paneth cell of colon,http://purl.obolibrary.org/obo/CL_0009009,popv,popv,popv,sc_transcriptomics,sc_transcriptomics,sc_transcriptomics
cell,cell,http://purl.obolibrary.org/obo/CL_0000000,no mapped parent cell,no mapped parent cell,http://purl.obolibrary.org/obo/CL_0000000,no mapped parent cell,no mapped parent cell,http://purl.obolibrary.org/obo/CL_0000000,transit amplifying cell,transit amplifying cell,http://purl.obolibrary.org/obo/CL_0009010,celltypist,celltypist,celltypist,sc_transcriptomics,sc_transcriptomics,sc_transcriptomics
cell,cell,http://purl.obolibrary.org/obo/CL_0000000,no mapped parent cell,no mapped parent cell,http://purl.obolibrary.org/obo/CL_0000000,no mapped parent cell,no mapped parent cell,http://purl.obolibrary.org/obo/CL_0000000,transit amplifying cell,transit amplifying cell,http://purl.obolibrary.org/obo/CL_0009010,vccf,vccf,vccf,sc_proteomics,sc_proteomics,sc_proteomics
cell,cell,http://purl.obolibrary.org/obo/CL_0000000,epithelial cell,epithelial cell,http://purl.obolibrary.org/obo/CL_0000066,epithelial cell,epithelial cell,http://purl.obolibrary.org/obo/CL_0000066,transit amplifying cell of colon,transit amplifying cell of colon,http://purl.obolibrary.org/obo/CL_0009011,popv,popv,popv,sc_transcriptomics,sc_transcriptomics,sc_transcriptomics
cell,cell,http://purl.obolibrary.org/obo/CL_0000000,epithelial cell,epithelial cell,http://purl.obolibrary.org/obo/CL_0000066,epithelial cell,epithelial cell,http://purl.obolibrary.org/obo/CL_0000066,intestinal crypt stem cell of large intestine,intestinal crypt stem cell of large intestine,http://purl.obolibrary.org/obo/CL_0009016,popv,popv,popv,sc_transcriptomics,sc_transcriptomics,sc_transcriptomics
cell,cell,http://purl.obolibrary.org/obo/CL_0000000,epithelial cell,epithelial cell,http://purl.obolibrary.org/obo/CL_0000066,epithelial cell,epithelial cell,http://purl.obolibrary.org/obo/CL_0000066,tuft cell of small intestine,tuft cell of small intestine,http://purl.obolibrary.org/obo/CL_0009080,popv,popv,popv,sc_transcriptomics,sc_transcriptomics,sc_transcriptomics
cell,cell,http://purl.obolibrary.org/obo/CL_0000000,endothelial cell,endothelial cell,http://purl.obolibrary.org/obo/CL_0000115,endothelial cell,endothelial cell,http://purl.obolibrary.org/obo/CL_0000115,endothelial cell of respiratory system lymphatic vessel,endothelial cell of respiratory system lymphatic vessel,http://purl.obolibrary.org/obo/CL_0009086,,,,sc_transcriptomics,sc_transcriptomics,sc_transcriptomics
cell,cell,http://purl.obolibrary.org/obo/CL_0000000,connective tissue cell,connective tissue cell,http://purl.obolibrary.org/obo/CL_0002320,connective tissue cell,connective tissue cell,http://purl.obolibrary.org/obo/CL_0002320,lung pericyte,lung pericyte,http://purl.obolibrary.org/obo/CL_0009089,azimuth,azimuth,azimuth,sc_transcriptomics,sc_transcriptomics,sc_transcriptomics
cell,cell,http://purl.obolibrary.org/obo/CL_0000000,hematopoietic cell,hematopoietic cell,http://purl.obolibrary.org/obo/CL_0000988,dendritic cell,dendritic cell,http://purl.obolibrary.org/obo/CL_0000451,monocyte-derived dendritic cell,monocyte-derived dendritic cell,http://purl.obolibrary.org/obo/CL_0011031,azimuth,azimuth,azimuth,sc_transcriptomics,sc_transcriptomics,sc_transcriptomics
cell,cell,http://purl.obolibrary.org/obo/CL_0000000,hematopoietic cell,hematopoietic cell,http://purl.obolibrary.org/obo/CL_0000988,dendritic cell,dendritic cell,http://purl.obolibrary.org/obo/CL_0000451,monocyte-derived dendritic cell,monocyte-derived dendritic cell,http://purl.obolibrary.org/obo/CL_0011031,celltypist,celltypist,celltypist,sc_transcriptomics,sc_transcriptomics,sc_transcriptomics
cell,cell,http://purl.obolibrary.org/obo/CL_0000000,epithelial cell,epithelial cell,http://purl.obolibrary.org/obo/CL_0000066,epithelial cell,epithelial cell,http://purl.obolibrary.org/obo/CL_0000066,colon epithelial cell,colon epithelial cell,http://purl.obolibrary.org/obo/CL_0011108,popv,popv,popv,sc_transcriptomics,sc_transcriptomics,sc_transcriptomics
cell,cell,http://purl.obolibrary.org/obo/CL_0000000,epithelial cell,epithelial cell,http://purl.obolibrary.org/obo/CL_0000066,epithelial cell,epithelial cell,http://purl.obolibrary.org/obo/CL_0000066,pulmonary ionocyte,pulmonary ionocyte,http://purl.obolibrary.org/obo/CL_0017000,azimuth,azimuth,azimuth,sc_transcriptomics,sc_transcriptomics,sc_transcriptomics
cell,cell,http://purl.obolibrary.org/obo/CL_0000000,epithelial cell,epithelial cell,http://purl.obolibrary.org/obo/CL_0000066,epithelial cell,epithelial cell,http://purl.obolibrary.org/obo/CL_0000066,pulmonary ionocyte,pulmonary ionocyte,http://purl.obolibrary.org/obo/CL_0017000,popv,popv,popv,sc_transcriptomics,sc_transcriptomics,sc_transcriptomics
cell,cell,http://purl.obolibrary.org/obo/CL_0000000,no mapped parent cell,no mapped parent cell,http://purl.obolibrary.org/obo/CL_0000000,no mapped parent cell,no mapped parent cell,http://purl.obolibrary.org/obo/CL_0000000,tracheobronchial serous cell,tracheobronchial serous cell,http://purl.obolibrary.org/obo/CL_0019001,,,,sc_transcriptomics,sc_transcriptomics,sc_transcriptomics
cell,cell,http://purl.obolibrary.org/obo/CL_0000000,epithelial cell,epithelial cell,http://purl.obolibrary.org/obo/CL_0000066,epithelial cell,epithelial cell,http://purl.obolibrary.org/obo/CL_0000066,tracheobronchial goblet cell,tracheobronchial goblet cell,http://purl.obolibrary.org/obo/CL_0019003,azimuth,azimuth,azimuth,sc_transcriptomics,sc_transcriptomics,sc_transcriptomics
cell,cell,http://purl.obolibrary.org/obo/CL_0000000,epithelial cell,epithelial cell,http://purl.obolibrary.org/obo/CL_0000066,epithelial cell,epithelial cell,http://purl.obolibrary.org/obo/CL_0000066,tracheobronchial goblet cell,tracheobronchial goblet cell,http://purl.obolibrary.org/obo/CL_0019003,celltypist,celltypist,celltypist,sc_transcriptomics,sc_transcriptomics,sc_transcriptomics
cell,cell,http://purl.obolibrary.org/obo/CL_0000000,epithelial cell,epithelial cell,http://purl.obolibrary.org/obo/CL_0000066,epithelial cell,epithelial cell,http://purl.obolibrary.org/obo/CL_0000066,intestinal tuft cell,intestinal tuft cell,http://purl.obolibrary.org/obo/CL_0019032,celltypist,celltypist,celltypist,sc_transcriptomics,sc_transcriptomics,sc_transcriptomics
cell,cell,http://purl.obolibrary.org/obo/CL_0000000,epithelial cell,epithelial cell,http://purl.obolibrary.org/obo/CL_0000066,epithelial cell,epithelial cell,http://purl.obolibrary.org/obo/CL_0000066,intestinal tuft cell,intestinal tuft cell,http://purl.obolibrary.org/obo/CL_0019032,popv,popv,popv,sc_transcriptomics,sc_transcriptomics,sc_transcriptomics
cell,cell,http://purl.obolibrary.org/obo/CL_0000000,epithelial cell,epithelial cell,http://purl.obolibrary.org/obo/CL_0000066,epithelial cell,epithelial cell,http://purl.obolibrary.org/obo/CL_0000066,intestinal tuft cell,intestinal tuft cell,http://purl.obolibrary.org/obo/CL_0019032,vccf,vccf,vccf,sc_proteomics,sc_proteomics,sc_proteomics
cell,cell,http://purl.obolibrary.org/obo/CL_0000000,epithelial cell,epithelial cell,http://purl.obolibrary.org/obo/CL_0000066,epithelial cell,epithelial cell,http://purl.obolibrary.org/obo/CL_0000066,lung multiciliated epithelial cell,lung multiciliated epithelial cell,http://purl.obolibrary.org/obo/CL_1000271,celltypist,celltypist,celltypist,sc_transcriptomics,sc_transcriptomics,sc_transcriptomics
cell,cell,http://purl.obolibrary.org/obo/CL_0000000,epithelial cell,epithelial cell,http://purl.obolibrary.org/obo/CL_0000066,epithelial cell,epithelial cell,http://purl.obolibrary.org/obo/CL_0000066,lung multiciliated epithelial cell,lung multiciliated epithelial cell,http://purl.obolibrary.org/obo/CL_1000271,popv,popv,popv,sc_transcriptomics,sc_transcriptomics,sc_transcriptomics
cell,cell,http://purl.obolibrary.org/obo/CL_0000000,epithelial cell,epithelial cell,http://purl.obolibrary.org/obo/CL_0000066,epithelial cell,epithelial cell,http://purl.obolibrary.org/obo/CL_0000066,bronchial goblet cell,bronchial goblet cell,http://purl.obolibrary.org/obo/CL_1000312,azimuth,azimuth,azimuth,sc_transcriptomics,sc_transcriptomics,sc_transcriptomics
cell,cell,http://purl.obolibrary.org/obo/CL_0000000,epithelial cell,epithelial cell,http://purl.obolibrary.org/obo/CL_0000066,epithelial cell,epithelial cell,http://purl.obolibrary.org/obo/CL_0000066,large intestine goblet cell,large intestine goblet cell,http://purl.obolibrary.org/obo/CL_1000320,popv,popv,popv,sc_transcriptomics,sc_transcriptomics,sc_transcriptomics
cell,cell,http://purl.obolibrary.org/obo/CL_0000000,no mapped parent cell,no mapped parent cell,http://purl.obolibrary.org/obo/CL_0000000,no mapped parent cell,no mapped parent cell,http://purl.obolibrary.org/obo/CL_0000000,serous cell of epithelium of bronchus,serous cell of epithelium of bronchus,http://purl.obolibrary.org/obo/CL_1000331,popv,popv,popv,sc_transcriptomics,sc_transcriptomics,sc_transcriptomics
cell,cell,http://purl.obolibrary.org/obo/CL_0000000,epithelial cell,epithelial cell,http://purl.obolibrary.org/obo/CL_0000066,epithelial cell,epithelial cell,http://purl.obolibrary.org/obo/CL_0000066,paneth cell of epithelium of small intestine,paneth cell of epithelium of small intestine,http://purl.obolibrary.org/obo/CL_1000343,popv,popv,popv,sc_transcriptomics,sc_transcriptomics,sc_transcriptomics
cell,cell,http://purl.obolibrary.org/obo/CL_0000000,endothelial cell,endothelial cell,http://purl.obolibrary.org/obo/CL_0000115,endothelial cell,endothelial cell,http://purl.obolibrary.org/obo/CL_0000115,endothelial cell of hepatic sinusoid,endothelial cell of hepatic sinusoid,http://purl.obolibrary.org/obo/CL_1000398,azimuth,azimuth,azimuth,sc_transcriptomics,sc_transcriptomics,sc_transcriptomics
cell,cell,http://purl.obolibrary.org/obo/CL_0000000,endothelial cell,endothelial cell,http://purl.obolibrary.org/obo/CL_0000115,endothelial cell,endothelial cell,http://purl.obolibrary.org/obo/CL_0000115,endothelial cell of hepatic sinusoid,endothelial cell of hepatic sinusoid,http://purl.obolibrary.org/obo/CL_1000398,popv,popv,popv,sc_transcriptomics,sc_transcriptomics,sc_transcriptomics
cell,cell,http://purl.obolibrary.org/obo/CL_0000000,endothelial cell,endothelial cell,http://purl.obolibrary.org/obo/CL_0000115,endothelial cell,endothelial cell,http://purl.obolibrary.org/obo/CL_0000115,endothelial cell of arteriole,endothelial cell of arteriole,http://purl.obolibrary.org/obo/CL_1000412,celltypist,celltypist,celltypist,sc_transcriptomics,sc_transcriptomics,sc_transcriptomics
cell,cell,http://purl.obolibrary.org/obo/CL_0000000,endothelial cell,endothelial cell,http://purl.obolibrary.org/obo/CL_0000115,endothelial cell,endothelial cell,http://purl.obolibrary.org/obo/CL_0000115,endothelial cell of artery,endothelial cell of artery,http://purl.obolibrary.org/obo/CL_1000413,azimuth,azimuth,azimuth,sc_transcriptomics,sc_transcriptomics,sc_transcriptomics
cell,cell,http://purl.obolibrary.org/obo/CL_0000000,endothelial cell,endothelial cell,http://purl.obolibrary.org/obo/CL_0000115,endothelial cell,endothelial cell,http://purl.obolibrary.org/obo/CL_0000115,endothelial cell of artery,endothelial cell of artery,http://purl.obolibrary.org/obo/CL_1000413,celltypist,celltypist,celltypist,sc_transcriptomics,sc_transcriptomics,sc_transcriptomics
cell,cell,http://purl.obolibrary.org/obo/CL_0000000,endothelial cell,endothelial cell,http://purl.obolibrary.org/obo/CL_0000115,endothelial cell,endothelial cell,http://purl.obolibrary.org/obo/CL_0000115,endothelial cell of artery,endothelial cell of artery,http://purl.obolibrary.org/obo/CL_1000413,popv,popv,popv,sc_transcriptomics,sc_transcriptomics,sc_transcriptomics
cell,cell,http://purl.obolibrary.org/obo/CL_0000000,endothelial cell,endothelial cell,http://purl.obolibrary.org/obo/CL_0000115,endothelial cell,endothelial cell,http://purl.obolibrary.org/obo/CL_0000115,endothelial cell of artery,endothelial cell of artery,http://purl.obolibrary.org/obo/CL_1000413,vccf,vccf,vccf,sc_proteomics,sc_proteomics,sc_proteomics
cell,cell,http://purl.obolibrary.org/obo/CL_0000000,endothelial cell,endothelial cell,http://purl.obolibrary.org/obo/CL_0000115,endothelial cell,endothelial cell,http://purl.obolibrary.org/obo/CL_0000115,endothelial cell of venule,endothelial cell of venule,http://purl.obolibrary.org/obo/CL_1000414,azimuth,azimuth,azimuth,sc_transcriptomics,sc_transcriptomics,sc_transcriptomics
cell,cell,http://purl.obolibrary.org/obo/CL_0000000,endothelial cell,endothelial cell,http://purl.obolibrary.org/obo/CL_0000115,endothelial cell,endothelial cell,http://purl.obolibrary.org/obo/CL_0000115,endothelial cell of venule,endothelial cell of venule,http://purl.obolibrary.org/obo/CL_1000414,celltypist,celltypist,celltypist,sc_transcriptomics,sc_transcriptomics,sc_transcriptomics
cell,cell,http://purl.obolibrary.org/obo/CL_0000000,epithelial cell,epithelial cell,http://purl.obolibrary.org/obo/CL_0000066,epithelial cell,epithelial cell,http://purl.obolibrary.org/obo/CL_0000066,parietal epithelial cell,parietal epithelial cell,http://purl.obolibrary.org/obo/CL_1000452,azimuth,azimuth,azimuth,sc_transcriptomics,sc_transcriptomics,sc_transcriptomics
cell,cell,http://purl.obolibrary.org/obo/CL_0000000,epithelial cell,epithelial cell,http://purl.obolibrary.org/obo/CL_0000066,epithelial cell,epithelial cell,http://purl.obolibrary.org/obo/CL_0000066,parietal epithelial cell,parietal epithelial cell,http://purl.obolibrary.org/obo/CL_1000452,celltypist,celltypist,celltypist,sc_transcriptomics,sc_transcriptomics,sc_transcriptomics
cell,cell,http://purl.obolibrary.org/obo/CL_0000000,melanocyte,melanocyte,http://purl.obolibrary.org/obo/CL_0000148,melanocyte,melanocyte,http://purl.obolibrary.org/obo/CL_0000148,melanocyte of skin,melanocyte of skin,http://purl.obolibrary.org/obo/CL_1000458,celltypist,celltypist,celltypist,sc_transcriptomics,sc_transcriptomics,sc_transcriptomics
cell,cell,http://purl.obolibrary.org/obo/CL_0000000,muscle cell,muscle cell,http://purl.obolibrary.org/obo/CL_0000187,muscle cell,muscle cell,http://purl.obolibrary.org/obo/CL_0000187,cardiac pacemaker cell of sinoatrial node,cardiac pacemaker cell of sinoatrial node,http://purl.obolibrary.org/obo/CL_1000477,celltypist,celltypist,celltypist,sc_transcriptomics,sc_transcriptomics,sc_transcriptomics
cell,cell,http://purl.obolibrary.org/obo/CL_0000000,epithelial cell,epithelial cell,http://purl.obolibrary.org/obo/CL_0000066,epithelial cell,epithelial cell,http://purl.obolibrary.org/obo/CL_0000066,mesothelial cell of pleura,mesothelial cell of pleura,http://purl.obolibrary.org/obo/CL_1000491,azimuth,azimuth,azimuth,sc_transcriptomics,sc_transcriptomics,sc_transcriptomics
cell,cell,http://purl.obolibrary.org/obo/CL_0000000,epithelial cell,epithelial cell,http://purl.obolibrary.org/obo/CL_0000066,epithelial cell,epithelial cell,http://purl.obolibrary.org/obo/CL_0000066,mesothelial cell of pleura,mesothelial cell of pleura,http://purl.obolibrary.org/obo/CL_1000491,celltypist,celltypist,celltypist,sc_transcriptomics,sc_transcriptomics,sc_transcriptomics
cell,cell,http://purl.obolibrary.org/obo/CL_0000000,epithelial cell,epithelial cell,http://purl.obolibrary.org/obo/CL_0000066,epithelial cell,epithelial cell,http://purl.obolibrary.org/obo/CL_0000066,small intestine goblet cell,small intestine goblet cell,http://purl.obolibrary.org/obo/CL_1000495,popv,popv,popv,sc_transcriptomics,sc_transcriptomics,sc_transcriptomics
cell,cell,http://purl.obolibrary.org/obo/CL_0000000,no mapped parent cell,no mapped parent cell,http://purl.obolibrary.org/obo/CL_0000000,no mapped parent cell,no mapped parent cell,http://purl.obolibrary.org/obo/CL_0000000,papillary tips cell,papillary tips cell,http://purl.obolibrary.org/obo/CL_1000597,azimuth,azimuth,azimuth,sc_transcriptomics,sc_transcriptomics,sc_transcriptomics
cell,cell,http://purl.obolibrary.org/obo/CL_0000000,connective tissue cell,connective tissue cell,http://purl.obolibrary.org/obo/CL_0002320,stromal cell,stromal cell,http://purl.obolibrary.org/obo/CL_0000499,kidney interstitial fibroblast,kidney interstitial fibroblast,http://purl.obolibrary.org/obo/CL_1000692,azimuth,azimuth,azimuth,sc_transcriptomics,sc_transcriptomics,sc_transcriptomics
cell,cell,http://purl.obolibrary.org/obo/CL_0000000,connective tissue cell,connective tissue cell,http://purl.obolibrary.org/obo/CL_0002320,stromal cell,stromal cell,http://purl.obolibrary.org/obo/CL_0000499,kidney interstitial fibroblast,kidney interstitial fibroblast,http://purl.obolibrary.org/obo/CL_1000692,celltypist,celltypist,celltypist,sc_transcriptomics,sc_transcriptomics,sc_transcriptomics
cell,cell,http://purl.obolibrary.org/obo/CL_0000000,epithelial cell,epithelial cell,http://purl.obolibrary.org/obo/CL_0000066,epithelial cell,epithelial cell,http://purl.obolibrary.org/obo/CL_0000066,kidney cortex collecting duct principal cell,kidney cortex collecting duct principal cell,http://purl.obolibrary.org/obo/CL_1000714,azimuth,azimuth,azimuth,sc_transcriptomics,sc_transcriptomics,sc_transcriptomics
cell,cell,http://purl.obolibrary.org/obo/CL_0000000,epithelial cell,epithelial cell,http://purl.obolibrary.org/obo/CL_0000066,epithelial cell,epithelial cell,http://purl.obolibrary.org/obo/CL_0000066,kidney cortex collecting duct intercalated cell,kidney cortex collecting duct intercalated cell,http://purl.obolibrary.org/obo/CL_1000715,azimuth,azimuth,azimuth,sc_transcriptomics,sc_transcriptomics,sc_transcriptomics
cell,cell,http://purl.obolibrary.org/obo/CL_0000000,epithelial cell,epithelial cell,http://purl.obolibrary.org/obo/CL_0000066,epithelial cell,epithelial cell,http://purl.obolibrary.org/obo/CL_0000066,kidney outer medulla collecting duct principal cell,kidney outer medulla collecting duct principal cell,http://purl.obolibrary.org/obo/CL_1000716,azimuth,azimuth,azimuth,sc_transcriptomics,sc_transcriptomics,sc_transcriptomics
cell,cell,http://purl.obolibrary.org/obo/CL_0000000,epithelial cell,epithelial cell,http://purl.obolibrary.org/obo/CL_0000066,epithelial cell,epithelial cell,http://purl.obolibrary.org/obo/CL_0000066,kidney outer medulla collecting duct intercalated cell,kidney outer medulla collecting duct intercalated cell,http://purl.obolibrary.org/obo/CL_1000717,azimuth,azimuth,azimuth,sc_transcriptomics,sc_transcriptomics,sc_transcriptomics
cell,cell,http://purl.obolibrary.org/obo/CL_0000000,epithelial cell,epithelial cell,http://purl.obolibrary.org/obo/CL_0000066,epithelial cell,epithelial cell,http://purl.obolibrary.org/obo/CL_0000066,kidney inner medulla collecting duct principal cell,kidney inner medulla collecting duct principal cell,http://purl.obolibrary.org/obo/CL_1000718,azimuth,azimuth,azimuth,sc_transcriptomics,sc_transcriptomics,sc_transcriptomics
cell,cell,http://purl.obolibrary.org/obo/CL_0000000,epithelial cell,epithelial cell,http://purl.obolibrary.org/obo/CL_0000066,epithelial cell,epithelial cell,http://purl.obolibrary.org/obo/CL_0000066,kidney connecting tubule epithelial cell,kidney connecting tubule epithelial cell,http://purl.obolibrary.org/obo/CL_1000768,azimuth,azimuth,azimuth,sc_transcriptomics,sc_transcriptomics,sc_transcriptomics
cell,cell,http://purl.obolibrary.org/obo/CL_0000000,epithelial cell,epithelial cell,http://purl.obolibrary.org/obo/CL_0000066,epithelial cell,epithelial cell,http://purl.obolibrary.org/obo/CL_0000066,kidney connecting tubule epithelial cell,kidney connecting tubule epithelial cell,http://purl.obolibrary.org/obo/CL_1000768,celltypist,celltypist,celltypist,sc_transcriptomics,sc_transcriptomics,sc_transcriptomics
cell,cell,http://purl.obolibrary.org/obo/CL_0000000,epithelial cell,epithelial cell,http://purl.obolibrary.org/obo/CL_0000066,epithelial cell,epithelial cell,http://purl.obolibrary.org/obo/CL_0000066,macula densa epithelial cell,macula densa epithelial cell,http://purl.obolibrary.org/obo/CL_1000850,azimuth,azimuth,azimuth,sc_transcriptomics,sc_transcriptomics,sc_transcriptomics
cell,cell,http://purl.obolibrary.org/obo/CL_0000000,endothelial cell,endothelial cell,http://purl.obolibrary.org/obo/CL_0000115,endothelial cell,endothelial cell,http://purl.obolibrary.org/obo/CL_0000115,glomerular capillary endothelial cell,glomerular capillary endothelial cell,http://purl.obolibrary.org/obo/CL_1001005,azimuth,azimuth,azimuth,sc_transcriptomics,sc_transcriptomics,sc_transcriptomics
cell,cell,http://purl.obolibrary.org/obo/CL_0000000,endothelial cell,endothelial cell,http://purl.obolibrary.org/obo/CL_0000115,endothelial cell,endothelial cell,http://purl.obolibrary.org/obo/CL_0000115,glomerular capillary endothelial cell,glomerular capillary endothelial cell,http://purl.obolibrary.org/obo/CL_1001005,celltypist,celltypist,celltypist,sc_transcriptomics,sc_transcriptomics,sc_transcriptomics
cell,cell,http://purl.obolibrary.org/obo/CL_0000000,epithelial cell,epithelial cell,http://purl.obolibrary.org/obo/CL_0000066,epithelial cell,epithelial cell,http://purl.obolibrary.org/obo/CL_0000066,kidney loop of Henle thin ascending limb epithelial cell,kidney loop of Henle thin ascending limb epithelial cell,http://purl.obolibrary.org/obo/CL_1001107,azimuth,azimuth,azimuth,sc_transcriptomics,sc_transcriptomics,sc_transcriptomics
cell,cell,http://purl.obolibrary.org/obo/CL_0000000,epithelial cell,epithelial cell,http://purl.obolibrary.org/obo/CL_0000066,epithelial cell,epithelial cell,http://purl.obolibrary.org/obo/CL_0000066,kidney loop of Henle thin ascending limb epithelial cell,kidney loop of Henle thin ascending limb epithelial cell,http://purl.obolibrary.org/obo/CL_1001107,celltypist,celltypist,celltypist,sc_transcriptomics,sc_transcriptomics,sc_transcriptomics
cell,cell,http://purl.obolibrary.org/obo/CL_0000000,epithelial cell,epithelial cell,http://purl.obolibrary.org/obo/CL_0000066,epithelial cell,epithelial cell,http://purl.obolibrary.org/obo/CL_0000066,kidney loop of Henle medullary thick ascending limb epithelial cell,kidney loop of Henle medullary thick ascending limb epithelial cell,http://purl.obolibrary.org/obo/CL_1001108,azimuth,azimuth,azimuth,sc_transcriptomics,sc_transcriptomics,sc_transcriptomics
cell,cell,http://purl.obolibrary.org/obo/CL_0000000,epithelial cell,epithelial cell,http://purl.obolibrary.org/obo/CL_0000066,epithelial cell,epithelial cell,http://purl.obolibrary.org/obo/CL_0000066,kidney loop of Henle medullary thick ascending limb epithelial cell,kidney loop of Henle medullary thick ascending limb epithelial cell,http://purl.obolibrary.org/obo/CL_1001108,celltypist,celltypist,celltypist,sc_transcriptomics,sc_transcriptomics,sc_transcriptomics
cell,cell,http://purl.obolibrary.org/obo/CL_0000000,epithelial cell,epithelial cell,http://purl.obolibrary.org/obo/CL_0000066,epithelial cell,epithelial cell,http://purl.obolibrary.org/obo/CL_0000066,kidney loop of Henle cortical thick ascending limb epithelial cell,kidney loop of Henle cortical thick ascending limb epithelial cell,http://purl.obolibrary.org/obo/CL_1001109,azimuth,azimuth,azimuth,sc_transcriptomics,sc_transcriptomics,sc_transcriptomics
cell,cell,http://purl.obolibrary.org/obo/CL_0000000,epithelial cell,epithelial cell,http://purl.obolibrary.org/obo/CL_0000066,epithelial cell,epithelial cell,http://purl.obolibrary.org/obo/CL_0000066,kidney loop of Henle cortical thick ascending limb epithelial cell,kidney loop of Henle cortical thick ascending limb epithelial cell,http://purl.obolibrary.org/obo/CL_1001109,celltypist,celltypist,celltypist,sc_transcriptomics,sc_transcriptomics,sc_transcriptomics
cell,cell,http://purl.obolibrary.org/obo/CL_0000000,endothelial cell,endothelial cell,http://purl.obolibrary.org/obo/CL_0000115,endothelial cell,endothelial cell,http://purl.obolibrary.org/obo/CL_0000115,vasa recta ascending limb cell,vasa recta ascending limb cell,http://purl.obolibrary.org/obo/CL_1001131,azimuth,azimuth,azimuth,sc_transcriptomics,sc_transcriptomics,sc_transcriptomics
cell,cell,http://purl.obolibrary.org/obo/CL_0000000,endothelial cell,endothelial cell,http://purl.obolibrary.org/obo/CL_0000115,endothelial cell,endothelial cell,http://purl.obolibrary.org/obo/CL_0000115,vasa recta ascending limb cell,vasa recta ascending limb cell,http://purl.obolibrary.org/obo/CL_1001131,celltypist,celltypist,celltypist,sc_transcriptomics,sc_transcriptomics,sc_transcriptomics
cell,cell,http://purl.obolibrary.org/obo/CL_0000000,connective tissue cell,connective tissue cell,http://purl.obolibrary.org/obo/CL_0002320,connective tissue cell,connective tissue cell,http://purl.obolibrary.org/obo/CL_0002320,renal interstitial pericyte,renal interstitial pericyte,http://purl.obolibrary.org/obo/CL_1001318,azimuth,azimuth,azimuth,sc_transcriptomics,sc_transcriptomics,sc_transcriptomics
cell,cell,http://purl.obolibrary.org/obo/CL_0000000,epithelial cell,epithelial cell,http://purl.obolibrary.org/obo/CL_0000066,epithelial cell,epithelial cell,http://purl.obolibrary.org/obo/CL_0000066,bladder urothelial cell,bladder urothelial cell,http://purl.obolibrary.org/obo/CL_1001428,popv,popv,popv,sc_transcriptomics,sc_transcriptomics,sc_transcriptomics
cell,cell,http://purl.obolibrary.org/obo/CL_0000000,endothelial cell,endothelial cell,http://purl.obolibrary.org/obo/CL_0000115,endothelial cell,endothelial cell,http://purl.obolibrary.org/obo/CL_0000115,pulmonary artery endothelial cell,pulmonary artery endothelial cell,http://purl.obolibrary.org/obo/CL_1001568,azimuth,azimuth,azimuth,sc_transcriptomics,sc_transcriptomics,sc_transcriptomics
cell,cell,http://purl.obolibrary.org/obo/CL_0000000,hematopoietic cell,hematopoietic cell,http://purl.obolibrary.org/obo/CL_0000988,macrophage,macrophage,http://purl.obolibrary.org/obo/CL_0000235,lung macrophage,lung macrophage,http://purl.obolibrary.org/obo/CL_1001603,,,,sc_transcriptomics,sc_transcriptomics,sc_transcriptomics
cell,cell,http://purl.obolibrary.org/obo/CL_0000000,endothelial cell,endothelial cell,http://purl.obolibrary.org/obo/CL_0000115,endothelial cell,endothelial cell,http://purl.obolibrary.org/obo/CL_0000115,microvascular endothelial cell,microvascular endothelial cell,http://purl.obolibrary.org/obo/CL_2000008,popv,popv,popv,sc_transcriptomics,sc_transcriptomics,sc_transcriptomics
cell,cell,http://purl.obolibrary.org/obo/CL_0000000,endothelial cell,endothelial cell,http://purl.obolibrary.org/obo/CL_0000115,endothelial cell,endothelial cell,http://purl.obolibrary.org/obo/CL_0000115,lung microvascular endothelial cell,lung microvascular endothelial cell,http://purl.obolibrary.org/obo/CL_2000016,popv,popv,popv,sc_transcriptomics,sc_transcriptomics,sc_transcriptomics
cell,cell,http://purl.obolibrary.org/obo/CL_0000000,endothelial cell,endothelial cell,http://purl.obolibrary.org/obo/CL_0000115,endothelial cell,endothelial cell,http://purl.obolibrary.org/obo/CL_0000115,splenic endothelial cell,splenic endothelial cell,http://purl.obolibrary.org/obo/CL_2000053,,,,sc_transcriptomics,sc_transcriptomics,sc_transcriptomics
cell,cell,http://purl.obolibrary.org/obo/CL_0000000,connective tissue cell,connective tissue cell,http://purl.obolibrary.org/obo/CL_0002320,stromal cell,stromal cell,http://purl.obolibrary.org/obo/CL_0000499,mesothelial fibroblast,mesothelial fibroblast,http://purl.obolibrary.org/obo/CL_4023054,celltypist,celltypist,celltypist,sc_transcriptomics,sc_transcriptomics,sc_transcriptomics
cell,cell,http://purl.obolibrary.org/obo/CL_0000000,endothelial cell,endothelial cell,http://purl.obolibrary.org/obo/CL_0000115,endothelial cell,endothelial cell,http://purl.obolibrary.org/obo/CL_0000115,alveolar capillary type 1 endothelial cell,alveolar capillary type 1 endothelial cell,http://purl.obolibrary.org/obo/CL_4028002,azimuth,azimuth,azimuth,sc_transcriptomics,sc_transcriptomics,sc_transcriptomics
cell,cell,http://purl.obolibrary.org/obo/CL_0000000,endothelial cell,endothelial cell,http://purl.obolibrary.org/obo/CL_0000115,endothelial cell,endothelial cell,http://purl.obolibrary.org/obo/CL_0000115,alveolar capillary type 2 endothelial cell,alveolar capillary type 2 endothelial cell,http://purl.obolibrary.org/obo/CL_4028003,azimuth,azimuth,azimuth,sc_transcriptomics,sc_transcriptomics,sc_transcriptomics
cell,cell,http://purl.obolibrary.org/obo/CL_0000000,endothelial cell,endothelial cell,http://purl.obolibrary.org/obo/CL_0000115,endothelial cell,endothelial cell,http://purl.obolibrary.org/obo/CL_0000115,alveolar capillary type 2 endothelial cell,alveolar capillary type 2 endothelial cell,http://purl.obolibrary.org/obo/CL_4028003,celltypist,celltypist,celltypist,sc_transcriptomics,sc_transcriptomics,sc_transcriptomics
cell,cell,http://purl.obolibrary.org/obo/CL_0000000,connective tissue cell,connective tissue cell,http://purl.obolibrary.org/obo/CL_0002320,stromal cell,stromal cell,http://purl.obolibrary.org/obo/CL_0000499,alveolar type 1 fibroblast cell,alveolar type 1 fibroblast cell,http://purl.obolibrary.org/obo/CL_4028004,azimuth,azimuth,azimuth,sc_transcriptomics,sc_transcriptomics,sc_transcriptomics
cell,cell,http://purl.obolibrary.org/obo/CL_0000000,connective tissue cell,connective tissue cell,http://purl.obolibrary.org/obo/CL_0002320,stromal cell,stromal cell,http://purl.obolibrary.org/obo/CL_0000499,alveolar type 1 fibroblast cell,alveolar type 1 fibroblast cell,http://purl.obolibrary.org/obo/CL_4028004,celltypist,celltypist,celltypist,sc_transcriptomics,sc_transcriptomics,sc_transcriptomics
cell,cell,http://purl.obolibrary.org/obo/CL_0000000,connective tissue cell,connective tissue cell,http://purl.obolibrary.org/obo/CL_0002320,stromal cell,stromal cell,http://purl.obolibrary.org/obo/CL_0000499,alveolar adventitial fibroblast,alveolar adventitial fibroblast,http://purl.obolibrary.org/obo/CL_4028006,celltypist,celltypist,celltypist,sc_transcriptomics,sc_transcriptomics,sc_transcriptomics
cell,cell,http://purl.obolibrary.org/obo/CL_0000000,connective tissue cell,connective tissue cell,http://purl.obolibrary.org/obo/CL_0002320,stromal cell,stromal cell,http://purl.obolibrary.org/obo/CL_0000499,alveolar adventitial fibroblast,alveolar adventitial fibroblast,http://purl.obolibrary.org/obo/CL_4028006,popv,popv,popv,sc_transcriptomics,sc_transcriptomics,sc_transcriptomics
cell,cell,http://purl.obolibrary.org/obo/CL_0000000,epithelial cell,epithelial cell,http://purl.obolibrary.org/obo/CL_0000066,epithelial cell,epithelial cell,http://purl.obolibrary.org/obo/CL_0000066,epithelial cell of proximal tubule segment 1,epithelial cell of proximal tubule segment 1,http://purl.obolibrary.org/obo/CL_4030009,azimuth,azimuth,azimuth,sc_transcriptomics,sc_transcriptomics,sc_transcriptomics
cell,cell,http://purl.obolibrary.org/obo/CL_0000000,epithelial cell,epithelial cell,http://purl.obolibrary.org/obo/CL_0000066,epithelial cell,epithelial cell,http://purl.obolibrary.org/obo/CL_0000066,epithelial cell of proximal tubule segment 2,epithelial cell of proximal tubule segment 2,http://purl.obolibrary.org/obo/CL_4030010,azimuth,azimuth,azimuth,sc_transcriptomics,sc_transcriptomics,sc_transcriptomics
cell,cell,http://purl.obolibrary.org/obo/CL_0000000,epithelial cell,epithelial cell,http://purl.obolibrary.org/obo/CL_0000066,epithelial cell,epithelial cell,http://purl.obolibrary.org/obo/CL_0000066,epithelial cell of proximal tubule segment 3,epithelial cell of proximal tubule segment 3,http://purl.obolibrary.org/obo/CL_4030011,azimuth,azimuth,azimuth,sc_transcriptomics,sc_transcriptomics,sc_transcriptomics
cell,cell,http://purl.obolibrary.org/obo/CL_0000000,epithelial cell,epithelial cell,http://purl.obolibrary.org/obo/CL_0000066,epithelial cell,epithelial cell,http://purl.obolibrary.org/obo/CL_0000066,epithelial cell of proximal tubule segment 3,epithelial cell of proximal tubule segment 3,http://purl.obolibrary.org/obo/CL_4030011,celltypist,celltypist,celltypist,sc_transcriptomics,sc_transcriptomics,sc_transcriptomics
cell,cell,http://purl.obolibrary.org/obo/CL_0000000,epithelial cell,epithelial cell,http://purl.obolibrary.org/obo/CL_0000066,epithelial cell,epithelial cell,http://purl.obolibrary.org/obo/CL_0000066,kidney loop of Henle short descending thin limb epithelial cell,kidney loop of Henle short descending thin limb epithelial cell,http://purl.obolibrary.org/obo/CL_4030012,azimuth,azimuth,azimuth,sc_transcriptomics,sc_transcriptomics,sc_transcriptomics
cell,cell,http://purl.obolibrary.org/obo/CL_0000000,epithelial cell,epithelial cell,http://purl.obolibrary.org/obo/CL_0000066,epithelial cell,epithelial cell,http://purl.obolibrary.org/obo/CL_0000066,kidney loop of Henle long descending thin limb outer medulla epithelial cell,kidney loop of Henle long descending thin limb outer medulla epithelial cell,http://purl.obolibrary.org/obo/CL_4030013,azimuth,azimuth,azimuth,sc_transcriptomics,sc_transcriptomics,sc_transcriptomics
cell,cell,http://purl.obolibrary.org/obo/CL_0000000,epithelial cell,epithelial cell,http://purl.obolibrary.org/obo/CL_0000066,epithelial cell,epithelial cell,http://purl.obolibrary.org/obo/CL_0000066,kidney loop of Henle long descending thin limb inner medulla epithelial cell,kidney loop of Henle long descending thin limb inner medulla epithelial cell,http://purl.obolibrary.org/obo/CL_4030014,azimuth,azimuth,azimuth,sc_transcriptomics,sc_transcriptomics,sc_transcriptomics
cell,cell,http://purl.obolibrary.org/obo/CL_0000000,epithelial cell,epithelial cell,http://purl.obolibrary.org/obo/CL_0000066,epithelial cell,epithelial cell,http://purl.obolibrary.org/obo/CL_0000066,epithelial cell of early distal convoluted tubule,epithelial cell of early distal convoluted tubule,http://purl.obolibrary.org/obo/CL_4030016,azimuth,azimuth,azimuth,sc_transcriptomics,sc_transcriptomics,sc_transcriptomics
cell,cell,http://purl.obolibrary.org/obo/CL_0000000,epithelial cell,epithelial cell,http://purl.obolibrary.org/obo/CL_0000066,epithelial cell,epithelial cell,http://purl.obolibrary.org/obo/CL_0000066,epithelial cell of late distal convoluted tubule,epithelial cell of late distal convoluted tubule,http://purl.obolibrary.org/obo/CL_4030017,azimuth,azimuth,azimuth,sc_transcriptomics,sc_transcriptomics,sc_transcriptomics
cell,cell,http://purl.obolibrary.org/obo/CL_0000000,epithelial cell,epithelial cell,http://purl.obolibrary.org/obo/CL_0000066,epithelial cell,epithelial cell,http://purl.obolibrary.org/obo/CL_0000066,kidney connecting tubule principal cell,kidney connecting tubule principal cell,http://purl.obolibrary.org/obo/CL_4030018,azimuth,azimuth,azimuth,sc_transcriptomics,sc_transcriptomics,sc_transcriptomics
cell,cell,http://purl.obolibrary.org/obo/CL_0000000,epithelial cell,epithelial cell,http://purl.obolibrary.org/obo/CL_0000066,epithelial cell,epithelial cell,http://purl.obolibrary.org/obo/CL_0000066,kidney connecting tubule alpha-intercalated cell,kidney connecting tubule alpha-intercalated cell,http://purl.obolibrary.org/obo/CL_4030020,azimuth,azimuth,azimuth,sc_transcriptomics,sc_transcriptomics,sc_transcriptomics
cell,cell,http://purl.obolibrary.org/obo/CL_0000000,connective tissue cell,connective tissue cell,http://purl.obolibrary.org/obo/CL_0002320,stromal cell,stromal cell,http://purl.obolibrary.org/obo/CL_0000499,renal medullary fibroblast,renal medullary fibroblast,http://purl.obolibrary.org/obo/CL_4030022,azimuth,azimuth,azimuth,sc_transcriptomics,sc_transcriptomics,sc_transcriptomics
cell,cell,http://purl.obolibrary.org/obo/CL_0000000,connective tissue cell,connective tissue cell,http://purl.obolibrary.org/obo/CL_0002320,stromal cell,stromal cell,http://purl.obolibrary.org/obo/CL_0000499,renal medullary fibroblast,renal medullary fibroblast,http://purl.obolibrary.org/obo/CL_4030022,celltypist,celltypist,celltypist,sc_transcriptomics,sc_transcriptomics,sc_transcriptomics
cell,cell,http://purl.obolibrary.org/obo/CL_0000000,no mapped parent cell,no mapped parent cell,http://purl.obolibrary.org/obo/CL_0000000,exocrine cell,exocrine cell,http://purl.obolibrary.org/obo/CL_0000152,serous secreting cell of bronchus submucosal gland,serous secreting cell of bronchus submucosal gland,http://purl.obolibrary.org/obo/CL_4033005,azimuth,azimuth,azimuth,sc_transcriptomics,sc_transcriptomics,sc_transcriptomics
cell,cell,http://purl.obolibrary.org/obo/CL_0000000,no mapped parent cell,no mapped parent cell,http://purl.obolibrary.org/obo/CL_0000000,exocrine cell,exocrine cell,http://purl.obolibrary.org/obo/CL_0000152,serous secreting cell of bronchus submucosal gland,serous secreting cell of bronchus submucosal gland,http://purl.obolibrary.org/obo/CL_4033005,celltypist,celltypist,celltypist,sc_transcriptomics,sc_transcriptomics,sc_transcriptomics
cell,cell,http://purl.obolibrary.org/obo/CL_0000000,endothelial cell,endothelial cell,http://purl.obolibrary.org/obo/CL_0000115,endothelial cell,endothelial cell,http://purl.obolibrary.org/obo/CL_0000115,vein endothelial cell of respiratory system,vein endothelial cell of respiratory system,http://purl.obolibrary.org/obo/CL_4033008,azimuth,azimuth,azimuth,sc_transcriptomics,sc_transcriptomics,sc_transcriptomics
cell,cell,http://purl.obolibrary.org/obo/CL_0000000,epithelial cell,epithelial cell,http://purl.obolibrary.org/obo/CL_0000066,exocrine cell,exocrine cell,http://purl.obolibrary.org/obo/CL_0000152,mucus secreting cell of bronchus submucosal gland,mucus secreting cell of bronchus submucosal gland,http://purl.obolibrary.org/obo/CL_4033022,azimuth,azimuth,azimuth,sc_transcriptomics,sc_transcriptomics,sc_transcriptomics
cell,cell,http://purl.obolibrary.org/obo/CL_0000000,epithelial cell,epithelial cell,http://purl.obolibrary.org/obo/CL_0000066,exocrine cell,exocrine cell,http://purl.obolibrary.org/obo/CL_0000152,mucus secreting cell of bronchus submucosal gland,mucus secreting cell of bronchus submucosal gland,http://purl.obolibrary.org/obo/CL_4033022,celltypist,celltypist,celltypist,sc_transcriptomics,sc_transcriptomics,sc_transcriptomics
cell,cell,http://purl.obolibrary.org/obo/CL_0000000,epithelial cell,epithelial cell,http://purl.obolibrary.org/obo/CL_0000066,epithelial cell,epithelial cell,http://purl.obolibrary.org/obo/CL_0000066,airway submucosal gland collecting duct epithelial cell,airway submucosal gland collecting duct epithelial cell,http://purl.obolibrary.org/obo/CL_4033023,azimuth,azimuth,azimuth,sc_transcriptomics,sc_transcriptomics,sc_transcriptomics
cell,cell,http://purl.obolibrary.org/obo/CL_0000000,epithelial cell,epithelial cell,http://purl.obolibrary.org/obo/CL_0000066,epithelial cell,epithelial cell,http://purl.obolibrary.org/obo/CL_0000066,airway submucosal gland collecting duct epithelial cell,airway submucosal gland collecting duct epithelial cell,http://purl.obolibrary.org/obo/CL_4033023,celltypist,celltypist,celltypist,sc_transcriptomics,sc_transcriptomics,sc_transcriptomics
cell,cell,http://purl.obolibrary.org/obo/CL_0000000,hematopoietic cell,hematopoietic cell,http://purl.obolibrary.org/obo/CL_0000988,T cell,T cell,http://purl.obolibrary.org/obo/CL_0000084,"lung resident memory CD4-positive, alpha-beta T cell","lung resident memory CD4-positive, alpha-beta T cell",http://purl.obolibrary.org/obo/CL_4033038,vccf,vccf,vccf,sc_proteomics,sc_proteomics,sc_proteomics
cell,cell,http://purl.obolibrary.org/obo/CL_0000000,hematopoietic cell,hematopoietic cell,http://purl.obolibrary.org/obo/CL_0000988,T cell,T cell,http://purl.obolibrary.org/obo/CL_0000084,"lung resident memory CD8-positive, alpha-beta T cell","lung resident memory CD8-positive, alpha-beta T cell",http://purl.obolibrary.org/obo/CL_4033039,vccf,vccf,vccf,sc_proteomics,sc_proteomics,sc_proteomics
cell,cell,http://purl.obolibrary.org/obo/CL_0000000,hematopoietic cell,hematopoietic cell,http://purl.obolibrary.org/obo/CL_0000988,macrophage,macrophage,http://purl.obolibrary.org/obo/CL_0000235,CCL3-positive alveolar macrophage,CCL3-positive alveolar macrophage,http://purl.obolibrary.org/obo/CL_4033041,azimuth,azimuth,azimuth,sc_transcriptomics,sc_transcriptomics,sc_transcriptomics
cell,cell,http://purl.obolibrary.org/obo/CL_0000000,hematopoietic cell,hematopoietic cell,http://purl.obolibrary.org/obo/CL_0000988,macrophage,macrophage,http://purl.obolibrary.org/obo/CL_0000235,CCL3-positive alveolar macrophage,CCL3-positive alveolar macrophage,http://purl.obolibrary.org/obo/CL_4033041,celltypist,celltypist,celltypist,sc_transcriptomics,sc_transcriptomics,sc_transcriptomics
cell,cell,http://purl.obolibrary.org/obo/CL_0000000,hematopoietic cell,hematopoietic cell,http://purl.obolibrary.org/obo/CL_0000988,macrophage,macrophage,http://purl.obolibrary.org/obo/CL_0000235,metallothionein-positive alveolar macrophage,metallothionein-positive alveolar macrophage,http://purl.obolibrary.org/obo/CL_4033042,azimuth,azimuth,azimuth,sc_transcriptomics,sc_transcriptomics,sc_transcriptomics
cell,cell,http://purl.obolibrary.org/obo/CL_0000000,hematopoietic cell,hematopoietic cell,http://purl.obolibrary.org/obo/CL_0000988,macrophage,macrophage,http://purl.obolibrary.org/obo/CL_0000235,metallothionein-positive alveolar macrophage,metallothionein-positive alveolar macrophage,http://purl.obolibrary.org/obo/CL_4033042,celltypist,celltypist,celltypist,sc_transcriptomics,sc_transcriptomics,sc_transcriptomics
cell,cell,http://purl.obolibrary.org/obo/CL_0000000,connective tissue cell,connective tissue cell,http://purl.obolibrary.org/obo/CL_0002320,macrophage,macrophage,http://purl.obolibrary.org/obo/CL_0000235,lung interstitial macrophage,lung interstitial macrophage,http://purl.obolibrary.org/obo/CL_4033043,azimuth,azimuth,azimuth,sc_transcriptomics,sc_transcriptomics,sc_transcriptomics
cell,cell,http://purl.obolibrary.org/obo/CL_0000000,connective tissue cell,connective tissue cell,http://purl.obolibrary.org/obo/CL_0002320,macrophage,macrophage,http://purl.obolibrary.org/obo/CL_0000235,lung interstitial macrophage,lung interstitial macrophage,http://purl.obolibrary.org/obo/CL_4033043,vccf,vccf,vccf,sc_proteomics,sc_proteomics,sc_proteomics
cell,cell,http://purl.obolibrary.org/obo/CL_0000000,epithelial cell,epithelial cell,http://purl.obolibrary.org/obo/CL_0000066,epithelial cell,epithelial cell,http://purl.obolibrary.org/obo/CL_0000066,deuterosomal cell,deuterosomal cell,http://purl.obolibrary.org/obo/CL_4033044,azimuth,azimuth,azimuth,sc_transcriptomics,sc_transcriptomics,sc_transcriptomics
cell,cell,http://purl.obolibrary.org/obo/CL_0000000,epithelial cell,epithelial cell,http://purl.obolibrary.org/obo/CL_0000066,epithelial cell,epithelial cell,http://purl.obolibrary.org/obo/CL_0000066,deuterosomal cell,deuterosomal cell,http://purl.obolibrary.org/obo/CL_4033044,celltypist,celltypist,celltypist,sc_transcriptomics,sc_transcriptomics,sc_transcriptomics
cell,cell,http://purl.obolibrary.org/obo/CL_0000000,hematopoietic cell,hematopoietic cell,http://purl.obolibrary.org/obo/CL_0000988,dendritic cell,dendritic cell,http://purl.obolibrary.org/obo/CL_0000451,lung migratory dendritic cell,lung migratory dendritic cell,http://purl.obolibrary.org/obo/CL_4033045,azimuth,azimuth,azimuth,sc_transcriptomics,sc_transcriptomics,sc_transcriptomics
cell,cell,http://purl.obolibrary.org/obo/CL_0000000,epithelial cell,epithelial cell,http://purl.obolibrary.org/obo/CL_0000066,epithelial cell,epithelial cell,http://purl.obolibrary.org/obo/CL_0000066,respiratory tract suprabasal cell,respiratory tract suprabasal cell,http://purl.obolibrary.org/obo/CL_4033048,azimuth,azimuth,azimuth,sc_transcriptomics,sc_transcriptomics,sc_transcriptomics
cell,cell,http://purl.obolibrary.org/obo/CL_0000000,epithelial cell,epithelial cell,http://purl.obolibrary.org/obo/CL_0000066,epithelial cell,epithelial cell,http://purl.obolibrary.org/obo/CL_0000066,respiratory tract suprabasal cell,respiratory tract suprabasal cell,http://purl.obolibrary.org/obo/CL_4033048,celltypist,celltypist,celltypist,sc_transcriptomics,sc_transcriptomics,sc_transcriptomics
cell,cell,http://purl.obolibrary.org/obo/CL_0000000,hematopoietic cell,hematopoietic cell,http://purl.obolibrary.org/obo/CL_0000988,macrophage,macrophage,http://purl.obolibrary.org/obo/CL_0000235,cycling macrophage,cycling macrophage,http://purl.obolibrary.org/obo/CL_4033076,azimuth,azimuth,azimuth,sc_transcriptomics,sc_transcriptomics,sc_transcriptomics
cell,cell,http://purl.obolibrary.org/obo/CL_0000000,hematopoietic cell,hematopoietic cell,http://purl.obolibrary.org/obo/CL_0000988,macrophage,macrophage,http://purl.obolibrary.org/obo/CL_0000235,cycling macrophage,cycling macrophage,http://purl.obolibrary.org/obo/CL_4033076,celltypist,celltypist,celltypist,sc_transcriptomics,sc_transcriptomics,sc_transcriptomics
cell,cell,http://purl.obolibrary.org/obo/CL_0000000,hematopoietic cell,hematopoietic cell,http://purl.obolibrary.org/obo/CL_0000988,macrophage,macrophage,http://purl.obolibrary.org/obo/CL_0000235,cycling alveolar macrophage,cycling alveolar macrophage,http://purl.obolibrary.org/obo/CL_4033077,azimuth,azimuth,azimuth,sc_transcriptomics,sc_transcriptomics,sc_transcriptomics
cell,cell,http://purl.obolibrary.org/obo/CL_0000000,hematopoietic cell,hematopoietic cell,http://purl.obolibrary.org/obo/CL_0000988,macrophage,macrophage,http://purl.obolibrary.org/obo/CL_0000235,cycling alveolar macrophage,cycling alveolar macrophage,http://purl.obolibrary.org/obo/CL_4033077,celltypist,celltypist,celltypist,sc_transcriptomics,sc_transcriptomics,sc_transcriptomics
cell,cell,http://purl.obolibrary.org/obo/CL_0000000,hematopoietic cell,hematopoietic cell,http://purl.obolibrary.org/obo/CL_0000988,hematopoietic cell,hematopoietic cell,http://purl.obolibrary.org/obo/CL_0000988,cycling mononuclear phagocyte,cycling mononuclear phagocyte,http://purl.obolibrary.org/obo/CL_4033078,azimuth,azimuth,azimuth,sc_transcriptomics,sc_transcriptomics,sc_transcriptomics
