gene_label,in_hra,in_hra_pop,in_kpmp,in_mosdap,all_four
A1BG,0,1,0,0,False
A1CF,0,1,0,0,False
A2M,1,1,0,0,False
A2M-AS1,0,1,0,0,False
A2MP1,0,1,0,0,False
A4GALT,0,1,0,0,False
AAAS,0,1,0,0,False
AACS,0,1,0,0,False
AADAC,0,1,0,0,False
AADACL2,0,1,0,0,False
AAGAB,0,1,0,0,False
AAK1,0,1,0,0,False
AAMDC,0,1,0,0,False
AAMP,0,1,0,0,False
AANAT,0,1,0,0,False
AAR2,0,1,0,0,False
AARD,0,1,0,0,False
AARS1,0,1,0,0,False
AARSD1,0,1,0,0,False
AASDH,0,1,0,0,False
AASDHPPT,0,1,0,0,False
AASS,0,1,0,0,False
AATBC,0,1,0,0,False
AATF,0,1,0,0,False
AATK,0,1,0,0,False
ABAT,0,1,0,0,False
ABC10-43608400O15.1,1,0,0,0,False
ABCA1,1,1,0,0,False
ABCA10,0,1,0,0,False
ABCA12,0,1,0,0,False
ABCA13,1,1,0,0,False
ABCA2,0,1,0,0,False
ABCA3,1,1,0,0,False
ABCA4,1,1,0,0,False
ABCA5,0,1,1,0,False
ABCA6,0,1,0,0,False
ABCA7,0,1,0,0,False
ABCA8,1,1,0,0,False
ABCA9,0,1,0,1,False
ABCA9-AS1,0,1,0,0,False
ABCB1,0,1,0,0,False
ABCB10,0,1,0,0,False
ABCB11,1,1,0,0,False
ABCB4,0,1,0,0,False
ABCB5,0,1,0,0,False
ABCB7,0,1,0,0,False
ABCB8,0,1,0,0,False
ABCB9,0,1,0,0,False
ABCC1,0,1,0,0,False
ABCC10,0,1,0,0,False
ABCC11,0,1,0,0,False
ABCC13,0,1,0,0,False
ABCC2,0,1,0,0,False
ABCC3,0,1,0,0,False
ABCC4,0,1,0,0,False
ABCC5,0,1,0,0,False
ABCC6,0,1,0,0,False
ABCC8,0,1,0,0,False
ABCC9,1,1,0,1,False
ABCD1,0,1,0,0,False
ABCD2,0,1,0,0,False
ABCD3,0,1,0,0,False
ABCD4,0,1,0,0,False
ABCE1,0,1,0,0,False
ABCF1,0,1,0,0,False
ABCF2,0,1,0,0,False
ABCF3,0,1,0,0,False
ABCG1,0,1,0,0,False
ABCG2,1,1,0,0,False
ABCG5,0,1,0,0,False
ABCG8,0,1,0,0,False
ABHD10,0,1,0,0,False
ABHD11,0,1,0,0,False
ABHD12,0,1,0,0,False
ABHD13,0,1,0,0,False
ABHD14A,0,1,0,0,False
ABHD14A-ACY1,0,1,0,0,False
ABHD14B,0,1,0,0,False
ABHD15,0,1,0,0,False
ABHD15-AS1,0,1,0,0,False
ABHD16A,0,1,0,0,False
ABHD17A,0,1,0,0,False
ABHD17B,0,1,0,0,False
ABHD18,0,1,0,0,False
ABHD2,0,1,0,0,False
ABHD3,0,1,0,0,False
ABHD4,0,1,0,0,False
ABHD5,0,1,0,0,False
ABHD6,0,1,0,0,False
ABHD8,0,1,0,0,False
ABI1,0,1,0,0,False
ABI2,0,1,0,0,False
ABI3,0,1,0,0,False
ABI3BP,1,1,0,0,False
ABITRAM,0,1,0,0,False
ABL1,0,1,0,0,False
ABL2,0,1,0,0,False
ABLIM1,1,1,0,0,False
ABLIM2,0,1,0,0,False
ABLIM3,0,1,0,0,False
ABO,0,1,0,0,False
ABR,0,1,0,0,False
ABRACL,0,1,0,0,False
ABRAXAS1,0,1,0,0,False
ABRAXAS2,0,1,0,0,False
ABT1,0,1,0,0,False
ABTB1,0,1,0,0,False
ABTB2,0,1,0,0,False
ABTB3,0,1,0,0,False
AC002066.1,1,0,0,0,False
AC003099.2,1,0,0,0,False
AC004538.3,1,0,0,0,False
AC004862.6,1,0,0,0,False
AC005150.1,1,0,0,0,False
AC007682.1,1,0,0,0,False
AC010091.1,1,0,0,0,False
AC011288.2,1,0,0,0,False
AC018717.1,1,0,0,0,False
AC064875.2,1,0,0,0,False
AC067959.1,1,0,0,0,False
AC079135.1,1,0,0,0,False
AC084149.2,1,0,0,0,False
AC092684.1,1,0,0,0,False
AC114765.1,1,0,0,0,False
AC133680.1,1,0,0,0,False
ACAA1,0,1,0,0,False
ACAA2,0,1,0,0,False
ACAA2P1,0,1,0,0,False
ACACA,0,1,0,0,False
ACACB,0,1,0,0,False
ACAD10,0,1,0,0,False
ACAD11,0,1,0,0,False
ACAD8,0,1,0,0,False
ACAD9,0,1,0,0,False
ACADL,0,1,0,0,False
ACADM,0,1,0,0,False
ACADS,0,1,0,0,False
ACADSB,0,1,0,0,False
ACADVL,0,1,0,0,False
ACAN,1,1,0,1,False
ACAP1,0,1,0,0,False
ACAP2,0,1,0,0,False
ACAP3,0,1,0,0,False
ACAT1,0,1,0,0,False
ACAT2,0,1,0,0,False
ACBD3,0,1,0,0,False
ACBD4,0,1,0,0,False
ACBD5,0,1,0,0,False
ACBD6,0,1,0,0,False
ACCS,0,1,0,0,False
ACD,0,1,0,0,False
ACE,0,1,0,0,False
ACE2,0,1,0,0,False
ACE2-DT,0,1,0,0,False
ACER1,0,1,0,1,False
ACER2,0,1,0,0,False
ACER3,0,1,0,0,False
ACHE,0,1,0,0,False
ACIN1,0,1,0,0,False
ACKR1,1,1,0,1,False
ACKR2,0,1,0,0,False
ACKR3,0,1,0,0,False
ACKR4,1,1,0,0,False
ACLY,0,1,0,0,False
ACMSD,0,1,0,0,False
ACO1,0,1,0,0,False
ACO2,0,1,0,0,False
ACOT11,0,1,0,0,False
ACOT12,0,1,0,0,False
ACOT13,0,1,0,0,False
ACOT2,0,1,0,0,False
ACOT4,0,1,0,0,False
ACOT7,0,1,0,0,False
ACOT8,0,1,0,0,False
ACOT9,0,1,0,0,False
ACOX1,0,1,0,0,False
ACOX2,0,1,0,0,False
ACOX3,0,1,0,0,False
ACOXL,0,1,0,0,False
ACOXL-AS1,0,1,0,0,False
ACP1,0,1,0,0,False
ACP2,0,1,0,0,False
ACP3,1,1,0,0,False
ACP5,0,1,0,0,False
ACRBP,0,1,0,0,False
ACSBG1,0,1,0,0,False
ACSF2,0,1,0,0,False
ACSF3,0,1,0,0,False
ACSL1,0,1,0,0,False
ACSL3,0,1,0,0,False
ACSL4,0,1,0,0,False
ACSL5,0,1,0,0,False
ACSL6,0,1,0,0,False
ACSM1,0,1,0,0,False
ACSM2A,1,1,1,0,False
ACSM2B,0,1,1,0,False
ACSM3,0,1,0,0,False
ACSM5,0,1,0,0,False
ACSM5P1,0,1,0,0,False
ACSM6,0,1,0,0,False
ACSS1,0,1,0,0,False
ACSS2,0,1,0,0,False
ACTA1,1,1,0,0,False
ACTA2,1,1,1,1,True
ACTA2-AS1,1,1,0,0,False
ACTB,0,1,0,0,False
ACTBP2,0,1,0,0,False
ACTC1,0,1,0,0,False
ACTG1,1,1,0,0,False
ACTG1P1,0,1,0,0,False
ACTG1P9,0,1,0,0,False
ACTG2,1,1,0,1,False
ACTL6A,0,1,0,0,False
ACTL6B,0,1,0,0,False
ACTL8,0,1,0,0,False
ACTN1,1,1,0,0,False
ACTN1-DT,0,1,0,0,False
ACTN2,0,1,0,0,False
ACTN4,0,1,0,0,False
ACTR10,0,1,0,0,False
ACTR1A,0,1,0,0,False
ACTR1B,0,1,0,0,False
ACTR2,0,1,0,0,False
ACTR3,0,1,0,0,False
ACTR3B,0,1,0,0,False
ACTR3C,0,1,0,0,False
ACTR5,0,1,0,0,False
ACTR6,0,1,0,0,False
ACTR8,0,1,0,0,False
ACVR1,0,1,0,0,False
ACVR1B,0,1,0,0,False
ACVR1C,1,1,0,0,False
ACVR2A,0,1,0,0,False
ACVR2B,0,1,0,0,False
ACVRL1,0,1,0,0,False
ACY1,0,1,0,0,False
ACY3,0,1,0,0,False
ACYP1,0,1,0,0,False
ACYP2,0,1,0,0,False
ADA,1,1,0,0,False
ADA2,0,1,0,0,False
ADAD1P1,0,1,0,0,False
ADAL,0,1,0,0,False
ADAM10,0,1,0,0,False
ADAM12,0,1,0,0,False
ADAM15,0,1,0,0,False
ADAM17,0,1,0,0,False
ADAM19,0,1,0,0,False
ADAM23,0,1,0,0,False
ADAM28,1,1,0,0,False
ADAM32,0,1,0,0,False
ADAM33,1,1,0,0,False
ADAM7-AS1,0,1,0,0,False
ADAM8,0,1,0,0,False
ADAM9,0,1,0,0,False
ADAMDEC1,0,1,0,0,False
ADAMTS1,0,1,0,0,False
ADAMTS12,1,1,0,0,False
ADAMTS15,0,1,0,0,False
ADAMTS16,1,1,0,0,False
ADAMTS17,1,1,0,0,False
ADAMTS18,0,1,0,0,False
ADAMTS19,0,1,0,0,False
ADAMTS19-AS1,0,1,0,0,False
ADAMTS2,0,1,0,0,False
ADAMTS20,1,0,0,0,False
ADAMTS3,1,1,0,0,False
ADAMTS4,0,1,0,1,False
ADAMTS5,1,1,0,1,False
ADAMTS6,1,1,0,0,False
ADAMTS7,0,1,0,0,False
ADAMTS8,0,1,0,0,False
ADAMTS9,0,1,0,0,False
ADAMTS9-AS1,0,1,0,0,False
ADAMTS9-AS2,1,1,0,0,False
ADAMTSL1,1,1,0,0,False
ADAMTSL2,0,1,0,0,False
ADAMTSL3,0,1,0,0,False
ADAMTSL4,0,1,0,0,False
ADAMTSL4-AS1,0,1,0,0,False
ADAMTSL4-AS2,0,1,0,0,False
ADAP1,0,1,0,0,False
ADAP2,0,1,0,0,False
ADAR,0,1,0,0,False
ADARB1,0,1,0,0,False
ADARB2,1,1,0,0,False
ADAT1,0,1,0,0,False
ADAT2,0,1,0,0,False
ADAT3,0,1,0,0,False
ADCK1,0,1,0,0,False
ADCK2,0,1,0,0,False
ADCK5,0,1,0,0,False
ADCY1,0,1,0,0,False
ADCY10,0,1,0,0,False
ADCY2,0,1,0,0,False
ADCY3,1,1,0,0,False
ADCY4,0,1,0,0,False
ADCY5,0,1,0,0,False
ADCY6,0,1,0,0,False
ADCY7,0,1,0,0,False
ADCY8,0,1,0,0,False
ADCY9,0,1,0,0,False
ADCYAP1,0,1,0,0,False
ADCYAP1R1,0,1,0,1,False
ADD1,0,1,0,0,False
ADD2,0,1,0,0,False
ADD3,1,1,0,0,False
ADD3-AS1,1,0,0,0,False
ADGB,0,1,0,0,False
ADGRA2,0,1,0,0,False
ADGRA3,0,1,0,0,False
ADGRB1,0,1,0,0,False
ADGRB2,0,1,0,0,False
ADGRB3,0,1,0,0,False
ADGRB3-DT,0,1,0,0,False
ADGRD1,0,1,0,0,False
ADGRD2,1,0,0,0,False
ADGRE1,1,1,0,0,False
ADGRE2,0,1,0,1,False
ADGRE5,0,1,0,0,False
ADGRF1,0,1,0,0,False
ADGRF2P,0,1,0,0,False
ADGRF4,0,1,0,0,False
ADGRF5,0,1,1,1,False
ADGRF5-AS1,0,1,0,0,False
ADGRG1,0,1,0,0,False
ADGRG2,0,1,0,0,False
ADGRG3,0,1,0,0,False
ADGRG4,0,1,0,0,False
ADGRG5,0,1,0,0,False
ADGRG6,1,1,0,0,False
ADGRG7,0,1,0,0,False
ADGRL1,0,1,0,0,False
ADGRL1-AS1,0,1,0,0,False
ADGRL2,0,1,0,0,False
ADGRL3,0,1,0,0,False
ADGRL3-AS1,0,1,0,0,False
ADGRL4,1,1,0,1,False
ADGRV1,0,1,0,0,False
ADH1B,0,1,1,0,False
ADH1C,0,1,0,0,False
ADH5,0,1,0,0,False
ADH6,0,1,0,0,False
ADH7,0,1,0,0,False
ADI1,0,1,0,0,False
ADIPOQ,0,1,0,1,False
ADIPOR1,1,1,0,0,False
ADIPOR2,0,1,0,0,False
ADIRF,0,1,1,0,False
ADIRF-AS1,0,1,0,0,False
ADISSP,0,1,0,0,False
ADK,0,1,0,0,False
ADM,0,1,0,0,False
ADM2,0,1,0,0,False
ADM5,0,1,0,0,False
ADNP,0,1,0,0,False
ADNP-AS1,0,1,0,0,False
ADNP2,0,1,0,0,False
ADO,0,1,0,0,False
ADORA2A,0,1,0,0,False
ADORA2A-AS1,0,1,0,0,False
ADORA2B,0,1,0,0,False
ADPGK,0,1,0,0,False
ADPRH,0,1,0,0,False
ADPRM,0,1,0,0,False
ADPRS,0,1,0,0,False
ADRA1A,1,1,0,0,False
ADRA1B,0,1,0,0,False
ADRA1D,0,1,0,0,False
ADRA2A,1,1,0,0,False
ADRA2B,0,1,0,0,False
ADRA2C,0,1,0,0,False
ADRB1,0,1,0,0,False
ADRB2,0,1,0,0,False
ADRM1,0,1,0,0,False
ADSL,0,1,0,0,False
ADSS1,0,1,0,0,False
ADSS2,0,1,0,0,False
ADTRP,0,1,0,0,False
AE000661.37,1,0,0,0,False
AEBP1,0,1,0,0,False
AEBP2,0,1,0,0,False
AEN,0,1,0,0,False
AFAP1,0,1,0,0,False
AFAP1L1,0,1,0,0,False
AFAP1L2,0,1,0,0,False
AFDN,0,1,0,0,False
AFF1,0,1,0,0,False
AFF2,0,1,0,0,False
AFF3,0,1,1,0,False
AFF4,0,1,0,0,False
AFG1L,0,1,0,0,False
AFG2A,0,1,0,0,False
AFG2B,0,1,0,0,False
AFG3L2,0,1,0,0,False
AFM,0,1,0,0,False
AFMID,0,1,0,0,False
AFP,0,1,0,0,False
AFTPH,0,1,0,0,False
AFTPH-DT,0,1,0,0,False
AGA,0,1,0,0,False
AGAP1,0,1,0,0,False
AGAP2,0,1,0,0,False
AGAP2-AS1,0,1,0,0,False
AGAP3,0,1,0,0,False
AGAP4,0,1,0,0,False
AGAP9,0,1,0,0,False
AGBL1,0,1,0,0,False
AGBL2,0,1,0,0,False
AGBL3,0,1,0,0,False
AGBL4,0,1,0,0,False
AGBL4-IT1,0,1,0,0,False
AGBL5,0,1,0,0,False
AGER,1,1,0,1,False
AGFG1,0,1,0,0,False
AGFG2,0,1,0,0,False
AGGF1,0,1,0,0,False
AGK,0,1,0,0,False
AGMAT,0,1,0,0,False
AGMO,0,1,0,0,False
AGO1,0,1,0,0,False
AGO2,0,1,0,0,False
AGO3,0,1,0,0,False
AGO4,0,1,0,0,False
AGPAT1,0,1,0,0,False
AGPAT2,0,1,0,0,False
AGPAT3,0,1,0,0,False
AGPAT4,0,1,0,0,False
AGPAT5,0,1,0,0,False
AGPS,0,1,0,0,False
AGR2,1,1,0,0,False
AGR3,0,1,0,0,False
AGRN,0,1,0,0,False
AGRP,0,1,0,0,False
AGT,0,1,0,0,False
AGTPBP1,0,1,0,0,False
AGTR1,0,1,0,0,False
AGTR2,0,1,0,0,False
AGTRAP,0,1,0,0,False
AGXT,0,1,0,0,False
AGXT2,0,1,0,0,False
AHCTF1,0,1,0,0,False
AHCY,0,1,0,0,False
AHCYL1,0,1,0,0,False
AHCYL2,0,1,0,0,False
AHDC1,0,1,0,0,False
AHI1,0,1,0,0,False
AHI1-DT,0,1,0,0,False
AHNAK,0,1,0,0,False
AHNAK2,0,1,0,0,False
AHR,1,1,0,0,False
AHRR,0,1,0,0,False
AHSA1,0,1,0,0,False
AHSA2P,0,1,0,0,False
AHSG,0,1,0,0,False
AHSP,1,1,0,1,False
AICDA,1,0,0,0,False
AIDA,0,1,0,0,False
AIF1,1,1,0,0,False
AIF1L,0,1,0,0,False
AIFM1,0,1,0,0,False
AIFM2,1,1,0,0,False
AIG1,0,1,0,0,False
AIM2,0,1,0,0,False
AIMP1,0,1,0,0,False
AIMP2,0,1,0,0,False
AIP,0,1,0,0,False
AIPL1,0,1,0,0,False
AIRE,1,1,0,0,False
AIRIM,0,1,0,0,False
AIRN,0,1,0,0,False
AJ006995.3,1,0,0,0,False
AJ006998.2,1,0,0,0,False
AJAP1,0,1,0,0,False
AJUBA,0,1,0,0,False
AK1,0,1,0,0,False
AK2,0,1,0,0,False
AK3,0,1,0,0,False
AK4,0,1,0,0,False
AK5,0,1,0,0,False
AK6,0,1,0,0,False
AK7,0,1,0,0,False
AK8,0,1,0,0,False
AK9,0,1,0,0,False
AKAIN1,0,1,0,0,False
AKAP1,0,1,0,0,False
AKAP10,0,1,0,0,False
AKAP11,0,1,0,0,False
AKAP12,0,1,0,0,False
AKAP13,0,1,0,0,False
AKAP13-AS1,0,1,0,0,False
AKAP14,0,1,0,0,False
AKAP17A,0,1,0,0,False
AKAP3,0,1,0,0,False
AKAP5,0,1,0,0,False
AKAP6,0,1,0,0,False
AKAP7,0,1,0,0,False
AKAP8,0,1,0,0,False
AKAP8L,0,1,0,0,False
AKAP9,0,1,0,0,False
AKIP1,0,1,0,0,False
AKIRIN1,0,1,0,0,False
AKIRIN2,0,1,0,0,False
AKNA,0,1,0,0,False
AKNAD1,0,1,0,0,False
AKR1A1,0,1,0,0,False
AKR1B1,0,1,0,0,False
AKR1B10,0,1,0,0,False
AKR1B15,0,1,0,0,False
AKR1C1,1,1,0,0,False
AKR1C2,0,1,0,0,False
AKR1C3,0,1,0,0,False
AKR1C6P,0,1,0,0,False
AKR1D1,0,1,0,0,False
AKR1E2,0,1,0,0,False
AKR7A2,0,1,0,0,False
AKR7A3,0,1,0,0,False
AKR7L,0,1,0,0,False
AKT1,0,1,0,0,False
AKT1S1,0,1,0,0,False
AKT2,0,1,0,0,False
AKT3,0,1,0,0,False
AKT3-IT1,0,1,0,0,False
AKTIP,0,1,0,0,False
ALAD,0,1,0,0,False
ALAS1,0,1,0,0,False
ALAS2,1,1,0,1,False
ALB,0,1,0,0,False
ALCAM,0,1,0,0,False
ALDH,1,0,0,0,False
ALDH16A1,0,1,0,0,False
ALDH18A1,0,1,0,0,False
ALDH1A1,0,1,0,0,False
ALDH1A2,1,1,1,0,False
ALDH1A2-AS1,0,1,0,0,False
ALDH1A3,1,1,0,0,False
ALDH1A3-AS1,0,1,0,0,False
ALDH1B1,0,1,0,0,False
ALDH1L1,0,1,0,0,False
ALDH1L2,0,1,0,0,False
ALDH2,1,1,0,0,False
ALDH3A1,0,1,0,0,False
ALDH3A2,0,1,0,0,False
ALDH3B1,0,1,0,0,False
ALDH3B2,0,1,0,0,False
ALDH4A1,0,1,0,0,False
ALDH5A1,0,1,0,0,False
ALDH6A1,0,1,0,0,False
ALDH7A1,0,1,0,0,False
ALDH8A1,0,1,0,0,False
ALDH9A1,0,1,0,0,False
ALDOA,0,1,0,0,False
ALDOB,1,1,0,0,False
ALDOC,0,1,0,0,False
ALG1,0,1,0,0,False
ALG10,0,1,0,0,False
ALG11,0,1,0,0,False
ALG12,0,1,0,0,False
ALG13,1,1,0,0,False
ALG13-AS1,0,1,0,0,False
ALG14,0,1,0,0,False
ALG1L1P,0,1,0,0,False
ALG2,0,1,0,0,False
ALG3,0,1,0,0,False
ALG5,0,1,0,0,False
ALG6,0,1,0,0,False
ALG8,0,1,0,0,False
ALG9,0,1,0,0,False
ALG9-IT1,0,1,0,0,False
ALK,1,1,0,0,False
ALKAL2,1,1,0,0,False
ALKBH1,0,1,0,0,False
ALKBH2,0,1,0,0,False
ALKBH3,0,1,0,0,False
ALKBH4,0,1,0,0,False
ALKBH5,0,1,0,0,False
ALKBH6,0,1,0,0,False
ALKBH7,0,1,0,0,False
ALMS1,0,1,0,0,False
ALMS1P1,0,1,0,0,False
ALOX12,0,1,0,0,False
ALOX12-AS1,0,1,0,0,False
ALOX12B,0,1,0,0,False
ALOX12P2,0,1,0,0,False
ALOX15,0,1,0,0,False
ALOX15B,0,1,0,0,False
ALOX5,0,1,0,1,False
ALOX5AP,0,1,0,0,False
ALPK1,0,1,0,0,False
ALPK2,0,1,0,0,False
ALPK3,0,1,0,0,False
ALPL,0,1,0,0,False
ALPP,0,1,0,0,False
ALS2,0,1,0,0,False
ALS2CL,0,1,1,0,False
ALYREF,0,1,0,0,False
AMACR,0,1,0,0,False
AMBN,0,1,0,0,False
AMBP,0,1,0,0,False
AMBRA1,0,1,0,0,False
AMD1,0,1,0,0,False
AMDHD1,0,1,0,0,False
AMDHD2,0,1,0,0,False
AMELX,0,1,0,0,False
AMER2,0,1,0,0,False
AMFR,0,1,0,0,False
AMHR2,0,1,0,0,False
AMIGO2,0,1,0,0,False
AMMECR1,0,1,0,0,False
AMMECR1L,0,1,0,0,False
AMN,0,1,0,0,False
AMN1,0,1,0,0,False
AMOTL1,0,1,0,0,False
AMOTL2,0,1,0,0,False
AMPD1,0,1,0,0,False
AMPD2,0,1,0,0,False
AMPD3,0,1,0,0,False
AMPH,0,1,0,0,False
AMT,0,1,0,0,False
AMY2A,1,1,0,1,False
AMY2B,0,1,0,0,False
AMZ2,0,1,0,0,False
ANAPC1,0,1,0,0,False
ANAPC10,0,1,0,0,False
ANAPC11,0,1,0,0,False
ANAPC13,0,1,0,0,False
ANAPC15,0,1,0,0,False
ANAPC16,0,1,0,0,False
ANAPC1P4,0,1,0,0,False
ANAPC2,0,1,0,0,False
ANAPC4,0,1,0,0,False
ANAPC5,0,1,0,0,False
ANAPC7,0,1,0,0,False
ANG,0,1,0,0,False
ANGEL1,0,1,0,0,False
ANGEL2,0,1,0,0,False
ANGPT1,1,1,0,0,False
ANGPT2,0,1,0,0,False
ANGPT4,0,1,0,0,False
ANGPTL1,0,1,0,0,False
ANGPTL2,0,1,0,0,False
ANGPTL3,0,1,0,0,False
ANGPTL4,1,1,0,0,False
ANGPTL5,0,1,0,0,False
ANGPTL6,0,1,0,0,False
ANGPTL7,0,1,0,0,False
ANHX,0,1,0,0,False
ANK1,0,1,0,0,False
ANK2,0,1,0,0,False
ANK2-AS1,0,1,0,0,False
ANK3,0,1,0,0,False
ANKAR,0,1,0,0,False
ANKDD1A,0,1,0,0,False
ANKEF1,0,1,0,0,False
ANKFN1,1,1,0,0,False
ANKFY1,0,1,0,0,False
ANKH,0,1,0,0,False
ANKHD1,0,1,0,0,False
ANKHD1-DT,0,1,0,0,False
ANKIB1,0,1,0,0,False
ANKK1,0,1,0,0,False
ANKLE1,0,1,0,0,False
ANKLE2,0,1,0,0,False
ANKMY1,0,1,0,0,False
ANKMY2,0,1,0,0,False
ANKRA2,0,1,0,0,False
ANKRD1,0,1,0,0,False
ANKRD10,0,1,0,0,False
ANKRD11,0,1,0,0,False
ANKRD11P1,0,1,0,0,False
ANKRD12,0,1,0,0,False
ANKRD13A,0,1,0,0,False
ANKRD13C,0,1,0,0,False
ANKRD13C-DT,0,1,0,0,False
ANKRD13D,0,1,0,0,False
ANKRD16,0,1,0,0,False
ANKRD17,0,1,0,0,False
ANKRD17-DT,0,1,0,0,False
ANKRD18A,0,1,0,0,False
ANKRD2,0,1,0,0,False
ANKRD20A1,0,1,0,0,False
ANKRD20A11P,1,1,0,0,False
ANKRD20A4P,0,1,0,0,False
ANKRD20A5P,0,1,0,0,False
ANKRD20A8P,0,1,0,0,False
ANKRD22,0,1,0,0,False
ANKRD23,0,1,0,0,False
ANKRD26,0,1,0,0,False
ANKRD26P3,0,1,0,0,False
ANKRD27,0,1,0,0,False
ANKRD28,0,1,0,0,False
ANKRD29,0,1,0,0,False
ANKRD30A,0,1,0,0,False
ANKRD30B,1,1,0,0,False
ANKRD30BL,0,1,0,0,False
ANKRD31,0,1,0,0,False
ANKRD33,0,1,0,0,False
ANKRD33B,0,1,0,0,False
ANKRD34A,0,1,0,0,False
ANKRD34B,0,1,0,0,False
ANKRD34C-AS1,0,1,0,0,False
ANKRD35,0,1,0,0,False
ANKRD36,0,1,0,0,False
ANKRD36B,0,1,0,0,False
ANKRD36BP2,0,1,0,0,False
ANKRD36C,0,1,0,0,False
ANKRD37,0,1,0,0,False
ANKRD39,0,1,0,0,False
ANKRD40,0,1,0,0,False
ANKRD42,0,1,0,0,False
ANKRD42-DT,0,1,0,0,False
ANKRD44,0,1,1,0,False
ANKRD44-AS1,0,1,0,0,False
ANKRD44-IT1,0,1,0,0,False
ANKRD45,0,1,0,0,False
ANKRD46,0,1,0,0,False
ANKRD49,0,1,0,0,False
ANKRD50,0,1,0,0,False
ANKRD54,0,1,0,0,False
ANKRD55,0,1,0,0,False
ANKRD6,0,1,0,0,False
ANKRD62,0,1,0,0,False
ANKRD65,0,1,0,0,False
ANKRD66,0,1,0,0,False
ANKRD9,0,1,0,0,False
ANKS1A,0,1,0,0,False
ANKS1B,0,1,0,0,False
ANKS3,0,1,0,0,False
ANKS6,0,1,0,0,False
ANKUB1,0,1,0,0,False
ANKZF1,0,1,0,0,False
ANLN,1,1,0,0,False
ANO1,0,1,0,0,False
ANO10,0,1,0,0,False
ANO2,1,1,0,0,False
ANO3,0,1,0,0,False
ANO4,0,1,0,0,False
ANO5,0,1,0,0,False
ANO6,0,1,0,0,False
ANO7,0,1,0,0,False
ANO8,0,1,0,0,False
ANO9,0,1,0,0,False
ANOS1,1,1,0,0,False
ANOS2P,0,1,0,0,False
ANP32A,0,1,0,0,False
ANP32AP1,0,1,0,0,False
ANP32B,0,1,0,0,False
ANP32E,0,1,0,0,False
ANPEP,1,1,1,0,False
ANTKMT,0,1,0,0,False
ANTXR1,0,1,0,0,False
ANTXR2,0,1,0,0,False
ANXA1,1,1,0,0,False
ANXA10,0,1,0,0,False
ANXA11,0,1,0,0,False
ANXA13,0,1,0,0,False
ANXA2,1,1,0,0,False
ANXA2P1,0,1,0,0,False
ANXA2R,0,1,0,0,False
ANXA2R-AS1,0,1,0,0,False
ANXA2R-OT1,0,1,0,0,False
ANXA3,0,1,0,0,False
ANXA4,1,1,0,0,False
ANXA5,0,1,0,0,False
ANXA6,0,1,0,0,False
ANXA7,0,1,0,0,False
ANXA8,0,1,0,0,False
ANXA8L1,0,1,0,0,False
AOAH,0,1,1,0,False
AOC1,0,1,0,0,False
AOC2,0,1,0,0,False
AOC3,0,1,0,0,False
AOPEP,0,1,0,0,False
AOX1,0,1,0,0,False
AP000331.1,1,0,0,0,False
AP1AR,0,1,0,0,False
AP1B1,0,1,0,0,False
AP1G1,0,1,0,0,False
AP1G2,0,1,0,0,False
AP1G2-AS1,0,1,0,0,False
AP1M1,0,1,0,0,False
AP1M2,0,1,0,0,False
AP1S1,0,1,0,0,False
AP1S2,0,1,0,0,False
AP1S3,0,1,0,0,False
AP2A1,0,1,0,0,False
AP2A2,0,1,0,0,False
AP2B1,0,1,0,0,False
AP2B1P1,0,1,0,0,False
AP2M1,0,1,0,0,False
AP2S1,0,1,0,0,False
AP3B1,0,1,0,0,False
AP3B2,0,1,0,0,False
AP3D1,0,1,0,0,False
AP3M1,0,1,0,0,False
AP3M2,1,1,0,0,False
AP3S1,0,1,0,0,False
AP3S2,0,1,0,0,False
AP4B1,0,1,0,0,False
AP4B1-AS1,0,1,0,0,False
AP4E1,0,1,0,0,False
AP4M1,0,1,0,0,False
AP4S1,0,1,0,0,False
AP5B1,0,1,0,0,False
AP5M1,0,1,0,0,False
AP5S1,0,1,0,0,False
AP5Z1,0,1,0,0,False
APAF1,0,1,0,0,False
APBA1,0,1,0,0,False
APBA2,0,1,0,0,False
APBA3,0,1,0,0,False
APBB1,0,1,0,0,False
APBB1IP,1,1,0,0,False
APBB2,0,1,0,0,False
APBB3,0,1,0,0,False
APC,0,1,0,0,False
APC2,0,1,0,0,False
APCDD1,0,1,0,0,False
APCDD1L,0,1,0,0,False
APCDD1L-DT,0,1,1,0,False
APEH,0,1,0,0,False
APELA,0,1,0,0,False
APEX1,0,1,0,0,False
APEX2,0,1,0,0,False
APH1A,0,1,0,0,False
APH1B,0,1,0,0,False
API5,0,1,0,0,False
APIP,0,1,0,0,False
APLF,0,1,0,0,False
APLN,1,1,0,0,False
APLNR,1,1,0,0,False
APLP1,0,1,0,0,False
APLP2,1,1,0,0,False
APMAP,0,1,0,0,False
APOA1,0,1,0,0,False
APOA2,0,1,0,0,False
APOA4,0,1,0,0,False
APOB,0,1,0,0,False
APOBEC1,0,1,0,0,False
APOBEC3A,0,1,0,0,False
APOBEC3B,0,1,0,0,False
APOBEC3C,0,1,0,0,False
APOBEC3F,0,1,0,0,False
APOBEC3G,0,1,0,0,False
APOBEC3H,0,1,0,0,False
APOBR,0,1,0,0,False
APOC1,1,1,0,0,False
APOC2,0,1,0,0,False
APOC3,0,1,0,0,False
APOD,1,1,0,1,False
APOE,1,1,0,0,False
APOH,0,1,0,0,False
APOL1,0,1,0,0,False
APOL2,0,1,0,0,False
APOL3,0,1,0,0,False
APOL4,0,1,0,0,False
APOL6,0,1,0,0,False
APOLD1,0,1,0,0,False
APOM,0,1,0,0,False
APOO,0,1,0,0,False
APOOL,0,1,0,0,False
APOOP5,0,1,0,0,False
APP,0,1,0,0,False
APPAT,0,1,0,0,False
APPBP2,0,1,0,0,False
APPBP2-DT,0,1,0,0,False
APPL1,0,1,0,0,False
APPL2,0,1,0,0,False
APRG1,0,1,0,0,False
APRT,0,1,0,0,False
APTR,0,1,0,0,False
APTX,0,1,0,0,False
AQP0 residues 1-263 +fatty acyl,1,0,0,0,False
AQP1,1,1,0,0,False
AQP10,0,1,0,0,False
AQP2,1,1,1,0,False
AQP3,1,1,1,0,False
AQP4,1,1,0,0,False
AQP4-AS1,0,1,0,0,False
AQP5,0,1,0,1,False
AQP5-AS1,0,1,0,0,False
AQP6,1,1,0,0,False
AQP7,0,1,0,0,False
AQP7B,0,1,0,0,False
AQP7P3,0,1,0,0,False
AQP7P4,0,1,0,0,False
AQP7P5,0,1,0,0,False
AQP8,0,1,0,0,False
AQP9,0,1,0,0,False
AQR,0,1,0,0,False
AR,1,1,0,1,False
ARAF,0,1,0,0,False
ARAP1,0,1,0,0,False
ARAP1-AS1,0,1,0,0,False
ARAP2,0,1,0,0,False
ARAP3,0,1,0,0,False
ARB2A,0,1,0,0,False
ARC,0,1,0,0,False
ARCN1,0,1,0,0,False
AREG,0,1,0,0,False
AREL1,0,1,0,0,False
ARF1,0,1,0,0,False
ARF3,0,1,0,0,False
ARF4,0,1,0,0,False
ARF4-AS1,0,1,0,0,False
ARF4P2,0,1,0,0,False
ARF5,0,1,0,0,False
ARF6,0,1,0,0,False
ARFGAP1,0,1,0,0,False
ARFGAP2,0,1,0,0,False
ARFGAP3,0,1,0,0,False
ARFGEF1,0,1,0,0,False
ARFGEF2,0,1,0,0,False
ARFGEF3,0,1,0,0,False
ARFIP1,0,1,0,0,False
ARFIP2,0,1,0,0,False
ARFRP1,0,1,0,0,False
ARG1,0,1,0,0,False
ARG2,0,1,0,0,False
ARGLU1,0,1,0,0,False
ARGLU1-DT,0,1,0,0,False
ARHGAP1,0,1,0,0,False
ARHGAP10,0,1,0,0,False
ARHGAP11A,0,1,0,0,False
ARHGAP11A-DT,0,1,0,0,False
ARHGAP11B,0,1,0,0,False
ARHGAP11B-DT,0,1,0,0,False
ARHGAP12,0,1,0,0,False
ARHGAP15,0,1,1,0,False
ARHGAP15-AS1,0,1,0,0,False
ARHGAP17,0,1,0,0,False
ARHGAP18,0,1,1,0,False
ARHGAP19,0,1,0,0,False
ARHGAP19-SLIT1,0,1,0,0,False
ARHGAP20,0,1,0,0,False
ARHGAP21,0,1,0,0,False
ARHGAP22,0,1,0,0,False
ARHGAP23,0,1,0,0,False
ARHGAP24,0,1,1,0,False
ARHGAP25,0,1,0,0,False
ARHGAP26,0,1,1,0,False
ARHGAP26-AS1,0,1,0,0,False
ARHGAP27,0,1,0,0,False
ARHGAP27P1-BPTFP1-KPNA2P3,0,1,0,0,False
ARHGAP28,0,1,0,0,False
ARHGAP28-AS1,0,1,0,0,False
ARHGAP29,0,1,0,0,False
ARHGAP30,0,1,0,0,False
ARHGAP31,0,1,0,0,False
ARHGAP31-AS1,0,1,0,0,False
ARHGAP32,0,1,0,0,False
ARHGAP35,0,1,0,0,False
ARHGAP39,0,1,0,0,False
ARHGAP4,0,1,0,0,False
ARHGAP40,0,1,0,1,False
ARHGAP42,1,1,0,0,False
ARHGAP44,0,1,0,0,False
ARHGAP45,0,1,0,0,False
ARHGAP5,0,1,0,0,False
ARHGAP5-AS1,0,1,0,0,False
ARHGAP6,1,1,0,0,False
ARHGAP8,0,1,0,0,False
ARHGAP9,0,1,0,0,False
ARHGDIA,0,1,0,0,False
ARHGDIB,0,1,0,0,False
ARHGEF1,0,1,0,0,False
ARHGEF10,0,1,0,0,False
ARHGEF10L,0,1,0,0,False
ARHGEF11,0,1,0,0,False
ARHGEF12,0,1,0,0,False
ARHGEF15,0,1,0,0,False
ARHGEF16,0,1,0,0,False
ARHGEF17,0,1,0,0,False
ARHGEF17-AS1,0,1,0,0,False
ARHGEF18,0,1,0,0,False
ARHGEF19,0,1,0,0,False
ARHGEF2,0,1,0,0,False
ARHGEF25,0,1,0,0,False
ARHGEF26,0,1,0,0,False
ARHGEF28,0,1,0,0,False
ARHGEF3,0,1,0,0,False
ARHGEF34P,0,1,0,0,False
ARHGEF35,0,1,0,0,False
ARHGEF35-AS1,0,1,0,0,False
ARHGEF37,0,1,0,0,False
ARHGEF38,0,1,0,0,False
ARHGEF39,0,1,0,0,False
ARHGEF40,0,1,0,0,False
ARHGEF5,0,1,0,0,False
ARHGEF6,0,1,0,0,False
ARHGEF7,0,1,0,0,False
ARHGEF9,0,1,0,0,False
ARID1A,0,1,0,0,False
ARID1B,0,1,0,0,False
ARID2,0,1,0,0,False
ARID3A,0,1,0,0,False
ARID3B,0,1,0,0,False
ARID4A,0,1,0,0,False
ARID4B,0,1,0,0,False
ARID5A,0,1,0,0,False
ARID5B,1,1,0,0,False
ARIH1,0,1,0,0,False
ARIH2,0,1,0,0,False
ARK2C,0,1,0,0,False
ARK2N,0,1,0,0,False
ARL1,0,1,0,0,False
ARL10,0,1,0,0,False
ARL11,0,1,0,0,False
ARL13B,0,1,0,0,False
ARL14,0,1,0,0,False
ARL14EP,0,1,0,0,False
ARL14EP-DT,0,1,0,0,False
ARL14EPL,0,1,0,0,False
ARL15,0,1,1,0,False
ARL16,0,1,0,0,False
ARL17A,0,1,0,0,False
ARL17B,0,1,0,0,False
ARL2,0,1,0,0,False
ARL2-SNX15,0,1,0,0,False
ARL2BP,0,1,0,0,False
ARL3,0,1,0,0,False
ARL4A,0,1,0,0,False
ARL4C,0,1,0,0,False
ARL4D,0,1,0,0,False
ARL5A,0,1,0,0,False
ARL5B,0,1,0,0,False
ARL5C,0,1,0,0,False
ARL6,0,1,0,0,False
ARL6IP1,0,1,0,0,False
ARL6IP4,0,1,0,0,False
ARL6IP5,0,1,0,0,False
ARL6IP6,0,1,0,0,False
ARL8A,0,1,0,0,False
ARL8B,0,1,0,0,False
ARL9,0,1,0,0,False
ARMC1,0,1,0,0,False
ARMC10,0,1,0,0,False
ARMC2,0,1,0,0,False
ARMC3,0,1,0,0,False
ARMC5,0,1,0,0,False
ARMC6,0,1,0,0,False
ARMC7,0,1,0,0,False
ARMC8,0,1,0,0,False
ARMC9,0,1,0,0,False
ARMCX1,0,1,0,0,False
ARMCX2,0,1,0,0,False
ARMCX3,0,1,0,0,False
ARMCX4,0,1,0,0,False
ARMCX5,0,1,0,0,False
ARMCX6,0,1,0,0,False
ARMH1,1,1,0,0,False
ARMH3,0,1,0,0,False
ARMH4,0,1,0,0,False
ARMT1,0,1,0,0,False
ARNT,0,1,0,0,False
ARNT2,0,1,0,0,False
ARNT2-DT,0,1,0,0,False
ARPC1A,0,1,0,0,False
ARPC1B,0,1,0,0,False
ARPC2,0,1,0,0,False
ARPC3,0,1,0,0,False
ARPC4,0,1,0,0,False
ARPC4-TTLL3,0,1,0,0,False
ARPC5,0,1,0,0,False
ARPC5L,0,1,0,0,False
ARPIN,0,1,0,0,False
ARPIN-AP3S2,0,1,0,0,False
ARPP19,0,1,0,0,False
ARPP21,0,1,0,0,False
ARR3,1,1,0,0,False
ARRB1,0,1,0,0,False
ARRB2,0,1,0,0,False
ARRDC1,0,1,0,0,False
ARRDC1-AS1,0,1,0,0,False
ARRDC2,0,1,0,0,False
ARRDC3,0,1,0,0,False
ARRDC3-AS1,0,1,0,0,False
ARRDC4,0,1,0,0,False
ARRDC5,0,1,0,0,False
ARSA,0,1,0,0,False
ARSB,0,1,0,0,False
ARSD,0,1,0,0,False
ARSF,0,1,0,0,False
ARSG,0,1,0,0,False
ARSI,0,1,0,0,False
ARSJ,0,1,0,0,False
ARSK,0,1,0,0,False
ART1,0,1,0,0,False
ART3,0,1,0,0,False
ART4,0,1,0,1,False
ARTN,0,1,0,0,False
ARV1,0,1,0,0,False
ARVCF,0,1,0,0,False
ARX,1,1,0,1,False
AS3MT,0,1,0,0,False
ASAH1,0,1,0,0,False
ASAH2,1,1,0,0,False
ASAP1,0,1,1,0,False
ASAP2,0,1,0,0,False
ASB1,0,1,0,0,False
ASB13,0,1,0,0,False
ASB16-AS1,0,1,0,0,False
ASB2,0,1,0,0,False
ASB3,0,1,0,0,False
ASB6,0,1,0,0,False
ASB7,0,1,0,0,False
ASB8,0,1,0,0,False
ASB9,0,1,0,0,False
ASCC1,1,1,0,0,False
ASCC2,0,1,0,0,False
ASCC3,0,1,0,0,False
ASCL1,1,1,0,0,False
ASCL2,1,1,0,0,False
ASCL3,1,1,0,0,False
ASDURF,0,1,0,0,False
ASF1A,0,1,0,0,False
ASF1B,0,1,0,0,False
ASGR1,0,1,0,0,False
ASGR2,0,1,0,0,False
ASH1L,0,1,0,0,False
ASH1L-AS1,0,1,0,0,False
ASH2L,0,1,0,0,False
ASH2LP4,0,1,0,0,False
ASIC1,0,1,0,0,False
ASIC2,0,1,0,0,False
ASIC5,0,1,0,0,False
ASIP,0,1,0,0,False
ASL,0,1,0,0,False
ASMER1,0,1,0,0,False
ASMTL,0,1,0,0,False
ASNS,0,1,0,0,False
ASNSD1,0,1,0,0,False
ASPA,0,1,0,0,False
ASPDH,0,1,0,0,False
ASPG,0,1,0,0,False
ASPH,0,1,0,0,False
ASPHD1,0,1,0,0,False
ASPHD2,0,1,0,0,False
ASPM,0,1,0,0,False
ASPN,1,1,0,0,False
ASPSCR1,0,1,0,0,False
ASRGL1,0,1,0,0,False
ASS1,0,1,0,0,False
ASTE1,0,1,0,0,False
ASTILCS,0,1,0,0,False
ASTN1,0,1,0,0,False
ASTN2,0,1,0,0,False
ASXL1,0,1,0,0,False
ASXL2,0,1,0,0,False
ATAD1,0,1,0,0,False
ATAD2,0,1,0,0,False
ATAD2B,0,1,0,0,False
ATAD3A,0,1,0,0,False
ATAD3B,0,1,0,0,False
ATAD3C,0,1,0,0,False
ATAD5,0,1,0,0,False
ATAT1,0,1,0,0,False
ATCAY,0,1,0,0,False
ATE1,0,1,0,0,False
ATF1,0,1,0,0,False
ATF2,0,1,0,0,False
ATF3,0,1,0,0,False
ATF4,0,1,0,0,False
ATF4P4,1,0,0,0,False
ATF5,0,1,0,0,False
ATF6,0,1,0,0,False
ATF6-DT,0,1,0,0,False
ATF6B,0,1,0,0,False
ATF7,0,1,0,0,False
ATF7IP,0,1,0,0,False
ATF7IP2,0,1,0,0,False
ATG10,0,1,0,0,False
ATG101,0,1,0,0,False
ATG12,0,1,0,0,False
ATG12P1,0,1,0,0,False
ATG13,0,1,0,0,False
ATG14,0,1,0,0,False
ATG16L1,0,1,0,0,False
ATG16L2,0,1,0,0,False
ATG2A,0,1,0,0,False
ATG2B,0,1,0,0,False
ATG3,0,1,0,0,False
ATG4A,0,1,0,0,False
ATG4B,0,1,0,0,False
ATG4C,0,1,0,0,False
ATG4D,0,1,0,0,False
ATG5,0,1,0,0,False
ATG7,0,1,0,0,False
ATG9A,0,1,0,0,False
ATG9B,0,1,0,0,False
ATIC,0,1,0,0,False
ATL1,0,1,0,0,False
ATL2,0,1,0,0,False
ATL3,0,1,0,0,False
ATM,0,1,0,0,False
ATMIN,0,1,0,0,False
ATN1,0,1,0,0,False
ATOH1,0,1,0,0,False
ATOH8,0,1,0,0,False
ATOSA,0,1,0,0,False
ATOSB,0,1,0,0,False
ATOX1,0,1,0,0,False
ATP10A,1,1,0,0,False
ATP10B,0,1,0,0,False
ATP10D,0,1,0,0,False
ATP11A,0,1,0,0,False
ATP11B,0,1,0,0,False
ATP11B-DT,0,1,0,0,False
ATP11C,0,1,0,0,False
ATP12A,0,1,0,0,False
ATP13A1,0,1,0,0,False
ATP13A2,0,1,0,0,False
ATP13A3,0,1,0,0,False
ATP13A3-DT,0,1,0,0,False
ATP13A4,0,1,0,0,False
ATP13A5,0,1,0,0,False
ATP1A1,1,1,0,0,False
ATP1A1-AS1,0,1,0,0,False
ATP1A2,1,1,0,0,False
ATP1A3,0,1,0,0,False
ATP1A4,0,1,0,0,False
ATP1B1,0,1,1,0,False
ATP1B2,0,1,0,0,False
ATP1B3,0,1,0,0,False
ATP1B3-AS1,0,1,0,0,False
ATP23,0,1,0,0,False
ATP2A1,0,1,0,0,False
ATP2A1-AS1,0,1,0,0,False
ATP2A2,0,1,0,0,False
ATP2A3,0,1,0,0,False
ATP2B1,0,1,0,0,False
ATP2B1-AS1,0,1,0,0,False
ATP2B2,0,1,0,0,False
ATP2B3,0,1,0,0,False
ATP2B4,0,1,0,0,False
ATP2C1,0,1,0,0,False
ATP2C2,0,1,0,0,False
ATP5F1A,0,1,0,0,False
ATP5F1B,0,1,0,0,False
ATP5F1C,0,1,0,0,False
ATP5F1D,0,1,0,0,False
ATP5F1E,0,1,0,0,False
ATP5F1EP2,0,1,0,0,False
ATP5IF1,0,1,0,0,False
ATP5MC1,0,1,0,0,False
ATP5MC2,0,1,0,0,False
ATP5MC3,0,1,0,0,False
ATP5ME,0,1,0,0,False
ATP5MF,0,1,0,0,False
ATP5MG,0,1,0,0,False
ATP5MGL,0,1,0,0,False
ATP5MJ,0,1,0,0,False
ATP5MK,0,1,0,0,False
ATP5PB,0,1,0,0,False
ATP5PD,0,1,0,0,False
ATP5PF,0,1,0,0,False
ATP5PO,0,1,0,0,False
ATP6AP1,0,1,0,0,False
ATP6AP1-DT,0,1,0,0,False
ATP6AP1L,0,1,0,0,False
ATP6AP2,0,1,0,0,False
ATP6V0A1,0,1,0,0,False
ATP6V0A2,0,1,0,0,False
ATP6V0A4,1,1,1,0,False
ATP6V0B,0,1,0,0,False
ATP6V0C,0,1,0,0,False
ATP6V0D1,0,1,0,0,False
ATP6V0D1-DT,0,1,0,0,False
ATP6V0D2,1,1,1,0,False
ATP6V0E1,0,1,0,0,False
ATP6V0E2,0,1,0,0,False
ATP6V1A,0,1,0,0,False
ATP6V1B1,0,1,0,0,False
ATP6V1B2,0,1,0,0,False
ATP6V1C1,0,1,0,0,False
ATP6V1C2,0,1,1,0,False
ATP6V1D,0,1,0,0,False
ATP6V1E1,0,1,0,0,False
ATP6V1F,0,1,0,0,False
ATP6V1G1,0,1,0,0,False
ATP6V1G2-DDX39B,0,1,0,0,False
ATP6V1G3,0,1,0,0,False
ATP6V1H,0,1,0,0,False
ATP7A,0,1,0,0,False
ATP7B,0,1,0,0,False
ATP8A1,0,1,0,0,False
ATP8A2,0,1,0,0,False
ATP8B1,0,1,0,0,False
ATP8B1-AS1,0,1,0,0,False
ATP8B2,0,1,0,0,False
ATP8B4,0,1,0,0,False
ATP9A,0,1,0,0,False
ATP9B,0,1,0,0,False
ATPAF1,0,1,0,0,False
ATPAF2,0,1,0,0,False
ATPSCKMT,0,1,0,0,False
ATR,0,1,0,0,False
ATRAID,0,1,0,0,False
ATRN,0,1,0,0,False
ATRNL1,0,1,0,0,False
ATRX,0,1,0,0,False
ATXN1,0,1,0,0,False
ATXN1-AS1,0,1,0,0,False
ATXN10,0,1,0,0,False
ATXN1L,0,1,0,0,False
ATXN2,0,1,0,0,False
ATXN2-AS,0,1,0,0,False
ATXN2L,0,1,0,0,False
ATXN3,0,1,0,0,False
ATXN7,0,1,0,0,False
ATXN7L1,0,1,0,0,False
ATXN7L2,0,1,0,0,False
ATXN7L3,0,1,0,0,False
ATXN7L3B,0,1,0,0,False
AUH,0,1,0,0,False
AUNIP,0,1,0,0,False
AUP1,0,1,0,0,False
AURKA,0,1,0,0,False
AURKAIP1,0,1,0,0,False
AURKAP1,0,1,0,0,False
AURKB,0,1,0,0,False
AURKC,0,1,0,0,False
AUTS2,0,1,0,0,False
AVEN,0,1,0,0,False
AVIL,1,1,0,0,False
AVL9,0,1,0,0,False
AVP,1,1,0,0,False
AVPI1,0,1,0,0,False
AVPR1A,1,1,0,0,False
AVPR2,0,1,0,0,False
AWAT2,0,1,0,0,False
AXDND1,0,1,0,0,False
AXIN1,0,1,0,0,False
AXIN2,0,1,0,0,False
AXL,1,1,0,0,False
AZGP1,0,1,0,1,False
AZI2,0,1,0,0,False
AZIN1,0,1,0,0,False
AZIN2,0,1,0,0,False
AZU1,1,1,0,0,False
B2M,0,1,1,0,False
B3GALNT1,0,1,0,0,False
B3GALNT2,0,1,0,0,False
B3GALT2,0,1,0,0,False
B3GALT4,0,1,0,0,False
B3GALT5-AS1,0,1,0,0,False
B3GALT6,0,1,0,0,False
B3GAT1,1,1,0,0,False
B3GAT1-DT,0,1,0,0,False
B3GAT2,0,1,0,0,False
B3GAT3,0,1,0,0,False
B3GLCT,0,1,0,0,False
B3GNT2,0,1,0,0,False
B3GNT3,0,1,0,0,False
B3GNT5,0,1,0,0,False
B3GNT6,0,1,0,0,False
B3GNT7,0,1,0,0,False
B3GNT8,0,1,0,0,False
B3GNT9,0,1,0,0,False
B3GNTL1,0,1,0,0,False
B3GNTL1P1,0,1,0,0,False
B4GALNT2,0,1,0,0,False
B4GALNT3,0,1,0,0,False
B4GALNT4,0,1,0,0,False
B4GALT1,0,1,0,0,False
B4GALT2,0,1,0,0,False
B4GALT3,0,1,0,0,False
B4GALT4,0,1,0,0,False
B4GALT5,0,1,0,0,False
B4GALT6,0,1,0,0,False
B4GALT7,0,1,0,0,False
B4GAT1,0,1,0,0,False
B4GAT1-DT,0,1,0,0,False
B9D1,0,1,0,0,False
B9D2,0,1,0,0,False
BAALC,0,1,0,0,False
BAALC-AS1,0,1,0,0,False
BAALC-AS2,0,1,0,0,False
BAAT,0,1,0,0,False
BABAM1,0,1,0,0,False
BABAM2,0,1,0,0,False
BACE1-AS,0,1,0,0,False
BACE2,0,1,0,0,False
BACH1,0,1,0,0,False
BACH1-IT2,0,1,0,0,False
BACH2,0,1,0,0,False
BAD,0,1,0,0,False
BAG1,0,1,0,0,False
BAG2,0,1,0,0,False
BAG3,0,1,0,0,False
BAG4,0,1,0,0,False
BAG5,0,1,0,0,False
BAG6,0,1,0,0,False
BAGE2,0,1,0,0,False
BAHCC1,0,1,0,0,False
BAHD1,0,1,0,0,False
BAIAP2,0,1,0,0,False
BAIAP2-DT,0,1,0,0,False
BAIAP2L1,0,1,0,0,False
BAIAP2L2,0,1,0,0,False
BAIAP3,0,1,0,0,False
BAK1,0,1,0,0,False
BALR6,0,1,0,0,False
BAMBI,0,1,0,0,False
BANCR,0,1,0,0,False
BANF1,0,1,0,0,False
BANK1,1,1,1,1,True
BANP,0,1,0,0,False
BAP1,0,1,0,0,False
BARD1,0,1,0,0,False
BARX2,0,1,1,0,False
BASP1,0,1,0,0,False
BASP1P1,0,1,0,0,False
BATF,1,1,0,0,False
BATF2,0,1,0,0,False
BATF3,1,1,0,0,False
BAX,0,1,0,1,False
BAZ1A,0,1,0,0,False
BAZ1A-AS1,0,1,0,0,False
BAZ1B,0,1,0,0,False
BAZ2A,0,1,0,0,False
BAZ2B,0,1,0,0,False
BBC3,0,1,0,0,False
BBIP1,0,1,0,0,False
BBLN,0,1,0,0,False
BBOF1,0,1,0,0,False
BBOX1,0,1,0,0,False
BBOX1-AS1,0,1,0,0,False
BBS2,0,1,0,0,False
BBS4,0,1,0,0,False
BBS7,0,1,0,0,False
BBS9,0,1,0,0,False
BBX,0,1,0,0,False
BCAM,1,1,0,0,False
BCAN,0,1,0,1,False
BCAN-AS2,0,1,0,0,False
BCAP29,0,1,0,0,False
BCAP31,0,1,0,0,False
BCAR1,0,1,0,0,False
BCAR3,0,1,0,0,False
BCAR3-AS1,0,1,0,0,False
BCAR4,0,1,0,0,False
BCAS1,1,1,0,0,False
BCAS2,0,1,0,0,False
BCAS3,0,1,0,0,False
BCAS4,0,1,0,0,False
BCAT1,0,1,0,0,False
BCAT2,0,1,0,0,False
BCCIP,0,1,0,0,False
BCDIN3D-AS1,0,1,0,0,False
BCHE,1,1,0,0,False
BCKDHA,0,1,0,0,False
BCKDHB,0,1,0,0,False
BCKDK,0,1,0,0,False
BCL10,0,1,0,0,False
BCL10-AS1,0,1,0,0,False
BCL11A,1,1,0,0,False
BCL11B,1,1,1,0,False
BCL2,1,1,0,0,False
BCL2A1,0,1,0,0,False
BCL2L1,0,1,0,0,False
BCL2L1-AS1,0,1,0,0,False
BCL2L11,0,1,0,0,False
BCL2L12,0,1,0,0,False
BCL2L13,0,1,0,0,False
BCL2L14,0,1,0,0,False
BCL2L2,0,1,0,0,False
BCL2L2-PABPN1,0,1,0,0,False
BCL3,0,1,0,0,False
BCL6,1,1,0,0,False
BCL6B,0,1,0,0,False
BCL7A,1,1,0,0,False
BCL7B,0,1,0,0,False
BCL7C,0,1,0,0,False
BCL9,0,1,0,0,False
BCL9L,0,1,0,0,False
BCLAF1,0,1,0,0,False
BCLAF3,0,1,0,0,False
BCO2,0,1,0,0,False
BCOR,0,1,0,0,False
BCORL1,0,1,0,0,False
BCR,0,1,0,0,False
BCS1L,0,1,0,0,False
BCYRN1,0,1,0,0,False
BDH1,0,1,0,0,False
BDH2,0,1,0,0,False
BDKRB1,0,1,0,0,False
BDKRB2,0,1,0,0,False
BDNF,1,1,0,0,False
BDNF-AS,0,1,0,0,False
BDP1,0,1,0,0,False
BEAN1,0,1,0,0,False
BECN1,0,1,0,0,False
BEGAIN,0,1,0,0,False
BEND2,0,1,0,0,False
BEND3,0,1,0,0,False
BEND4,0,1,0,0,False
BEND5,0,1,0,0,False
BEND6,0,1,0,0,False
BEND7,0,1,0,0,False
BEST1,0,1,0,0,False
BEST2,0,1,0,0,False
BEST3,1,1,0,0,False
BEST4,1,1,0,0,False
BET1,0,1,0,0,False
BET1L,0,1,0,0,False
BEX1,1,1,0,0,False
BEX2,0,1,0,0,False
BEX3,0,1,0,0,False
BEX4,0,1,0,0,False
BEX5,0,1,0,0,False
BFAR,0,1,0,0,False
BFSP1,0,1,0,0,False
BFSP2,1,1,0,0,False
BGN,0,1,0,0,False
BHLHA15,0,1,0,0,False
BHLHE22,1,1,0,0,False
BHLHE40,0,1,0,0,False
BHLHE41,0,1,0,0,False
BHMT,0,1,0,0,False
BHMT2,0,1,0,0,False
BICC1,0,1,0,0,False
BICD1,0,1,1,0,False
BICD2,0,1,0,0,False
BICDL1,0,1,0,0,False
BICDL2,0,1,0,0,False
BICRA,0,1,0,0,False
BICRAL,0,1,0,0,False
BID,1,1,0,1,False
BIK,0,1,0,0,False
BIN1,0,1,0,0,False
BIN2,0,1,0,0,False
BIN3,0,1,0,0,False
BIRC2,0,1,0,0,False
BIRC3,1,1,0,0,False
BIRC5,0,1,0,1,False
BIRC6,0,1,0,0,False
BIRC6-AS2,0,1,0,0,False
BIRC7,0,1,0,0,False
BISPR,0,1,0,0,False
BIVM,0,1,0,0,False
BLACE,0,1,0,0,False
BLCAP,0,1,0,0,False
BLK,0,1,1,1,False
BLM,0,1,0,0,False
BLMH,0,1,0,0,False
BLNK,0,1,0,0,False
BLOC1S1,0,1,0,0,False
BLOC1S2,0,1,0,0,False
BLOC1S3,0,1,0,0,False
BLOC1S4,0,1,0,0,False
BLOC1S5,0,1,0,0,False
BLOC1S5-TXNDC5,0,1,0,0,False
BLOC1S6,0,1,0,0,False
BLTP1,0,1,0,0,False
BLTP2,0,1,0,0,False
BLTP3A,0,1,0,0,False
BLTP3B,0,1,0,0,False
BLVRA,0,1,0,0,False
BLVRB,1,1,0,0,False
BLZF1,0,1,0,0,False
BMAL1,0,1,0,0,False
BMAL2,0,1,0,0,False
BMERB1,0,1,0,0,False
BMF,0,1,0,0,False
BMI1,0,1,0,0,False
BMP1,1,1,0,0,False
BMP10,0,1,0,0,False
BMP2,0,1,0,0,False
BMP2K,0,1,1,0,False
BMP3,0,1,0,0,False
BMP4,0,1,0,0,False
BMP5,1,1,0,0,False
BMP6,1,1,0,0,False
BMP7,0,1,0,0,False
BMP8A,0,1,0,0,False
BMP8B,0,1,0,0,False
BMPER,0,1,0,0,False
BMPR1A,0,1,0,0,False
BMPR1B,1,1,1,0,False
BMPR1B-DT,0,1,0,0,False
BMPR2,0,1,0,0,False
BMS1,0,1,0,0,False
BMS1P1,0,1,0,0,False
BMS1P10,0,1,0,0,False
BMS1P14,0,1,0,0,False
BMT2,0,1,0,0,False
BMX,1,1,0,0,False
BNC1,0,1,0,0,False
BNC2,1,1,0,0,False
BNIP1,0,1,0,0,False
BNIP2,0,1,0,0,False
BNIP3,0,1,0,0,False
BNIP3L,0,1,0,0,False
BNIP3P16,0,1,0,0,False
BNIP3P28,0,1,0,0,False
BNIP3P32,0,1,0,0,False
BNIP5,0,1,0,0,False
BNIPL,0,1,0,0,False
BOC,0,1,0,0,False
BOD1,0,1,0,0,False
BOD1L1,0,1,0,0,False
BOK,0,1,0,0,False
BOK-AS1,0,1,0,0,False
BOLA1,0,1,0,0,False
BOLA2,0,1,0,0,False
BOLA2B,0,1,0,0,False
BOLA3,0,1,0,0,False
BOLA3-DT,0,1,0,0,False
BOP1,0,1,0,0,False
BORCS5,0,1,0,0,False
BORCS6,0,1,0,0,False
BORCS7,0,1,0,0,False
BORCS7-ASMT,0,1,0,0,False
BORCS8,0,1,0,0,False
BPGM,1,1,0,0,False
BPHL,0,1,0,0,False
BPI,0,1,0,0,False
BPIFA1,1,1,0,0,False
BPIFA2,0,1,0,0,False
BPIFB1,0,1,0,0,False
BPIFB2,0,1,0,0,False
BPIFB4,0,1,0,0,False
BPNT1,0,1,0,0,False
BPNT2,0,1,0,0,False
BPTF,0,1,0,0,False
BPTFP1,0,1,0,0,False
BRAF,0,1,0,0,False
BRAP,0,1,0,0,False
BRAT1,0,1,0,0,False
BRCA1,0,1,0,0,False
BRCA2,0,1,0,0,False
BRCC3,0,1,0,0,False
BRD1,0,1,0,0,False
BRD10,0,1,0,0,False
BRD2,0,1,0,0,False
BRD3,0,1,0,0,False
BRD3OS,0,1,0,0,False
BRD4,0,1,0,0,False
BRD7,0,1,0,0,False
BRD9,0,1,0,0,False
BRDT,0,1,0,0,False
BRF1,0,1,0,0,False
BRI3,0,1,0,0,False
BRI3BP,0,1,0,0,False
BRINP1,0,1,0,0,False
BRINP2,0,1,0,0,False
BRINP3,0,1,0,0,False
BRIP1,0,1,0,0,False
BRIX1,0,1,0,0,False
BRK1,0,1,0,0,False
BRMS1,0,1,0,0,False
BRMS1L,0,1,0,0,False
BROX,0,1,0,0,False
BRPF3,0,1,0,0,False
BRPF3-AS1,0,1,0,0,False
BRSK1,0,1,0,0,False
BRSK2,0,1,0,0,False
BRWD1,0,1,0,0,False
BRWD3,0,1,0,0,False
BSCL2,0,1,0,0,False
BSDC1,0,1,0,0,False
BSG,0,1,0,0,False
BSG-AS1,0,1,0,0,False
BSND,1,1,0,0,False
BSPRY,0,1,0,0,False
BST1,1,1,0,0,False
BST2,1,1,0,0,False
BTAF1,0,1,0,0,False
BTBD1,0,1,0,0,False
BTBD10,0,1,0,0,False
BTBD11,1,0,0,0,False
BTBD16,0,1,0,0,False
BTBD19,0,1,0,0,False
BTBD2,0,1,0,0,False
BTBD3,0,1,0,0,False
BTBD3-AS1,0,1,0,0,False
BTBD6,0,1,0,0,False
BTBD7,0,1,0,0,False
BTBD8,0,1,0,0,False
BTBD9,0,1,0,0,False
BTC,0,1,0,0,False
BTD,0,1,0,0,False
BTF3,0,1,0,0,False
BTF3-DT,0,1,0,0,False
BTF3L4,0,1,0,0,False
BTF3P8,0,1,0,0,False
BTG1,0,1,0,0,False
BTG1-DT,0,1,0,0,False
BTG2,0,1,1,0,False
BTG3,0,1,0,0,False
BTK,0,1,0,0,False
BTLA,0,1,0,0,False
BTN2A1,0,1,0,0,False
BTN2A2,0,1,0,0,False
BTN2A3P,0,1,0,0,False
BTN3A1,0,1,0,0,False
BTN3A2,0,1,0,0,False
BTN3A3,0,1,0,0,False
BTNL3,0,1,0,0,False
BTNL8,0,1,0,0,False
BTNL9,1,1,0,0,False
BTRC,0,1,0,0,False
BUB1,0,1,0,0,False
BUB1B,0,1,0,0,False
BUB1B-PAK6,0,1,0,0,False
BUB3,0,1,0,0,False
BUD13,0,1,0,0,False
BUD23,0,1,0,0,False
BUD31,0,1,0,0,False
BVES,0,1,0,0,False
BYSL,0,1,0,0,False
BZW1,0,1,0,0,False
BZW1P2,0,1,0,0,False
BZW2,0,1,0,0,False
C10orf11,0,1,0,0,False
C10orf143,0,1,0,0,False
C10orf76,0,1,0,0,False
C10orf88,0,1,0,0,False
C10orf90,1,1,0,0,False
C10orf95,0,1,0,0,False
C10orf95-AS1,0,1,0,0,False
C11orf16,0,1,0,0,False
C11orf21,0,1,0,0,False
C11orf24,0,1,0,0,False
C11orf42,0,1,0,0,False
C11orf54,0,1,0,0,False
C11orf58,0,1,0,0,False
C11orf65,0,1,0,0,False
C11orf68,0,1,0,0,False
C11orf71,0,1,0,0,False
C11orf96,1,1,0,0,False
C11orf97,0,1,0,0,False
C11orf98,0,1,0,0,False
C12orf42,0,1,0,0,False
C12orf43,0,1,0,0,False
C12orf56,0,1,0,0,False
C12orf57,0,1,0,0,False
C12orf60,0,1,0,0,False
C12orf75,0,1,0,0,False
C12orf76,0,1,0,0,False
C13orf42,0,1,0,0,False
C14orf119,0,1,0,0,False
C14orf132,0,1,0,0,False
C14orf93,0,1,0,0,False
C15orf39,0,1,0,0,False
C15orf40,0,1,0,0,False
C15orf48,0,1,0,0,False
C15orf61,0,1,0,0,False
C15orf62,0,1,0,0,False
C16orf54,0,1,0,0,False
C16orf74,0,1,0,0,False
C16orf86,0,1,0,0,False
C16orf87,0,1,0,0,False
C16orf89,0,1,0,0,False
C16orf96,0,1,0,0,False
C17orf100,0,1,0,0,False
C17orf49,0,1,0,0,False
C17orf58,0,1,0,0,False
C17orf67,0,1,0,0,False
C17orf75,0,1,0,0,False
C17orf78,0,1,0,0,False
C17orf99,0,1,0,0,False
C18orf21,0,1,0,0,False
C18orf32,0,1,0,0,False
C18orf54,0,1,0,0,False
C18orf63,0,1,0,0,False
C19orf12,0,1,0,0,False
C19orf18,0,1,0,0,False
C19orf25,0,1,0,0,False
C19orf33,0,1,0,0,False
C19orf38,0,1,0,0,False
C19orf44,0,1,0,0,False
C19orf48P,0,1,0,0,False
C19orf53,0,1,0,0,False
C19orf73,0,1,0,0,False
C19orf81,0,1,0,0,False
C1D,0,1,0,0,False
C1DP2,0,1,0,0,False
C1GALT1,0,1,0,0,False
C1GALT1C1,0,1,0,0,False
C1QA,1,1,0,0,False
C1QB,1,1,0,1,False
C1QBP,0,1,0,0,False
C1QC,1,1,0,1,False
C1QL1,1,1,0,0,False
C1QL2,1,1,0,0,False
C1QTNF1,0,1,0,0,False
C1QTNF12,0,1,0,0,False
C1QTNF2,0,1,0,0,False
C1QTNF3,0,1,0,0,False
C1QTNF3-AMACR,0,1,0,0,False
C1QTNF4,0,1,0,0,False
C1QTNF5,1,1,0,0,False
C1QTNF6,0,1,0,0,False
C1QTNF7,1,1,0,0,False
C1QTNF7-AS1,0,1,0,0,False
C1QTNF9B,0,1,0,0,False
C1R,0,1,0,0,False
C1RL,0,1,0,0,False
C1RL-AS1,0,1,0,0,False
C1S,0,1,0,0,False
C1orf115,0,1,0,0,False
C1orf116,0,1,0,0,False
C1orf122,0,1,0,0,False
C1orf127,0,1,0,0,False
C1orf131,0,1,0,0,False
C1orf141,0,1,0,0,False
C1orf162,1,1,0,0,False
C1orf167,0,1,0,0,False
C1orf174,0,1,0,0,False
C1orf186,0,1,0,0,False
C1orf198,0,1,0,0,False
C1orf21,0,1,0,0,False
C1orf21-DT,0,1,0,0,False
C1orf210,0,1,0,0,False
C1orf216,0,1,0,0,False
C1orf35,0,1,0,0,False
C1orf43,0,1,0,0,False
C1orf50,0,1,0,0,False
C1orf52,0,1,0,0,False
C1orf53,0,1,0,0,False
C1orf54,1,1,0,0,False
C1orf56,0,1,0,0,False
C1orf74,0,1,0,0,False
C20orf194,0,1,0,0,False
C20orf204,0,1,0,0,False
C20orf96,0,1,0,0,False
C21orf58,0,1,0,0,False
C21orf91,0,1,0,0,False
C22orf15,0,1,0,0,False
C22orf39,0,1,0,0,False
C22orf46P,0,1,0,0,False
C2CD2,0,1,0,0,False
C2CD2L,0,1,0,0,False
C2CD3,0,1,0,0,False
C2CD4A,0,1,0,0,False
C2CD4B,0,1,0,0,False
C2CD5,0,1,0,0,False
C2CD5-AS1,0,1,0,0,False
C2CD6,0,1,0,0,False
C2orf15,0,1,0,0,False
C2orf42,0,1,0,0,False
C2orf49,0,1,0,0,False
C2orf49-DT,0,1,0,0,False
C2orf50,0,1,0,0,False
C2orf66,0,1,0,0,False
C2orf68,0,1,0,0,False
C2orf69,0,1,0,0,False
C2orf74,0,1,0,0,False
C2orf74-DT,0,1,0,0,False
C2orf76,0,1,0,0,False
C2orf81,0,1,0,0,False
C2orf83,0,1,0,0,False
C2orf88,0,1,0,0,False
C3,1,1,0,0,False
C3AR1,0,1,0,0,False
C3orf17,0,1,0,0,False
C3orf18,0,1,0,0,False
C3orf20,0,1,0,0,False
C3orf33,0,1,0,0,False
C3orf38,0,1,0,0,False
C3orf52,0,1,0,0,False
C3orf80,0,1,0,0,False
C3orf85,0,1,0,0,False
C3orf86P,0,1,0,0,False
C4A,0,1,0,0,False
C4B,0,1,0,0,False
C4BPA,0,1,0,0,False
C4BPB,0,1,0,0,False
C4orf19,0,1,0,0,False
C4orf22,0,1,0,0,False
C4orf3,0,1,0,0,False
C4orf33,0,1,0,0,False
C4orf46,0,1,0,0,False
C4orf50,0,1,0,0,False
C4orf51,0,1,0,0,False
C4orf54,0,1,0,0,False
C5,0,1,0,0,False
C5AR1,0,1,0,0,False
C5AR2,0,1,0,0,False
C5orf15,0,1,0,0,False
C5orf22,0,1,0,0,False
C5orf24,0,1,0,0,False
C5orf34,0,1,0,0,False
C5orf46,0,1,0,0,False
C5orf58,0,1,0,0,False
C5orf60,0,1,0,0,False
C5orf63,0,1,0,0,False
C6,0,1,0,0,False
C6orf118,0,1,0,0,False
C6orf120,0,1,0,0,False
C6orf132,0,1,0,0,False
C6orf136,0,1,0,0,False
C6orf141,0,1,0,0,False
C6orf163,0,1,0,0,False
C6orf226,0,1,0,0,False
C6orf47,0,1,0,0,False
C6orf58,0,1,0,0,False
C6orf62,0,1,0,0,False
C6orf89,0,1,0,0,False
C7,1,1,1,0,False
C7orf50,0,1,0,0,False
C7orf57,0,1,0,0,False
C8A,0,1,0,0,False
C8B,0,1,0,0,False
C8G,0,1,0,0,False
C8orf33,0,1,0,0,False
C8orf34,0,1,0,0,False
C8orf34-AS1,0,1,0,0,False
C8orf44,0,1,0,0,False
C8orf44-SGK3,0,1,0,0,False
C8orf76,0,1,0,0,False
C8orf82,0,1,0,0,False
C8orf88,0,1,0,0,False
C9,0,1,0,0,False
C9orf152,0,1,0,0,False
C9orf16,1,0,0,0,False
C9orf163,0,1,0,0,False
C9orf3,0,1,0,0,False
C9orf40,0,1,0,0,False
C9orf43,0,1,0,0,False
C9orf50,0,1,0,0,False
C9orf57,0,1,0,0,False
C9orf72,0,1,0,0,False
C9orf78,0,1,0,0,False
C9orf85,0,1,0,0,False
CA1,0,1,0,0,False
CA10,0,1,0,0,False
CA11,0,1,0,0,False
CA12,0,1,1,1,False
CA13,0,1,0,0,False
CA14,0,1,0,0,False
CA2,1,1,0,0,False
CA3,0,1,0,0,False
CA3-AS1,0,1,0,0,False
CA4,1,1,0,0,False
CA5B,0,1,0,0,False
CA6,0,1,0,0,False
CA7,1,1,0,0,False
CA8,0,1,0,0,False
CA9,0,1,0,0,False
CAAP1,0,1,0,0,False
CAB39,0,1,0,0,False
CAB39L,0,1,0,0,False
CABCOCO1,0,1,0,0,False
CABIN1,0,1,0,0,False
CABLES1,0,1,0,0,False
CABLES2,0,1,0,0,False
CABP1,1,0,0,0,False
CABP2,0,1,0,0,False
CABP4,0,1,0,0,False
CABP5,1,0,0,0,False
CACFD1,0,1,0,0,False
CACHD1,0,1,0,0,False
CACNA1A,0,1,0,0,False
CACNA1B,0,1,0,0,False
CACNA1C,0,1,1,0,False
CACNA1C-AS2,0,1,0,0,False
CACNA1C-IT3,0,1,0,0,False
CACNA1D,0,1,0,0,False
CACNA1E,0,1,0,0,False
CACNA1F,0,1,0,0,False
CACNA1G,1,1,0,0,False
CACNA1H,0,1,0,0,False
CACNA1I,0,1,0,0,False
CACNA2D1,0,1,0,0,False
CACNA2D2,0,1,0,0,False
CACNA2D3,0,1,1,0,False
CACNA2D3-AS1,0,1,0,0,False
CACNA2D4,0,1,0,0,False
CACNB1,0,1,0,0,False
CACNB2,0,1,0,0,False
CACNB3,0,1,0,0,False
CACNB4,0,1,1,0,False
CACNG2,0,1,0,0,False
CACNG3,0,1,0,0,False
CACNG4,0,1,0,0,False
CACNG5,1,0,0,0,False
CACNG8,0,1,0,0,False
CACTIN,0,1,0,0,False
CACTIN-AS1,0,1,0,0,False
CACUL1,0,1,0,0,False
CACYBP,0,1,0,0,False
CAD,0,1,0,0,False
CADM1,1,1,0,0,False
CADM2,0,1,0,1,False
CADM2-AS1,0,1,0,0,False
CADM3,0,1,0,0,False
CADM3-AS1,0,1,0,1,False
CADM4,0,1,0,0,False
CADPS,0,1,0,0,False
CADPS2,1,1,0,0,False
CAGE1,0,1,0,0,False
CAHM,0,1,0,0,False
CALB1,1,1,1,0,False
CALB2,1,1,0,0,False
CALCA,1,1,0,1,False
CALCB,1,1,0,0,False
CALCOCO1,0,1,0,0,False
CALCOCO2,0,1,0,0,False
CALCR,0,1,0,0,False
CALCRL,1,1,0,0,False
CALCRL-AS1,0,1,0,0,False
CALD1,1,1,1,0,False
CALHM2,0,1,0,0,False
CALHM3,0,1,0,0,False
CALHM4,0,1,0,0,False
CALHM5,0,1,0,0,False
CALHM6,0,1,0,0,False
CALM1,1,1,0,0,False
CALM2,0,1,0,0,False
CALM2P2,0,1,0,0,False
CALM3,0,1,0,0,False
CALML3,1,1,0,1,False
CALML3-AS1,0,1,0,0,False
CALML4,0,1,0,0,False
CALML5,1,1,0,0,False
CALN1,0,1,0,0,False
CALR,1,1,0,0,False
CALR3,0,1,0,0,False
CALU,0,1,0,0,False
CALY,0,1,0,0,False
CAMK1,0,1,0,0,False
CAMK1D,0,1,1,0,False
CAMK1G,0,1,0,0,False
CAMK2B,1,1,0,0,False
CAMK2D,0,1,0,0,False
CAMK2G,0,1,0,0,False
CAMK2N1,0,1,0,0,False
CAMK4,1,1,0,0,False
CAMKK1,0,1,0,0,False
CAMKK2,0,1,0,0,False
CAMKMT,0,1,0,0,False
CAMLG,0,1,0,0,False
CAMP,1,1,0,0,False
CAMSAP1,0,1,0,0,False
CAMSAP2,0,1,0,0,False
CAMTA1,0,1,0,0,False
CAMTA2,0,1,0,0,False
CAND1,0,1,0,0,False
CAND2,0,1,0,0,False
CANX,0,1,0,0,False
CAP1,0,1,0,0,False
CAP2,0,1,0,0,False
CAPG,0,1,0,0,False
CAPN1,0,1,0,0,False
CAPN1-AS1,0,1,0,0,False
CAPN10,0,1,0,0,False
CAPN12,0,1,0,0,False
CAPN13,0,1,0,0,False
CAPN14,0,1,0,0,False
CAPN15,0,1,0,0,False
CAPN2,0,1,0,0,False
CAPN3,0,1,0,0,False
CAPN7,0,1,0,0,False
CAPN8,1,1,0,0,False
CAPN9,0,1,0,0,False
CAPNS1,0,1,0,0,False
CAPNS2,0,1,0,0,False
CAPRIN1,0,1,0,0,False
CAPRIN2,0,1,0,0,False
CAPS,1,1,0,0,False
CAPS2,0,1,0,0,False
CAPSL,0,1,0,0,False
CAPZA1,0,1,0,0,False
CAPZA2,0,1,0,0,False
CAPZB,0,1,0,0,False
CARD10,0,1,0,0,False
CARD11,0,1,0,0,False
CARD14,0,1,0,0,False
CARD16,1,1,0,0,False
CARD17P,0,1,0,0,False
CARD19,0,1,0,0,False
CARD6,0,1,0,0,False
CARD8,0,1,0,0,False
CARD8-AS1,0,1,0,0,False
CARD9,0,1,0,0,False
CARF,0,1,0,0,False
CARHSP1,1,1,0,0,False
CARINH,0,1,0,0,False
CARM1,0,1,0,0,False
CARM1P1,1,1,0,0,False
CARMAL,0,1,0,0,False
CARMIL1,0,1,0,0,False
CARMIL2,0,1,0,0,False
CARMIL3,0,1,0,0,False
CARMN,1,1,0,0,False
CARNMT1,0,1,0,0,False
CARNS1,1,1,0,0,False
CARS1,0,1,0,0,False
CARS2,0,1,0,0,False
CARTPT,1,0,0,0,False
CASC15,0,1,0,0,False
CASC19,0,1,0,0,False
CASC2,0,1,0,0,False
CASC3,0,1,0,0,False
CASC6,1,1,0,0,False
CASC8,0,1,0,0,False
CASC9,0,1,0,0,False
CASD1,0,1,0,0,False
CASK,0,1,0,0,False
CASKIN1,0,1,0,0,False
CASKIN2,0,1,0,0,False
CASP1,0,1,0,0,False
CASP10,0,1,0,0,False
CASP12,0,1,0,0,False
CASP1P2,0,1,0,0,False
CASP2,0,1,0,0,False
CASP3,0,1,0,1,False
CASP4,0,1,0,0,False
CASP5,0,1,0,0,False
CASP6,0,1,0,0,False
CASP7,0,1,0,0,False
CASP8,0,1,0,1,False
CASP8AP2,0,1,0,0,False
CASP9,0,1,0,1,False
CASQ2,1,1,0,0,False
CASR,1,1,1,0,False
CASS4,0,1,0,0,False
CAST,0,1,0,0,False
CASTOR1,0,1,0,0,False
CASTOR2,0,1,0,0,False
CASTOR3P,0,1,0,0,False
CASZ1,1,1,0,0,False
CAT,0,1,0,0,False
CATIP,0,1,0,0,False
CATIP-AS2,0,1,0,0,False
CATSPER1,0,1,0,0,False
CATSPER2,0,1,0,0,False
CATSPER3,0,1,0,0,False
CATSPERB,0,1,0,0,False
CATSPERD,0,1,0,0,False
CATSPERE,0,1,0,0,False
CATSPERG,0,1,0,0,False
CATSPERZ,0,1,0,0,False
CAV1,1,1,0,0,False
CAV2,0,1,0,0,False
CAVIN1,0,1,0,0,False
CAVIN2,1,1,0,0,False
CAVIN2-AS1,0,1,0,0,False
CAVIN3,0,1,0,0,False
CAVIN4,0,1,0,0,False
CBARP,0,1,0,0,False
CBFA2T2,0,1,0,0,False
CBFA2T3,0,1,0,0,False
CBFB,0,1,0,0,False
CBL,0,1,0,0,False
CBLB,0,1,0,0,False
CBLC,0,1,0,0,False
CBLL1,0,1,0,0,False
CBLN1,1,0,0,0,False
CBLN2,1,1,0,0,False
CBLN3,0,1,0,0,False
CBLN4,1,0,0,0,False
CBR1,0,1,0,0,False
CBR1-AS1,0,1,0,0,False
CBR3,0,1,0,0,False
CBR3-AS1,0,1,0,0,False
CBR4,0,1,0,0,False
CBS,0,1,0,0,False
CBX1,0,1,0,0,False
CBX1P2,0,1,0,0,False
CBX2,0,1,0,0,False
CBX3,0,1,0,0,False
CBX4,0,1,0,0,False
CBX5,0,1,0,0,False
CBX6,0,1,0,0,False
CBX7,0,1,0,0,False
CBY1,0,1,0,0,False
CC2D1A,0,1,0,0,False
CC2D1B,0,1,0,0,False
CC2D2A,0,1,0,0,False
CCAR1,0,1,0,0,False
CCAR2,0,1,0,0,False
CCBE1,1,1,0,0,False
CCDC102A,0,1,0,0,False
CCDC102B,1,1,0,0,False
CCDC103,0,1,0,0,False
CCDC106,0,1,0,0,False
CCDC107,0,1,0,0,False
CCDC112,0,1,0,0,False
CCDC115,0,1,0,0,False
CCDC117,0,1,0,0,False
CCDC12,0,1,0,0,False
CCDC120,0,1,0,0,False
CCDC124,0,1,0,0,False
CCDC125,0,1,0,0,False
CCDC126,0,1,0,0,False
CCDC127,0,1,0,0,False
CCDC13,0,1,0,0,False
CCDC134,0,1,0,0,False
CCDC136,0,1,0,0,False
CCDC137,0,1,0,0,False
CCDC138,0,1,0,0,False
CCDC14,0,1,0,0,False
CCDC141,0,1,0,0,False
CCDC142,0,1,0,0,False
CCDC144A,0,1,0,0,False
CCDC144BP,0,1,0,0,False
CCDC144CP,0,1,0,0,False
CCDC144NL,0,1,0,0,False
CCDC144NL-AS1,0,1,0,0,False
CCDC146,0,1,0,0,False
CCDC148,0,1,0,0,False
CCDC149,0,1,0,0,False
CCDC152,0,1,0,0,False
CCDC154,0,1,0,0,False
CCDC157,0,1,0,0,False
CCDC159,0,1,0,0,False
CCDC160,0,1,0,0,False
CCDC162P,0,1,0,0,False
CCDC167,0,1,0,0,False
CCDC169,0,1,0,0,False
CCDC17,0,1,0,0,False
CCDC170,0,1,0,0,False
CCDC171,0,1,0,0,False
CCDC174,0,1,0,0,False
CCDC175,0,1,0,0,False
CCDC178,0,1,0,0,False
CCDC18,0,1,0,0,False
CCDC18-AS1,0,1,0,0,False
CCDC180,0,1,0,0,False
CCDC183,0,1,0,0,False
CCDC184,0,1,0,0,False
CCDC186,0,1,0,0,False
CCDC188,0,1,0,0,False
CCDC191,0,1,0,0,False
CCDC192,0,1,0,0,False
CCDC194,0,1,0,0,False
CCDC198,0,1,0,0,False
CCDC200,0,1,0,0,False
CCDC22,0,1,0,0,False
CCDC24,0,1,0,0,False
CCDC25,0,1,0,0,False
CCDC26,1,1,0,0,False
CCDC28A,0,1,0,0,False
CCDC28B,0,1,0,0,False
CCDC3,0,1,0,0,False
CCDC30,0,1,0,0,False
CCDC32,0,1,0,0,False
CCDC33,0,1,0,0,False
CCDC34,0,1,0,0,False
CCDC38,0,1,0,0,False
CCDC39,0,1,0,0,False
CCDC40,0,1,0,0,False
CCDC42,0,1,0,0,False
CCDC43,0,1,0,0,False
CCDC47,0,1,0,0,False
CCDC50,1,1,0,0,False
CCDC51,0,1,0,0,False
CCDC57,0,1,0,0,False
CCDC59,0,1,0,0,False
CCDC6,0,1,0,0,False
CCDC60,0,1,0,0,False
CCDC61,0,1,0,0,False
CCDC63,0,1,0,0,False
CCDC65,0,1,0,0,False
CCDC66,0,1,0,0,False
CCDC68,0,1,0,0,False
CCDC69,0,1,0,0,False
CCDC7,0,1,0,0,False
CCDC71,0,1,0,0,False
CCDC71L,0,1,0,0,False
CCDC73,0,1,0,0,False
CCDC74A,0,1,0,0,False
CCDC74B,0,1,0,0,False
CCDC78,0,1,0,0,False
CCDC8,0,1,0,0,False
CCDC80,0,1,0,0,False
CCDC82,0,1,0,0,False
CCDC85A,0,1,0,0,False
CCDC85B,0,1,0,0,False
CCDC85C,0,1,0,0,False
CCDC86,0,1,0,0,False
CCDC88A,0,1,0,0,False
CCDC88B,0,1,0,0,False
CCDC88C,0,1,0,0,False
CCDC89,0,1,0,0,False
CCDC9,0,1,0,0,False
CCDC90B,0,1,0,0,False
CCDC91,0,1,0,0,False
CCDC92,0,1,0,0,False
CCDC93,0,1,0,0,False
CCDC97,0,1,0,0,False
CCDC9B,0,1,0,0,False
CCHCR1,0,1,0,0,False
CCK,1,1,0,0,False
CCL11,0,1,0,0,False
CCL13,0,1,0,0,False
CCL14,1,1,0,0,False
CCL15-CCL14,0,1,0,0,False
CCL17,0,1,0,0,False
CCL18,0,1,0,0,False
CCL19,1,1,0,1,False
CCL2,1,1,0,1,False
CCL20,1,1,0,0,False
CCL21,1,1,0,1,False
CCL22,0,1,0,1,False
CCL23,0,1,0,0,False
CCL24,0,1,0,0,False
CCL25,1,1,0,0,False
CCL26,0,1,0,0,False
CCL27,0,1,0,0,False
CCL28,0,1,0,0,False
CCL3,1,1,0,0,False
CCL3-AS1,0,1,0,0,False
CCL3L3,0,1,0,0,False
CCL4,1,1,0,0,False
CCL4L2,0,1,0,0,False
CCL5,1,1,0,1,False
CCL8,0,1,0,0,False
CCM2,0,1,0,0,False
CCM2L,0,1,0,0,False
CCN1,1,1,0,0,False
CCN2,1,1,0,0,False
CCN3,0,1,0,0,False
CCN4,1,1,0,0,False
CCN5,0,1,0,0,False
CCNA1,0,1,0,0,False
CCNA2,0,1,0,0,False
CCNB1,0,1,0,0,False
CCNB1IP1,0,1,0,0,False
CCNB2,0,1,0,0,False
CCNC,0,1,0,0,False
CCND1,0,1,0,0,False
CCND2,0,1,0,0,False
CCND3,0,1,1,0,False
CCNDBP1,0,1,0,0,False
CCNE2,0,1,0,0,False
CCNF,0,1,0,0,False
CCNG1,0,1,0,0,False
CCNG2,1,1,0,0,False
CCNH,1,1,0,0,False
CCNI,0,1,0,0,False
CCNI2,0,1,0,0,False
CCNJ,0,1,0,0,False
CCNJL,0,1,0,0,False
CCNK,0,1,0,0,False
CCNL1,0,1,0,0,False
CCNL2,0,1,0,0,False
CCNO,0,1,0,0,False
CCNP,0,1,0,0,False
CCNQ,0,1,0,0,False
CCNT1,0,1,0,0,False
CCNT2,0,1,0,0,False
CCNY,0,1,0,0,False
CCNY-AS1,0,1,0,0,False
CCNYL1,0,1,0,0,False
CCNYL2,0,1,0,0,False
CCP110,0,1,0,0,False
CCPG1,0,1,0,0,False
CCR1,1,1,0,0,False
CCR10,0,1,0,0,False
CCR2,1,1,0,0,False
CCR3,1,1,0,0,False
CCR4,1,1,0,0,False
CCR5,0,1,0,0,False
CCR5AS,0,1,0,0,False
CCR6,1,1,0,0,False
CCR7,1,1,0,1,False
CCR8,0,1,0,0,False
CCR9,1,1,0,0,False
CCRL2,0,1,0,0,False
CCS,0,1,0,0,False
CCSAP,0,1,0,0,False
CCSER1,0,1,1,0,False
CCSER2,0,1,0,0,False
CCT2,0,1,0,0,False
CCT3,0,1,0,0,False
CCT4,0,1,0,0,False
CCT5,0,1,0,0,False
CCT6A,0,1,0,0,False
CCT6B,0,1,0,0,False
CCT6P1,0,1,0,0,False
CCT6P3,0,1,0,0,False
CCT7,0,1,0,0,False
CCT8,0,1,0,0,False
CCZ1,0,1,0,0,False
CCZ1B,0,1,0,0,False
CD101,0,1,0,0,False
CD101-AS1,0,1,0,0,False
CD109,0,1,0,0,False
CD117,1,0,0,0,False
CD11b,1,0,0,0,False
CD11c,1,0,0,0,False
CD123,1,0,0,0,False
CD127,1,0,0,0,False
CD138,1,0,0,0,False
CD14,1,1,0,1,False
CD15,1,0,0,0,False
CD151,0,1,0,0,False
CD16,1,0,0,0,False
CD160,1,1,0,0,False
CD161,1,0,0,0,False
CD163,1,1,0,1,False
CD163L1,0,1,0,0,False
CD164,0,1,0,0,False
CD164L2,0,1,0,0,False
CD177,0,1,0,0,False
CD180,0,1,0,0,False
CD19,1,1,0,1,False
CD1A,1,1,0,1,False
CD1B,1,1,0,1,False
CD1C,1,1,0,1,False
CD1D,1,1,0,0,False
CD1E,1,1,0,0,False
CD2,1,1,0,1,False
CD200,1,1,0,0,False
CD200R1,0,1,0,0,False
CD200R1L,1,0,0,0,False
CD206,1,0,0,0,False
CD207,1,1,0,0,False
CD209,1,1,0,0,False
CD21,1,0,0,0,False
CD22,1,1,0,0,False
CD226,1,1,0,0,False
CD24,1,1,0,0,False
CD244,0,1,0,0,False
CD247,1,1,1,0,False
CD248,0,1,0,0,False
CD25,1,0,0,0,False
CD27,1,1,0,0,False
CD274,1,1,0,0,False
CD276,0,1,0,0,False
CD28,1,1,0,1,False
CD294,1,0,0,0,False
CD2AP,0,1,0,0,False
CD2AP-DT,0,1,0,0,False
CD2BP2,0,1,0,0,False
CD3,1,0,0,0,False
CD300A,0,1,0,0,False
CD300C,0,1,0,0,False
CD300E,1,1,0,1,False
CD300LB,0,1,0,0,False
CD300LD-AS1,0,1,0,0,False
CD300LF,0,1,0,0,False
CD300LG,1,0,0,0,False
CD302,0,1,0,0,False
CD31,1,0,0,0,False
CD320,0,1,0,0,False
CD33,1,1,0,0,False
CD34,1,1,0,1,False
CD36,1,1,0,0,False
CD37,0,1,0,0,False
CD38,1,1,0,1,False
CD3D,1,1,0,1,False
CD3E,1,1,0,1,False
CD3G,1,1,0,1,False
CD3W,1,0,0,0,False
CD4,1,1,0,1,False
CD40,1,1,0,0,False
CD40LG,1,1,0,1,False
CD44,1,1,0,0,False
CD44-AS1,0,1,0,0,False
CD46,0,1,0,0,False
CD47,0,1,0,0,False
CD48,0,1,0,0,False
CD5,1,1,0,1,False
CD52,1,1,0,0,False
CD53,1,1,0,0,False
CD55,0,1,0,0,False
CD56,1,0,0,0,False
CD57,1,0,0,0,False
CD58,0,1,0,0,False
CD59,1,1,0,0,False
CD5L,1,1,0,0,False
CD6,0,1,0,1,False
CD63,0,1,0,0,False
CD63-AS1,0,1,0,0,False
CD68,1,1,0,1,False
CD69,1,1,0,0,False
CD7,1,1,0,0,False
CD70,0,1,0,0,False
CD72,0,1,0,0,False
CD74,1,1,0,0,False
CD79A,1,1,0,0,False
CD79B,1,1,0,1,False
CD8,1,0,0,0,False
CD80,1,1,0,0,False
CD81,0,1,0,0,False
CD81-AS1,0,1,0,0,False
CD82,1,1,0,0,False
CD83,1,1,0,0,False
CD84,0,1,0,0,False
CD86,1,1,0,0,False
CD8A,1,1,0,1,False
CD8B,1,1,0,1,False
CD9,1,1,0,0,False
CD90,1,0,0,0,False
CD93,0,1,0,0,False
CD96,1,1,0,1,False
CD99,0,1,0,0,False
CD99L2,0,1,0,0,False
CDA,0,1,0,0,False
CDADC1,0,1,0,0,False
CDC123,0,1,0,0,False
CDC14A,0,1,0,0,False
CDC14B,0,1,0,0,False
CDC16,0,1,0,0,False
CDC20,0,1,0,0,False
CDC20B,1,1,0,0,False
CDC25B,0,1,0,0,False
CDC25C,0,1,0,0,False
CDC26,0,1,0,0,False
CDC27,0,1,0,0,False
CDC34,0,1,0,0,False
CDC37,0,1,0,0,False
CDC37L1,0,1,0,0,False
CDC37L1-DT,0,1,0,0,False
CDC40,0,1,0,0,False
CDC42,0,1,0,0,False
CDC42BPA,0,1,0,0,False
CDC42BPB,0,1,0,0,False
CDC42EP1,0,1,0,0,False
CDC42EP2,0,1,0,0,False
CDC42EP3,0,1,0,0,False
CDC42EP3-AS1,0,1,0,0,False
CDC42EP4,0,1,0,0,False
CDC42EP5,0,1,0,0,False
CDC42SE1,0,1,0,0,False
CDC42SE2,0,1,0,0,False
CDC45,0,1,0,0,False
CDC5L,0,1,0,0,False
CDC6,0,1,0,0,False
CDC73,0,1,0,0,False
CDCA2,1,1,0,0,False
CDCA3,0,1,0,0,False
CDCA4,0,1,0,0,False
CDCA5,0,1,0,0,False
CDCA7,0,1,0,0,False
CDCA7L,0,1,0,0,False
CDCA8,0,1,0,0,False
CDCP1,0,1,0,0,False
CDH1,1,1,0,0,False
CDH10,0,1,0,0,False
CDH11,0,1,1,0,False
CDH12,1,1,0,0,False
CDH12P4,0,1,0,0,False
CDH13,1,1,0,0,False
CDH13-AS2,0,1,0,0,False
CDH15,0,1,0,0,False
CDH16,0,1,0,0,False
CDH17,0,1,0,0,False
CDH18,1,1,0,0,False
CDH19,0,1,0,1,False
CDH2,1,1,0,0,False
CDH20,0,1,0,0,False
CDH23,1,1,0,0,False
CDH23-AS1,0,1,0,0,False
CDH24,1,0,0,0,False
CDH26,0,1,0,0,False
CDH3,0,1,0,0,False
CDH4,0,1,0,0,False
CDH5,1,1,0,1,False
CDH6,1,1,0,0,False
CDH7,1,1,0,0,False
CDH8,0,1,0,0,False
CDH9,1,1,0,0,False
CDHR1,0,1,0,0,False
CDHR2,0,1,0,0,False
CDHR3,1,1,0,0,False
CDHR4,1,1,0,0,False
CDHR5,0,1,0,0,False
CDIN1,0,1,0,0,False
CDIP1,0,1,0,0,False
CDIPT,0,1,0,0,False
CDIPTOSP,0,1,0,0,False
CDK1,1,1,0,0,False
CDK10,0,1,0,0,False
CDK11A,0,1,0,0,False
CDK11B,0,1,0,0,False
CDK12,0,1,0,0,False
CDK13,0,1,0,0,False
CDK13-DT,0,1,0,0,False
CDK14,0,1,0,0,False
CDK15,0,1,1,1,False
CDK16,0,1,0,0,False
CDK17,0,1,0,0,False
CDK18,0,1,0,0,False
CDK19,0,1,0,0,False
CDK2,0,1,0,0,False
CDK20,0,1,0,0,False
CDK2AP1,0,1,0,0,False
CDK2AP2,0,1,0,0,False
CDK4,0,1,0,0,False
CDK5,0,1,0,0,False
CDK5R1,0,1,0,0,False
CDK5RAP1,0,1,0,0,False
CDK5RAP2,0,1,0,0,False
CDK5RAP3,0,1,0,0,False
CDK6,0,1,0,0,False
CDK6-AS1,0,1,0,0,False
CDK7,0,1,0,0,False
CDK8,0,1,0,0,False
CDK9,0,1,0,0,False
CDKAL1,0,1,0,0,False
CDKL1,0,1,0,0,False
CDKL2,0,1,0,0,False
CDKL3,0,1,0,0,False
CDKL5,0,1,0,0,False
CDKN1A,0,1,0,1,False
CDKN1B,0,1,0,1,False
CDKN1C,0,1,0,0,False
CDKN2A,0,1,0,1,False
CDKN2AIP,0,1,0,0,False
CDKN2AIPNL,0,1,0,0,False
CDKN2B,0,1,0,0,False
CDKN2B-AS1,0,1,0,0,False
CDKN2C,0,1,0,0,False
CDKN2D,0,1,0,0,False
CDKN3,0,1,0,0,False
CDNF,0,1,0,0,False
CDO1,0,1,0,0,False
CDON,1,1,0,0,False
CDPF1,0,1,0,0,False
CDR2,1,1,0,0,False
CDRT4,0,1,0,0,False
CDS1,0,1,0,0,False
CDS2,0,1,0,0,False
CDT1,0,1,0,0,False
CDV3,0,1,0,0,False
CDX1,0,1,0,0,False
CDX2,0,1,0,0,False
CDYL,0,1,0,0,False
CDYL2,0,1,0,0,False
CEACAM1,0,1,0,0,False
CEACAM16,0,1,0,0,False
CEACAM19,0,1,0,0,False
CEACAM21,0,1,0,0,False
CEACAM3,0,1,0,0,False
CEACAM4,0,1,0,0,False
CEACAM5,0,1,0,1,False
CEACAM6,0,1,0,1,False
CEACAM7,0,1,0,0,False
CEACAM8,1,1,0,1,False
CEBPA,0,1,0,0,False
CEBPA-DT,0,1,0,0,False
CEBPB,1,1,0,0,False
CEBPD,0,1,0,0,False
CEBPE,0,1,0,0,False
CEBPG,0,1,0,0,False
CEBPZ,0,1,0,0,False
CEBPZOS,0,1,0,0,False
CECR2,0,1,0,0,False
CECR7,0,1,0,0,False
CEDORA,0,1,0,0,False
CEL,0,1,0,0,False
CELA1,0,1,0,0,False
CELA2A,0,1,0,0,False
CELA2B,0,1,0,0,False
CELA3A,1,1,0,0,False
CELA3B,0,1,0,0,False
CELF1,0,1,0,0,False
CELF2,0,1,1,0,False
CELF2-AS2,0,1,0,0,False
CELF2-DT,0,1,0,0,False
CELF3,0,1,0,0,False
CELF4,0,1,0,0,False
CELF6,0,1,0,0,False
CELSR1,0,1,0,0,False
CEMIP,1,1,0,0,False
CEMIP2,0,1,0,0,False
CEMP1,0,1,0,0,False
CENATAC,0,1,0,0,False
CENPA,0,1,0,0,False
CENPB,0,1,0,0,False
CENPBD1P,0,1,0,0,False
CENPBD2P,0,1,0,0,False
CENPC,0,1,0,0,False
CENPE,0,1,0,0,False
CENPF,0,1,0,0,False
CENPH,0,1,0,0,False
CENPI,0,1,0,0,False
CENPJ,0,1,0,0,False
CENPK,0,1,0,0,False
CENPL,0,1,0,0,False
CENPM,0,1,0,0,False
CENPN,0,1,0,0,False
CENPO,0,1,0,0,False
CENPP,0,1,0,0,False
CENPQ,0,1,0,0,False
CENPT,0,1,0,0,False
CENPU,0,1,0,0,False
CENPV,0,1,0,0,False
CENPW,0,1,0,0,False
CENPX,0,1,0,0,False
CEP104,0,1,0,0,False
CEP112,0,1,0,0,False
CEP120,0,1,0,0,False
CEP126,0,1,0,0,False
CEP128,0,1,0,0,False
CEP131,0,1,0,0,False
CEP135,0,1,0,0,False
CEP15,0,1,0,0,False
CEP152,0,1,0,0,False
CEP162,0,1,0,0,False
CEP164,0,1,0,0,False
CEP164P1,0,1,0,0,False
CEP170,0,1,0,0,False
CEP19,0,1,0,0,False
CEP192,0,1,0,0,False
CEP20,0,1,0,0,False
CEP250,0,1,0,0,False
CEP250-AS1,0,1,0,0,False
CEP290,0,1,0,0,False
CEP295,0,1,0,0,False
CEP295NL,0,1,0,0,False
CEP350,0,1,0,0,False
CEP41,0,1,0,0,False
CEP43,0,1,0,0,False
CEP44,0,1,0,0,False
CEP55,0,1,0,0,False
CEP57,0,1,0,0,False
CEP57L1,0,1,0,0,False
CEP63,0,1,0,0,False
CEP68,0,1,0,0,False
CEP70,0,1,0,0,False
CEP76,0,1,0,0,False
CEP78,0,1,0,0,False
CEP83,0,1,0,0,False
CEP85,0,1,0,0,False
CEP85L,0,1,0,0,False
CEP89,0,1,0,0,False
CEP95,0,1,0,0,False
CEP97,0,1,0,0,False
CEPT1,0,1,0,0,False
CERCAM,1,1,0,0,False
CERK,0,1,0,0,False
CERKL,0,1,0,0,False
CERNA2,0,1,0,0,False
CEROX1,0,1,0,0,False
CERS1,0,1,0,0,False
CERS2,0,1,0,0,False
CERS3,0,1,0,0,False
CERS3-AS1,0,1,0,0,False
CERS4,0,1,0,0,False
CERS5,0,1,0,0,False
CERS6,0,1,0,0,False
CERS6-AS1,0,1,0,0,False
CERT1,0,1,0,0,False
CES1,1,1,0,0,False
CES2,0,1,0,0,False
CES3,0,1,0,0,False
CES4A,0,1,0,0,False
CES5A,0,1,0,0,False
CETN2,0,1,0,0,False
CETN3,0,1,0,0,False
CETP,0,1,0,0,False
CFAP100,0,1,0,0,False
CFAP107,0,1,0,0,False
CFAP119,0,1,0,0,False
CFAP126,0,1,0,0,False
CFAP144,0,1,0,0,False
CFAP157,0,1,0,1,False
CFAP161,0,1,0,0,False
CFAP184,0,1,0,0,False
CFAP20,0,1,0,0,False
CFAP20DC,0,1,0,0,False
CFAP20DC-AS1,0,1,0,0,False
CFAP20DC-DT,0,1,0,0,False
CFAP210,0,1,0,0,False
CFAP221,0,1,0,0,False
CFAP251,0,1,0,0,False
CFAP263,0,1,0,0,False
CFAP276,0,1,0,0,False
CFAP298,0,1,0,0,False
CFAP298-TCP10L,0,1,0,0,False
CFAP299,1,1,0,0,False
CFAP300,0,1,0,0,False
CFAP36,0,1,0,0,False
CFAP410,0,1,0,0,False
CFAP418,0,1,0,0,False
CFAP418-AS1,0,1,0,0,False
CFAP43,0,1,0,0,False
CFAP44,0,1,0,0,False
CFAP44-AS1,0,1,0,0,False
CFAP45,0,1,0,0,False
CFAP46,0,1,0,0,False
CFAP47,1,1,0,0,False
CFAP52,0,1,0,0,False
CFAP53,0,1,0,0,False
CFAP54,0,1,0,0,False
CFAP58,0,1,0,0,False
CFAP61,0,1,0,0,False
CFAP65,0,1,0,0,False
CFAP68,0,1,0,0,False
CFAP69,0,1,0,0,False
CFAP70,0,1,0,0,False
CFAP73,1,1,0,0,False
CFAP74,0,1,0,0,False
CFAP77,0,1,0,0,False
CFAP90,0,1,0,0,False
CFAP91,0,1,0,0,False
CFAP95,0,1,0,0,False
CFAP96,0,1,0,0,False
CFAP97,0,1,0,0,False
CFAP99,0,1,0,0,False
CFB,1,1,0,0,False
CFC1,0,1,0,0,False
CFD,0,1,0,0,False
CFDP1,0,1,0,0,False
CFH,1,1,1,0,False
CFHR1,0,1,0,0,False
CFHR2,0,1,0,0,False
CFHR3,0,1,0,0,False
CFI,0,1,0,0,False
CFL1,0,1,0,0,False
CFL2,0,1,0,0,False
CFLAR,0,1,0,0,False
CFLAR-AS1,0,1,0,0,False
CFP,0,1,0,0,False
CFTR,1,1,0,0,False
CGA,0,1,0,0,False
CGAS,0,1,0,0,False
CGB3,1,0,0,0,False
CGGBP1,0,1,0,0,False
CGNL1,0,1,0,0,False
CGRP,1,0,0,0,False
CGRRF1,0,1,0,0,False
CH17-174L20.1,1,0,0,0,False
CH25H,1,1,0,0,False
CHAC1,0,1,0,0,False
CHAC2,0,1,0,0,False
CHAD,1,1,0,0,False
CHAF1A,0,1,0,0,False
CHAF1B,1,1,0,0,False
CHAMP1,0,1,0,0,False
CHASERR,0,1,0,0,False
CHAT,1,1,0,0,False
CHCHD1,0,1,0,0,False
CHCHD10,0,1,0,0,False
CHCHD2,0,1,0,0,False
CHCHD3,0,1,0,0,False
CHCHD4,0,1,0,0,False
CHCHD5,0,1,0,0,False
CHCHD6,0,1,0,0,False
CHCHD7,0,1,0,0,False
CHCT1,0,1,0,0,False
CHD1,0,1,0,0,False
CHD1-DT,0,1,0,0,False
CHD1L,0,1,0,0,False
CHD2,0,1,0,0,False
CHD3,0,1,0,0,False
CHD4,0,1,0,0,False
CHD5,0,1,0,0,False
CHD6,0,1,0,0,False
CHD7,0,1,0,0,False
CHD8,0,1,0,0,False
CHD9,0,1,0,0,False
CHD9NB,0,1,0,0,False
CHDH,0,1,0,0,False
CHEK1,0,1,0,0,False
CHEK2,0,1,0,0,False
CHERP,0,1,0,0,False
CHFR,0,1,0,0,False
CHGA,1,1,0,0,False
CHGB,0,1,0,0,False
CHI3L1,1,1,0,0,False
CHI3L2,1,1,0,0,False
CHIA,0,1,0,0,False
CHIC1,0,1,0,0,False
CHIC2,0,1,0,0,False
CHID1,0,1,0,0,False
CHIT1,0,1,0,0,False
CHKA,0,1,0,0,False
CHKB,0,1,0,0,False
CHKB-CPT1B,0,1,0,0,False
CHL1,0,1,0,0,False
CHM,0,1,0,0,False
CHML,0,1,0,0,False
CHMP1A,0,1,0,0,False
CHMP1B,0,1,0,0,False
CHMP1B-AS1,0,1,0,0,False
CHMP2A,0,1,0,0,False
CHMP2B,0,1,0,0,False
CHMP3,0,1,0,0,False
CHMP4A,0,1,0,0,False
CHMP4B,0,1,0,0,False
CHMP4C,0,1,0,0,False
CHMP5,0,1,0,0,False
CHMP6,0,1,0,0,False
CHMP7,0,1,0,0,False
CHN1,0,1,0,0,False
CHN2,0,1,0,0,False
CHN2-AS1,0,1,0,0,False
CHODL,0,1,0,0,False
CHORDC1,0,1,0,0,False
CHP1,0,1,0,0,False
CHP2,0,1,0,0,False
CHPF,0,1,0,0,False
CHPF2,0,1,0,0,False
CHPT1,0,1,0,0,False
CHRAC1,0,1,0,0,False
CHRD,0,1,0,0,False
CHRDL1,0,1,0,0,False
CHRDL2,0,1,0,0,False
CHRM2,1,1,0,0,False
CHRM3,0,1,0,1,False
CHRM3-AS2,0,1,0,0,False
CHRM5,1,1,0,0,False
CHRNA1,1,0,0,0,False
CHRNA10,0,1,0,0,False
CHRNA5,0,1,0,0,False
CHRNA7,1,1,0,0,False
CHRNB1,0,1,0,0,False
CHRNB4,0,1,0,0,False
CHRNE,0,1,0,0,False
CHROMR,0,1,0,0,False
CHST1,0,1,0,0,False
CHST11,0,1,1,0,False
CHST12,0,1,0,0,False
CHST13,0,1,0,0,False
CHST14,0,1,0,0,False
CHST15,0,1,0,0,False
CHST2,0,1,0,0,False
CHST4,0,1,0,0,False
CHST6,0,1,0,0,False
CHST7,0,1,0,0,False
CHST9,1,1,0,0,False
CHSY1,0,1,0,0,False
CHSY3,0,1,0,0,False
CHTF18,0,1,0,0,False
CHTF8,0,1,0,0,False
CHTOP,0,1,0,0,False
CHUK,0,1,0,0,False
CHURC1,0,1,0,0,False
CHURC1-FNTB,0,1,0,0,False
CIAO1,0,1,0,0,False
CIAO2A,0,1,0,0,False
CIAO2B,0,1,0,0,False
CIAO3,0,1,0,0,False
CIAPIN1,0,1,0,0,False
CIART,0,1,0,0,False
CIB1,0,1,0,0,False
CIB2,1,1,0,0,False
CIB3,0,1,0,0,False
CIBAR1,0,1,0,0,False
CIBAR2,0,1,0,0,False
CIC,0,1,0,0,False
CIDEA,0,1,0,0,False
CIDEB,0,1,0,0,False
CIDEC,0,1,0,0,False
CIITA,1,1,0,0,False
CILK1,0,1,0,0,False
CILP,1,1,0,1,False
CILP2,1,0,0,0,False
CIMAP1B,0,1,0,0,False
CIMAP3,0,1,0,0,False
CIMIP1,0,1,0,0,False
CIMIP4,0,1,0,0,False
CINP,0,1,0,0,False
CIP2A,0,1,0,0,False
CIPC,0,1,0,0,False
CIR1,0,1,0,0,False
CIRBP,0,1,0,0,False
CIRBP-AS1,0,1,0,0,False
CISD1,0,1,0,0,False
CISD2,0,1,0,0,False
CISD3,0,1,0,0,False
CISH,0,1,0,0,False
CISTR,0,1,0,0,False
CIT,0,1,0,1,False
CITED1,0,1,0,0,False
CITED2,0,1,0,0,False
CITED4,0,1,0,0,False
CIZ1,0,1,0,0,False
CKAP2,0,1,0,0,False
CKAP2-DT,0,1,0,0,False
CKAP2L,0,1,0,0,False
CKAP4,1,1,0,0,False
CKAP5,0,1,0,0,False
CKB,0,1,0,0,False
CKLF,1,1,0,0,False
CKM,0,1,0,0,False
CKMT2,0,1,0,0,False
CKMT2-AS1,0,1,0,0,False
CKS1B,0,1,0,0,False
CKS2,0,1,0,0,False
CLASP1,0,1,0,0,False
CLASP1-AS1,0,1,0,0,False
CLASP2,0,1,0,0,False
CLASRP,0,1,0,0,False
CLC,1,1,0,0,False
CLCA1,0,1,0,0,False
CLCA2,0,1,0,0,False
CLCA4,1,1,0,0,False
CLCC1,0,1,0,0,False
CLCF1,0,1,0,0,False
CLCN1,0,1,0,0,False
CLCN2,0,1,0,0,False
CLCN3,0,1,0,0,False
CLCN4,0,1,0,0,False
CLCN5,0,1,0,0,False
CLCN6,0,1,0,0,False
CLCN7,0,1,0,0,False
CLCNKA,1,1,0,0,False
CLCNKB,1,1,0,0,False
CLDN1,1,1,0,0,False
CLDN10,0,1,0,0,False
CLDN10-AS1,0,1,0,0,False
CLDN11,1,1,0,1,False
CLDN12,0,1,0,0,False
CLDN14-AS1,0,1,0,0,False
CLDN15,0,1,0,0,False
CLDN16,1,1,0,0,False
CLDN18,0,1,0,0,False
CLDN19,0,1,0,0,False
CLDN2,0,1,0,0,False
CLDN20,0,1,0,0,False
CLDN22,0,1,0,0,False
CLDN23,0,1,0,0,False
CLDN3,1,1,0,1,False
CLDN34,0,1,0,0,False
CLDN4,0,1,0,0,False
CLDN5,1,1,0,1,False
CLDN6,0,1,0,0,False
CLDN7,0,1,0,0,False
CLDN8,0,1,0,0,False
CLDND1,0,1,0,0,False
CLDND2,0,1,0,0,False
CLEC10A,1,1,0,1,False
CLEC11A,1,1,0,0,False
CLEC12A,1,1,0,0,False
CLEC14A,1,1,0,0,False
CLEC16A,0,1,0,0,False
CLEC17A,0,1,0,1,False
CLEC18C,0,1,0,0,False
CLEC1A,0,1,0,0,False
CLEC1B,1,1,0,1,False
CLEC2B,0,1,0,0,False
CLEC2D,0,1,0,0,False
CLEC2L,0,1,0,0,False
CLEC3B,0,1,0,0,False
CLEC4A,0,1,0,0,False
CLEC4C,1,1,0,1,False
CLEC4E,0,1,0,0,False
CLEC4F,0,1,0,0,False
CLEC4G,1,1,0,0,False
CLEC4M,1,1,0,0,False
CLEC4OP,0,1,0,0,False
CLEC5A,0,1,0,0,False
CLEC7A,1,1,0,0,False
CLEC9A,1,1,0,1,False
CLECL1P,0,1,0,0,False
CLGN,0,1,0,0,False
CLHC1,0,1,0,0,False
CLIC1,0,1,0,0,False
CLIC2,0,1,0,0,False
CLIC3,1,1,0,0,False
CLIC4,0,1,0,0,False
CLIC5,1,1,1,0,False
CLIC6,0,1,0,0,False
CLINT1,0,1,0,0,False
CLIP1,0,1,0,0,False
CLIP2,0,1,0,0,False
CLIP3,0,1,0,0,False
CLIP4,0,1,0,0,False
CLK1,0,1,0,0,False
CLK2,0,1,0,0,False
CLK3,0,1,0,0,False
CLK4,0,1,0,0,False
CLLU1,0,1,0,0,False
CLMAT3,0,1,0,0,False
CLMN,0,1,0,0,False
CLMP,1,1,0,0,False
CLN3,0,1,0,0,False
CLN5,0,1,0,0,False
CLN6,0,1,0,0,False
CLN8,0,1,0,0,False
CLN8-AS1,0,1,0,0,False
CLNK,0,1,1,0,False
CLNS1A,0,1,0,0,False
CLOCK,0,1,0,0,False
CLP1,0,1,0,0,False
CLPB,0,1,0,0,False
CLPP,0,1,0,0,False
CLPS,0,1,0,0,False
CLPSL2,0,1,0,0,False
CLPTM1,0,1,0,0,False
CLPTM1L,0,1,0,0,False
CLPX,0,1,0,0,False
CLSPN,1,1,0,0,False
CLSTN1,0,1,0,0,False
CLSTN2,0,1,0,1,False
CLSTN3,0,1,0,0,False
CLTA,0,1,0,0,False
CLTB,0,1,0,0,False
CLTC,0,1,0,0,False
CLTRN,0,1,0,0,False
CLU,1,1,1,0,False
CLUAP1,0,1,0,0,False
CLUH,0,1,0,0,False
CLUL1,0,1,0,0,False
CLVS1,0,1,0,0,False
CLVS2,0,1,0,0,False
CLXN,0,1,0,0,False
CLYBL,0,1,0,0,False
CMA1,1,1,0,0,False
CMAHP,0,1,0,0,False
CMAS,0,1,0,0,False
CMBL,0,1,0,0,False
CMC1,1,1,0,0,False
CMC2,0,1,0,0,False
CMC4,0,1,0,0,False
CMIP,0,1,0,0,False
CMKLR1,0,1,0,0,False
CMPK1,0,1,0,0,False
CMPK2,0,1,0,0,False
CMSS1,0,1,0,0,False
CMTM2,0,1,0,0,False
CMTM3,0,1,0,0,False
CMTM4,0,1,0,0,False
CMTM5,0,1,0,1,False
CMTM6,0,1,0,0,False
CMTM7,0,1,0,0,False
CMTM8,1,1,0,0,False
CMTR1,0,1,0,0,False
CMTR2,0,1,0,0,False
CMYA5,0,1,0,0,False
CNBD1,0,1,0,0,False
CNBD2,0,1,0,0,False
CNBP,0,1,0,0,False
CNDP1,1,1,0,0,False
CNDP2,0,1,0,0,False
CNEP1R1,0,1,0,0,False
CNFN,0,1,0,0,False
CNGA1,0,1,0,0,False
CNGB1,0,1,0,0,False
CNGB3,0,1,0,0,False
CNIH1,0,1,0,0,False
CNIH3,0,1,0,0,False
CNIH3-AS2,0,1,0,0,False
CNIH4,0,1,0,0,False
CNKSR1,0,1,0,0,False
CNKSR2,0,1,0,0,False
CNKSR3,0,1,0,0,False
CNN1,1,1,0,1,False
CNN2,0,1,0,0,False
CNN3,0,1,0,0,False
CNNM2,0,1,0,0,False
CNNM3,0,1,0,0,False
CNNM4,0,1,0,0,False
CNOT1,0,1,0,0,False
CNOT10,0,1,0,0,False
CNOT11,0,1,0,0,False
CNOT2,0,1,0,0,False
CNOT3,0,1,0,0,False
CNOT4,0,1,0,0,False
CNOT6,0,1,0,0,False
CNOT6L,0,1,0,0,False
CNOT7,0,1,0,0,False
CNOT8,0,1,0,0,False
CNOT9,0,1,0,0,False
CNP,0,1,0,0,False
CNPPD1,0,1,0,0,False
CNPY2,0,1,0,0,False
CNPY2-AS1,0,1,0,0,False
CNPY3,0,1,0,0,False
CNPY4,0,1,0,0,False
CNR1,1,1,0,1,False
CNR2,0,1,0,0,False
CNRIP1,0,1,0,0,False
CNST,0,1,0,0,False
CNTD1,0,1,0,0,False
CNTFR,0,1,0,0,False
CNTLN,0,1,0,0,False
CNTN1,1,1,0,0,False
CNTN2,0,1,0,0,False
CNTN3,0,1,0,0,False
CNTN4,0,1,0,0,False
CNTN4-AS1,0,1,0,0,False
CNTN4-AS2,0,1,0,0,False
CNTN5,0,1,0,0,False
CNTN6,0,1,0,0,False
CNTNAP1,0,1,0,0,False
CNTNAP2,0,1,0,0,False
CNTNAP3,0,1,0,0,False
CNTNAP3B,0,1,0,0,False
CNTNAP3C,0,1,0,0,False
CNTNAP4,0,1,0,0,False
CNTNAP5,0,1,0,0,False
CNTRL,0,1,0,0,False
CNTROB,0,1,0,0,False
COA1,0,1,0,0,False
COA3,0,1,0,0,False
COA4,0,1,0,0,False
COA5,0,1,0,0,False
COA6,0,1,0,0,False
COA6-AS1,0,1,0,0,False
COA7,0,1,0,0,False
COA8,0,1,0,0,False
COASY,0,1,0,0,False
COBL,0,1,0,0,False
COBLL1,1,1,1,0,False
COCH,0,1,0,0,False
COG1,0,1,0,0,False
COG2,0,1,0,0,False
COG3,0,1,0,0,False
COG4,0,1,0,0,False
COG5,0,1,0,0,False
COG6,0,1,0,0,False
COG7,0,1,0,0,False
COG8,0,1,0,0,False
COIL,0,1,0,0,False
COL10A1,1,1,0,1,False
COL11A1,0,1,0,1,False
COL12A1,0,1,0,0,False
COL13A1,0,1,0,0,False
COL14A1,1,1,0,1,False
COL15A1,1,1,0,0,False
COL16A1,1,1,0,0,False
COL17A1,1,1,0,1,False
COL18A1,1,1,0,0,False
COL18A1-AS2,0,1,0,0,False
COL19A1,1,1,0,0,False
COL1A1,1,1,1,1,True
COL1A2,1,1,1,0,False
COL21A1,0,1,0,0,False
COL22A1,1,1,0,0,False
COL23A1,0,1,0,0,False
COL24A1,1,1,0,0,False
COL25A1,0,1,0,0,False
COL26A1,0,1,0,0,False
COL27A1,0,1,0,0,False
COL28A1,0,1,0,0,False
COL2A1,1,1,0,1,False
COL3A1,1,1,1,1,True
COL4A1,1,1,0,0,False
COL4A2,1,1,0,0,False
COL4A2-AS1,0,1,0,0,False
COL4A3,0,1,0,0,False
COL4A4,0,1,0,0,False
COL4A5,0,1,0,0,False
COL4A6,0,1,0,0,False
COL5A1,1,1,0,1,False
COL5A2,1,1,0,1,False
COL5A3,1,1,0,0,False
COL6A1,1,1,0,0,False
COL6A2,1,1,0,0,False
COL6A3,1,1,1,1,True
COL6A4P2,0,1,0,0,False
COL6A5,0,1,0,0,False
COL6A6,0,1,0,0,False
COL7A1,0,1,0,0,False
COL8A1,0,1,0,0,False
COL9A1,1,1,0,0,False
COL9A2,0,1,0,0,False
COL9A3,0,1,0,0,False
COLCA1,0,1,0,0,False
COLEC10,0,1,0,0,False
COLEC11,0,1,0,0,False
COLEC12,1,1,0,0,False
COLGALT1,0,1,0,0,False
COLGALT2,0,1,0,0,False
COLQ,0,1,0,0,False
COMETT,0,1,0,0,False
COMMD1,0,1,0,0,False
COMMD10,0,1,0,0,False
COMMD2,0,1,0,0,False
COMMD3,0,1,0,0,False
COMMD3-BMI1,0,1,0,0,False
COMMD4,0,1,0,0,False
COMMD5,0,1,0,0,False
COMMD6,0,1,0,0,False
COMMD7,0,1,0,0,False
COMMD8,0,1,0,0,False
COMMD9,0,1,0,0,False
COMP,0,1,0,0,False
COMT,0,1,0,0,False
COMTD1,0,1,0,0,False
COP1,0,1,0,0,False
COP1-DT,0,1,0,0,False
COPA,0,1,0,0,False
COPB1,0,1,0,0,False
COPB2,0,1,0,0,False
COPB2-DT,0,1,0,0,False
COPDA1,0,1,0,0,False
COPE,0,1,0,0,False
COPG1,0,1,0,0,False
COPG2,0,1,0,0,False
COPG2IT1,0,1,0,0,False
COPRS,0,1,0,0,False
COPS2,0,1,0,0,False
COPS3,0,1,0,0,False
COPS4,0,1,0,0,False
COPS5,0,1,0,0,False
COPS6,0,1,0,0,False
COPS7A,0,1,0,0,False
COPS7B,0,1,0,0,False
COPS8,0,1,0,0,False
COPS9,0,1,0,0,False
COPZ1,0,1,0,0,False
COPZ2,0,1,0,0,False
COQ10A,0,1,0,0,False
COQ10B,0,1,0,0,False
COQ2,0,1,0,0,False
COQ3,0,1,0,0,False
COQ4,0,1,0,0,False
COQ5,0,1,0,0,False
COQ6,0,1,0,0,False
COQ7,0,1,0,0,False
COQ7-DT,0,1,0,0,False
COQ8A,0,1,0,0,False
COQ8B,0,1,0,0,False
COQ9,0,1,0,0,False
CORIN,0,1,0,0,False
CORO1A,1,1,0,0,False
CORO1A-AS1,0,1,0,0,False
CORO1B,0,1,0,0,False
CORO1C,0,1,0,0,False
CORO2A,0,1,0,0,False
CORO2B,0,1,0,0,False
CORO6,0,1,0,0,False
CORO7,0,1,0,0,False
CORO7-PAM16,0,1,0,0,False
COSMOC,0,1,0,0,False
COTL1,0,1,1,0,False
COX10,0,1,0,0,False
COX11,0,1,0,0,False
COX14,0,1,0,0,False
COX15,0,1,0,0,False
COX16,0,1,0,0,False
COX17,0,1,0,0,False
COX17P1,0,1,0,0,False
COX18,0,1,0,0,False
COX19,0,1,0,0,False
COX20,0,1,0,0,False
COX20P2,0,1,0,0,False
COX4I1,0,1,0,0,False
COX4I2,1,1,0,1,False
COX5A,0,1,0,0,False
COX5B,0,1,0,0,False
COX6A1,0,1,0,0,False
COX6A1P2,0,1,0,0,False
COX6A2,0,1,0,0,False
COX6B1,0,1,0,0,False
COX6B2,0,1,0,0,False
COX6C,0,1,0,0,False
COX6CP17,0,1,0,0,False
COX7A1,1,1,0,0,False
COX7A2,0,1,0,0,False
COX7A2L,0,1,0,0,False
COX7B,0,1,0,0,False
COX7B2,0,1,0,0,False
COX7BP4,0,1,0,0,False
COX7C,0,1,0,0,False
COX7CP1,0,1,0,0,False
COX8A,0,1,0,0,False
CP,0,1,0,0,False
CPA1,0,1,0,0,False
CPA2,0,1,0,0,False
CPA3,1,1,1,1,True
CPA4,0,1,0,0,False
CPA5,0,1,0,0,False
CPA6,1,1,0,0,False
CPAMD8,0,1,0,0,False
CPB1,0,1,0,0,False
CPB2,0,1,0,0,False
CPB2-AS1,0,1,0,0,False
CPD,0,1,0,0,False
CPE,1,1,0,0,False
CPEB2,0,1,0,0,False
CPEB3,0,1,0,0,False
CPEB4,0,1,0,0,False
CPED1,0,1,0,0,False
CPHL1P,0,1,0,0,False
CPHXL,0,1,0,0,False
CPHXL2,0,1,0,0,False
CPLANE1,0,1,0,0,False
CPLX1,0,1,0,1,False
CPLX2,0,1,0,0,False
CPLX3,0,1,0,0,False
CPLX4,1,1,0,0,False
CPM,0,1,0,0,False
CPN1,0,1,0,0,False
CPNE1,0,1,0,0,False
CPNE2,0,1,0,0,False
CPNE3,0,1,0,0,False
CPNE4,0,1,0,0,False
CPNE5,0,1,0,0,False
CPNE7,0,1,0,0,False
CPNE8,0,1,0,0,False
CPNE9,0,1,0,0,False
CPOX,0,1,0,0,False
CPP,0,1,0,0,False
CPPED1,0,1,0,0,False
CPQ,0,1,0,0,False
CPS1,0,1,0,0,False
CPSF1,0,1,0,0,False
CPSF2,0,1,0,0,False
CPSF3,0,1,0,0,False
CPSF4,0,1,0,0,False
CPSF6,0,1,0,0,False
CPSF7,0,1,0,0,False
CPT1A,0,1,0,0,False
CPT2,0,1,0,0,False
CPTP,0,1,0,0,False
CPVL,1,1,0,0,False
CPVL-AS2,0,1,0,0,False
CPXM1,0,1,0,0,False
CPXM2,0,1,0,0,False
CR1,1,1,0,0,False
CR1-AS1,0,1,0,0,False
CR1L,0,1,0,0,False
CR2,1,1,0,0,False
CRABP1,1,1,0,0,False
CRABP2,0,1,0,0,False
CRACD,0,1,0,0,False
CRACDL,0,1,0,0,False
CRACR2A,0,1,0,0,False
CRACR2B,0,1,0,0,False
CRADD,0,1,0,0,False
CRADD-AS1,0,1,0,0,False
CRAMP1,0,1,0,0,False
CRAT,0,1,0,0,False
CRB1,0,1,0,0,False
CRB2,1,1,0,0,False
CRB3,0,1,0,0,False
CRBN,0,1,0,0,False
CRCP,1,1,0,0,False
CRCT1,0,1,0,0,False
CREB1,0,1,0,0,False
CREB3,0,1,0,0,False
CREB3L1,0,1,0,0,False
CREB3L2,0,1,1,0,False
CREB3L3,0,1,0,0,False
CREB3L4,0,1,0,0,False
CREB5,0,1,0,0,False
CREBBP,0,1,0,0,False
CREBL2,0,1,0,0,False
CREBRF,0,1,0,0,False
CREBZF,0,1,0,0,False
CREG1,0,1,0,0,False
CREG2,0,1,0,0,False
CRELD1,0,1,0,0,False
CRELD2,0,1,0,0,False
CREM,0,1,0,0,False
CRH,1,1,0,0,False
CRHBP,1,1,0,0,False
CRHR2,1,1,0,0,False
CRIM1,0,1,0,0,False
CRIP1,1,1,0,0,False
CRIP2,0,1,0,0,False
CRIP3,0,1,0,0,False
CRIPT,0,1,0,0,False
CRIPTO,1,0,0,0,False
CRISP2,0,1,0,0,False
CRISP3,0,1,0,0,False
CRISPLD1,0,1,0,0,False
CRISPLD2,0,1,0,0,False
CRK,0,1,0,0,False
CRKL,0,1,0,0,False
CRLF1,0,1,0,0,False
CRLF2,0,1,0,0,False
CRLF3,0,1,0,0,False
CRLF3P3,0,1,0,0,False
CRLS1,0,1,0,0,False
CRMA,0,1,0,0,False
CRMP1,0,1,0,0,False
CRNDE,1,1,0,0,False
CRNKL1,0,1,0,0,False
CROCC,0,1,0,0,False
CROCC2,0,1,0,0,False
CROT,0,1,0,0,False
CRP,0,1,0,0,False
CRTAC1,0,1,0,0,False
CRTAM,1,1,0,0,False
CRTAP,0,1,0,0,False
CRTC1,0,1,0,0,False
CRTC2,0,1,0,0,False
CRTC3,0,1,0,0,False
CRTC3-AS1,0,1,0,0,False
CRX,0,1,0,0,False
CRY1,0,1,0,0,False
CRY2,0,1,0,0,False
CRYAA,0,1,0,0,False
CRYAB,1,1,0,0,False
CRYBA2,1,1,0,0,False
CRYBB1,0,1,0,0,False
CRYBB2,0,1,0,0,False
CRYBB2P1,0,1,0,0,False
CRYBB3,0,1,0,0,False
CRYBG1,1,1,0,0,False
CRYBG2,0,1,0,0,False
CRYBG3,0,1,0,0,False
CRYGD,0,1,0,0,False
CRYGS,0,1,0,0,False
CRYL1,0,1,0,0,False
CRYM,1,1,0,0,False
CRYZ,0,1,0,0,False
CRYZL1,0,1,0,0,False
CS,0,1,0,0,False
CSAD,0,1,0,0,False
CSDC2,0,1,0,0,False
CSDE1,0,1,0,0,False
CSE1L,0,1,0,0,False
CSE1L-DT,0,1,0,0,False
CSF1,1,1,0,0,False
CSF1R,1,1,0,0,False
CSF2,0,1,0,0,False
CSF2RA,1,1,0,1,False
CSF2RB,0,1,0,0,False
CSF3,1,1,0,0,False
CSF3R,1,1,1,0,False
CSGALNACT1,0,1,0,0,False
CSGALNACT2,0,1,0,0,False
CSH1,1,0,0,0,False
CSK,0,1,0,0,False
CSKMT,0,1,0,0,False
CSMD1,0,1,0,0,False
CSMD2,0,1,0,0,False
CSMD3,0,1,0,0,False
CSN1S1,1,0,0,0,False
CSNK1A1,0,1,0,0,False
CSNK1D,0,1,0,0,False
CSNK1E,0,1,0,0,False
CSNK1G1,0,1,0,0,False
CSNK1G2,0,1,0,0,False
CSNK1G3,0,1,0,0,False
CSNK2A1,0,1,0,0,False
CSNK2A2,0,1,0,0,False
CSNK2B,0,1,0,0,False
CSPG4,1,1,0,0,False
CSPG4BP,0,1,0,0,False
CSPP1,0,1,0,0,False
CSRNP1,0,1,0,0,False
CSRNP2,0,1,0,0,False
CSRNP3,0,1,0,0,False
CSRP1,0,1,0,0,False
CSRP1-AS1,0,1,0,0,False
CSRP2,0,1,0,0,False
CSRP3,0,1,0,0,False
CST1,0,1,0,0,False
CST3,1,1,0,0,False
CST5,0,1,0,0,False
CST6,0,1,0,0,False
CST7,1,1,0,1,False
CSTA,1,1,0,0,False
CSTB,0,1,0,0,False
CSTF1,0,1,0,0,False
CSTF2,0,1,0,0,False
CSTF2T,0,1,0,0,False
CSTF3,0,1,0,0,False
CSTPP1,0,1,0,0,False
CT69,0,1,0,0,False
CTAG2,0,1,0,0,False
CTB-57H20.1,1,0,0,0,False
CTBP1,0,1,0,0,False
CTBP1-DT,0,1,0,0,False
CTBP2,0,1,0,0,False
CTBS,0,1,0,0,False
CTC-340A15.2,1,0,0,0,False
CTC-367F4.1,1,0,0,0,False
CTC-535M15.2,1,0,0,0,False
CTC-552D5.1,1,0,0,0,False
CTC-806A22.1,1,0,0,0,False
CTC1,0,1,0,0,False
CTCF,0,1,0,0,False
CTCFL,0,1,0,0,False
CTD-2008L17.2,1,0,0,0,False
CTD-2050E21.1,1,0,0,0,False
CTD-2050E21.2,1,0,0,0,False
CTD-2058B24.2,1,0,0,0,False
CTD-2195H9.1,1,0,0,0,False
CTD-2215L10.1,1,0,0,0,False
CTD-2288O8.3,1,0,0,0,False
CTD-2533K21.4,1,0,0,0,False
CTD-2545M3.8,1,0,0,0,False
CTDNEP1,0,1,0,0,False
CTDP1,0,1,0,0,False
CTDP1-DT,0,1,0,0,False
CTDSP1,0,1,0,0,False
CTDSP2,0,1,0,0,False
CTDSPL,0,1,0,0,False
CTDSPL2,0,1,0,0,False
CTF1,0,1,0,0,False
CTGF,0,1,0,0,False
CTH,0,1,0,0,False
CTHRC1,1,1,0,0,False
CTIF,0,1,0,0,False
CTLA4,1,1,0,1,False
CTNNA1,0,1,0,0,False
CTNNA1-AS1,0,1,0,0,False
CTNNA2,0,1,0,0,False
CTNNA3,0,1,0,0,False
CTNNAL1,0,1,0,0,False
CTNNB1,1,1,0,0,False
CTNNBIP1,0,1,0,0,False
CTNNBL1,1,1,0,0,False
CTNND1,0,1,0,0,False
CTNND2,0,1,0,0,False
CTNS,0,1,0,0,False
CTPS1,0,1,0,0,False
CTPS2,0,1,0,0,False
CTR9,0,1,0,0,False
CTRB1,1,1,0,0,False
CTRB2,0,1,0,0,False
CTRC,0,1,0,0,False
CTRL,0,1,0,0,False
CTSA,0,1,0,0,False
CTSB,0,1,0,0,False
CTSC,0,1,0,0,False
CTSD,0,1,0,0,False
CTSE,0,1,0,0,False
CTSF,0,1,0,0,False
CTSG,1,1,0,0,False
CTSH,1,1,0,0,False
CTSK,0,1,0,0,False
CTSL,0,1,0,0,False
CTSO,0,1,0,0,False
CTSS,1,1,1,0,False
CTSV,1,1,0,0,False
CTSW,1,1,0,0,False
CTSZ,0,1,0,0,False
CTTN,0,1,0,0,False
CTTNBP2,0,1,1,0,False
CTTNBP2NL,0,1,0,0,False
CTU1,0,1,0,0,False
CTU2,0,1,0,0,False
CTXN1,0,1,0,0,False
CTXN3,1,1,0,0,False
CTXND1,1,1,0,0,False
CUBN,1,1,1,0,False
CUEDC1,0,1,0,0,False
CUEDC2,0,1,0,0,False
CUL1,0,1,0,0,False
CUL3,0,1,0,0,False
CUL4A,0,1,0,0,False
CUL4B,0,1,0,0,False
CUL5,0,1,0,0,False
CUL7,0,1,0,0,False
CUTA,0,1,0,0,False
CUTALP,0,1,0,0,False
CUTC,0,1,0,0,False
CUX1,0,1,0,0,False
CUX2,0,1,0,0,False
CUZD1,0,1,0,0,False
CWC15,0,1,0,0,False
CWC22,0,1,0,0,False
CWC25,0,1,0,0,False
CWC27,0,1,0,0,False
CWF19L1,0,1,0,0,False
CWF19L2,0,1,0,0,False
CWH43,0,1,0,0,False
CX3CL1,0,1,0,0,False
CX3CR1,1,1,0,0,False
CXADR,0,1,0,0,False
CXCL1,1,1,0,0,False
CXCL10,0,1,0,1,False
CXCL11,0,1,0,0,False
CXCL12,1,1,0,0,False
CXCL13,1,1,0,0,False
CXCL14,1,1,0,0,False
CXCL16,1,1,0,0,False
CXCL17,0,1,0,0,False
CXCL2,0,1,0,0,False
CXCL3,0,1,0,0,False
CXCL5,1,1,0,0,False
CXCL6,0,1,0,1,False
CXCL8,1,1,0,0,False
CXCL9,1,1,0,0,False
CXCR1,0,1,0,0,False
CXCR2,0,1,0,1,False
CXCR3,1,1,0,0,False
CXCR4,1,1,0,0,False
CXCR5,1,1,0,0,False
CXCR6,1,1,0,1,False
CXXC1,0,1,0,0,False
CXXC4,0,1,0,0,False
CXXC5,0,1,0,0,False
CXorf38,0,1,0,0,False
CXorf58,0,1,0,0,False
CYB561,0,1,0,0,False
CYB561A3,0,1,0,0,False
CYB561D1,0,1,0,0,False
CYB561D2,0,1,0,0,False
CYB5A,0,1,0,0,False
CYB5B,0,1,0,0,False
CYB5D1,0,1,0,0,False
CYB5D2,0,1,0,0,False
CYB5R1,0,1,0,0,False
CYB5R2,0,1,0,0,False
CYB5R3,0,1,0,0,False
CYB5R4,0,1,0,0,False
CYBA,0,1,0,0,False
CYBB,0,1,0,0,False
CYBC1,0,1,0,0,False
CYBRD1,0,1,0,0,False
CYC1,0,1,0,0,False
CYCS,0,1,0,0,False
CYCTP,0,1,0,0,False
CYFIP1,0,1,0,0,False
CYFIP2,0,1,0,0,False
CYGB,1,1,0,0,False
CYLD,0,1,0,0,False
CYLD-AS2,0,1,0,0,False
CYP11A1,0,1,0,0,False
CYP17A1,0,1,0,0,False
CYP19A1,1,0,0,0,False
CYP1A1,0,1,0,0,False
CYP1B1,0,1,0,0,False
CYP1B1-AS1,1,1,0,0,False
CYP20A1,0,1,0,0,False
CYP21A1P,0,1,0,0,False
CYP21A2,0,1,0,0,False
CYP24A1,0,1,0,1,False
CYP26A1,0,1,0,0,False
CYP26B1,0,1,0,0,False
CYP27A1,1,1,0,0,False
CYP27C1,0,1,0,0,False
CYP2A6,0,1,0,0,False
CYP2A7,1,0,0,0,False
CYP2B6,0,1,0,0,False
CYP2B7P,0,1,0,0,False
CYP2C19,0,1,0,0,False
CYP2C8,0,1,0,0,False
CYP2C9,0,1,0,0,False
CYP2D6,1,0,0,0,False
CYP2E1,0,1,0,0,False
CYP2F1,1,1,0,1,False
CYP2J2,0,1,0,0,False
CYP2R1,0,1,0,0,False
CYP2S1,0,1,0,0,False
CYP2U1,0,1,0,0,False
CYP2U1-AS1,0,1,0,0,False
CYP2W1,0,1,0,0,False
CYP39A1,0,1,0,0,False
CYP3A4,1,1,0,0,False
CYP3A43,0,1,0,0,False
CYP3A5,0,1,0,0,False
CYP3A51P,0,1,0,0,False
CYP3A7,0,1,0,0,False
CYP46A1,0,1,0,0,False
CYP4A11,0,1,0,0,False
CYP4A22,0,1,0,0,False
CYP4B1,0,1,0,1,False
CYP4F12,0,1,0,0,False
CYP4F22,0,1,0,0,False
CYP4F3,0,1,0,0,False
CYP4F8,0,1,0,0,False
CYP4V2,0,1,0,0,False
CYP4X1,0,1,0,0,False
CYP4Z2P,0,1,0,0,False
CYP51A1,0,1,0,0,False
CYP7B1,0,1,0,0,False
CYP8B1,0,1,0,0,False
CYREN,0,1,0,0,False
CYRIA,0,1,0,0,False
CYRIB,0,1,0,0,False
CYS1,0,1,0,0,False
CYSLTR1,0,1,0,0,False
CYSLTR2,0,1,0,0,False
CYSRT1,0,1,0,0,False
CYSTM1,0,1,0,0,False
CYTH1,0,1,0,0,False
CYTH2,0,1,0,0,False
CYTH3,0,1,0,0,False
CYTH4,0,1,0,0,False
CYTIP,0,1,0,0,False
CYTL1,1,1,0,1,False
CYTOR,0,1,0,0,False
CYYR1,0,1,0,0,False
CYYR1-AS1,0,1,0,0,False
CZIB,0,1,0,0,False
CZIB-DT,0,1,0,0,False
Chromogranin,1,0,0,0,False
Cytokeratin,1,0,0,0,False
Cytokeratin 7,1,0,0,0,False
D2HGDH,0,1,0,0,False
DAAM1,0,1,0,0,False
DAAM2,0,1,0,0,False
DAAM2-AS1,0,1,0,0,False
DAB1,0,1,0,0,False
DAB1-AS1,0,1,0,0,False
DAB2,0,1,0,0,False
DAB2IP,0,1,0,0,False
DACH1,1,1,1,0,False
DACH2,1,1,0,0,False
DACT1,0,1,0,0,False
DACT3,0,1,0,0,False
DAD1,0,1,0,0,False
DAG1,0,1,0,0,False
DAGLA,0,1,0,0,False
DAGLB,0,1,0,0,False
DALRD3,0,1,0,0,False
DANCR,0,1,0,0,False
DAND5,0,1,0,0,False
DANT2,0,1,0,0,False
DAO,0,1,0,0,False
DAP,0,1,0,0,False
DAP3,0,1,0,0,False
DAPK1,0,1,0,0,False
DAPK1-IT1,0,1,0,0,False
DAPK2,0,1,0,0,False
DAPK3,0,1,0,0,False
DAPL1,0,1,0,0,False
DAPP1,0,1,0,0,False
DARS1,0,1,0,0,False
DAW1,0,1,0,0,False
DAXX,0,1,0,0,False
DAZAP1,0,1,0,0,False
DAZAP2,0,1,0,0,False
DBF4,0,1,0,0,False
DBF4B,0,1,0,0,False
DBF4P1,0,1,0,0,False
DBH,1,0,0,0,False
DBI,0,1,0,0,False
DBN1,0,1,0,0,False
DBNDD1,0,1,0,0,False
DBNDD2,0,1,0,0,False
DBNL,0,1,0,0,False
DBP,0,1,0,0,False
DBR1,0,1,0,0,False
DBT,0,1,0,0,False
DCAF1,0,1,0,0,False
DCAF10,0,1,0,0,False
DCAF11,0,1,0,0,False
DCAF12,1,1,0,0,False
DCAF13,0,1,0,0,False
DCAF15,0,1,0,0,False
DCAF16,0,1,0,0,False
DCAF17,0,1,0,0,False
DCAF4,0,1,0,0,False
DCAF5,0,1,0,0,False
DCAF6,0,1,0,0,False
DCAF7,0,1,0,0,False
DCAF8,0,1,0,0,False
DCAF8-DT,0,1,0,0,False
DCAKD,0,1,0,0,False
DCBLD1,0,1,0,0,False
DCBLD2,0,1,0,0,False
DCC,0,1,0,1,False
DCD,0,1,0,1,False
DCDC1,0,1,0,0,False
DCDC2,0,1,0,0,False
DCDC2B,0,1,0,0,False
DCDC2C,1,1,0,0,False
DCHS1,0,1,0,0,False
DCHS2,0,1,0,0,False
DCK,0,1,0,0,False
DCLK1,1,1,0,0,False
DCLK2,0,1,0,0,False
DCLRE1A,0,1,0,0,False
DCLRE1B,0,1,0,0,False
DCLRE1C,0,1,0,0,False
DCN,1,1,1,1,True
DCP1A,0,1,0,0,False
DCP1B,0,1,0,0,False
DCP2,0,1,0,0,False
DCPS,0,1,0,0,False
DCST1-AS1,0,1,0,0,False
DCSTAMP,1,0,0,0,False
DCT,0,1,0,0,False
DCTD,0,1,0,0,False
DCTN1,0,1,0,0,False
DCTN2,0,1,0,0,False
DCTN3,0,1,0,0,False
DCTN4,0,1,0,0,False
DCTN5,0,1,0,0,False
DCTN6,0,1,0,0,False
DCTN6-DT,0,1,0,0,False
DCTPP1,0,1,0,0,False
DCUN1D1,0,1,0,0,False
DCUN1D2,0,1,0,0,False
DCUN1D2-AS,0,1,0,0,False
DCUN1D4,0,1,0,0,False
DCUN1D5,0,1,0,0,False
DCX,0,1,0,0,False
DCXR,0,1,0,0,False
DCXR-DT,0,1,0,0,False
DDA1,0,1,0,0,False
DDAH1,0,1,0,0,False
DDAH2,0,1,0,0,False
DDB1,0,1,0,0,False
DDB2,1,1,0,0,False
DDC,0,1,0,0,False
DDHD1,0,1,0,0,False
DDHD2,0,1,0,0,False
DDI2,0,1,0,0,False
DDIAS,0,1,0,0,False
DDIT3,0,1,0,0,False
DDIT4,1,1,0,0,False
DDIT4-AS1,0,1,0,0,False
DDN-AS1,0,1,0,0,False
DDO,0,1,0,0,False
DDOST,0,1,0,0,False
DDR1,0,1,0,0,False
DDR1-DT,0,1,0,0,False
DDR2,1,1,0,0,False
DDRGK1,0,1,0,0,False
DDT,0,1,0,0,False
DDTL,0,1,0,0,False
DDX1,0,1,0,0,False
DDX10,0,1,0,0,False
DDX10P1,0,1,0,0,False
DDX11,0,1,0,0,False
DDX17,0,1,0,0,False
DDX18,0,1,0,0,False
DDX19A,0,1,0,0,False
DDX19B,0,1,0,0,False
DDX20,0,1,0,0,False
DDX21,0,1,0,0,False
DDX23,0,1,0,0,False
DDX24,0,1,0,0,False
DDX25,0,1,0,0,False
DDX27,0,1,0,0,False
DDX28,0,1,0,0,False
DDX39A,0,1,0,0,False
DDX39B,0,1,0,0,False
DDX3P1,0,1,0,0,False
DDX3X,0,1,0,0,False
DDX3Y,0,1,0,0,False
DDX41,0,1,0,0,False
DDX42,0,1,0,0,False
DDX43,0,1,0,0,False
DDX46,0,1,0,0,False
DDX49,0,1,0,0,False
DDX5,0,1,0,0,False
DDX50,0,1,0,0,False
DDX50P2,0,1,0,0,False
DDX51,0,1,0,0,False
DDX52,0,1,0,0,False
DDX54,0,1,0,0,False
DDX55,0,1,0,0,False
DDX56,0,1,0,0,False
DDX59,0,1,0,0,False
DDX6,0,1,0,0,False
DDX60,0,1,0,0,False
DDX60L,0,1,0,0,False
DEAF1,0,1,0,0,False
DECR1,0,1,0,0,False
DECR2,0,1,0,0,False
DEDD,0,1,0,0,False
DEDD2,0,1,0,0,False
DEF6,0,1,0,0,False
DEF8,0,1,0,0,False
DEFA1,0,1,0,0,False
DEFA1B,0,1,0,0,False
DEFA3,0,1,0,0,False
DEFA4,0,1,0,0,False
DEFA5,1,1,0,0,False
DEFA6,0,1,0,0,False
DEFB1,1,1,0,0,False
DEFB119,0,1,0,0,False
DEFB131B,0,1,0,0,False
DEFB4A,0,1,0,0,False
DEGS1,0,1,0,0,False
DEGS2,0,1,0,0,False
DEK,0,1,0,0,False
DELE1,0,1,0,0,False
DELEC1,0,1,0,0,False
DENND10,0,1,0,0,False
DENND11,0,1,0,0,False
DENND1A,0,1,0,0,False
DENND1B,0,1,0,0,False
DENND1C,0,1,0,0,False
DENND2A,0,1,0,0,False
DENND2B,0,1,0,0,False
DENND2B-AS1,0,1,0,0,False
DENND2C,0,1,0,0,False
DENND2D,1,1,0,0,False
DENND3,0,1,0,0,False
DENND3-AS1,0,1,0,0,False
DENND4A,0,1,0,0,False
DENND4B,0,1,0,0,False
DENND4C,0,1,0,0,False
DENND5A,0,1,0,0,False
DENND5B,0,1,1,0,False
DENND6A,0,1,0,0,False
DENND6B,0,1,0,0,False
DENR,0,1,0,0,False
DEPDC1,0,1,0,0,False
DEPDC1-AS1,0,1,0,0,False
DEPDC1B,0,1,0,0,False
DEPDC4,0,1,0,0,False
DEPDC5,0,1,0,0,False
DEPDC7,0,1,0,0,False
DEPP1,0,1,0,0,False
DEPTOR,0,1,0,0,False
DERA,0,1,0,0,False
DERL1,0,1,0,0,False
DERL2,0,1,0,0,False
DERL3,1,1,0,1,False
DES,1,1,1,1,True
DESI1,0,1,0,0,False
DESI2,0,1,0,0,False
DEUP1,1,1,0,0,False
DEXI,0,1,0,0,False
DFFA,0,1,0,0,False
DFFB,0,1,0,0,False
DGAT1,0,1,0,0,False
DGAT2,0,1,0,0,False
DGCR2,0,1,0,0,False
DGCR5,0,1,0,0,False
DGCR6,0,1,0,0,False
DGCR6L,0,1,0,0,False
DGCR8,0,1,0,0,False
DGKA,0,1,0,0,False
DGKB,0,1,0,0,False
DGKD,0,1,0,0,False
DGKE,0,1,0,0,False
DGKG,0,1,0,1,False
DGKH,0,1,0,0,False
DGKI,1,1,0,0,False
DGKZ,0,1,0,0,False
DGLUCY,0,1,0,0,False
DGUOK,0,1,0,0,False
DGUOK-AS1,0,1,0,0,False
DHCR24,0,1,0,0,False
DHCR7,0,1,0,0,False
DHCR7-DT,0,1,0,0,False
DHDDS,0,1,0,0,False
DHDDS-AS1,0,1,0,0,False
DHDH,0,1,0,0,False
DHFR,0,1,0,0,False
DHFR2,0,1,0,0,False
DHODH,0,1,0,0,False
DHPS,0,1,0,0,False
DHRS1,0,1,0,0,False
DHRS11,0,1,0,0,False
DHRS12,0,1,0,0,False
DHRS13,0,1,0,0,False
DHRS2,0,1,1,0,False
DHRS3,0,1,0,0,False
DHRS4,0,1,0,0,False
DHRS4-AS1,0,1,0,0,False
DHRS4L2,0,1,0,0,False
DHRS7,0,1,0,0,False
DHRS7B,0,1,0,0,False
DHRS9,0,1,0,0,False
DHRSX,0,1,0,0,False
DHTKD1,0,1,0,0,False
DHX15,0,1,0,0,False
DHX16,0,1,0,0,False
DHX29,0,1,0,0,False
DHX30,0,1,0,0,False
DHX32,0,1,0,0,False
DHX34,0,1,0,0,False
DHX35,0,1,0,0,False
DHX36,0,1,0,0,False
DHX37,0,1,0,0,False
DHX38,0,1,0,0,False
DHX40,0,1,0,0,False
DHX57,0,1,0,0,False
DHX58,0,1,0,0,False
DHX8,0,1,0,0,False
DHX9,0,1,0,0,False
DIABLO,0,1,0,0,False
DIAPH1,0,1,0,0,False
DIAPH2,0,1,0,0,False
DIAPH2-AS1,0,1,0,0,False
DIAPH3,0,1,0,0,False
DICER1,0,1,0,0,False
DIDO1,0,1,0,0,False
DIMT1,0,1,0,0,False
DIO1,0,1,0,0,False
DIO2,0,1,0,0,False
DIO2-AS1,0,1,0,0,False
DIO3OS,0,1,0,1,False
DIP2A,0,1,0,0,False
DIP2B,0,1,0,0,False
DIP2C,0,1,0,0,False
DIPK1A,0,1,0,0,False
DIPK1B,0,1,0,0,False
DIPK1C,0,1,0,0,False
DIPK2A,0,1,0,0,False
DIPK2B,0,1,0,1,False
DIRAS1,0,1,0,0,False
DIRAS3,1,1,0,0,False
DIRC1,0,1,0,0,False
DIRC3,0,1,0,0,False
DIRC3-AS1,0,1,0,0,False
DIS3,0,1,0,0,False
DIS3L,0,1,0,0,False
DIS3L2,0,1,0,0,False
DISC1,0,1,0,0,False
DISP1,0,1,0,0,False
DISP2,0,1,0,0,False
DIXDC1,0,1,0,0,False
DKC1,0,1,0,0,False
DKK1,1,1,0,0,False
DKK2,1,1,0,0,False
DKK3,1,1,0,0,False
DKKL1,0,1,0,0,False
DLAT,0,1,0,0,False
DLC1,0,1,1,0,False
DLD,0,1,0,0,False
DLEC1,0,1,0,0,False
DLEU1,0,1,0,0,False
DLEU2,0,1,0,0,False
DLEU7,0,1,0,0,False
DLG1,0,1,0,0,False
DLG2,0,1,0,0,False
DLG2-AS2,0,1,0,0,False
DLG3,0,1,0,0,False
DLG4,0,1,0,0,False
DLG5,0,1,0,0,False
DLG5-AS1,0,1,0,0,False
DLGAP1,0,1,0,0,False
DLGAP1-AS1,0,1,0,0,False
DLGAP1-AS3,0,1,0,0,False
DLGAP1-AS4,0,1,0,0,False
DLGAP1-AS5,0,1,0,0,False
DLGAP2,0,1,0,0,False
DLGAP2-AS1,0,1,0,0,False
DLGAP4,0,1,0,0,False
DLGAP4-AS1,0,1,0,0,False
DLGAP5,0,1,0,0,False
DLK1,1,1,0,0,False
DLK2,0,1,0,0,False
DLL1,0,1,0,0,False
DLL3,0,1,0,0,False
DLL4,0,1,0,0,False
DLST,0,1,0,0,False
DLX1,0,1,0,0,False
DLX2,0,1,0,0,False
DLX4,0,1,0,0,False
DLX5,0,1,0,0,False
DLX6-AS1,0,1,0,0,False
DMAC1,0,1,0,0,False
DMAC1P1,0,1,0,0,False
DMAC2,0,1,0,0,False
DMAC2L,0,1,0,0,False
DMAP1,0,1,0,0,False
DMBT1,0,1,0,0,False
DMC1,0,1,0,0,False
DMD,0,1,0,0,False
DMGDH,0,1,0,0,False
DMKN,0,1,0,0,False
DMPK,0,1,0,0,False
DMRT1,0,1,0,0,False
DMRT2,0,1,0,0,False
DMRTA1,1,0,0,0,False
DMTF1,0,1,0,0,False
DMTF1-AS1,0,1,0,0,False
DMTN,0,1,0,0,False
DMWD,0,1,0,0,False
DMXL1,0,1,0,0,False
DMXL2,0,1,0,0,False
DNAAF1,0,1,0,0,False
DNAAF11,0,1,0,0,False
DNAAF2,0,1,0,0,False
DNAAF3,0,1,0,0,False
DNAAF3-AS1,0,1,0,0,False
DNAAF4,0,1,0,0,False
DNAAF5,0,1,0,0,False
DNAAF8,0,1,0,0,False
DNAAF9,0,1,0,0,False
DNAH1,0,1,0,0,False
DNAH10,0,1,0,0,False
DNAH11,0,1,0,0,False
DNAH12,1,1,0,1,False
DNAH14,0,1,0,0,False
DNAH17,0,1,0,0,False
DNAH2,0,1,0,0,False
DNAH3,0,1,0,0,False
DNAH5,0,1,0,0,False
DNAH6,0,1,0,0,False
DNAH7,0,1,0,0,False
DNAH8,0,1,0,0,False
DNAH9,0,1,0,0,False
DNAI1,0,1,0,0,False
DNAI2,0,1,0,0,False
DNAI3,0,1,0,0,False
DNAI4,0,1,0,0,False
DNAI7,0,1,0,0,False
DNAJA1,0,1,0,0,False
DNAJA2,0,1,0,0,False
DNAJA3,0,1,0,0,False
DNAJA4,0,1,0,0,False
DNAJB1,0,1,0,0,False
DNAJB11,0,1,0,0,False
DNAJB12,0,1,0,0,False
DNAJB13,0,1,0,0,False
DNAJB14,0,1,0,0,False
DNAJB2,0,1,0,0,False
DNAJB4,0,1,0,0,False
DNAJB5,0,1,0,0,False
DNAJB6,0,1,0,0,False
DNAJB9,0,1,0,0,False
DNAJC1,0,1,0,0,False
DNAJC10,0,1,0,0,False
DNAJC11,0,1,0,0,False
DNAJC12,0,1,0,0,False
DNAJC13,0,1,0,0,False
DNAJC14,0,1,0,0,False
DNAJC15,0,1,0,0,False
DNAJC16,0,1,0,0,False
DNAJC17,0,1,0,0,False
DNAJC18,0,1,0,0,False
DNAJC19,0,1,0,0,False
DNAJC2,0,1,0,0,False
DNAJC21,0,1,0,0,False
DNAJC22,0,1,0,0,False
DNAJC24,0,1,0,0,False
DNAJC25,0,1,0,0,False
DNAJC25-GNG10,0,1,0,0,False
DNAJC27,0,1,0,0,False
DNAJC28,0,1,0,0,False
DNAJC3,0,1,0,0,False
DNAJC3-DT,0,1,0,0,False
DNAJC30,0,1,0,0,False
DNAJC4,0,1,0,0,False
DNAJC5,0,1,0,0,False
DNAJC5G,0,1,0,0,False
DNAJC6,0,1,0,0,False
DNAJC7,0,1,0,0,False
DNAJC8,0,1,0,0,False
DNAJC8P2,0,1,0,0,False
DNAJC9,0,1,0,0,False
DNAL1,0,1,0,0,False
DNAL4,0,1,0,0,False
DNALI1,0,1,0,0,False
DNASE1,0,1,0,0,False
DNASE1L1,0,1,0,0,False
DNASE1L3,1,1,0,0,False
DNASE2,0,1,0,0,False
DNER,0,1,0,0,False
DNHD1,0,1,0,0,False
DNLZ,0,1,0,0,False
DNM1,0,1,0,0,False
DNM1L,0,1,0,0,False
DNM1P47,0,1,0,0,False
DNM1P51,0,1,0,0,False
DNM2,0,1,0,0,False
DNM3,0,1,0,0,False
DNM3OS,0,1,0,0,False
DNMBP,0,1,0,0,False
DNMBP-AS1,0,1,0,0,False
DNMT1,0,1,0,0,False
DNMT3A,0,1,0,0,False
DNMT3B,0,1,0,0,False
DNPEP,0,1,0,0,False
DNPH1,0,1,0,0,False
DNTT,1,1,0,0,False
DNTTIP1,0,1,0,0,False
DNTTIP2,0,1,0,0,False
DOC2A,0,1,0,0,False
DOC2B,0,1,0,0,False
DOCK1,0,1,0,0,False
DOCK10,0,1,0,0,False
DOCK11,0,1,0,0,False
DOCK2,0,1,1,0,False
DOCK3,0,1,0,0,False
DOCK4,0,1,1,0,False
DOCK5,0,1,0,0,False
DOCK6,0,1,0,0,False
DOCK7,0,1,0,0,False
DOCK8,1,1,0,0,False
DOCK8-AS2,0,1,0,0,False
DOCK9,0,1,0,0,False
DOHH,0,1,0,0,False
DOK1,0,1,0,0,False
DOK2,0,1,0,0,False
DOK3,0,1,0,0,False
DOK4,0,1,0,0,False
DOK5,0,1,0,0,False
DOK6,0,1,0,0,False
DOK7,0,1,0,0,False
DOLK,0,1,0,0,False
DOLPP1,0,1,0,0,False
DONSON,0,1,0,0,False
DOP1A,0,1,0,0,False
DOP1B,0,1,0,0,False
DOT1L,0,1,0,0,False
DPAGT1,0,1,0,0,False
DPCD,0,1,0,0,False
DPEP1,0,1,0,0,False
DPEP2,0,1,0,0,False
DPEP3,0,1,0,0,False
DPF1,0,1,0,0,False
DPF2,0,1,0,0,False
DPF3,0,1,0,0,False
DPH1,0,1,0,0,False
DPH1-AS1,0,1,0,0,False
DPH2,0,1,0,0,False
DPH3,0,1,0,0,False
DPH5,0,1,0,0,False
DPH5-DT,0,1,0,0,False
DPH6,0,1,0,0,False
DPH6-DT,0,1,0,0,False
DPH7,0,1,0,0,False
DPM1,0,1,0,0,False
DPM2,0,1,0,0,False
DPM3,0,1,0,0,False
DPP10,0,1,0,0,False
DPP3,0,1,0,0,False
DPP3-DT,0,1,0,0,False
DPP4,1,1,0,0,False
DPP6,0,1,0,1,False
DPP7,0,1,0,0,False
DPP8,0,1,0,0,False
DPP9,0,1,0,0,False
DPPA2P2,0,1,0,0,False
DPPA4,0,1,0,1,False
DPT,1,1,0,0,False
DPY19L1,0,1,0,0,False
DPY19L1P1,0,1,0,0,False
DPY19L2,0,1,1,0,False
DPY19L3,0,1,0,0,False
DPY19L4,0,1,0,0,False
DPY30,0,1,0,0,False
DPYD,0,1,1,0,False
DPYD-AS1,0,1,0,0,False
DPYS,0,1,0,0,False
DPYSL2,0,1,0,0,False
DPYSL3,0,1,0,0,False
DPYSL4,0,1,0,0,False
DPYSL5,0,1,0,0,False
DR1,0,1,0,0,False
DRAIC,0,1,0,0,False
DRAM1,0,1,0,0,False
DRAM2,0,1,0,0,False
DRAP1,0,1,0,0,False
DRAXIN,0,1,0,0,False
DRC1,0,1,0,0,False
DRC12,0,1,0,0,False
DRC3,0,1,0,0,False
DRC7,0,1,0,0,False
DRD1,1,0,0,0,False
DRD2,1,0,0,0,False
DRD3,1,1,0,0,False
DRD4,0,1,0,0,False
DRG1,0,1,0,0,False
DRG2,0,1,0,0,False
DROSHA,0,1,0,0,False
DSC1,0,1,0,1,False
DSC2,1,1,0,0,False
DSC3,0,1,0,1,False
DSCAM,0,1,0,0,False
DSCAML1,0,1,0,0,False
DSCC1,0,1,0,0,False
DSCR3,0,1,0,0,False
DSE,0,1,0,0,False
DSEL,0,1,0,0,False
DSG1,0,1,0,0,False
DSG2,0,1,0,0,False
DSG2-AS1,0,1,0,0,False
DSG3,0,1,0,0,False
DSN1,0,1,0,0,False
DSP,0,1,0,0,False
DSP-AS1,0,1,0,0,False
DST,0,1,0,0,False
DSTN,0,1,0,0,False
DSTYK,0,1,0,0,False
DTD1,0,1,0,0,False
DTHD1,1,1,0,0,False
DTL,1,1,0,0,False
DTNA,0,1,0,0,False
DTNB,0,1,0,0,False
DTNB-AS1,0,1,0,0,False
DTNBP1,0,1,0,0,False
DTWD1,0,1,0,0,False
DTWD2,0,1,0,0,False
DTX1,0,1,0,0,False
DTX2,0,1,0,0,False
DTX2P1-UPK3BP1-PMS2P11,0,1,0,0,False
DTX3,0,1,0,0,False
DTX3L,0,1,0,0,False
DTX4,0,1,0,0,False
DTYMK,0,1,0,0,False
DUBR,0,1,0,0,False
DUOX1,0,1,0,0,False
DUOX2,0,1,0,0,False
DUOXA1,0,1,0,0,False
DUOXA2,0,1,0,0,False
DUS1L,0,1,0,0,False
DUS2,0,1,0,0,False
DUS3L,0,1,0,0,False
DUS4L,0,1,0,0,False
DUSP1,0,1,0,0,False
DUSP10,0,1,0,0,False
DUSP11,0,1,0,0,False
DUSP12,0,1,0,0,False
DUSP14,0,1,0,0,False
DUSP15,0,1,0,0,False
DUSP16,0,1,0,0,False
DUSP18,0,1,0,0,False
DUSP19,0,1,0,0,False
DUSP2,1,1,0,0,False
DUSP22,0,1,0,0,False
DUSP23,0,1,0,0,False
DUSP26,0,1,0,0,False
DUSP28,0,1,0,0,False
DUSP3,0,1,0,0,False
DUSP4,1,1,0,0,False
DUSP5,0,1,0,0,False
DUSP5-DT,0,1,0,0,False
DUSP6,0,1,0,0,False
DUSP7,0,1,0,0,False
DUSP8,0,1,0,0,False
DUSP9,0,1,0,0,False
DUT,0,1,0,0,False
DUT-AS1,0,1,0,0,False
DUTP7,0,1,0,0,False
DUX4,0,1,0,0,False
DUXAP10,0,1,0,0,False
DVL1,0,1,0,0,False
DVL2,0,1,0,0,False
DVL3,0,1,0,0,False
DYDC1,0,1,0,0,False
DYDC2,0,1,0,0,False
DYM,0,1,0,0,False
DYNC1H1,0,1,0,0,False
DYNC1I1,0,1,0,0,False
DYNC1I2,0,1,0,0,False
DYNC1LI1,0,1,0,0,False
DYNC1LI2,0,1,0,0,False
DYNC2H1,0,1,0,0,False
DYNC2I1,0,1,0,0,False
DYNC2I2,0,1,0,0,False
DYNC2LI1,0,1,0,0,False
DYNLL1,0,1,0,0,False
DYNLL1P1,0,1,0,0,False
DYNLL1P2,0,1,0,0,False
DYNLL2,0,1,0,0,False
DYNLL2-DT,0,1,0,0,False
DYNLRB1,0,1,0,0,False
DYNLRB2,1,1,0,0,False
DYNLRB2-AS1,0,1,0,0,False
DYNLT1,0,1,0,0,False
DYNLT2,0,1,0,0,False
DYNLT2B,0,1,0,0,False
DYNLT3,0,1,0,0,False
DYNLT5,0,1,0,0,False
DYRK1A,0,1,0,0,False
DYRK1B,0,1,0,0,False
DYRK2,0,1,0,0,False
DYRK3,0,1,0,0,False
DYRK4,0,1,0,0,False
DYSF,0,1,0,0,False
DZANK1,0,1,0,0,False
DZIP1,0,1,0,0,False
DZIP1L,0,1,0,0,False
DZIP3,0,1,0,0,False
E2F1,0,1,0,0,False
E2F2,0,1,0,0,False
E2F3,0,1,0,0,False
E2F4,0,1,0,0,False
E2F5,0,1,0,0,False
E2F6,0,1,0,0,False
E2F7,0,1,0,0,False
E2F8,1,1,0,0,False
E4F1,0,1,0,0,False
EAF1,0,1,0,0,False
EAF2,0,1,0,0,False
EAPP,0,1,0,0,False
EARS2,0,1,0,0,False
EBAG9,0,1,0,0,False
EBF1,1,1,1,0,False
EBF2,1,1,0,0,False
EBF3,1,0,0,0,False
EBF4,0,1,0,0,False
EBI3,0,1,0,0,False
EBLN3P,0,1,0,0,False
EBNA1BP2,0,1,0,0,False
EBP,0,1,0,0,False
EBPL,0,1,0,0,False
ECD,0,1,0,0,False
ECE1,0,1,0,0,False
ECE2,0,1,0,0,False
ECH1,0,1,0,0,False
ECHDC1,0,1,0,0,False
ECHDC2,0,1,0,0,False
ECHDC3,0,1,0,0,False
ECHS1,0,1,0,0,False
ECI1,0,1,0,0,False
ECI2,0,1,0,0,False
ECM1,0,1,0,0,False
ECM2,0,1,0,0,False
ECPAS,0,1,0,0,False
ECRG4,0,1,0,0,False
ECSCR,1,1,0,1,False
ECSIT,0,1,0,0,False
ECT2,0,1,0,0,False
ECT2L,0,1,0,0,False
EDA,0,1,0,0,False
EDA2R,0,1,0,0,False
EDAR,0,1,0,0,False
EDARADD,0,1,0,0,False
EDC3,0,1,0,0,False
EDC4,0,1,0,0,False
EDEM1,0,1,0,0,False
EDEM2,0,1,0,0,False
EDEM3,0,1,0,0,False
EDF1,0,1,0,0,False
EDIL3,0,1,0,0,False
EDN1,1,1,0,0,False
EDN2,0,1,0,0,False
EDN3,0,1,0,0,False
EDNRA,1,1,0,0,False
EDNRB,1,1,0,0,False
EDRF1,0,1,0,0,False
EEA1,0,1,0,0,False
EED,0,1,0,0,False
EEF1A1,0,1,0,0,False
EEF1A1-AS1,0,1,0,0,False
EEF1A1P11,0,1,0,0,False
EEF1A1P12,0,1,0,0,False
EEF1A1P13,0,1,0,0,False
EEF1A1P14,0,1,0,0,False
EEF1A1P19,0,1,0,0,False
EEF1A1P22,0,1,0,0,False
EEF1A1P25,0,1,0,0,False
EEF1A1P29,0,1,0,0,False
EEF1A1P3,0,1,0,0,False
EEF1A1P5,0,1,0,0,False
EEF1A1P6,0,1,0,0,False
EEF1A1P9,0,1,0,0,False
EEF1A2,0,1,0,0,False
EEF1AKMT1,0,1,0,0,False
EEF1AKMT2,0,1,0,0,False
EEF1AKMT4,0,1,0,0,False
EEF1AKMT4-ECE2,0,1,0,0,False
EEF1B2,0,1,0,0,False
EEF1B2P2,0,1,0,0,False
EEF1B2P3,0,1,0,0,False
EEF1B2P6,0,1,0,0,False
EEF1D,0,1,0,0,False
EEF1DP1,0,1,0,0,False
EEF1DP3,0,1,0,0,False
EEF1E1,0,1,0,0,False
EEF1G,0,1,0,0,False
EEF2,0,1,0,0,False
EEF2K,0,1,0,0,False
EEF2KMT,0,1,0,0,False
EEFSEC,0,1,0,0,False
EEIG1,0,1,0,0,False
EEIG2,0,1,0,0,False
EEPD1,0,1,0,0,False
EFCAB10,0,1,0,0,False
EFCAB10-AS1,0,1,0,0,False
EFCAB11,0,1,0,0,False
EFCAB12,0,1,0,0,False
EFCAB13,0,1,0,0,False
EFCAB13-DT,0,1,0,0,False
EFCAB14,0,1,0,0,False
EFCAB14-AS1,0,1,0,0,False
EFCAB2,0,1,0,0,False
EFCAB5,0,1,0,0,False
EFCAB6,0,1,0,0,False
EFCAB7,0,1,0,0,False
EFCC1,0,1,0,0,False
EFEMP1,0,1,0,0,False
EFEMP2,0,1,0,0,False
EFHC1,0,1,0,0,False
EFHC2,0,1,0,0,False
EFHD1,0,1,0,0,False
EFHD2,0,1,0,0,False
EFL1P1,0,1,0,0,False
EFNA1,0,1,0,0,False
EFNA5,0,1,0,0,False
EFNB1,0,1,0,0,False
EFNB2,1,1,0,0,False
EFNB3,0,1,0,0,False
EFR3A,0,1,0,0,False
EFR3B,0,1,0,0,False
EFS,0,1,0,0,False
EFTUD2,0,1,0,0,False
EGF,1,1,1,0,False
EGFEM1P,1,1,0,0,False
EGFL6,0,1,0,0,False
EGFL7,0,1,0,0,False
EGFL8,0,1,0,0,False
EGFLAM,0,1,0,1,False
EGFLAM-AS1,0,1,0,0,False
EGFR,1,1,0,0,False
EGFR-AS1,0,1,0,0,False
EGILA,0,1,0,0,False
EGLN1,0,1,0,0,False
EGLN2,0,1,0,0,False
EGLN3,0,1,0,0,False
EGLN3-AS1,0,1,0,0,False
EGOT,0,1,0,0,False
EGR1,0,1,0,0,False
EGR2,0,1,0,0,False
EGR3,0,1,0,0,False
EGR4,0,1,0,0,False
EHBP1,0,1,0,0,False
EHBP1-AS1,0,1,0,0,False
EHBP1L1,0,1,0,0,False
EHD1,0,1,0,0,False
EHD2,0,1,0,0,False
EHD3,1,1,0,0,False
EHD4,0,1,0,0,False
EHD4-AS1,0,1,0,0,False
EHF,0,1,0,0,False
EHHADH,0,1,0,0,False
EHHADH-AS1,0,1,0,0,False
EHMT1,0,1,0,0,False
EHMT2,0,1,0,0,False
EHMT2-AS1,0,1,0,0,False
EI24,0,1,0,0,False
EID1,0,1,0,0,False
EID2,0,1,0,0,False
EID2B,0,1,0,0,False
EID3,0,1,0,0,False
EIF1,0,1,0,0,False
EIF1AD,0,1,0,0,False
EIF1AX,0,1,0,0,False
EIF1AY,0,1,0,0,False
EIF1B,0,1,0,0,False
EIF2A,0,1,0,0,False
EIF2AK1,0,1,0,0,False
EIF2AK2,0,1,0,0,False
EIF2AK3,0,1,0,0,False
EIF2AK3-DT,0,1,0,0,False
EIF2AK4,0,1,0,0,False
EIF2B1,0,1,0,0,False
EIF2B2,0,1,0,0,False
EIF2B3,0,1,0,0,False
EIF2B4,0,1,0,0,False
EIF2B5,0,1,0,0,False
EIF2D,0,1,0,0,False
EIF2S1,0,1,0,0,False
EIF2S2,0,1,0,0,False
EIF2S3,0,1,0,0,False
EIF3A,0,1,0,0,False
EIF3B,0,1,0,0,False
EIF3C,0,1,0,0,False
EIF3CL,0,1,0,0,False
EIF3D,0,1,0,0,False
EIF3E,0,1,0,0,False
EIF3F,0,1,0,0,False
EIF3G,0,1,0,0,False
EIF3H,0,1,0,0,False
EIF3I,0,1,0,0,False
EIF3J,0,1,0,0,False
EIF3J-DT,0,1,0,0,False
EIF3K,0,1,0,0,False
EIF3L,0,1,0,0,False
EIF3M,0,1,0,0,False
EIF4A1,0,1,0,0,False
EIF4A2,0,1,0,0,False
EIF4A2P3,0,1,0,0,False
EIF4A3,1,1,0,0,False
EIF4B,0,1,0,0,False
EIF4E,0,1,0,0,False
EIF4E2,0,1,0,0,False
EIF4E3,0,1,0,0,False
EIF4EBP1,0,1,0,0,False
EIF4EBP2,0,1,0,0,False
EIF4EBP3,0,1,0,0,False
EIF4ENIF1,0,1,0,0,False
EIF4G1,0,1,0,0,False
EIF4G2,0,1,0,0,False
EIF4G3,0,1,0,0,False
EIF4H,0,1,0,0,False
EIF5,0,1,0,0,False
EIF5A,0,1,0,0,False
EIF5A2,0,1,0,0,False
EIF5AL1,0,1,0,0,False
EIF5B,0,1,0,0,False
EIF6,0,1,0,0,False
EIPR1,0,1,0,0,False
ELAC1,0,1,0,0,False
ELAC2,0,1,0,0,False
ELANE,1,1,0,0,False
ELAPOR1,0,1,0,0,False
ELAPOR2,0,1,0,0,False
ELAVL1,0,1,0,0,False
ELAVL2,0,1,0,0,False
ELAVL3,0,1,0,0,False
ELAVL4,0,1,0,0,False
ELF1,0,1,0,0,False
ELF2,0,1,0,0,False
ELF3,1,1,1,0,False
ELF3-AS1,0,1,0,0,False
ELF4,0,1,0,0,False
ELF5,0,1,1,0,False
ELFN1-AS1,0,1,0,0,False
ELK1,0,1,0,0,False
ELK3,0,1,0,0,False
ELK4,0,1,0,0,False
ELL,0,1,0,0,False
ELL2,0,1,0,0,False
ELL3,0,1,0,0,False
ELMO1,0,1,1,0,False
ELMO1-AS1,0,1,0,0,False
ELMO2,0,1,0,0,False
ELMO3,0,1,0,0,False
ELMOD2,0,1,0,0,False
ELMOD3,0,1,0,0,False
ELN,1,1,0,0,False
ELN-AS1,0,1,0,0,False
ELOA,0,1,0,0,False
ELOA-AS1,0,1,0,0,False
ELOB,0,1,0,0,False
ELOC,0,1,0,0,False
ELOCP19,0,1,0,0,False
ELOCP30,0,1,0,0,False
ELOF1,0,1,0,0,False
ELOVL1,0,1,0,0,False
ELOVL2,0,1,0,0,False
ELOVL4,1,1,0,0,False
ELOVL5,0,1,0,0,False
ELOVL6,0,1,0,0,False
ELOVL7,0,1,0,1,False
ELP1,0,1,0,0,False
ELP2,0,1,0,0,False
ELP3,0,1,0,0,False
ELP4,0,1,0,0,False
ELP5,0,1,0,0,False
ELP6,0,1,0,0,False
EMB,0,1,0,0,False
EMC1,0,1,0,0,False
EMC10,0,1,0,0,False
EMC2,0,1,0,0,False
EMC3,0,1,0,0,False
EMC3-AS1,0,1,0,0,False
EMC4,0,1,0,0,False
EMC6,0,1,0,0,False
EMC7,0,1,0,0,False
EMC8,0,1,0,0,False
EMC9,0,1,0,0,False
EMCN,1,1,1,0,False
EMD,0,1,0,0,False
EME1,0,1,0,0,False
EME2,0,1,0,0,False
EMG1,0,1,0,0,False
EMID1,0,1,0,0,False
EMILIN1,0,1,0,1,False
EMILIN2,0,1,0,0,False
EML1,0,1,0,0,False
EML2,0,1,0,0,False
EML2-AS1,0,1,0,0,False
EML4,0,1,0,0,False
EML5,0,1,0,0,False
EML6,0,1,0,0,False
EMP1,0,1,0,0,False
EMP2,0,1,0,0,False
EMP3,0,1,0,0,False
EMSY,0,1,0,0,False
EMSY-DT,0,1,0,0,False
EMX1,0,1,1,0,False
EMX2,1,1,0,0,False
EMX2OS,0,1,0,0,False
ENAH,0,1,0,0,False
ENAM,0,1,0,0,False
ENC1,0,1,0,0,False
ENDOD1,0,1,0,0,False
ENDOG,0,1,0,0,False
ENDOV,0,1,0,0,False
ENG,1,1,0,0,False
ENGASE,0,1,0,0,False
ENHO,0,1,0,0,False
ENKD1,0,1,0,0,False
ENKUR,0,1,0,0,False
ENO1,0,1,0,0,False
ENO1P1,0,1,0,0,False
ENO2,1,1,0,0,False
ENO3,0,1,0,0,False
ENOPH1,0,1,0,0,False
ENOSF1,0,1,0,0,False
ENOX1,0,1,0,0,False
ENOX2,0,1,0,0,False
ENPEP,0,1,0,0,False
ENPP1,0,1,0,0,False
ENPP2,1,1,0,0,False
ENPP3,1,1,0,0,False
ENPP4,0,1,0,0,False
ENPP6,0,1,0,0,False
ENPP7P1,0,1,0,0,False
ENPP7P10,0,1,0,0,False
ENPP7P15,0,1,0,0,False
ENPP7P4,0,1,0,0,False
ENPP7P6,0,1,0,0,False
ENPP7P7,0,1,0,0,False
ENPP7P8,0,1,0,0,False
ENSA,0,1,0,0,False
ENSG00000100101.15,0,1,0,0,False
ENSG00000111780,0,1,0,0,False
ENSG00000111780.8,0,1,0,0,False
ENSG00000112096.19,0,1,0,0,False
ENSG00000124593.16,0,1,0,0,False
ENSG00000125695,0,1,0,0,False
ENSG00000125695.12,0,1,0,0,False
ENSG00000130723.20,0,1,0,0,False
ENSG00000132832,0,1,0,0,False
ENSG00000137808.12,0,1,0,0,False
ENSG00000141979.4,0,1,0,0,False
ENSG00000149656.8,0,1,0,0,False
ENSG00000165121.11,0,1,0,0,False
ENSG00000167774.2,0,1,0,0,False
ENSG00000167807,0,1,0,0,False
ENSG00000173867.10,0,1,0,0,False
ENSG00000174171,0,1,0,0,False
ENSG00000176320,0,1,0,0,False
ENSG00000176515.1,0,1,0,0,False
ENSG00000177359.20,0,1,0,0,False
ENSG00000178107.2,0,1,0,0,False
ENSG00000181123,0,1,0,0,False
ENSG00000181123.8,0,1,0,0,False
ENSG00000183308,0,1,0,0,False
ENSG00000184906.11,0,1,0,0,False
ENSG00000185641,0,1,0,0,False
ENSG00000185641.6,0,1,0,0,False
ENSG00000185839.3,0,1,0,0,False
ENSG00000186076.5,0,1,0,0,False
ENSG00000186148.13,0,1,0,0,False
ENSG00000187186.15,0,1,0,0,False
ENSG00000187951,0,1,0,0,False
ENSG00000187951.11,0,1,0,0,False
ENSG00000188512.6,0,1,0,0,False
ENSG00000188897,0,1,0,0,False
ENSG00000188897.9,0,1,0,0,False
ENSG00000196395.7,0,1,0,0,False
ENSG00000196656.7,0,1,0,0,False
ENSG00000196826.7,0,1,0,0,False
ENSG00000197210,0,1,0,0,False
ENSG00000197550.3,0,1,0,0,False
ENSG00000197585,0,1,0,0,False
ENSG00000197991.11,0,1,0,0,False
ENSG00000198106,0,1,0,0,False
ENSG00000202198.1,0,1,0,0,False
ENSG00000203279,0,1,0,0,False
ENSG00000203325,0,1,0,0,False
ENSG00000203325.3,0,1,0,0,False
ENSG00000203395.2,0,1,0,0,False
ENSG00000203396,0,1,0,0,False
ENSG00000203411.3,0,1,0,0,False
ENSG00000203434,0,1,0,0,False
ENSG00000203434.2,0,1,0,0,False
ENSG00000203469.2,0,1,0,0,False
ENSG00000203496.9,0,1,0,0,False
ENSG00000203498,0,1,0,0,False
ENSG00000203565,0,1,0,0,False
ENSG00000203593,0,1,0,0,False
ENSG00000203593.3,0,1,0,0,False
ENSG00000203812.2,0,1,0,0,False
ENSG00000204584,0,1,0,0,False
ENSG00000204814,0,1,0,0,False
ENSG00000205018,0,1,0,0,False
ENSG00000205037.2,0,1,0,0,False
ENSG00000205236.6,0,1,0,0,False
ENSG00000205414.1,0,1,0,0,False
ENSG00000205485.13,0,1,0,0,False
ENSG00000205794.4,0,1,0,0,False
ENSG00000206195.11,0,1,0,0,False
ENSG00000206567,0,1,0,0,False
ENSG00000212663,0,1,0,0,False
ENSG00000212939,0,1,0,0,False
ENSG00000213058,0,1,0,0,False
ENSG00000213058.3,0,1,0,0,False
ENSG00000213121.2,0,1,0,0,False
ENSG00000213280.2,0,1,0,0,False
ENSG00000213315,0,1,0,0,False
ENSG00000213600,0,1,0,0,False
ENSG00000213750,0,1,0,0,False
ENSG00000213939,0,1,0,0,False
ENSG00000213939.4,0,1,0,0,False
ENSG00000213963,0,1,0,0,False
ENSG00000213963.6,0,1,0,0,False
ENSG00000213994,0,1,0,0,False
ENSG00000214265,0,1,0,0,False
ENSG00000214593.3,0,1,0,0,False
ENSG00000214719,0,1,0,0,False
ENSG00000214719.13,0,1,0,0,False
ENSG00000214803.3,0,1,0,0,False
ENSG00000215022.7,0,1,0,0,False
ENSG00000215146.5,0,1,0,0,False
ENSG00000215271.9,0,1,0,0,False
ENSG00000217455,0,1,0,0,False
ENSG00000218048.2,0,1,0,0,False
ENSG00000218175,0,1,0,0,False
ENSG00000218175.2,0,1,0,0,False
ENSG00000218227.3,0,1,0,0,False
ENSG00000218426,0,1,0,0,False
ENSG00000218426.5,0,1,0,0,False
ENSG00000218586.3,0,1,0,0,False
ENSG00000219529.2,0,1,0,0,False
ENSG00000219928,0,1,0,0,False
ENSG00000220256,0,1,0,0,False
ENSG00000220695.1,0,1,0,0,False
ENSG00000221857.7,0,1,0,0,False
ENSG00000222031,0,1,0,0,False
ENSG00000222031.1,0,1,0,0,False
ENSG00000223342,0,1,0,0,False
ENSG00000223393.2,0,1,0,0,False
ENSG00000223492.1,0,1,0,0,False
ENSG00000223502,0,1,0,0,False
ENSG00000223522,0,1,0,0,False
ENSG00000223542.1,0,1,0,0,False
ENSG00000223598.1,0,1,0,0,False
ENSG00000223697,0,1,0,0,False
ENSG00000223720.2,0,1,0,0,False
ENSG00000223727,0,1,0,0,False
ENSG00000223779.6,0,1,0,0,False
ENSG00000223786,0,1,0,0,False
ENSG00000223786.1,0,1,0,0,False
ENSG00000223829.6,0,1,0,0,False
ENSG00000223838,0,1,0,0,False
ENSG00000223930,0,1,0,0,False
ENSG00000223944.2,0,1,0,0,False
ENSG00000223989.1,0,1,0,0,False
ENSG00000224016.2,0,1,0,0,False
ENSG00000224228,0,1,0,0,False
ENSG00000224228.2,0,1,0,0,False
ENSG00000224260.6,0,1,0,0,False
ENSG00000224267.1,0,1,0,0,False
ENSG00000224331.2,0,1,0,0,False
ENSG00000224363.2,0,1,0,0,False
ENSG00000224376,0,1,0,0,False
ENSG00000224376.1,0,1,0,0,False
ENSG00000224427.1,0,1,0,0,False
ENSG00000224478.3,0,1,0,0,False
ENSG00000224481.3,0,1,0,0,False
ENSG00000224513.2,0,1,0,0,False
ENSG00000224521.2,0,1,0,0,False
ENSG00000224541.1,0,1,0,0,False
ENSG00000224556.2,0,1,0,0,False
ENSG00000224595.1,0,1,0,0,False
ENSG00000224643.5,0,1,0,0,False
ENSG00000224658.1,0,1,0,0,False
ENSG00000224698.1,0,1,0,0,False
ENSG00000224746,0,1,0,0,False
ENSG00000224746.2,0,1,0,0,False
ENSG00000224814.1,0,1,0,0,False
ENSG00000224905,0,1,0,0,False
ENSG00000224972.1,0,1,0,0,False
ENSG00000225011.4,0,1,0,0,False
ENSG00000225044.1,0,1,0,0,False
ENSG00000225057.2,0,1,0,0,False
ENSG00000225096,0,1,0,0,False
ENSG00000225096.3,0,1,0,0,False
ENSG00000225148.1,0,1,0,0,False
ENSG00000225178.5,0,1,0,0,False
ENSG00000225200.2,0,1,0,0,False
ENSG00000225258,0,1,0,0,False
ENSG00000225311.1,0,1,0,0,False
ENSG00000225313.5,0,1,0,0,False
ENSG00000225339,0,1,0,0,False
ENSG00000225356.3,0,1,0,0,False
ENSG00000225420,0,1,0,0,False
ENSG00000225420.1,0,1,0,0,False
ENSG00000225475,0,1,0,0,False
ENSG00000225489,0,1,0,0,False
ENSG00000225519,0,1,0,0,False
ENSG00000225610.1,0,1,0,0,False
ENSG00000225649,0,1,0,0,False
ENSG00000225689,0,1,0,0,False
ENSG00000225689.2,0,1,0,0,False
ENSG00000225718,0,1,0,0,False
ENSG00000225718.2,0,1,0,0,False
ENSG00000225751.2,0,1,0,0,False
ENSG00000225806,0,1,0,0,False
ENSG00000225807.2,0,1,0,0,False
ENSG00000225811,0,1,0,0,False
ENSG00000225840.2,0,1,0,0,False
ENSG00000225885,0,1,0,0,False
ENSG00000225885.7,0,1,0,0,False
ENSG00000225889,0,1,0,0,False
ENSG00000225932.3,0,1,0,0,False
ENSG00000225952.1,0,1,0,0,False
ENSG00000225963,0,1,0,0,False
ENSG00000225986.1,0,1,0,0,False
ENSG00000226012,0,1,0,0,False
ENSG00000226022.1,0,1,0,0,False
ENSG00000226043,0,1,0,0,False
ENSG00000226149,0,1,0,0,False
ENSG00000226149.6,0,1,0,0,False
ENSG00000226193,0,1,0,0,False
ENSG00000226266,0,1,0,0,False
ENSG00000226380.9,0,1,0,0,False
ENSG00000226403.2,0,1,0,0,False
ENSG00000226439.3,0,1,0,0,False
ENSG00000226454.3,0,1,0,0,False
ENSG00000226455,0,1,0,0,False
ENSG00000226465,0,1,0,0,False
ENSG00000226471,0,1,0,0,False
ENSG00000226471.6,0,1,0,0,False
ENSG00000226542.1,0,1,0,0,False
ENSG00000226571,0,1,0,0,False
ENSG00000226571.2,0,1,0,0,False
ENSG00000226601,0,1,0,0,False
ENSG00000226640,0,1,0,0,False
ENSG00000226640.2,0,1,0,0,False
ENSG00000226699.1,0,1,0,0,False
ENSG00000226816,0,1,0,0,False
ENSG00000226824,0,1,0,0,False
ENSG00000226824.7,0,1,0,0,False
ENSG00000226829.2,0,1,0,0,False
ENSG00000226838.1,0,1,0,0,False
ENSG00000226899,0,1,0,0,False
ENSG00000226900,0,1,0,0,False
ENSG00000226919.4,0,1,0,0,False
ENSG00000226965,0,1,0,0,False
ENSG00000226994,0,1,0,0,False
ENSG00000226994.9,0,1,0,0,False
ENSG00000227077.3,0,1,0,0,False
ENSG00000227088,0,1,0,0,False
ENSG00000227088.2,0,1,0,0,False
ENSG00000227094.1,0,1,0,0,False
ENSG00000227192.1,0,1,0,0,False
ENSG00000227197.1,0,1,0,0,False
ENSG00000227240,0,1,0,0,False
ENSG00000227240.2,0,1,0,0,False
ENSG00000227307,0,1,0,0,False
ENSG00000227307.1,0,1,0,0,False
ENSG00000227355,0,1,0,0,False
ENSG00000227388.3,0,1,0,0,False
ENSG00000227407,0,1,0,0,False
ENSG00000227463,0,1,0,0,False
ENSG00000227482.1,0,1,0,0,False
ENSG00000227486,0,1,0,0,False
ENSG00000227486.2,0,1,0,0,False
ENSG00000227531,0,1,0,0,False
ENSG00000227598,0,1,0,0,False
ENSG00000227598.1,0,1,0,0,False
ENSG00000227615,0,1,0,0,False
ENSG00000227615.1,0,1,0,0,False
ENSG00000227619,0,1,0,0,False
ENSG00000227627,0,1,0,0,False
ENSG00000227627.3,0,1,0,0,False
ENSG00000227632.2,0,1,0,0,False
ENSG00000227678.8,0,1,0,0,False
ENSG00000227681,0,1,0,0,False
ENSG00000227681.5,0,1,0,0,False
ENSG00000227704.1,0,1,0,0,False
ENSG00000227705.1,0,1,0,0,False
ENSG00000227718.1,0,1,0,0,False
ENSG00000227766.1,0,1,0,0,False
ENSG00000227769,0,1,0,0,False
ENSG00000227803,0,1,0,0,False
ENSG00000227885,0,1,0,0,False
ENSG00000227885.3,0,1,0,0,False
ENSG00000227914.3,0,1,0,0,False
ENSG00000227948.4,0,1,0,0,False
ENSG00000227958.1,0,1,0,0,False
ENSG00000228005.1,0,1,0,0,False
ENSG00000228027.1,0,1,0,0,False
ENSG00000228048.1,0,1,0,0,False
ENSG00000228061,0,1,0,0,False
ENSG00000228084,0,1,0,0,False
ENSG00000228086.1,0,1,0,0,False
ENSG00000228113,0,1,0,0,False
ENSG00000228113.7,0,1,0,0,False
ENSG00000228142.2,0,1,0,0,False
ENSG00000228144.2,0,1,0,0,False
ENSG00000228156.1,0,1,0,0,False
ENSG00000228157.4,0,1,0,0,False
ENSG00000228162.1,0,1,0,0,False
ENSG00000228216.1,0,1,0,0,False
ENSG00000228302,0,1,0,0,False
ENSG00000228315.12,0,1,0,0,False
ENSG00000228330.1,0,1,0,0,False
ENSG00000228334.2,0,1,0,0,False
ENSG00000228351,0,1,0,0,False
ENSG00000228384.4,0,1,0,0,False
ENSG00000228395,0,1,0,0,False
ENSG00000228399.1,0,1,0,0,False
ENSG00000228401,0,1,0,0,False
ENSG00000228401.5,0,1,0,0,False
ENSG00000228407.2,0,1,0,0,False
ENSG00000228408,0,1,0,0,False
ENSG00000228427,0,1,0,0,False
ENSG00000228430.9,0,1,0,0,False
ENSG00000228434,0,1,0,0,False
ENSG00000228477.1,0,1,0,0,False
ENSG00000228484,0,1,0,0,False
ENSG00000228509.6,0,1,0,0,False
ENSG00000228566,0,1,0,0,False
ENSG00000228566.2,0,1,0,0,False
ENSG00000228586.1,0,1,0,0,False
ENSG00000228592.2,0,1,0,0,False
ENSG00000228627.2,0,1,0,0,False
ENSG00000228634.1,0,1,0,0,False
ENSG00000228643.1,0,1,0,0,False
ENSG00000228655,0,1,0,0,False
ENSG00000228655.7,0,1,0,0,False
ENSG00000228714.4,0,1,0,0,False
ENSG00000228741.2,0,1,0,0,False
ENSG00000228835,0,1,0,0,False
ENSG00000228863,0,1,0,0,False
ENSG00000228944,0,1,0,0,False
ENSG00000228944.1,0,1,0,0,False
ENSG00000228959.1,0,1,0,0,False
ENSG00000229021.2,0,1,0,0,False
ENSG00000229066,0,1,0,0,False
ENSG00000229066.2,0,1,0,0,False
ENSG00000229116,0,1,0,0,False
ENSG00000229131.1,0,1,0,0,False
ENSG00000229151,0,1,0,0,False
ENSG00000229178,0,1,0,0,False
ENSG00000229209.1,0,1,0,0,False
ENSG00000229212.8,0,1,0,0,False
ENSG00000229257,0,1,0,0,False
ENSG00000229297.1,0,1,0,0,False
ENSG00000229308,0,1,0,0,False
ENSG00000229308.1,0,1,0,0,False
ENSG00000229311.1,0,1,0,0,False
ENSG00000229337.2,0,1,0,0,False
ENSG00000229370.1,0,1,0,0,False
ENSG00000229425,0,1,0,0,False
ENSG00000229447.2,0,1,0,0,False
ENSG00000229491.5,0,1,0,0,False
ENSG00000229618,0,1,0,0,False
ENSG00000229618.3,0,1,0,0,False
ENSG00000229628,0,1,0,0,False
ENSG00000229642,0,1,0,0,False
ENSG00000229664,0,1,0,0,False
ENSG00000229682.1,0,1,0,0,False
ENSG00000229694,0,1,0,0,False
ENSG00000229727.7,0,1,0,0,False
ENSG00000229732.1,0,1,0,0,False
ENSG00000229896,0,1,0,0,False
ENSG00000229939.1,0,1,0,0,False
ENSG00000230021,0,1,0,0,False
ENSG00000230021.10,0,1,0,0,False
ENSG00000230027,0,1,0,0,False
ENSG00000230063.1,0,1,0,0,False
ENSG00000230074.3,0,1,0,0,False
ENSG00000230149.2,0,1,0,0,False
ENSG00000230186,0,1,0,0,False
ENSG00000230258,0,1,0,0,False
ENSG00000230258.6,0,1,0,0,False
ENSG00000230289,0,1,0,0,False
ENSG00000230333,0,1,0,0,False
ENSG00000230333.6,0,1,0,0,False
ENSG00000230379.5,0,1,0,0,False
ENSG00000230437.1,0,1,0,0,False
ENSG00000230490,0,1,0,0,False
ENSG00000230490.3,0,1,0,0,False
ENSG00000230516.1,0,1,0,0,False
ENSG00000230534,0,1,0,0,False
ENSG00000230552,0,1,0,0,False
ENSG00000230552.6,0,1,0,0,False
ENSG00000230597.1,0,1,0,0,False
ENSG00000230615.7,0,1,0,0,False
ENSG00000230623.6,0,1,0,0,False
ENSG00000230626,0,1,0,0,False
ENSG00000230648,0,1,0,0,False
ENSG00000230684.1,0,1,0,0,False
ENSG00000230699,0,1,0,0,False
ENSG00000230709,0,1,0,0,False
ENSG00000230732,0,1,0,0,False
ENSG00000230747,0,1,0,0,False
ENSG00000230773,0,1,0,0,False
ENSG00000230773.9,0,1,0,0,False
ENSG00000230782.1,0,1,0,0,False
ENSG00000230826.1,0,1,0,0,False
ENSG00000230979,0,1,0,0,False
ENSG00000230979.3,0,1,0,0,False
ENSG00000230990.2,0,1,0,0,False
ENSG00000231039.2,0,1,0,0,False
ENSG00000231132,0,1,0,0,False
ENSG00000231188.1,0,1,0,0,False
ENSG00000231236.2,0,1,0,0,False
ENSG00000231252,0,1,0,0,False
ENSG00000231272.1,0,1,0,0,False
ENSG00000231398.1,0,1,0,0,False
ENSG00000231424,0,1,0,0,False
ENSG00000231424.3,0,1,0,0,False
ENSG00000231477.2,0,1,0,0,False
ENSG00000231482,0,1,0,0,False
ENSG00000231482.3,0,1,0,0,False
ENSG00000231505.1,0,1,0,0,False
ENSG00000231575.1,0,1,0,0,False
ENSG00000231606.2,0,1,0,0,False
ENSG00000231633.1,0,1,0,0,False
ENSG00000231703.2,0,1,0,0,False
ENSG00000231704,0,1,0,0,False
ENSG00000231731.7,0,1,0,0,False
ENSG00000231760,0,1,0,0,False
ENSG00000231762.1,0,1,0,0,False
ENSG00000231772,0,1,0,0,False
ENSG00000231772.5,0,1,0,0,False
ENSG00000231856,0,1,0,0,False
ENSG00000231873,0,1,0,0,False
ENSG00000231873.2,0,1,0,0,False
ENSG00000231880,0,1,0,0,False
ENSG00000231892,0,1,0,0,False
ENSG00000231912,0,1,0,0,False
ENSG00000231955.1,0,1,0,0,False
ENSG00000231964.1,0,1,0,0,False
ENSG00000232006.9,0,1,0,0,False
ENSG00000232034.1,0,1,0,0,False
ENSG00000232053.7,0,1,0,0,False
ENSG00000232072,0,1,0,0,False
ENSG00000232120.1,0,1,0,0,False
ENSG00000232124,0,1,0,0,False
ENSG00000232153.3,0,1,0,0,False
ENSG00000232184.1,0,1,0,0,False
ENSG00000232252.1,0,1,0,0,False
ENSG00000232271,0,1,0,0,False
ENSG00000232271.1,0,1,0,0,False
ENSG00000232344.2,0,1,0,0,False
ENSG00000232347,0,1,0,0,False
ENSG00000232377.1,0,1,0,0,False
ENSG00000232411,0,1,0,0,False
ENSG00000232413.1,0,1,0,0,False
ENSG00000232451,0,1,0,0,False
ENSG00000232499.2,0,1,0,0,False
ENSG00000232536,0,1,0,0,False
ENSG00000232555.2,0,1,0,0,False
ENSG00000232611,0,1,0,0,False
ENSG00000232626.3,0,1,0,0,False
ENSG00000232628,0,1,0,0,False
ENSG00000232633.4,0,1,0,0,False
ENSG00000232667.10,0,1,0,0,False
ENSG00000232682.2,0,1,0,0,False
ENSG00000232692.1,0,1,0,0,False
ENSG00000232811,0,1,0,0,False
ENSG00000232835,0,1,0,0,False
ENSG00000232855,0,1,0,0,False
ENSG00000232884,0,1,0,0,False
ENSG00000232895,0,1,0,0,False
ENSG00000232949.2,0,1,0,0,False
ENSG00000232978.2,0,1,0,0,False
ENSG00000232995,0,1,0,0,False
ENSG00000232995.7,0,1,0,0,False
ENSG00000233005,0,1,0,0,False
ENSG00000233005.2,0,1,0,0,False
ENSG00000233064,0,1,0,0,False
ENSG00000233078.1,0,1,0,0,False
ENSG00000233099.1,0,1,0,0,False
ENSG00000233178.7,0,1,0,0,False
ENSG00000233183,0,1,0,0,False
ENSG00000233219,0,1,0,0,False
ENSG00000233268.3,0,1,0,0,False
ENSG00000233290.3,0,1,0,0,False
ENSG00000233340.1,0,1,0,0,False
ENSG00000233406.5,0,1,0,0,False
ENSG00000233461,0,1,0,0,False
ENSG00000233558.1,0,1,0,0,False
ENSG00000233635,0,1,0,0,False
ENSG00000233635.2,0,1,0,0,False
ENSG00000233651.2,0,1,0,0,False
ENSG00000233668,0,1,0,0,False
ENSG00000233668.1,0,1,0,0,False
ENSG00000233776.5,0,1,0,0,False
ENSG00000233778.3,0,1,0,0,False
ENSG00000233783,0,1,0,0,False
ENSG00000233862,0,1,0,0,False
ENSG00000233870.1,0,1,0,0,False
ENSG00000233875.1,0,1,0,0,False
ENSG00000233877.2,0,1,0,0,False
ENSG00000233891.8,0,1,0,0,False
ENSG00000233912,0,1,0,0,False
ENSG00000233912.1,0,1,0,0,False
ENSG00000233928.6,0,1,0,0,False
ENSG00000233937,0,1,0,0,False
ENSG00000233968,0,1,0,0,False
ENSG00000233974.3,0,1,0,0,False
ENSG00000234004,0,1,0,0,False
ENSG00000234004.4,0,1,0,0,False
ENSG00000234026,0,1,0,0,False
ENSG00000234083,0,1,0,0,False
ENSG00000234139,0,1,0,0,False
ENSG00000234147,0,1,0,0,False
ENSG00000234149,0,1,0,0,False
ENSG00000234166,0,1,0,0,False
ENSG00000234173.1,0,1,0,0,False
ENSG00000234210,0,1,0,0,False
ENSG00000234261,0,1,0,0,False
ENSG00000234261.4,0,1,0,0,False
ENSG00000234275.4,0,1,0,0,False
ENSG00000234352,0,1,0,0,False
ENSG00000234352.9,0,1,0,0,False
ENSG00000234353,0,1,0,0,False
ENSG00000234396,0,1,0,0,False
ENSG00000234425,0,1,0,0,False
ENSG00000234428.2,0,1,0,0,False
ENSG00000234464.2,0,1,0,0,False
ENSG00000234504.2,0,1,0,0,False
ENSG00000234513,0,1,0,0,False
ENSG00000234520,0,1,0,0,False
ENSG00000234584,0,1,0,0,False
ENSG00000234648.1,0,1,0,0,False
ENSG00000234710.2,0,1,0,0,False
ENSG00000234712.1,0,1,0,0,False
ENSG00000234810,0,1,0,0,False
ENSG00000234810.4,0,1,0,0,False
ENSG00000234937.1,0,1,0,0,False
ENSG00000235020.5,0,1,0,0,False
ENSG00000235078,0,1,0,0,False
ENSG00000235085.3,0,1,0,0,False
ENSG00000235111,0,1,0,0,False
ENSG00000235111.1,0,1,0,0,False
ENSG00000235140.2,0,1,0,0,False
ENSG00000235146.2,0,1,0,0,False
ENSG00000235192,0,1,0,0,False
ENSG00000235277,0,1,0,0,False
ENSG00000235288.3,0,1,0,0,False
ENSG00000235292.2,0,1,0,0,False
ENSG00000235419,0,1,0,0,False
ENSG00000235426.2,0,1,0,0,False
ENSG00000235427,0,1,0,0,False
ENSG00000235494.2,0,1,0,0,False
ENSG00000235522,0,1,0,0,False
ENSG00000235538.3,0,1,0,0,False
ENSG00000235575,0,1,0,0,False
ENSG00000235582.2,0,1,0,0,False
ENSG00000235584,0,1,0,0,False
ENSG00000235609.7,0,1,0,0,False
ENSG00000235673.1,0,1,0,0,False
ENSG00000235736,0,1,0,0,False
ENSG00000235743.2,0,1,0,0,False
ENSG00000235774,0,1,0,0,False
ENSG00000235779.8,0,1,0,0,False
ENSG00000235795,0,1,0,0,False
ENSG00000235813.1,0,1,0,0,False
ENSG00000235902,0,1,0,0,False
ENSG00000235912.1,0,1,0,0,False
ENSG00000235978,0,1,0,0,False
ENSG00000235979,0,1,0,0,False
ENSG00000235979.9,0,1,0,0,False
ENSG00000235991.4,0,1,0,0,False
ENSG00000236018.2,0,1,0,0,False
ENSG00000236022.6,0,1,0,0,False
ENSG00000236064,0,1,0,0,False
ENSG00000236065.2,0,1,0,0,False
ENSG00000236069,0,1,0,0,False
ENSG00000236119.1,0,1,0,0,False
ENSG00000236230,0,1,0,0,False
ENSG00000236252.2,0,1,0,0,False
ENSG00000236283,0,1,0,0,False
ENSG00000236283.5,0,1,0,0,False
ENSG00000236304,0,1,0,0,False
ENSG00000236304.1,0,1,0,0,False
ENSG00000236341.1,0,1,0,0,False
ENSG00000236356.1,0,1,0,0,False
ENSG00000236358,0,1,0,0,False
ENSG00000236358.1,0,1,0,0,False
ENSG00000236449,0,1,0,0,False
ENSG00000236449.2,0,1,0,0,False
ENSG00000236451.3,0,1,0,0,False
ENSG00000236452.1,0,1,0,0,False
ENSG00000236528,0,1,0,0,False
ENSG00000236627,0,1,0,0,False
ENSG00000236627.1,0,1,0,0,False
ENSG00000236717.2,0,1,0,0,False
ENSG00000236744.2,0,1,0,0,False
ENSG00000236817.5,0,1,0,0,False
ENSG00000236833,0,1,0,0,False
ENSG00000236886.2,0,1,0,0,False
ENSG00000236924,0,1,0,0,False
ENSG00000236936,0,1,0,0,False
ENSG00000236986.6,0,1,0,0,False
ENSG00000237019,0,1,0,0,False
ENSG00000237031,0,1,0,0,False
ENSG00000237031.7,0,1,0,0,False
ENSG00000237070,0,1,0,0,False
ENSG00000237094.12,0,1,0,0,False
ENSG00000237101,0,1,0,0,False
ENSG00000237268.2,0,1,0,0,False
ENSG00000237312.2,0,1,0,0,False
ENSG00000237327.1,0,1,0,0,False
ENSG00000237356,0,1,0,0,False
ENSG00000237356.7,0,1,0,0,False
ENSG00000237359.2,0,1,0,0,False
ENSG00000237400.1,0,1,0,0,False
ENSG00000237413.5,0,1,0,0,False
ENSG00000237419,0,1,0,0,False
ENSG00000237422,0,1,0,0,False
ENSG00000237422.2,0,1,0,0,False
ENSG00000237461,0,1,0,0,False
ENSG00000237464.1,0,1,0,0,False
ENSG00000237473.2,0,1,0,0,False
ENSG00000237493.3,0,1,0,0,False
ENSG00000237513.2,0,1,0,0,False
ENSG00000237525.7,0,1,0,0,False
ENSG00000237529,0,1,0,0,False
ENSG00000237531,0,1,0,0,False
ENSG00000237550,0,1,0,0,False
ENSG00000237550.5,0,1,0,0,False
ENSG00000237612.1,0,1,0,0,False
ENSG00000237614,0,1,0,0,False
ENSG00000237689,0,1,0,0,False
ENSG00000237705.1,0,1,0,0,False
ENSG00000237720.2,0,1,0,0,False
ENSG00000237734.1,0,1,0,0,False
ENSG00000237773.7,0,1,0,0,False
ENSG00000237838.1,0,1,0,0,False
ENSG00000237844,0,1,0,0,False
ENSG00000237844.2,0,1,0,0,False
ENSG00000237851,0,1,0,0,False
ENSG00000237856.1,0,1,0,0,False
ENSG00000237920.2,0,1,0,0,False
ENSG00000237927,0,1,0,0,False
ENSG00000237975,0,1,0,0,False
ENSG00000237987,0,1,0,0,False
ENSG00000238031.1,0,1,0,0,False
ENSG00000238034.1,0,1,0,0,False
ENSG00000238122.1,0,1,0,0,False
ENSG00000238142,0,1,0,0,False
ENSG00000238142.2,0,1,0,0,False
ENSG00000238201,0,1,0,0,False
ENSG00000238246.1,0,1,0,0,False
ENSG00000238272.1,0,1,0,0,False
ENSG00000238279.1,0,1,0,0,False
ENSG00000239246.3,0,1,0,0,False
ENSG00000239311.1,0,1,0,0,False
ENSG00000239323.1,0,1,0,0,False
ENSG00000239344.1,0,1,0,0,False
ENSG00000239462.1,0,1,0,0,False
ENSG00000239572,0,1,0,0,False
ENSG00000239572.3,0,1,0,0,False
ENSG00000239715.1,0,1,0,0,False
ENSG00000239791.2,0,1,0,0,False
ENSG00000239920,0,1,0,0,False
ENSG00000240015.2,0,1,0,0,False
ENSG00000240036.4,0,1,0,0,False
ENSG00000240040.6,0,1,0,0,False
ENSG00000240207.7,0,1,0,0,False
ENSG00000240219,0,1,0,0,False
ENSG00000240224.1,0,1,0,0,False
ENSG00000240240.9,0,1,0,0,False
ENSG00000240291,0,1,0,0,False
ENSG00000240338,0,1,0,0,False
ENSG00000240376.1,0,1,0,0,False
ENSG00000240399.1,0,1,0,0,False
ENSG00000240401,0,1,0,0,False
ENSG00000240497,0,1,0,0,False
ENSG00000240521,0,1,0,0,False
ENSG00000240521.1,0,1,0,0,False
ENSG00000240527.1,0,1,0,0,False
ENSG00000240535,0,1,0,0,False
ENSG00000240535.8,0,1,0,0,False
ENSG00000240652,0,1,0,0,False
ENSG00000240687,0,1,0,0,False
ENSG00000240710,0,1,0,0,False
ENSG00000240731.1,0,1,0,0,False
ENSG00000240801,0,1,0,0,False
ENSG00000240801.1,0,1,0,0,False
ENSG00000241168.1,0,1,0,0,False
ENSG00000241180,0,1,0,0,False
ENSG00000241269,0,1,0,0,False
ENSG00000241280,0,1,0,0,False
ENSG00000241352.3,0,1,0,0,False
ENSG00000241357.1,0,1,0,0,False
ENSG00000241358.1,0,1,0,0,False
ENSG00000241411.1,0,1,0,0,False
ENSG00000241489.8,0,1,0,0,False
ENSG00000241490,0,1,0,0,False
ENSG00000241494,0,1,0,0,False
ENSG00000241520.1,0,1,0,0,False
ENSG00000241525,0,1,0,0,False
ENSG00000241577.1,0,1,0,0,False
ENSG00000241666,0,1,0,0,False
ENSG00000241720.2,0,1,0,0,False
ENSG00000241772.2,0,1,0,0,False
ENSG00000241962,0,1,0,0,False
ENSG00000241962.9,0,1,0,0,False
ENSG00000242029,0,1,0,0,False
ENSG00000242029.1,0,1,0,0,False
ENSG00000242282,0,1,0,0,False
ENSG00000242317.1,0,1,0,0,False
ENSG00000242327.1,0,1,0,0,False
ENSG00000242536,0,1,0,0,False
ENSG00000242588,0,1,0,0,False
ENSG00000242588.6,0,1,0,0,False
ENSG00000242590.1,0,1,0,0,False
ENSG00000242593.7,0,1,0,0,False
ENSG00000242795.2,0,1,0,0,False
ENSG00000242970.2,0,1,0,0,False
ENSG00000243004,0,1,0,0,False
ENSG00000243004.6,0,1,0,0,False
ENSG00000243008,0,1,0,0,False
ENSG00000243081,0,1,0,0,False
ENSG00000243081.2,0,1,0,0,False
ENSG00000243135.6,0,1,0,0,False
ENSG00000243155,0,1,0,0,False
ENSG00000243155.1,0,1,0,0,False
ENSG00000243176,0,1,0,0,False
ENSG00000243176.6,0,1,0,0,False
ENSG00000243276,0,1,0,0,False
ENSG00000243276.6,0,1,0,0,False
ENSG00000243403.1,0,1,0,0,False
ENSG00000243620,0,1,0,0,False
ENSG00000243777.1,0,1,0,0,False
ENSG00000243885,0,1,0,0,False
ENSG00000243944.5,0,1,0,0,False
ENSG00000244055,0,1,0,0,False
ENSG00000244137,0,1,0,0,False
ENSG00000244255.5,0,1,0,0,False
ENSG00000244278.1,0,1,0,0,False
ENSG00000244313,0,1,0,0,False
ENSG00000244313.3,0,1,0,0,False
ENSG00000244337,0,1,0,0,False
ENSG00000244380.1,0,1,0,0,False
ENSG00000244459,0,1,0,0,False
ENSG00000244491.1,0,1,0,0,False
ENSG00000244604.1,0,1,0,0,False
ENSG00000244693.1,0,1,0,0,False
ENSG00000244757.1,0,1,0,0,False
ENSG00000245008,0,1,0,0,False
ENSG00000245768,0,1,0,0,False
ENSG00000245768.7,0,1,0,0,False
ENSG00000245857,0,1,0,0,False
ENSG00000245857.3,0,1,0,0,False
ENSG00000246016.2,0,1,0,0,False
ENSG00000246090.7,0,1,0,0,False
ENSG00000246225,0,1,0,0,False
ENSG00000246308,0,1,0,0,False
ENSG00000246316.8,0,1,0,0,False
ENSG00000246331.2,0,1,0,0,False
ENSG00000246465.1,0,1,0,0,False
ENSG00000246731,0,1,0,0,False
ENSG00000246851,0,1,0,0,False
ENSG00000247033,0,1,0,0,False
ENSG00000247121.7,0,1,0,0,False
ENSG00000247134,0,1,0,0,False
ENSG00000247193,0,1,0,0,False
ENSG00000247228,0,1,0,0,False
ENSG00000247311,0,1,0,0,False
ENSG00000247311.3,0,1,0,0,False
ENSG00000247345.2,0,1,0,0,False
ENSG00000247679,0,1,0,0,False
ENSG00000247765.2,0,1,0,0,False
ENSG00000247903.1,0,1,0,0,False
ENSG00000247925,0,1,0,0,False
ENSG00000247925.2,0,1,0,0,False
ENSG00000247934,0,1,0,0,False
ENSG00000248115.1,0,1,0,0,False
ENSG00000248125,0,1,0,0,False
ENSG00000248138.5,0,1,0,0,False
ENSG00000248161,0,1,0,0,False
ENSG00000248165.1,0,1,0,0,False
ENSG00000248187.1,0,1,0,0,False
ENSG00000248206.2,0,1,0,0,False
ENSG00000248223.1,0,1,0,0,False
ENSG00000248242,0,1,0,0,False
ENSG00000248242.1,0,1,0,0,False
ENSG00000248245.1,0,1,0,0,False
ENSG00000248266.1,0,1,0,0,False
ENSG00000248268.1,0,1,0,0,False
ENSG00000248288.1,0,1,0,0,False
ENSG00000248373,0,1,0,0,False
ENSG00000248373.6,0,1,0,0,False
ENSG00000248375.1,0,1,0,0,False
ENSG00000248434.1,0,1,0,0,False
ENSG00000248443,0,1,0,0,False
ENSG00000248458,0,1,0,0,False
ENSG00000248491.6,0,1,0,0,False
ENSG00000248515,0,1,0,0,False
ENSG00000248515.2,0,1,0,0,False
ENSG00000248537.1,0,1,0,0,False
ENSG00000248545.3,0,1,0,0,False
ENSG00000248551,0,1,0,0,False
ENSG00000248559,0,1,0,0,False
ENSG00000248571,0,1,0,0,False
ENSG00000248571.1,0,1,0,0,False
ENSG00000248636,0,1,0,0,False
ENSG00000248636.7,0,1,0,0,False
ENSG00000248648.1,0,1,0,0,False
ENSG00000248664,0,1,0,0,False
ENSG00000248671.8,0,1,0,0,False
ENSG00000248752.3,0,1,0,0,False
ENSG00000248774,0,1,0,0,False
ENSG00000248794,0,1,0,0,False
ENSG00000248802.1,0,1,0,0,False
ENSG00000248935.1,0,1,0,0,False
ENSG00000248954.1,0,1,0,0,False
ENSG00000248968,0,1,0,0,False
ENSG00000248969.1,0,1,0,0,False
ENSG00000248973,0,1,0,0,False
ENSG00000248984.1,0,1,0,0,False
ENSG00000248991,0,1,0,0,False
ENSG00000249000.1,0,1,0,0,False
ENSG00000249001.5,0,1,0,0,False
ENSG00000249012.2,0,1,0,0,False
ENSG00000249021,0,1,0,0,False
ENSG00000249036,0,1,0,0,False
ENSG00000249094.2,0,1,0,0,False
ENSG00000249141,0,1,0,0,False
ENSG00000249141.1,0,1,0,0,False
ENSG00000249150.2,0,1,0,0,False
ENSG00000249159.6,0,1,0,0,False
ENSG00000249174.1,0,1,0,0,False
ENSG00000249207,0,1,0,0,False
ENSG00000249207.2,0,1,0,0,False
ENSG00000249209,0,1,0,0,False
ENSG00000249209.2,0,1,0,0,False
ENSG00000249228.1,0,1,0,0,False
ENSG00000249236.2,0,1,0,0,False
ENSG00000249237.5,0,1,0,0,False
ENSG00000249240,0,1,0,0,False
ENSG00000249240.2,0,1,0,0,False
ENSG00000249258,0,1,0,0,False
ENSG00000249259.3,0,1,0,0,False
ENSG00000249295,0,1,0,0,False
ENSG00000249319.2,0,1,0,0,False
ENSG00000249334.1,0,1,0,0,False
ENSG00000249341.1,0,1,0,0,False
ENSG00000249359,0,1,0,0,False
ENSG00000249359.3,0,1,0,0,False
ENSG00000249417.1,0,1,0,0,False
ENSG00000249451,0,1,0,0,False
ENSG00000249456,0,1,0,0,False
ENSG00000249476,0,1,0,0,False
ENSG00000249476.2,0,1,0,0,False
ENSG00000249492.2,0,1,0,0,False
ENSG00000249574,0,1,0,0,False
ENSG00000249624.9,0,1,0,0,False
ENSG00000249631,0,1,0,0,False
ENSG00000249635,0,1,0,0,False
ENSG00000249642,0,1,0,0,False
ENSG00000249678,0,1,0,0,False
ENSG00000249679,0,1,0,0,False
ENSG00000249679.2,0,1,0,0,False
ENSG00000249695,0,1,0,0,False
ENSG00000249731.1,0,1,0,0,False
ENSG00000249738,0,1,0,0,False
ENSG00000249738.10,0,1,0,0,False
ENSG00000249773.3,0,1,0,0,False
ENSG00000249776,0,1,0,0,False
ENSG00000249776.5,0,1,0,0,False
ENSG00000249806,0,1,0,0,False
ENSG00000249849,0,1,0,0,False
ENSG00000249856,0,1,0,0,False
ENSG00000249883.1,0,1,0,0,False
ENSG00000249894.1,0,1,0,0,False
ENSG00000249901.1,0,1,0,0,False
ENSG00000249942.1,0,1,0,0,False
ENSG00000249955,0,1,0,0,False
ENSG00000249955.2,0,1,0,0,False
ENSG00000249960.2,0,1,0,0,False
ENSG00000249984.1,0,1,0,0,False
ENSG00000249988,0,1,0,0,False
ENSG00000249988.1,0,1,0,0,False
ENSG00000249998,0,1,0,0,False
ENSG00000250041,0,1,0,0,False
ENSG00000250049,0,1,0,0,False
ENSG00000250049.7,0,1,0,0,False
ENSG00000250064,0,1,0,0,False
ENSG00000250075,0,1,0,0,False
ENSG00000250081,0,1,0,0,False
ENSG00000250092.2,0,1,0,0,False
ENSG00000250101.1,0,1,0,0,False
ENSG00000250122,0,1,0,0,False
ENSG00000250149,0,1,0,0,False
ENSG00000250149.2,0,1,0,0,False
ENSG00000250167.1,0,1,0,0,False
ENSG00000250183.2,0,1,0,0,False
ENSG00000250186.3,0,1,0,0,False
ENSG00000250195,0,1,0,0,False
ENSG00000250195.1,0,1,0,0,False
ENSG00000250243,0,1,0,0,False
ENSG00000250243.3,0,1,0,0,False
ENSG00000250244.5,0,1,0,0,False
ENSG00000250264.1,0,1,0,0,False
ENSG00000250267.2,0,1,0,0,False
ENSG00000250321,0,1,0,0,False
ENSG00000250328,0,1,0,0,False
ENSG00000250328.6,0,1,0,0,False
ENSG00000250349,0,1,0,0,False
ENSG00000250349.3,0,1,0,0,False
ENSG00000250375.2,0,1,0,0,False
ENSG00000250383,0,1,0,0,False
ENSG00000250390,0,1,0,0,False
ENSG00000250424,0,1,0,0,False
ENSG00000250424.4,0,1,0,0,False
ENSG00000250461.1,0,1,0,0,False
ENSG00000250501,0,1,0,0,False
ENSG00000250501.3,0,1,0,0,False
ENSG00000250519,0,1,0,0,False
ENSG00000250523.1,0,1,0,0,False
ENSG00000250551.1,0,1,0,0,False
ENSG00000250568.1,0,1,0,0,False
ENSG00000250602,0,1,0,0,False
ENSG00000250602.6,0,1,0,0,False
ENSG00000250619,0,1,0,0,False
ENSG00000250619.1,0,1,0,0,False
ENSG00000250644.3,0,1,0,0,False
ENSG00000250646,0,1,0,0,False
ENSG00000250654.7,0,1,0,0,False
ENSG00000250665.1,0,1,0,0,False
ENSG00000250697.2,0,1,0,0,False
ENSG00000250723,0,1,0,0,False
ENSG00000250740,0,1,0,0,False
ENSG00000250746.1,0,1,0,0,False
ENSG00000250751.1,0,1,0,0,False
ENSG00000250753.2,0,1,0,0,False
ENSG00000250781,0,1,0,0,False
ENSG00000250781.2,0,1,0,0,False
ENSG00000250790.4,0,1,0,0,False
ENSG00000250820.1,0,1,0,0,False
ENSG00000250842,0,1,0,0,False
ENSG00000250863,0,1,0,0,False
ENSG00000250887.1,0,1,0,0,False
ENSG00000250899,0,1,0,0,False
ENSG00000250934,0,1,0,0,False
ENSG00000250969,0,1,0,0,False
ENSG00000250994,0,1,0,0,False
ENSG00000251031.2,0,1,0,0,False
ENSG00000251034,0,1,0,0,False
ENSG00000251034.2,0,1,0,0,False
ENSG00000251062.1,0,1,0,0,False
ENSG00000251088.1,0,1,0,0,False
ENSG00000251095.7,0,1,0,0,False
ENSG00000251131,0,1,0,0,False
ENSG00000251139,0,1,0,0,False
ENSG00000251139.2,0,1,0,0,False
ENSG00000251143.1,0,1,0,0,False
ENSG00000251171,0,1,0,0,False
ENSG00000251171.1,0,1,0,0,False
ENSG00000251257.2,0,1,0,0,False
ENSG00000251259.1,0,1,0,0,False
ENSG00000251293,0,1,0,0,False
ENSG00000251309,0,1,0,0,False
ENSG00000251314.2,0,1,0,0,False
ENSG00000251325.1,0,1,0,0,False
ENSG00000251339.6,0,1,0,0,False
ENSG00000251357.4,0,1,0,0,False
ENSG00000251379.1,0,1,0,0,False
ENSG00000251391,0,1,0,0,False
ENSG00000251417.2,0,1,0,0,False
ENSG00000251501.1,0,1,0,0,False
ENSG00000251545.2,0,1,0,0,False
ENSG00000251555,0,1,0,0,False
ENSG00000251557.2,0,1,0,0,False
ENSG00000251574,0,1,0,0,False
ENSG00000251574.8,0,1,0,0,False
ENSG00000251598,0,1,0,0,False
ENSG00000251600.8,0,1,0,0,False
ENSG00000251648.2,0,1,0,0,False
ENSG00000251654,0,1,0,0,False
ENSG00000251661,0,1,0,0,False
ENSG00000251661.3,0,1,0,0,False
ENSG00000251668.2,0,1,0,0,False
ENSG00000251675.1,0,1,0,0,False
ENSG00000251680.6,0,1,0,0,False
ENSG00000251867,0,1,0,0,False
ENSG00000253106,0,1,0,0,False
ENSG00000253116.1,0,1,0,0,False
ENSG00000253180.1,0,1,0,0,False
ENSG00000253181,0,1,0,0,False
ENSG00000253183.1,0,1,0,0,False
ENSG00000253194,0,1,0,0,False
ENSG00000253194.2,0,1,0,0,False
ENSG00000253200,0,1,0,0,False
ENSG00000253207.3,0,1,0,0,False
ENSG00000253217.1,0,1,0,0,False
ENSG00000253263,0,1,0,0,False
ENSG00000253284.2,0,1,0,0,False
ENSG00000253286,0,1,0,0,False
ENSG00000253288,0,1,0,0,False
ENSG00000253295,0,1,0,0,False
ENSG00000253300,0,1,0,0,False
ENSG00000253322,0,1,0,0,False
ENSG00000253322.1,0,1,0,0,False
ENSG00000253335.1,0,1,0,0,False
ENSG00000253344,0,1,0,0,False
ENSG00000253347.1,0,1,0,0,False
ENSG00000253354,0,1,0,0,False
ENSG00000253363,0,1,0,0,False
ENSG00000253374,0,1,0,0,False
ENSG00000253377.2,0,1,0,0,False
ENSG00000253389,0,1,0,0,False
ENSG00000253389.2,0,1,0,0,False
ENSG00000253398,0,1,0,0,False
ENSG00000253406.1,0,1,0,0,False
ENSG00000253420.1,0,1,0,0,False
ENSG00000253433,0,1,0,0,False
ENSG00000253445,0,1,0,0,False
ENSG00000253449.1,0,1,0,0,False
ENSG00000253471,0,1,0,0,False
ENSG00000253496,0,1,0,0,False
ENSG00000253496.3,0,1,0,0,False
ENSG00000253500,0,1,0,0,False
ENSG00000253524.1,0,1,0,0,False
ENSG00000253530,0,1,0,0,False
ENSG00000253553,0,1,0,0,False
ENSG00000253553.7,0,1,0,0,False
ENSG00000253557,0,1,0,0,False
ENSG00000253557.6,0,1,0,0,False
ENSG00000253567.1,0,1,0,0,False
ENSG00000253607,0,1,0,0,False
ENSG00000253620.2,0,1,0,0,False
ENSG00000253642.6,0,1,0,0,False
ENSG00000253656,0,1,0,0,False
ENSG00000253675,0,1,0,0,False
ENSG00000253675.1,0,1,0,0,False
ENSG00000253683,0,1,0,0,False
ENSG00000253687.1,0,1,0,0,False
ENSG00000253693,0,1,0,0,False
ENSG00000253693.1,0,1,0,0,False
ENSG00000253706,0,1,0,0,False
ENSG00000253720,0,1,0,0,False
ENSG00000253736,0,1,0,0,False
ENSG00000253736.3,0,1,0,0,False
ENSG00000253762,0,1,0,0,False
ENSG00000253766,0,1,0,0,False
ENSG00000253784,0,1,0,0,False
ENSG00000253784.1,0,1,0,0,False
ENSG00000253798.2,0,1,0,0,False
ENSG00000253853,0,1,0,0,False
ENSG00000253859,0,1,0,0,False
ENSG00000253875,0,1,0,0,False
ENSG00000253903.2,0,1,0,0,False
ENSG00000253917.4,0,1,0,0,False
ENSG00000253939,0,1,0,0,False
ENSG00000253961,0,1,0,0,False
ENSG00000253968.2,0,1,0,0,False
ENSG00000253980,0,1,0,0,False
ENSG00000253986,0,1,0,0,False
ENSG00000254024.1,0,1,0,0,False
ENSG00000254044.5,0,1,0,0,False
ENSG00000254067.2,0,1,0,0,False
ENSG00000254092,0,1,0,0,False
ENSG00000254115,0,1,0,0,False
ENSG00000254138.1,0,1,0,0,False
ENSG00000254141.1,0,1,0,0,False
ENSG00000254163.1,0,1,0,0,False
ENSG00000254177.1,0,1,0,0,False
ENSG00000254180,0,1,0,0,False
ENSG00000254186,0,1,0,0,False
ENSG00000254186.3,0,1,0,0,False
ENSG00000254192.1,0,1,0,0,False
ENSG00000254193.1,0,1,0,0,False
ENSG00000254202,0,1,0,0,False
ENSG00000254202.2,0,1,0,0,False
ENSG00000254263.1,0,1,0,0,False
ENSG00000254303.1,0,1,0,0,False
ENSG00000254343.2,0,1,0,0,False
ENSG00000254350,0,1,0,0,False
ENSG00000254366,0,1,0,0,False
ENSG00000254366.7,0,1,0,0,False
ENSG00000254367.5,0,1,0,0,False
ENSG00000254373,0,1,0,0,False
ENSG00000254373.1,0,1,0,0,False
ENSG00000254380.2,0,1,0,0,False
ENSG00000254394.2,0,1,0,0,False
ENSG00000254404,0,1,0,0,False
ENSG00000254404.1,0,1,0,0,False
ENSG00000254409.3,0,1,0,0,False
ENSG00000254420,0,1,0,0,False
ENSG00000254420.1,0,1,0,0,False
ENSG00000254459.1,0,1,0,0,False
ENSG00000254485,0,1,0,0,False
ENSG00000254501.1,0,1,0,0,False
ENSG00000254531,0,1,0,0,False
ENSG00000254538,0,1,0,0,False
ENSG00000254538.1,0,1,0,0,False
ENSG00000254553.1,0,1,0,0,False
ENSG00000254568.1,0,1,0,0,False
ENSG00000254577,0,1,0,0,False
ENSG00000254577.1,0,1,0,0,False
ENSG00000254604,0,1,0,0,False
ENSG00000254615.3,0,1,0,0,False
ENSG00000254631.5,0,1,0,0,False
ENSG00000254662.1,0,1,0,0,False
ENSG00000254673.1,0,1,0,0,False
ENSG00000254695,0,1,0,0,False
ENSG00000254695.2,0,1,0,0,False
ENSG00000254698.1,0,1,0,0,False
ENSG00000254710.2,0,1,0,0,False
ENSG00000254732.2,0,1,0,0,False
ENSG00000254733,0,1,0,0,False
ENSG00000254734.1,0,1,0,0,False
ENSG00000254741.1,0,1,0,0,False
ENSG00000254744,0,1,0,0,False
ENSG00000254777,0,1,0,0,False
ENSG00000254777.5,0,1,0,0,False
ENSG00000254787.1,0,1,0,0,False
ENSG00000254844.4,0,1,0,0,False
ENSG00000254859.1,0,1,0,0,False
ENSG00000254861.2,0,1,0,0,False
ENSG00000254865.1,0,1,0,0,False
ENSG00000254873,0,1,0,0,False
ENSG00000254906,0,1,0,0,False
ENSG00000254907.1,0,1,0,0,False
ENSG00000254927,0,1,0,0,False
ENSG00000254936.4,0,1,0,0,False
ENSG00000254979.5,0,1,0,0,False
ENSG00000254988,0,1,0,0,False
ENSG00000255021,0,1,0,0,False
ENSG00000255026,0,1,0,0,False
ENSG00000255026.1,0,1,0,0,False
ENSG00000255027,0,1,0,0,False
ENSG00000255031,0,1,0,0,False
ENSG00000255031.5,0,1,0,0,False
ENSG00000255045,0,1,0,0,False
ENSG00000255045.1,0,1,0,0,False
ENSG00000255046,0,1,0,0,False
ENSG00000255084.1,0,1,0,0,False
ENSG00000255085.8,0,1,0,0,False
ENSG00000255139.2,0,1,0,0,False
ENSG00000255146.1,0,1,0,0,False
ENSG00000255176.1,0,1,0,0,False
ENSG00000255182.2,0,1,0,0,False
ENSG00000255191.1,0,1,0,0,False
ENSG00000255201.1,0,1,0,0,False
ENSG00000255206.1,0,1,0,0,False
ENSG00000255224,0,1,0,0,False
ENSG00000255229.1,0,1,0,0,False
ENSG00000255237.1,0,1,0,0,False
ENSG00000255240,0,1,0,0,False
ENSG00000255240.6,0,1,0,0,False
ENSG00000255292.9,0,1,0,0,False
ENSG00000255320,0,1,0,0,False
ENSG00000255340.1,0,1,0,0,False
ENSG00000255366,0,1,0,0,False
ENSG00000255367.3,0,1,0,0,False
ENSG00000255395.1,0,1,0,0,False
ENSG00000255404.1,0,1,0,0,False
ENSG00000255422,0,1,0,0,False
ENSG00000255422.3,0,1,0,0,False
ENSG00000255429.1,0,1,0,0,False
ENSG00000255446,0,1,0,0,False
ENSG00000255446.1,0,1,0,0,False
ENSG00000255462.1,0,1,0,0,False
ENSG00000255467.1,0,1,0,0,False
ENSG00000255476,0,1,0,0,False
ENSG00000255476.1,0,1,0,0,False
ENSG00000255487,0,1,0,0,False
ENSG00000255500.2,0,1,0,0,False
ENSG00000255508,0,1,0,0,False
ENSG00000255508.7,0,1,0,0,False
ENSG00000255515.1,0,1,0,0,False
ENSG00000255537,0,1,0,0,False
ENSG00000255555.1,0,1,0,0,False
ENSG00000255575.1,0,1,0,0,False
ENSG00000255621,0,1,0,0,False
ENSG00000255644.1,0,1,0,0,False
ENSG00000255689,0,1,0,0,False
ENSG00000255692,0,1,0,0,False
ENSG00000255745,0,1,0,0,False
ENSG00000255746.1,0,1,0,0,False
ENSG00000255801,0,1,0,0,False
ENSG00000255801.1,0,1,0,0,False
ENSG00000255839,0,1,0,0,False
ENSG00000255845.1,0,1,0,0,False
ENSG00000255856,0,1,0,0,False
ENSG00000255872,0,1,0,0,False
ENSG00000255872.3,0,1,0,0,False
ENSG00000255886,0,1,0,0,False
ENSG00000255910,0,1,0,0,False
ENSG00000255968.1,0,1,0,0,False
ENSG00000255983,0,1,0,0,False
ENSG00000256013,0,1,0,0,False
ENSG00000256013.1,0,1,0,0,False
ENSG00000256028.2,0,1,0,0,False
ENSG00000256100,0,1,0,0,False
ENSG00000256150.2,0,1,0,0,False
ENSG00000256196.2,0,1,0,0,False
ENSG00000256206.2,0,1,0,0,False
ENSG00000256237,0,1,0,0,False
ENSG00000256249.1,0,1,0,0,False
ENSG00000256278.1,0,1,0,0,False
ENSG00000256343,0,1,0,0,False
ENSG00000256357.1,0,1,0,0,False
ENSG00000256399.1,0,1,0,0,False
ENSG00000256417,0,1,0,0,False
ENSG00000256427.2,0,1,0,0,False
ENSG00000256433,0,1,0,0,False
ENSG00000256448,0,1,0,0,False
ENSG00000256448.5,0,1,0,0,False
ENSG00000256469,0,1,0,0,False
ENSG00000256500.6,0,1,0,0,False
ENSG00000256591.5,0,1,0,0,False
ENSG00000256625.1,0,1,0,0,False
ENSG00000256646.7,0,1,0,0,False
ENSG00000256694,0,1,0,0,False
ENSG00000256705,0,1,0,0,False
ENSG00000256712.1,0,1,0,0,False
ENSG00000256861.1,0,1,0,0,False
ENSG00000256947,0,1,0,0,False
ENSG00000256947.1,0,1,0,0,False
ENSG00000256966,0,1,0,0,False
ENSG00000256966.6,0,1,0,0,False
ENSG00000256967.1,0,1,0,0,False
ENSG00000257004,0,1,0,0,False
ENSG00000257022,0,1,0,0,False
ENSG00000257022.1,0,1,0,0,False
ENSG00000257058,0,1,0,0,False
ENSG00000257060,0,1,0,0,False
ENSG00000257083.7,0,1,0,0,False
ENSG00000257095,0,1,0,0,False
ENSG00000257128.1,0,1,0,0,False
ENSG00000257165.5,0,1,0,0,False
ENSG00000257180.1,0,1,0,0,False
ENSG00000257181,0,1,0,0,False
ENSG00000257207.5,0,1,0,0,False
ENSG00000257221,0,1,0,0,False
ENSG00000257225.1,0,1,0,0,False
ENSG00000257228,0,1,0,0,False
ENSG00000257228.5,0,1,0,0,False
ENSG00000257239,0,1,0,0,False
ENSG00000257253,0,1,0,0,False
ENSG00000257275,0,1,0,0,False
ENSG00000257277,0,1,0,0,False
ENSG00000257277.2,0,1,0,0,False
ENSG00000257283,0,1,0,0,False
ENSG00000257322,0,1,0,0,False
ENSG00000257322.6,0,1,0,0,False
ENSG00000257341.5,0,1,0,0,False
ENSG00000257378.1,0,1,0,0,False
ENSG00000257386.1,0,1,0,0,False
ENSG00000257431,0,1,0,0,False
ENSG00000257454.1,0,1,0,0,False
ENSG00000257458.1,0,1,0,0,False
ENSG00000257474.5,0,1,0,0,False
ENSG00000257475,0,1,0,0,False
ENSG00000257489.6,0,1,0,0,False
ENSG00000257500.1,0,1,0,0,False
ENSG00000257520,0,1,0,0,False
ENSG00000257520.1,0,1,0,0,False
ENSG00000257522.7,0,1,0,0,False
ENSG00000257524.6,0,1,0,0,False
ENSG00000257545,0,1,0,0,False
ENSG00000257550,0,1,0,0,False
ENSG00000257622.1,0,1,0,0,False
ENSG00000257663,0,1,0,0,False
ENSG00000257681,0,1,0,0,False
ENSG00000257703.6,0,1,0,0,False
ENSG00000257732.1,0,1,0,0,False
ENSG00000257737,0,1,0,0,False
ENSG00000257759.2,0,1,0,0,False
ENSG00000257764,0,1,0,0,False
ENSG00000257764.2,0,1,0,0,False
ENSG00000257769.1,0,1,0,0,False
ENSG00000257869,0,1,0,0,False
ENSG00000257894,0,1,0,0,False
ENSG00000257894.2,0,1,0,0,False
ENSG00000257921,0,1,0,0,False
ENSG00000257925,0,1,0,0,False
ENSG00000257947.1,0,1,0,0,False
ENSG00000257951.2,0,1,0,0,False
ENSG00000258028.3,0,1,0,0,False
ENSG00000258077,0,1,0,0,False
ENSG00000258077.2,0,1,0,0,False
ENSG00000258081.4,0,1,0,0,False
ENSG00000258090.1,0,1,0,0,False
ENSG00000258092.1,0,1,0,0,False
ENSG00000258107.3,0,1,0,0,False
ENSG00000258119,0,1,0,0,False
ENSG00000258121,0,1,0,0,False
ENSG00000258130.8,0,1,0,0,False
ENSG00000258150,0,1,0,0,False
ENSG00000258150.6,0,1,0,0,False
ENSG00000258154.2,0,1,0,0,False
ENSG00000258168,0,1,0,0,False
ENSG00000258168.6,0,1,0,0,False
ENSG00000258170,0,1,0,0,False
ENSG00000258181,0,1,0,0,False
ENSG00000258185.2,0,1,0,0,False
ENSG00000258199.1,0,1,0,0,False
ENSG00000258203.5,0,1,0,0,False
ENSG00000258210.1,0,1,0,0,False
ENSG00000258215.1,0,1,0,0,False
ENSG00000258216,0,1,0,0,False
ENSG00000258231,0,1,0,0,False
ENSG00000258231.5,0,1,0,0,False
ENSG00000258232.2,0,1,0,0,False
ENSG00000258234,0,1,0,0,False
ENSG00000258272,0,1,0,0,False
ENSG00000258272.1,0,1,0,0,False
ENSG00000258302.2,0,1,0,0,False
ENSG00000258308,0,1,0,0,False
ENSG00000258311.5,0,1,0,0,False
ENSG00000258312.1,0,1,0,0,False
ENSG00000258314.3,0,1,0,0,False
ENSG00000258337,0,1,0,0,False
ENSG00000258344.1,0,1,0,0,False
ENSG00000258380.1,0,1,0,0,False
ENSG00000258410,0,1,0,0,False
ENSG00000258410.1,0,1,0,0,False
ENSG00000258416.1,0,1,0,0,False
ENSG00000258425.1,0,1,0,0,False
ENSG00000258448,0,1,0,0,False
ENSG00000258449,0,1,0,0,False
ENSG00000258472,0,1,0,0,False
ENSG00000258472.9,0,1,0,0,False
ENSG00000258504.2,0,1,0,0,False
ENSG00000258526.7,0,1,0,0,False
ENSG00000258529.5,0,1,0,0,False
ENSG00000258539,0,1,0,0,False
ENSG00000258539.1,0,1,0,0,False
ENSG00000258551,0,1,0,0,False
ENSG00000258551.6,0,1,0,0,False
ENSG00000258637,0,1,0,0,False
ENSG00000258637.1,0,1,0,0,False
ENSG00000258646,0,1,0,0,False
ENSG00000258657,0,1,0,0,False
ENSG00000258657.5,0,1,0,0,False
ENSG00000258663.1,0,1,0,0,False
ENSG00000258666,0,1,0,0,False
ENSG00000258674.5,0,1,0,0,False
ENSG00000258728.1,0,1,0,0,False
ENSG00000258740,0,1,0,0,False
ENSG00000258744.2,0,1,0,0,False
ENSG00000258752,0,1,0,0,False
ENSG00000258757,0,1,0,0,False
ENSG00000258760,0,1,0,0,False
ENSG00000258760.1,0,1,0,0,False
ENSG00000258768.2,0,1,0,0,False
ENSG00000258776,0,1,0,0,False
ENSG00000258790,0,1,0,0,False
ENSG00000258790.1,0,1,0,0,False
ENSG00000258792.4,0,1,0,0,False
ENSG00000258807,0,1,0,0,False
ENSG00000258820,0,1,0,0,False
ENSG00000258824,0,1,0,0,False
ENSG00000258830,0,1,0,0,False
ENSG00000258831,0,1,0,0,False
ENSG00000258850.1,0,1,0,0,False
ENSG00000258871,0,1,0,0,False
ENSG00000258875,0,1,0,0,False
ENSG00000258881.6,0,1,0,0,False
ENSG00000258892.1,0,1,0,0,False
ENSG00000258908.1,0,1,0,0,False
ENSG00000258924.4,0,1,0,0,False
ENSG00000258944,0,1,0,0,False
ENSG00000258964.1,0,1,0,0,False
ENSG00000258989,0,1,0,0,False
ENSG00000259001,0,1,0,0,False
ENSG00000259002.2,0,1,0,0,False
ENSG00000259003,0,1,0,0,False
ENSG00000259006.1,0,1,0,0,False
ENSG00000259017,0,1,0,0,False
ENSG00000259035,0,1,0,0,False
ENSG00000259035.2,0,1,0,0,False
ENSG00000259066.5,0,1,0,0,False
ENSG00000259076.1,0,1,0,0,False
ENSG00000259088,0,1,0,0,False
ENSG00000259098.1,0,1,0,0,False
ENSG00000259113,0,1,0,0,False
ENSG00000259113.1,0,1,0,0,False
ENSG00000259118,0,1,0,0,False
ENSG00000259118.5,0,1,0,0,False
ENSG00000259124.1,0,1,0,0,False
ENSG00000259135.1,0,1,0,0,False
ENSG00000259138.1,0,1,0,0,False
ENSG00000259166.1,0,1,0,0,False
ENSG00000259187.1,0,1,0,0,False
ENSG00000259200,0,1,0,0,False
ENSG00000259219.1,0,1,0,0,False
ENSG00000259250.1,0,1,0,0,False
ENSG00000259255,0,1,0,0,False
ENSG00000259255.1,0,1,0,0,False
ENSG00000259274.1,0,1,0,0,False
ENSG00000259287,0,1,0,0,False
ENSG00000259287.2,0,1,0,0,False
ENSG00000259294,0,1,0,0,False
ENSG00000259294.1,0,1,0,0,False
ENSG00000259316.12,0,1,0,0,False
ENSG00000259322.1,0,1,0,0,False
ENSG00000259327.1,0,1,0,0,False
ENSG00000259342,0,1,0,0,False
ENSG00000259345,0,1,0,0,False
ENSG00000259345.7,0,1,0,0,False
ENSG00000259363,0,1,0,0,False
ENSG00000259366.1,0,1,0,0,False
ENSG00000259370.2,0,1,0,0,False
ENSG00000259375,0,1,0,0,False
ENSG00000259377.1,0,1,0,0,False
ENSG00000259383,0,1,0,0,False
ENSG00000259407,0,1,0,0,False
ENSG00000259422.1,0,1,0,0,False
ENSG00000259458.1,0,1,0,0,False
ENSG00000259463,0,1,0,0,False
ENSG00000259463.1,0,1,0,0,False
ENSG00000259483.1,0,1,0,0,False
ENSG00000259536,0,1,0,0,False
ENSG00000259536.5,0,1,0,0,False
ENSG00000259541,0,1,0,0,False
ENSG00000259542,0,1,0,0,False
ENSG00000259556.2,0,1,0,0,False
ENSG00000259560,0,1,0,0,False
ENSG00000259560.2,0,1,0,0,False
ENSG00000259564.2,0,1,0,0,False
ENSG00000259575.1,0,1,0,0,False
ENSG00000259579,0,1,0,0,False
ENSG00000259579.1,0,1,0,0,False
ENSG00000259587.3,0,1,0,0,False
ENSG00000259589.2,0,1,0,0,False
ENSG00000259594,0,1,0,0,False
ENSG00000259598,0,1,0,0,False
ENSG00000259605,0,1,0,0,False
ENSG00000259627.1,0,1,0,0,False
ENSG00000259628.1,0,1,0,0,False
ENSG00000259639.6,0,1,0,0,False
ENSG00000259668.6,0,1,0,0,False
ENSG00000259672,0,1,0,0,False
ENSG00000259675,0,1,0,0,False
ENSG00000259678.1,0,1,0,0,False
ENSG00000259702,0,1,0,0,False
ENSG00000259704,0,1,0,0,False
ENSG00000259704.2,0,1,0,0,False
ENSG00000259709,0,1,0,0,False
ENSG00000259709.1,0,1,0,0,False
ENSG00000259712.1,0,1,0,0,False
ENSG00000259713.1,0,1,0,0,False
ENSG00000259723.1,0,1,0,0,False
ENSG00000259735.1,0,1,0,0,False
ENSG00000259742.1,0,1,0,0,False
ENSG00000259753,0,1,0,0,False
ENSG00000259753.1,0,1,0,0,False
ENSG00000259754,0,1,0,0,False
ENSG00000259754.2,0,1,0,0,False
ENSG00000259755,0,1,0,0,False
ENSG00000259755.1,0,1,0,0,False
ENSG00000259760.1,0,1,0,0,False
ENSG00000259805.1,0,1,0,0,False
ENSG00000259821,0,1,0,0,False
ENSG00000259827.1,0,1,0,0,False
ENSG00000259828,0,1,0,0,False
ENSG00000259828.1,0,1,0,0,False
ENSG00000259833.5,0,1,0,0,False
ENSG00000259840.1,0,1,0,0,False
ENSG00000259865,0,1,0,0,False
ENSG00000259865.1,0,1,0,0,False
ENSG00000259868,0,1,0,0,False
ENSG00000259868.3,0,1,0,0,False
ENSG00000259869,0,1,0,0,False
ENSG00000259915,0,1,0,0,False
ENSG00000259925,0,1,0,0,False
ENSG00000259925.1,0,1,0,0,False
ENSG00000259929,0,1,0,0,False
ENSG00000259940.2,0,1,0,0,False
ENSG00000259948.2,0,1,0,0,False
ENSG00000259972.3,0,1,0,0,False
ENSG00000259976.3,0,1,0,0,False
ENSG00000259985,0,1,0,0,False
ENSG00000259986,0,1,0,0,False
ENSG00000259995.1,0,1,0,0,False
ENSG00000259999.1,0,1,0,0,False
ENSG00000260030.1,0,1,0,0,False
ENSG00000260077,0,1,0,0,False
ENSG00000260077.1,0,1,0,0,False
ENSG00000260084.1,0,1,0,0,False
ENSG00000260103.2,0,1,0,0,False
ENSG00000260126.2,0,1,0,0,False
ENSG00000260136,0,1,0,0,False
ENSG00000260166.2,0,1,0,0,False
ENSG00000260170,0,1,0,0,False
ENSG00000260177.1,0,1,0,0,False
ENSG00000260183.1,0,1,0,0,False
ENSG00000260185.1,0,1,0,0,False
ENSG00000260196,0,1,0,0,False
ENSG00000260206.1,0,1,0,0,False
ENSG00000260235,0,1,0,0,False
ENSG00000260244,0,1,0,0,False
ENSG00000260249,0,1,0,0,False
ENSG00000260252,0,1,0,0,False
ENSG00000260272.1,0,1,0,0,False
ENSG00000260274,0,1,0,0,False
ENSG00000260289,0,1,0,0,False
ENSG00000260289.2,0,1,0,0,False
ENSG00000260304.1,0,1,0,0,False
ENSG00000260331,0,1,0,0,False
ENSG00000260342.2,0,1,0,0,False
ENSG00000260349,0,1,0,0,False
ENSG00000260351.1,0,1,0,0,False
ENSG00000260378,0,1,0,0,False
ENSG00000260381.2,0,1,0,0,False
ENSG00000260409.1,0,1,0,0,False
ENSG00000260430.2,0,1,0,0,False
ENSG00000260457,0,1,0,0,False
ENSG00000260464.1,0,1,0,0,False
ENSG00000260465,0,1,0,0,False
ENSG00000260507,0,1,0,0,False
ENSG00000260517,0,1,0,0,False
ENSG00000260563,0,1,0,0,False
ENSG00000260570.1,0,1,0,0,False
ENSG00000260586.2,0,1,0,0,False
ENSG00000260592,0,1,0,0,False
ENSG00000260608.1,0,1,0,0,False
ENSG00000260619.1,0,1,0,0,False
ENSG00000260626,0,1,0,0,False
ENSG00000260635,0,1,0,0,False
ENSG00000260658,0,1,0,0,False
ENSG00000260658.6,0,1,0,0,False
ENSG00000260664.2,0,1,0,0,False
ENSG00000260669.2,0,1,0,0,False
ENSG00000260711,0,1,0,0,False
ENSG00000260719,0,1,0,0,False
ENSG00000260729,0,1,0,0,False
ENSG00000260729.1,0,1,0,0,False
ENSG00000260733.1,0,1,0,0,False
ENSG00000260741.1,0,1,0,0,False
ENSG00000260743,0,1,0,0,False
ENSG00000260772.1,0,1,0,0,False
ENSG00000260798.1,0,1,0,0,False
ENSG00000260808,0,1,0,0,False
ENSG00000260836,0,1,0,0,False
ENSG00000260836.2,0,1,0,0,False
ENSG00000260851.6,0,1,0,0,False
ENSG00000260862.1,0,1,0,0,False
ENSG00000260912.1,0,1,0,0,False
ENSG00000260914.3,0,1,0,0,False
ENSG00000260927,0,1,0,0,False
ENSG00000260937.6,0,1,0,0,False
ENSG00000260971.4,0,1,0,0,False
ENSG00000260997,0,1,0,0,False
ENSG00000261049.2,0,1,0,0,False
ENSG00000261061.1,0,1,0,0,False
ENSG00000261067.7,0,1,0,0,False
ENSG00000261069.3,0,1,0,0,False
ENSG00000261070,0,1,0,0,False
ENSG00000261071,0,1,0,0,False
ENSG00000261094.2,0,1,0,0,False
ENSG00000261098,0,1,0,0,False
ENSG00000261103.3,0,1,0,0,False
ENSG00000261114,0,1,0,0,False
ENSG00000261127.2,0,1,0,0,False
ENSG00000261130.5,0,1,0,0,False
ENSG00000261136,0,1,0,0,False
ENSG00000261147.1,0,1,0,0,False
ENSG00000261161.1,0,1,0,0,False
ENSG00000261187.1,0,1,0,0,False
ENSG00000261211,0,1,0,0,False
ENSG00000261215.1,0,1,0,0,False
ENSG00000261216,0,1,0,0,False
ENSG00000261216.1,0,1,0,0,False
ENSG00000261218,0,1,0,0,False
ENSG00000261218.5,0,1,0,0,False
ENSG00000261222,0,1,0,0,False
ENSG00000261248,0,1,0,0,False
ENSG00000261253,0,1,0,0,False
ENSG00000261259.1,0,1,0,0,False
ENSG00000261265.1,0,1,0,0,False
ENSG00000261269.1,0,1,0,0,False
ENSG00000261273,0,1,0,0,False
ENSG00000261285.7,0,1,0,0,False
ENSG00000261305.2,0,1,0,0,False
ENSG00000261312,0,1,0,0,False
ENSG00000261324,0,1,0,0,False
ENSG00000261335.1,0,1,0,0,False
ENSG00000261342,0,1,0,0,False
ENSG00000261346.1,0,1,0,0,False
ENSG00000261364.1,0,1,0,0,False
ENSG00000261368,0,1,0,0,False
ENSG00000261386,0,1,0,0,False
ENSG00000261434.1,0,1,0,0,False
ENSG00000261436,0,1,0,0,False
ENSG00000261442.1,0,1,0,0,False
ENSG00000261447,0,1,0,0,False
ENSG00000261448,0,1,0,0,False
ENSG00000261460.1,0,1,0,0,False
ENSG00000261474,0,1,0,0,False
ENSG00000261487.1,0,1,0,0,False
ENSG00000261499.2,0,1,0,0,False
ENSG00000261505,0,1,0,0,False
ENSG00000261507.1,0,1,0,0,False
ENSG00000261526,0,1,0,0,False
ENSG00000261535.1,0,1,0,0,False
ENSG00000261552.1,0,1,0,0,False
ENSG00000261553.5,0,1,0,0,False
ENSG00000261560,0,1,0,0,False
ENSG00000261572.1,0,1,0,0,False
ENSG00000261573,0,1,0,0,False
ENSG00000261573.1,0,1,0,0,False
ENSG00000261578.1,0,1,0,0,False
ENSG00000261582.1,0,1,0,0,False
ENSG00000261584,0,1,0,0,False
ENSG00000261586,0,1,0,0,False
ENSG00000261604,0,1,0,0,False
ENSG00000261604.1,0,1,0,0,False
ENSG00000261630.1,0,1,0,0,False
ENSG00000261632.1,0,1,0,0,False
ENSG00000261654,0,1,0,0,False
ENSG00000261668.1,0,1,0,0,False
ENSG00000261669,0,1,0,0,False
ENSG00000261669.1,0,1,0,0,False
ENSG00000261693.1,0,1,0,0,False
ENSG00000261736.1,0,1,0,0,False
ENSG00000261757.1,0,1,0,0,False
ENSG00000261766,0,1,0,0,False
ENSG00000261779.1,0,1,0,0,False
ENSG00000261789.1,0,1,0,0,False
ENSG00000261790.2,0,1,0,0,False
ENSG00000261793.1,0,1,0,0,False
ENSG00000261795.1,0,1,0,0,False
ENSG00000261799,0,1,0,0,False
ENSG00000261821,0,1,0,0,False
ENSG00000261832,0,1,0,0,False
ENSG00000261840,0,1,0,0,False
ENSG00000261889,0,1,0,0,False
ENSG00000261915.6,0,1,0,0,False
ENSG00000261997.1,0,1,0,0,False
ENSG00000262049,0,1,0,0,False
ENSG00000262049.1,0,1,0,0,False
ENSG00000262052,0,1,0,0,False
ENSG00000262079,0,1,0,0,False
ENSG00000262116,0,1,0,0,False
ENSG00000262133,0,1,0,0,False
ENSG00000262151,0,1,0,0,False
ENSG00000262160,0,1,0,0,False
ENSG00000262198.1,0,1,0,0,False
ENSG00000262202,0,1,0,0,False
ENSG00000262211,0,1,0,0,False
ENSG00000262211.1,0,1,0,0,False
ENSG00000262265,0,1,0,0,False
ENSG00000262265.2,0,1,0,0,False
ENSG00000262302.1,0,1,0,0,False
ENSG00000262482,0,1,0,0,False
ENSG00000262514.1,0,1,0,0,False
ENSG00000262526.2,0,1,0,0,False
ENSG00000262533.1,0,1,0,0,False
ENSG00000262560.1,0,1,0,0,False
ENSG00000262633,0,1,0,0,False
ENSG00000262668.2,0,1,0,0,False
ENSG00000262721.1,0,1,0,0,False
ENSG00000262730.1,0,1,0,0,False
ENSG00000262769.1,0,1,0,0,False
ENSG00000262801,0,1,0,0,False
ENSG00000262810.1,0,1,0,0,False
ENSG00000262879,0,1,0,0,False
ENSG00000262879.6,0,1,0,0,False
ENSG00000262898,0,1,0,0,False
ENSG00000262967,0,1,0,0,False
ENSG00000262999,0,1,0,0,False
ENSG00000263017.1,0,1,0,0,False
ENSG00000263045.1,0,1,0,0,False
ENSG00000263089,0,1,0,0,False
ENSG00000263126.1,0,1,0,0,False
ENSG00000263244,0,1,0,0,False
ENSG00000263264.2,0,1,0,0,False
ENSG00000263272,0,1,0,0,False
ENSG00000263272.1,0,1,0,0,False
ENSG00000263316.1,0,1,0,0,False
ENSG00000263331.1,0,1,0,0,False
ENSG00000263443,0,1,0,0,False
ENSG00000263464.2,0,1,0,0,False
ENSG00000263489.1,0,1,0,0,False
ENSG00000263508,0,1,0,0,False
ENSG00000263551.6,0,1,0,0,False
ENSG00000263574.2,0,1,0,0,False
ENSG00000263588,0,1,0,0,False
ENSG00000263624.1,0,1,0,0,False
ENSG00000263635.1,0,1,0,0,False
ENSG00000263644.1,0,1,0,0,False
ENSG00000263657.1,0,1,0,0,False
ENSG00000263683.1,0,1,0,0,False
ENSG00000263729.1,0,1,0,0,False
ENSG00000263745,0,1,0,0,False
ENSG00000263745.7,0,1,0,0,False
ENSG00000263756,0,1,0,0,False
ENSG00000263756.1,0,1,0,0,False
ENSG00000263765.5,0,1,0,0,False
ENSG00000263809.1,0,1,0,0,False
ENSG00000263826,0,1,0,0,False
ENSG00000263847.1,0,1,0,0,False
ENSG00000263917.1,0,1,0,0,False
ENSG00000263986.1,0,1,0,0,False
ENSG00000264000,0,1,0,0,False
ENSG00000264016.3,0,1,0,0,False
ENSG00000264019,0,1,0,0,False
ENSG00000264063,0,1,0,0,False
ENSG00000264112.1,0,1,0,0,False
ENSG00000264243.1,0,1,0,0,False
ENSG00000264281,0,1,0,0,False
ENSG00000264281.3,0,1,0,0,False
ENSG00000264365.1,0,1,0,0,False
ENSG00000264421.1,0,1,0,0,False
ENSG00000264513.1,0,1,0,0,False
ENSG00000264545.2,0,1,0,0,False
ENSG00000264693.1,0,1,0,0,False
ENSG00000264772.6,0,1,0,0,False
ENSG00000264808,0,1,0,0,False
ENSG00000264876.2,0,1,0,0,False
ENSG00000264895,0,1,0,0,False
ENSG00000264968,0,1,0,0,False
ENSG00000265008,0,1,0,0,False
ENSG00000265010,0,1,0,0,False
ENSG00000265100,0,1,0,0,False
ENSG00000265118,0,1,0,0,False
ENSG00000265118.5,0,1,0,0,False
ENSG00000265128,0,1,0,0,False
ENSG00000265136.1,0,1,0,0,False
ENSG00000265218.1,0,1,0,0,False
ENSG00000265254,0,1,0,0,False
ENSG00000265257.5,0,1,0,0,False
ENSG00000265287,0,1,0,0,False
ENSG00000265298.1,0,1,0,0,False
ENSG00000265334,0,1,0,0,False
ENSG00000265401.1,0,1,0,0,False
ENSG00000265460,0,1,0,0,False
ENSG00000265460.6,0,1,0,0,False
ENSG00000265478.2,0,1,0,0,False
ENSG00000265484,0,1,0,0,False
ENSG00000265496.5,0,1,0,0,False
ENSG00000265643,0,1,0,0,False
ENSG00000265737,0,1,0,0,False
ENSG00000265737.1,0,1,0,0,False
ENSG00000265749.6,0,1,0,0,False
ENSG00000265781,0,1,0,0,False
ENSG00000265794.5,0,1,0,0,False
ENSG00000265845.2,0,1,0,0,False
ENSG00000265907.2,0,1,0,0,False
ENSG00000265987,0,1,0,0,False
ENSG00000265987.1,0,1,0,0,False
ENSG00000266002.1,0,1,0,0,False
ENSG00000266049,0,1,0,0,False
ENSG00000266076.1,0,1,0,0,False
ENSG00000266088,0,1,0,0,False
ENSG00000266120,0,1,0,0,False
ENSG00000266149.1,0,1,0,0,False
ENSG00000266248.1,0,1,0,0,False
ENSG00000266268,0,1,0,0,False
ENSG00000266302,0,1,0,0,False
ENSG00000266313,0,1,0,0,False
ENSG00000266368,0,1,0,0,False
ENSG00000266378,0,1,0,0,False
ENSG00000266401,0,1,0,0,False
ENSG00000266456,0,1,0,0,False
ENSG00000266460.1,0,1,0,0,False
ENSG00000266490,0,1,0,0,False
ENSG00000266495.1,0,1,0,0,False
ENSG00000266498,0,1,0,0,False
ENSG00000266535.1,0,1,0,0,False
ENSG00000266538,0,1,0,0,False
ENSG00000266538.1,0,1,0,0,False
ENSG00000266667.1,0,1,0,0,False
ENSG00000266680.1,0,1,0,0,False
ENSG00000266846,0,1,0,0,False
ENSG00000266846.2,0,1,0,0,False
ENSG00000266850,0,1,0,0,False
ENSG00000266865.6,0,1,0,0,False
ENSG00000266896,0,1,0,0,False
ENSG00000266923.1,0,1,0,0,False
ENSG00000266929.1,0,1,0,0,False
ENSG00000266936,0,1,0,0,False
ENSG00000266947,0,1,0,0,False
ENSG00000266968.2,0,1,0,0,False
ENSG00000266977,0,1,0,0,False
ENSG00000266988.6,0,1,0,0,False
ENSG00000266990,0,1,0,0,False
ENSG00000267002,0,1,0,0,False
ENSG00000267009.6,0,1,0,0,False
ENSG00000267011,0,1,0,0,False
ENSG00000267038,0,1,0,0,False
ENSG00000267042,0,1,0,0,False
ENSG00000267047.1,0,1,0,0,False
ENSG00000267055.1,0,1,0,0,False
ENSG00000267058,0,1,0,0,False
ENSG00000267059.2,0,1,0,0,False
ENSG00000267062.1,0,1,0,0,False
ENSG00000267084.1,0,1,0,0,False
ENSG00000267092,0,1,0,0,False
ENSG00000267098.2,0,1,0,0,False
ENSG00000267101,0,1,0,0,False
ENSG00000267124.2,0,1,0,0,False
ENSG00000267125.2,0,1,0,0,False
ENSG00000267135.2,0,1,0,0,False
ENSG00000267140.1,0,1,0,0,False
ENSG00000267143.1,0,1,0,0,False
ENSG00000267168,0,1,0,0,False
ENSG00000267173.1,0,1,0,0,False
ENSG00000267174.5,0,1,0,0,False
ENSG00000267175,0,1,0,0,False
ENSG00000267179.1,0,1,0,0,False
ENSG00000267239.1,0,1,0,0,False
ENSG00000267243.6,0,1,0,0,False
ENSG00000267257.1,0,1,0,0,False
ENSG00000267262.1,0,1,0,0,False
ENSG00000267274.1,0,1,0,0,False
ENSG00000267279,0,1,0,0,False
ENSG00000267285.1,0,1,0,0,False
ENSG00000267298.1,0,1,0,0,False
ENSG00000267313.7,0,1,0,0,False
ENSG00000267342,0,1,0,0,False
ENSG00000267354.1,0,1,0,0,False
ENSG00000267360,0,1,0,0,False
ENSG00000267364,0,1,0,0,False
ENSG00000267379,0,1,0,0,False
ENSG00000267379.1,0,1,0,0,False
ENSG00000267383,0,1,0,0,False
ENSG00000267383.7,0,1,0,0,False
ENSG00000267385,0,1,0,0,False
ENSG00000267385.1,0,1,0,0,False
ENSG00000267405.1,0,1,0,0,False
ENSG00000267420.1,0,1,0,0,False
ENSG00000267426,0,1,0,0,False
ENSG00000267433.1,0,1,0,0,False
ENSG00000267441.1,0,1,0,0,False
ENSG00000267449.1,0,1,0,0,False
ENSG00000267458,0,1,0,0,False
ENSG00000267458.1,0,1,0,0,False
ENSG00000267461.1,0,1,0,0,False
ENSG00000267469,0,1,0,0,False
ENSG00000267469.1,0,1,0,0,False
ENSG00000267476,0,1,0,0,False
ENSG00000267476.1,0,1,0,0,False
ENSG00000267505,0,1,0,0,False
ENSG00000267509,0,1,0,0,False
ENSG00000267509.5,0,1,0,0,False
ENSG00000267510.1,0,1,0,0,False
ENSG00000267523,0,1,0,0,False
ENSG00000267559,0,1,0,0,False
ENSG00000267563.1,0,1,0,0,False
ENSG00000267564.1,0,1,0,0,False
ENSG00000267576.1,0,1,0,0,False
ENSG00000267581.1,0,1,0,0,False
ENSG00000267605,0,1,0,0,False
ENSG00000267605.7,0,1,0,0,False
ENSG00000267618.5,0,1,0,0,False
ENSG00000267627,0,1,0,0,False
ENSG00000267645.5,0,1,0,0,False
ENSG00000267650,0,1,0,0,False
ENSG00000267666,0,1,0,0,False
ENSG00000267677,0,1,0,0,False
ENSG00000267694.1,0,1,0,0,False
ENSG00000267699.2,0,1,0,0,False
ENSG00000267705.1,0,1,0,0,False
ENSG00000267727.1,0,1,0,0,False
ENSG00000267731,0,1,0,0,False
ENSG00000267733.5,0,1,0,0,False
ENSG00000267737,0,1,0,0,False
ENSG00000267743.5,0,1,0,0,False
ENSG00000267745.1,0,1,0,0,False
ENSG00000267748.4,0,1,0,0,False
ENSG00000267749,0,1,0,0,False
ENSG00000267764,0,1,0,0,False
ENSG00000267787,0,1,0,0,False
ENSG00000267815.1,0,1,0,0,False
ENSG00000267838,0,1,0,0,False
ENSG00000267881,0,1,0,0,False
ENSG00000267892,0,1,0,0,False
ENSG00000267904,0,1,0,0,False
ENSG00000267939.1,0,1,0,0,False
ENSG00000268027,0,1,0,0,False
ENSG00000268030,0,1,0,0,False
ENSG00000268056.5,0,1,0,0,False
ENSG00000268083.5,0,1,0,0,False
ENSG00000268112.1,0,1,0,0,False
ENSG00000268119,0,1,0,0,False
ENSG00000268129,0,1,0,0,False
ENSG00000268149.1,0,1,0,0,False
ENSG00000268173.3,0,1,0,0,False
ENSG00000268184.1,0,1,0,0,False
ENSG00000268204,0,1,0,0,False
ENSG00000268205,0,1,0,0,False
ENSG00000268218,0,1,0,0,False
ENSG00000268362,0,1,0,0,False
ENSG00000268400,0,1,0,0,False
ENSG00000268400.5,0,1,0,0,False
ENSG00000268455.1,0,1,0,0,False
ENSG00000268500,0,1,0,0,False
ENSG00000268533,0,1,0,0,False
ENSG00000268555,0,1,0,0,False
ENSG00000268592.3,0,1,0,0,False
ENSG00000268595,0,1,0,0,False
ENSG00000268601,0,1,0,0,False
ENSG00000268649.5,0,1,0,0,False
ENSG00000268734,0,1,0,0,False
ENSG00000268746.1,0,1,0,0,False
ENSG00000268764.1,0,1,0,0,False
ENSG00000268797,0,1,0,0,False
ENSG00000268797.1,0,1,0,0,False
ENSG00000268833.1,0,1,0,0,False
ENSG00000268854.1,0,1,0,0,False
ENSG00000268858,0,1,0,0,False
ENSG00000268861.7,0,1,0,0,False
ENSG00000268870.1,0,1,0,0,False
ENSG00000268873.1,0,1,0,0,False
ENSG00000268886.1,0,1,0,0,False
ENSG00000268938.2,0,1,0,0,False
ENSG00000268981.5,0,1,0,0,False
ENSG00000269026.2,0,1,0,0,False
ENSG00000269050.1,0,1,0,0,False
ENSG00000269072,0,1,0,0,False
ENSG00000269124.1,0,1,0,0,False
ENSG00000269242.1,0,1,0,0,False
ENSG00000269246,0,1,0,0,False
ENSG00000269288,0,1,0,0,False
ENSG00000269292.1,0,1,0,0,False
ENSG00000269296,0,1,0,0,False
ENSG00000269307.1,0,1,0,0,False
ENSG00000269374.1,0,1,0,0,False
ENSG00000269387,0,1,0,0,False
ENSG00000269388.1,0,1,0,0,False
ENSG00000269460,0,1,0,0,False
ENSG00000269534.5,0,1,0,0,False
ENSG00000269578,0,1,0,0,False
ENSG00000269590.1,0,1,0,0,False
ENSG00000269600,0,1,0,0,False
ENSG00000269635,0,1,0,0,False
ENSG00000269707,0,1,0,0,False
ENSG00000269711.1,0,1,0,0,False
ENSG00000269729,0,1,0,0,False
ENSG00000269749.1,0,1,0,0,False
ENSG00000269813,0,1,0,0,False
ENSG00000269813.1,0,1,0,0,False
ENSG00000269895,0,1,0,0,False
ENSG00000269915.1,0,1,0,0,False
ENSG00000269918,0,1,0,0,False
ENSG00000269919,0,1,0,0,False
ENSG00000269927,0,1,0,0,False
ENSG00000269930,0,1,0,0,False
ENSG00000269930.1,0,1,0,0,False
ENSG00000269937.1,0,1,0,0,False
ENSG00000269949,0,1,0,0,False
ENSG00000269958,0,1,0,0,False
ENSG00000269958.1,0,1,0,0,False
ENSG00000269966.1,0,1,0,0,False
ENSG00000269967,0,1,0,0,False
ENSG00000269967.1,0,1,0,0,False
ENSG00000269968.1,0,1,0,0,False
ENSG00000269970,0,1,0,0,False
ENSG00000269973,0,1,0,0,False
ENSG00000269980,0,1,0,0,False
ENSG00000269983.1,0,1,0,0,False
ENSG00000269987.1,0,1,0,0,False
ENSG00000270001.1,0,1,0,0,False
ENSG00000270022,0,1,0,0,False
ENSG00000270052,0,1,0,0,False
ENSG00000270055,0,1,0,0,False
ENSG00000270060.1,0,1,0,0,False
ENSG00000270071.3,0,1,0,0,False
ENSG00000270072.1,0,1,0,0,False
ENSG00000270074,0,1,0,0,False
ENSG00000270099,0,1,0,0,False
ENSG00000270099.1,0,1,0,0,False
ENSG00000270103,0,1,0,0,False
ENSG00000270149.5,0,1,0,0,False
ENSG00000270171,0,1,0,0,False
ENSG00000270240,0,1,0,0,False
ENSG00000270240.2,0,1,0,0,False
ENSG00000270249,0,1,0,0,False
ENSG00000270249.2,0,1,0,0,False
ENSG00000270361.1,0,1,0,0,False
ENSG00000270380.1,0,1,0,0,False
ENSG00000270558.1,0,1,0,0,False
ENSG00000270571,0,1,0,0,False
ENSG00000270580.5,0,1,0,0,False
ENSG00000270605,0,1,0,0,False
ENSG00000270681,0,1,0,0,False
ENSG00000270720,0,1,0,0,False
ENSG00000270755.1,0,1,0,0,False
ENSG00000271141,0,1,0,0,False
ENSG00000271156,0,1,0,0,False
ENSG00000271204,0,1,0,0,False
ENSG00000271254,0,1,0,0,False
ENSG00000271420,0,1,0,0,False
ENSG00000271500.1,0,1,0,0,False
ENSG00000271533,0,1,0,0,False
ENSG00000271554,0,1,0,0,False
ENSG00000271554.1,0,1,0,0,False
ENSG00000271590,0,1,0,0,False
ENSG00000271751,0,1,0,0,False
ENSG00000271758.2,0,1,0,0,False
ENSG00000271774,0,1,0,0,False
ENSG00000271774.1,0,1,0,0,False
ENSG00000271780,0,1,0,0,False
ENSG00000271781.1,0,1,0,0,False
ENSG00000271787.1,0,1,0,0,False
ENSG00000271789,0,1,0,0,False
ENSG00000271806.1,0,1,0,0,False
ENSG00000271843,0,1,0,0,False
ENSG00000271857,0,1,0,0,False
ENSG00000271857.1,0,1,0,0,False
ENSG00000271858,0,1,0,0,False
ENSG00000271860,0,1,0,0,False
ENSG00000271860.7,0,1,0,0,False
ENSG00000271897,0,1,0,0,False
ENSG00000271904.1,0,1,0,0,False
ENSG00000271917,0,1,0,0,False
ENSG00000271918,0,1,0,0,False
ENSG00000271936,0,1,0,0,False
ENSG00000271938,0,1,0,0,False
ENSG00000271945,0,1,0,0,False
ENSG00000271945.2,0,1,0,0,False
ENSG00000271949.1,0,1,0,0,False
ENSG00000271955.2,0,1,0,0,False
ENSG00000271959,0,1,0,0,False
ENSG00000271959.1,0,1,0,0,False
ENSG00000271964,0,1,0,0,False
ENSG00000271971.1,0,1,0,0,False
ENSG00000271978,0,1,0,0,False
ENSG00000271989,0,1,0,0,False
ENSG00000271992.1,0,1,0,0,False
ENSG00000272008,0,1,0,0,False
ENSG00000272009,0,1,0,0,False
ENSG00000272010,0,1,0,0,False
ENSG00000272049.1,0,1,0,0,False
ENSG00000272050.1,0,1,0,0,False
ENSG00000272056,0,1,0,0,False
ENSG00000272070,0,1,0,0,False
ENSG00000272077,0,1,0,0,False
ENSG00000272092,0,1,0,0,False
ENSG00000272106,0,1,0,0,False
ENSG00000272109,0,1,0,0,False
ENSG00000272114.1,0,1,0,0,False
ENSG00000272141,0,1,0,0,False
ENSG00000272161.1,0,1,0,0,False
ENSG00000272172,0,1,0,0,False
ENSG00000272195.1,0,1,0,0,False
ENSG00000272196.2,0,1,0,0,False
ENSG00000272202,0,1,0,0,False
ENSG00000272211,0,1,0,0,False
ENSG00000272234,0,1,0,0,False
ENSG00000272243.6,0,1,0,0,False
ENSG00000272247,0,1,0,0,False
ENSG00000272247.1,0,1,0,0,False
ENSG00000272248,0,1,0,0,False
ENSG00000272256,0,1,0,0,False
ENSG00000272264.1,0,1,0,0,False
ENSG00000272275,0,1,0,0,False
ENSG00000272277,0,1,0,0,False
ENSG00000272297.2,0,1,0,0,False
ENSG00000272305.5,0,1,0,0,False
ENSG00000272316,0,1,0,0,False
ENSG00000272345.1,0,1,0,0,False
ENSG00000272354.1,0,1,0,0,False
ENSG00000272366,0,1,0,0,False
ENSG00000272368,0,1,0,0,False
ENSG00000272369,0,1,0,0,False
ENSG00000272369.1,0,1,0,0,False
ENSG00000272397,0,1,0,0,False
ENSG00000272402,0,1,0,0,False
ENSG00000272418.1,0,1,0,0,False
ENSG00000272425,0,1,0,0,False
ENSG00000272444,0,1,0,0,False
ENSG00000272447,0,1,0,0,False
ENSG00000272447.1,0,1,0,0,False
ENSG00000272449,0,1,0,0,False
ENSG00000272476,0,1,0,0,False
ENSG00000272482.1,0,1,0,0,False
ENSG00000272489.1,0,1,0,0,False
ENSG00000272501,0,1,0,0,False
ENSG00000272509.1,0,1,0,0,False
ENSG00000272555,0,1,0,0,False
ENSG00000272558,0,1,0,0,False
ENSG00000272563,0,1,0,0,False
ENSG00000272582,0,1,0,0,False
ENSG00000272588,0,1,0,0,False
ENSG00000272657.1,0,1,0,0,False
ENSG00000272660,0,1,0,0,False
ENSG00000272660.1,0,1,0,0,False
ENSG00000272667,0,1,0,0,False
ENSG00000272667.1,0,1,0,0,False
ENSG00000272679.1,0,1,0,0,False
ENSG00000272719,0,1,0,0,False
ENSG00000272729.1,0,1,0,0,False
ENSG00000272732,0,1,0,0,False
ENSG00000272736.5,0,1,0,0,False
ENSG00000272764,0,1,0,0,False
ENSG00000272807,0,1,0,0,False
ENSG00000272807.1,0,1,0,0,False
ENSG00000272810.1,0,1,0,0,False
ENSG00000272822.2,0,1,0,0,False
ENSG00000272824,0,1,0,0,False
ENSG00000272825,0,1,0,0,False
ENSG00000272831,0,1,0,0,False
ENSG00000272831.1,0,1,0,0,False
ENSG00000272854,0,1,0,0,False
ENSG00000272865,0,1,0,0,False
ENSG00000272866,0,1,0,0,False
ENSG00000272874.1,0,1,0,0,False
ENSG00000272884.1,0,1,0,0,False
ENSG00000272892,0,1,0,0,False
ENSG00000272904.1,0,1,0,0,False
ENSG00000272911.1,0,1,0,0,False
ENSG00000272915,0,1,0,0,False
ENSG00000272927,0,1,0,0,False
ENSG00000272966,0,1,0,0,False
ENSG00000272979,0,1,0,0,False
ENSG00000272980.4,0,1,0,0,False
ENSG00000272990,0,1,0,0,False
ENSG00000272991,0,1,0,0,False
ENSG00000273013.1,0,1,0,0,False
ENSG00000273014,0,1,0,0,False
ENSG00000273014.1,0,1,0,0,False
ENSG00000273017,0,1,0,0,False
ENSG00000273044,0,1,0,0,False
ENSG00000273047,0,1,0,0,False
ENSG00000273049,0,1,0,0,False
ENSG00000273049.1,0,1,0,0,False
ENSG00000273058,0,1,0,0,False
ENSG00000273088.2,0,1,0,0,False
ENSG00000273112.1,0,1,0,0,False
ENSG00000273113,0,1,0,0,False
ENSG00000273141,0,1,0,0,False
ENSG00000273145,0,1,0,0,False
ENSG00000273149,0,1,0,0,False
ENSG00000273149.1,0,1,0,0,False
ENSG00000273154,0,1,0,0,False
ENSG00000273154.3,0,1,0,0,False
ENSG00000273156.2,0,1,0,0,False
ENSG00000273160,0,1,0,0,False
ENSG00000273167,0,1,0,0,False
ENSG00000273167.1,0,1,0,0,False
ENSG00000273175,0,1,0,0,False
ENSG00000273179,0,1,0,0,False
ENSG00000273179.1,0,1,0,0,False
ENSG00000273183,0,1,0,0,False
ENSG00000273186.1,0,1,0,0,False
ENSG00000273188,0,1,0,0,False
ENSG00000273209,0,1,0,0,False
ENSG00000273210.1,0,1,0,0,False
ENSG00000273211,0,1,0,0,False
ENSG00000273217.1,0,1,0,0,False
ENSG00000273248,0,1,0,0,False
ENSG00000273259,0,1,0,0,False
ENSG00000273259.3,0,1,0,0,False
ENSG00000273264,0,1,0,0,False
ENSG00000273269.3,0,1,0,0,False
ENSG00000273271,0,1,0,0,False
ENSG00000273272,0,1,0,0,False
ENSG00000273275,0,1,0,0,False
ENSG00000273287,0,1,0,0,False
ENSG00000273302.1,0,1,0,0,False
ENSG00000273314.1,0,1,0,0,False
ENSG00000273319,0,1,0,0,False
ENSG00000273319.1,0,1,0,0,False
ENSG00000273335,0,1,0,0,False
ENSG00000273338,0,1,0,0,False
ENSG00000273342,0,1,0,0,False
ENSG00000273348,0,1,0,0,False
ENSG00000273355,0,1,0,0,False
ENSG00000273361,0,1,0,0,False
ENSG00000273362.1,0,1,0,0,False
ENSG00000273384,0,1,0,0,False
ENSG00000273398.6,0,1,0,0,False
ENSG00000273413.1,0,1,0,0,False
ENSG00000273420.1,0,1,0,0,False
ENSG00000273424,0,1,0,0,False
ENSG00000273432.1,0,1,0,0,False
ENSG00000273433.1,0,1,0,0,False
ENSG00000273437,0,1,0,0,False
ENSG00000273443.1,0,1,0,0,False
ENSG00000273445,0,1,0,0,False
ENSG00000273447,0,1,0,0,False
ENSG00000273448,0,1,0,0,False
ENSG00000273471.1,0,1,0,0,False
ENSG00000273472,0,1,0,0,False
ENSG00000273521,0,1,0,0,False
ENSG00000273554,0,1,0,0,False
ENSG00000273565,0,1,0,0,False
ENSG00000273570.1,0,1,0,0,False
ENSG00000273582.1,0,1,0,0,False
ENSG00000273590,0,1,0,0,False
ENSG00000273637.1,0,1,0,0,False
ENSG00000273639.6,0,1,0,0,False
ENSG00000273659,0,1,0,0,False
ENSG00000273674,0,1,0,0,False
ENSG00000273702,0,1,0,0,False
ENSG00000273711.2,0,1,0,0,False
ENSG00000273734,0,1,0,0,False
ENSG00000273734.1,0,1,0,0,False
ENSG00000273748,0,1,0,0,False
ENSG00000273828,0,1,0,0,False
ENSG00000274002,0,1,0,0,False
ENSG00000274015,0,1,0,0,False
ENSG00000274021,0,1,0,0,False
ENSG00000274067.1,0,1,0,0,False
ENSG00000274080.1,0,1,0,0,False
ENSG00000274092,0,1,0,0,False
ENSG00000274104,0,1,0,0,False
ENSG00000274104.1,0,1,0,0,False
ENSG00000274213,0,1,0,0,False
ENSG00000274248.1,0,1,0,0,False
ENSG00000274253,0,1,0,0,False
ENSG00000274265,0,1,0,0,False
ENSG00000274265.5,0,1,0,0,False
ENSG00000274275,0,1,0,0,False
ENSG00000274297.1,0,1,0,0,False
ENSG00000274322,0,1,0,0,False
ENSG00000274322.1,0,1,0,0,False
ENSG00000274370,0,1,0,0,False
ENSG00000274372,0,1,0,0,False
ENSG00000274373,0,1,0,0,False
ENSG00000274387,0,1,0,0,False
ENSG00000274422,0,1,0,0,False
ENSG00000274441,0,1,0,0,False
ENSG00000274460,0,1,0,0,False
ENSG00000274460.1,0,1,0,0,False
ENSG00000274510.1,0,1,0,0,False
ENSG00000274525.1,0,1,0,0,False
ENSG00000274565.1,0,1,0,0,False
ENSG00000274615.1,0,1,0,0,False
ENSG00000274629,0,1,0,0,False
ENSG00000274629.1,0,1,0,0,False
ENSG00000274653.1,0,1,0,0,False
ENSG00000274756,0,1,0,0,False
ENSG00000274760.1,0,1,0,0,False
ENSG00000274767,0,1,0,0,False
ENSG00000274818,0,1,0,0,False
ENSG00000274834,0,1,0,0,False
ENSG00000274874.2,0,1,0,0,False
ENSG00000274893,0,1,0,0,False
ENSG00000274895,0,1,0,0,False
ENSG00000274922,0,1,0,0,False
ENSG00000274929,0,1,0,0,False
ENSG00000274993,0,1,0,0,False
ENSG00000275016,0,1,0,0,False
ENSG00000275040.1,0,1,0,0,False
ENSG00000275055,0,1,0,0,False
ENSG00000275103.1,0,1,0,0,False
ENSG00000275119.1,0,1,0,0,False
ENSG00000275163,0,1,0,0,False
ENSG00000275163.1,0,1,0,0,False
ENSG00000275180,0,1,0,0,False
ENSG00000275441,0,1,0,0,False
ENSG00000275443,0,1,0,0,False
ENSG00000275443.2,0,1,0,0,False
ENSG00000275457,0,1,0,0,False
ENSG00000275481,0,1,0,0,False
ENSG00000275484,0,1,0,0,False
ENSG00000275494,0,1,0,0,False
ENSG00000275557.1,0,1,0,0,False
ENSG00000275630.1,0,1,0,0,False
ENSG00000275632,0,1,0,0,False
ENSG00000275649.1,0,1,0,0,False
ENSG00000275665.1,0,1,0,0,False
ENSG00000275672,0,1,0,0,False
ENSG00000275674.1,0,1,0,0,False
ENSG00000275710,0,1,0,0,False
ENSG00000275740.1,0,1,0,0,False
ENSG00000275741.1,0,1,0,0,False
ENSG00000275765.5,0,1,0,0,False
ENSG00000275778.2,0,1,0,0,False
ENSG00000275799.1,0,1,0,0,False
ENSG00000275805.1,0,1,0,0,False
ENSG00000275812,0,1,0,0,False
ENSG00000275833.1,0,1,0,0,False
ENSG00000275853.1,0,1,0,0,False
ENSG00000275895,0,1,0,0,False
ENSG00000275900.1,0,1,0,0,False
ENSG00000275902,0,1,0,0,False
ENSG00000275964,0,1,0,0,False
ENSG00000275964.1,0,1,0,0,False
ENSG00000275993.3,0,1,0,0,False
ENSG00000276007.1,0,1,0,0,False
ENSG00000276075,0,1,0,0,False
ENSG00000276076,0,1,0,0,False
ENSG00000276166,0,1,0,0,False
ENSG00000276193.1,0,1,0,0,False
ENSG00000276216,0,1,0,0,False
ENSG00000276241,0,1,0,0,False
ENSG00000276256,0,1,0,0,False
ENSG00000276266.1,0,1,0,0,False
ENSG00000276278.1,0,1,0,0,False
ENSG00000276337.1,0,1,0,0,False
ENSG00000276390,0,1,0,0,False
ENSG00000276445,0,1,0,0,False
ENSG00000276445.1,0,1,0,0,False
ENSG00000276488,0,1,0,0,False
ENSG00000276529,0,1,0,0,False
ENSG00000276570.1,0,1,0,0,False
ENSG00000276649.1,0,1,0,0,False
ENSG00000276651,0,1,0,0,False
ENSG00000276651.1,0,1,0,0,False
ENSG00000276690.1,0,1,0,0,False
ENSG00000276791,0,1,0,0,False
ENSG00000276810.1,0,1,0,0,False
ENSG00000276831,0,1,0,0,False
ENSG00000276846.1,0,1,0,0,False
ENSG00000276850,0,1,0,0,False
ENSG00000276850.5,0,1,0,0,False
ENSG00000276853,0,1,0,0,False
ENSG00000276900,0,1,0,0,False
ENSG00000276902.1,0,1,0,0,False
ENSG00000276997,0,1,0,0,False
ENSG00000277007.1,0,1,0,0,False
ENSG00000277117,0,1,0,0,False
ENSG00000277128,0,1,0,0,False
ENSG00000277152,0,1,0,0,False
ENSG00000277196,0,1,0,0,False
ENSG00000277228.1,0,1,0,0,False
ENSG00000277290.1,0,1,0,0,False
ENSG00000277299.1,0,1,0,0,False
ENSG00000277324,0,1,0,0,False
ENSG00000277350,0,1,0,0,False
ENSG00000277351.1,0,1,0,0,False
ENSG00000277476,0,1,0,0,False
ENSG00000277510.1,0,1,0,0,False
ENSG00000277511,0,1,0,0,False
ENSG00000277599.1,0,1,0,0,False
ENSG00000277654.6,0,1,0,0,False
ENSG00000277662.1,0,1,0,0,False
ENSG00000277675,0,1,0,0,False
ENSG00000277688.1,0,1,0,0,False
ENSG00000277695,0,1,0,0,False
ENSG00000277715,0,1,0,0,False
ENSG00000277782,0,1,0,0,False
ENSG00000277840.1,0,1,0,0,False
ENSG00000277855,0,1,0,0,False
ENSG00000277856,0,1,0,0,False
ENSG00000277959,0,1,0,0,False
ENSG00000277959.1,0,1,0,0,False
ENSG00000277978.1,0,1,0,0,False
ENSG00000278002,0,1,0,0,False
ENSG00000278011,0,1,0,0,False
ENSG00000278013.1,0,1,0,0,False
ENSG00000278050.1,0,1,0,0,False
ENSG00000278060.1,0,1,0,0,False
ENSG00000278217.1,0,1,0,0,False
ENSG00000278376,0,1,0,0,False
ENSG00000278383.1,0,1,0,0,False
ENSG00000278384,0,1,0,0,False
ENSG00000278431.1,0,1,0,0,False
ENSG00000278531.1,0,1,0,0,False
ENSG00000278600,0,1,0,0,False
ENSG00000278607,0,1,0,0,False
ENSG00000278730,0,1,0,0,False
ENSG00000278743,0,1,0,0,False
ENSG00000278791.1,0,1,0,0,False
ENSG00000278817,0,1,0,0,False
ENSG00000278834.1,0,1,0,0,False
ENSG00000278847,0,1,0,0,False
ENSG00000278872.1,0,1,0,0,False
ENSG00000278897.1,0,1,0,0,False
ENSG00000278899.1,0,1,0,0,False
ENSG00000278929.1,0,1,0,0,False
ENSG00000278931.1,0,1,0,0,False
ENSG00000278932.4,0,1,0,0,False
ENSG00000278961,0,1,0,0,False
ENSG00000278961.2,0,1,0,0,False
ENSG00000278987.1,0,1,0,0,False
ENSG00000278993.1,0,1,0,0,False
ENSG00000278996,0,1,0,0,False
ENSG00000278996.1,0,1,0,0,False
ENSG00000279009.1,0,1,0,0,False
ENSG00000279031.1,0,1,0,0,False
ENSG00000279072,0,1,0,0,False
ENSG00000279073.3,0,1,0,0,False
ENSG00000279083.1,0,1,0,0,False
ENSG00000279108.1,0,1,0,0,False
ENSG00000279118.1,0,1,0,0,False
ENSG00000279160.1,0,1,0,0,False
ENSG00000279168,0,1,0,0,False
ENSG00000279168.2,0,1,0,0,False
ENSG00000279179.1,0,1,0,0,False
ENSG00000279225.1,0,1,0,0,False
ENSG00000279231.1,0,1,0,0,False
ENSG00000279237.1,0,1,0,0,False
ENSG00000279249,0,1,0,0,False
ENSG00000279251.1,0,1,0,0,False
ENSG00000279268.1,0,1,0,0,False
ENSG00000279277,0,1,0,0,False
ENSG00000279278,0,1,0,0,False
ENSG00000279289.1,0,1,0,0,False
ENSG00000279317,0,1,0,0,False
ENSG00000279317.2,0,1,0,0,False
ENSG00000279337.1,0,1,0,0,False
ENSG00000279364.1,0,1,0,0,False
ENSG00000279384.1,0,1,0,0,False
ENSG00000279453.1,0,1,0,0,False
ENSG00000279464.1,0,1,0,0,False
ENSG00000279483,0,1,0,0,False
ENSG00000279483.2,0,1,0,0,False
ENSG00000279513.1,0,1,0,0,False
ENSG00000279529,0,1,0,0,False
ENSG00000279534.1,0,1,0,0,False
ENSG00000279555.1,0,1,0,0,False
ENSG00000279583.1,0,1,0,0,False
ENSG00000279592.1,0,1,0,0,False
ENSG00000279605.1,0,1,0,0,False
ENSG00000279621.1,0,1,0,0,False
ENSG00000279652,0,1,0,0,False
ENSG00000279652.1,0,1,0,0,False
ENSG00000279658.1,0,1,0,0,False
ENSG00000279668,0,1,0,0,False
ENSG00000279686.1,0,1,0,0,False
ENSG00000279689.1,0,1,0,0,False
ENSG00000279705.1,0,1,0,0,False
ENSG00000279726,0,1,0,0,False
ENSG00000279729.1,0,1,0,0,False
ENSG00000279737.1,0,1,0,0,False
ENSG00000279738,0,1,0,0,False
ENSG00000279738.1,0,1,0,0,False
ENSG00000279762,0,1,0,0,False
ENSG00000279765.3,0,1,0,0,False
ENSG00000279773.1,0,1,0,0,False
ENSG00000279790.1,0,1,0,0,False
ENSG00000279807.1,0,1,0,0,False
ENSG00000279833,0,1,0,0,False
ENSG00000279838.1,0,1,0,0,False
ENSG00000279861.1,0,1,0,0,False
ENSG00000279865.1,0,1,0,0,False
ENSG00000279891.1,0,1,0,0,False
ENSG00000279927,0,1,0,0,False
ENSG00000279949.1,0,1,0,0,False
ENSG00000279956,0,1,0,0,False
ENSG00000279980.1,0,1,0,0,False
ENSG00000280011.1,0,1,0,0,False
ENSG00000280018,0,1,0,0,False
ENSG00000280029,0,1,0,0,False
ENSG00000280046.1,0,1,0,0,False
ENSG00000280071,0,1,0,0,False
ENSG00000280087,0,1,0,0,False
ENSG00000280114.1,0,1,0,0,False
ENSG00000280120.1,0,1,0,0,False
ENSG00000280138.1,0,1,0,0,False
ENSG00000280191,0,1,0,0,False
ENSG00000280206,0,1,0,0,False
ENSG00000280241,0,1,0,0,False
ENSG00000280241.4,0,1,0,0,False
ENSG00000280248.1,0,1,0,0,False
ENSG00000280274.1,0,1,0,0,False
ENSG00000280336,0,1,0,0,False
ENSG00000280366.1,0,1,0,0,False
ENSG00000280378,0,1,0,0,False
ENSG00000280378.1,0,1,0,0,False
ENSG00000280424,0,1,0,0,False
ENSG00000280429.1,0,1,0,0,False
ENSG00000280433.1,0,1,0,0,False
ENSG00000280441,0,1,0,0,False
ENSG00000280441.3,0,1,0,0,False
ENSG00000280571.2,0,1,0,0,False
ENSG00000280614,0,1,0,0,False
ENSG00000280660.1,0,1,0,0,False
ENSG00000280709.2,0,1,0,0,False
ENSG00000280778,0,1,0,0,False
ENSG00000280778.1,0,1,0,0,False
ENSG00000280800,0,1,0,0,False
ENSG00000280800.1,0,1,0,0,False
ENSG00000280828.1,0,1,0,0,False
ENSG00000280878,0,1,0,0,False
ENSG00000280878.1,0,1,0,0,False
ENSG00000280987.4,0,1,0,0,False
ENSG00000281016.1,0,1,0,0,False
ENSG00000281039,0,1,0,0,False
ENSG00000281039.1,0,1,0,0,False
ENSG00000281120.1,0,1,0,0,False
ENSG00000281160.1,0,1,0,0,False
ENSG00000281195,0,1,0,0,False
ENSG00000281348.1,0,1,0,0,False
ENSG00000281383,0,1,0,0,False
ENSG00000281383.1,0,1,0,0,False
ENSG00000281593.1,0,1,0,0,False
ENSG00000281856.1,0,1,0,0,False
ENSG00000281896.1,0,1,0,0,False
ENSG00000281904.1,0,1,0,0,False
ENSG00000281910,0,1,0,0,False
ENSG00000282012,0,1,0,0,False
ENSG00000282022.1,0,1,0,0,False
ENSG00000282024,0,1,0,0,False
ENSG00000282057.1,0,1,0,0,False
ENSG00000282218.1,0,1,0,0,False
ENSG00000282221,0,1,0,0,False
ENSG00000282246.1,0,1,0,0,False
ENSG00000282278,0,1,0,0,False
ENSG00000282278.1,0,1,0,0,False
ENSG00000282408,0,1,0,0,False
ENSG00000282859.1,0,1,0,0,False
ENSG00000282863.1,0,1,0,0,False
ENSG00000282865.1,0,1,0,0,False
ENSG00000282885,0,1,0,0,False
ENSG00000282885.2,0,1,0,0,False
ENSG00000282890.1,0,1,0,0,False
ENSG00000282907.1,0,1,0,0,False
ENSG00000282914.1,0,1,0,0,False
ENSG00000282917,0,1,0,0,False
ENSG00000282951.1,0,1,0,0,False
ENSG00000282987,0,1,0,0,False
ENSG00000282987.1,0,1,0,0,False
ENSG00000282988,0,1,0,0,False
ENSG00000282998.1,0,1,0,0,False
ENSG00000283031,0,1,0,0,False
ENSG00000283041,0,1,0,0,False
ENSG00000283041.1,0,1,0,0,False
ENSG00000283098,0,1,0,0,False
ENSG00000283098.2,0,1,0,0,False
ENSG00000283103,0,1,0,0,False
ENSG00000283117,0,1,0,0,False
ENSG00000283117.1,0,1,0,0,False
ENSG00000283138.1,0,1,0,0,False
ENSG00000283149,0,1,0,0,False
ENSG00000283196.2,0,1,0,0,False
ENSG00000283208,0,1,0,0,False
ENSG00000283208.2,0,1,0,0,False
ENSG00000283236.1,0,1,0,0,False
ENSG00000283240,0,1,0,0,False
ENSG00000283294.1,0,1,0,0,False
ENSG00000283321.1,0,1,0,0,False
ENSG00000283375.1,0,1,0,0,False
ENSG00000283380.1,0,1,0,0,False
ENSG00000283384,0,1,0,0,False
ENSG00000283403.1,0,1,0,0,False
ENSG00000283411.1,0,1,0,0,False
ENSG00000283457,0,1,0,0,False
ENSG00000283480.1,0,1,0,0,False
ENSG00000283544.1,0,1,0,0,False
ENSG00000283549.1,0,1,0,0,False
ENSG00000283563,0,1,0,0,False
ENSG00000283563.1,0,1,0,0,False
ENSG00000283599,0,1,0,0,False
ENSG00000283602.1,0,1,0,0,False
ENSG00000283633,0,1,0,0,False
ENSG00000283663.1,0,1,0,0,False
ENSG00000283674,0,1,0,0,False
ENSG00000283674.3,0,1,0,0,False
ENSG00000283684.1,0,1,0,0,False
ENSG00000283689,0,1,0,0,False
ENSG00000283692.2,0,1,0,0,False
ENSG00000283696,0,1,0,0,False
ENSG00000283761,0,1,0,0,False
ENSG00000283765.1,0,1,0,0,False
ENSG00000283782,0,1,0,0,False
ENSG00000283782.2,0,1,0,0,False
ENSG00000283839,0,1,0,0,False
ENSG00000283877.1,0,1,0,0,False
ENSG00000283907,0,1,0,0,False
ENSG00000283907.1,0,1,0,0,False
ENSG00000283959.1,0,1,0,0,False
ENSG00000283977.1,0,1,0,0,False
ENSG00000283994.1,0,1,0,0,False
ENSG00000284052,0,1,0,0,False
ENSG00000284060.1,0,1,0,0,False
ENSG00000284070.1,0,1,0,0,False
ENSG00000284292.1,0,1,0,0,False
ENSG00000284337.1,0,1,0,0,False
ENSG00000284341.1,0,1,0,0,False
ENSG00000284377,0,1,0,0,False
ENSG00000284377.1,0,1,0,0,False
ENSG00000284418,0,1,0,0,False
ENSG00000284418.2,0,1,0,0,False
ENSG00000284431.1,0,1,0,0,False
ENSG00000284461,0,1,0,0,False
ENSG00000284461.2,0,1,0,0,False
ENSG00000284512.1,0,1,0,0,False
ENSG00000284526,0,1,0,0,False
ENSG00000284550,0,1,0,0,False
ENSG00000284604.1,0,1,0,0,False
ENSG00000284606,0,1,0,0,False
ENSG00000284606.1,0,1,0,0,False
ENSG00000284612,0,1,0,0,False
ENSG00000284620.2,0,1,0,0,False
ENSG00000284624.1,0,1,0,0,False
ENSG00000284626.1,0,1,0,0,False
ENSG00000284633.1,0,1,0,0,False
ENSG00000284634,0,1,0,0,False
ENSG00000284644.1,0,1,0,0,False
ENSG00000284664.1,0,1,0,0,False
ENSG00000284669.1,0,1,0,0,False
ENSG00000284677,0,1,0,0,False
ENSG00000284686.1,0,1,0,0,False
ENSG00000284691,0,1,0,0,False
ENSG00000284695.1,0,1,0,0,False
ENSG00000284706.1,0,1,0,0,False
ENSG00000284707,0,1,0,0,False
ENSG00000284717.1,0,1,0,0,False
ENSG00000284719,0,1,0,0,False
ENSG00000284727.1,0,1,0,0,False
ENSG00000284734,0,1,0,0,False
ENSG00000284762,0,1,0,0,False
ENSG00000284762.1,0,1,0,0,False
ENSG00000284773.1,0,1,0,0,False
ENSG00000284779.2,0,1,0,0,False
ENSG00000284803.1,0,1,0,0,False
ENSG00000284808.1,0,1,0,0,False
ENSG00000284809,0,1,0,0,False
ENSG00000284874.1,0,1,0,0,False
ENSG00000284906,0,1,0,0,False
ENSG00000284928.1,0,1,0,0,False
ENSG00000284931,0,1,0,0,False
ENSG00000284934.2,0,1,0,0,False
ENSG00000284946.1,0,1,0,0,False
ENSG00000284969.1,0,1,0,0,False
ENSG00000284976,0,1,0,0,False
ENSG00000284987.1,0,1,0,0,False
ENSG00000284999,0,1,0,0,False
ENSG00000285000.1,0,1,0,0,False
ENSG00000285006.1,0,1,0,0,False
ENSG00000285016.1,0,1,0,0,False
ENSG00000285020.1,0,1,0,0,False
ENSG00000285035.1,0,1,0,0,False
ENSG00000285043.1,0,1,0,0,False
ENSG00000285053,0,1,0,0,False
ENSG00000285079,0,1,0,0,False
ENSG00000285080,0,1,0,0,False
ENSG00000285080.1,0,1,0,0,False
ENSG00000285082,0,1,0,0,False
ENSG00000285082.2,0,1,0,0,False
ENSG00000285090,0,1,0,0,False
ENSG00000285091,0,1,0,0,False
ENSG00000285106.2,0,1,0,0,False
ENSG00000285108,0,1,0,0,False
ENSG00000285117.1,0,1,0,0,False
ENSG00000285144.1,0,1,0,0,False
ENSG00000285155.1,0,1,0,0,False
ENSG00000285162.1,0,1,0,0,False
ENSG00000285171.1,0,1,0,0,False
ENSG00000285188,0,1,0,0,False
ENSG00000285188.1,0,1,0,0,False
ENSG00000285190.1,0,1,0,0,False
ENSG00000285201.1,0,1,0,0,False
ENSG00000285215.2,0,1,0,0,False
ENSG00000285218,0,1,0,0,False
ENSG00000285218.1,0,1,0,0,False
ENSG00000285245.1,0,1,0,0,False
ENSG00000285280,0,1,0,0,False
ENSG00000285280.2,0,1,0,0,False
ENSG00000285304,0,1,0,0,False
ENSG00000285336,0,1,0,0,False
ENSG00000285347.1,0,1,0,0,False
ENSG00000285354,0,1,0,0,False
ENSG00000285367,0,1,0,0,False
ENSG00000285367.1,0,1,0,0,False
ENSG00000285382,0,1,0,0,False
ENSG00000285382.1,0,1,0,0,False
ENSG00000285404.1,0,1,0,0,False
ENSG00000285407.1,0,1,0,0,False
ENSG00000285417.1,0,1,0,0,False
ENSG00000285437,0,1,0,0,False
ENSG00000285437.1,0,1,0,0,False
ENSG00000285454.1,0,1,0,0,False
ENSG00000285467.1,0,1,0,0,False
ENSG00000285471,0,1,0,0,False
ENSG00000285471.1,0,1,0,0,False
ENSG00000285492,0,1,0,0,False
ENSG00000285508.1,0,1,0,0,False
ENSG00000285520.1,0,1,0,0,False
ENSG00000285525.1,0,1,0,0,False
ENSG00000285526.1,0,1,0,0,False
ENSG00000285534,0,1,0,0,False
ENSG00000285534.1,0,1,0,0,False
ENSG00000285540.1,0,1,0,0,False
ENSG00000285542.1,0,1,0,0,False
ENSG00000285543.1,0,1,0,0,False
ENSG00000285547.1,0,1,0,0,False
ENSG00000285550.1,0,1,0,0,False
ENSG00000285560.1,0,1,0,0,False
ENSG00000285565.1,0,1,0,0,False
ENSG00000285572,0,1,0,0,False
ENSG00000285579.1,0,1,0,0,False
ENSG00000285582.1,0,1,0,0,False
ENSG00000285588.1,0,1,0,0,False
ENSG00000285595,0,1,0,0,False
ENSG00000285596.1,0,1,0,0,False
ENSG00000285600.1,0,1,0,0,False
ENSG00000285601,0,1,0,0,False
ENSG00000285602.1,0,1,0,0,False
ENSG00000285621.1,0,1,0,0,False
ENSG00000285629.1,0,1,0,0,False
ENSG00000285634.2,0,1,0,0,False
ENSG00000285635.1,0,1,0,0,False
ENSG00000285636.2,0,1,0,0,False
ENSG00000285637.2,0,1,0,0,False
ENSG00000285641.1,0,1,0,0,False
ENSG00000285645.1,0,1,0,0,False
ENSG00000285646,0,1,0,0,False
ENSG00000285658.1,0,1,0,0,False
ENSG00000285664.2,0,1,0,0,False
ENSG00000285666.1,0,1,0,0,False
ENSG00000285667,0,1,0,0,False
ENSG00000285677.2,0,1,0,0,False
ENSG00000285693,0,1,0,0,False
ENSG00000285695,0,1,0,0,False
ENSG00000285696.1,0,1,0,0,False
ENSG00000285708.1,0,1,0,0,False
ENSG00000285731.1,0,1,0,0,False
ENSG00000285736.1,0,1,0,0,False
ENSG00000285745.1,0,1,0,0,False
ENSG00000285756,0,1,0,0,False
ENSG00000285772.1,0,1,0,0,False
ENSG00000285778,0,1,0,0,False
ENSG00000285778.2,0,1,0,0,False
ENSG00000285783,0,1,0,0,False
ENSG00000285783.1,0,1,0,0,False
ENSG00000285785.1,0,1,0,0,False
ENSG00000285790.1,0,1,0,0,False
ENSG00000285801,0,1,0,0,False
ENSG00000285802.1,0,1,0,0,False
ENSG00000285803,0,1,0,0,False
ENSG00000285812.1,0,1,0,0,False
ENSG00000285819.1,0,1,0,0,False
ENSG00000285827.1,0,1,0,0,False
ENSG00000285837.1,0,1,0,0,False
ENSG00000285839.1,0,1,0,0,False
ENSG00000285846.1,0,1,0,0,False
ENSG00000285848.1,0,1,0,0,False
ENSG00000285850.1,0,1,0,0,False
ENSG00000285854.1,0,1,0,0,False
ENSG00000285857.1,0,1,0,0,False
ENSG00000285859.1,0,1,0,0,False
ENSG00000285868.1,0,1,0,0,False
ENSG00000285875.1,0,1,0,0,False
ENSG00000285876,0,1,0,0,False
ENSG00000285876.1,0,1,0,0,False
ENSG00000285882.1,0,1,0,0,False
ENSG00000285887.1,0,1,0,0,False
ENSG00000285888.1,0,1,0,0,False
ENSG00000285892.1,0,1,0,0,False
ENSG00000285906.2,0,1,0,0,False
ENSG00000285907.1,0,1,0,0,False
ENSG00000285909.1,0,1,0,0,False
ENSG00000285919.1,0,1,0,0,False
ENSG00000285920.2,0,1,0,0,False
ENSG00000285921.1,0,1,0,0,False
ENSG00000285923,0,1,0,0,False
ENSG00000285933,0,1,0,0,False
ENSG00000285933.1,0,1,0,0,False
ENSG00000285939,0,1,0,0,False
ENSG00000285939.2,0,1,0,0,False
ENSG00000285940.2,0,1,0,0,False
ENSG00000285947.1,0,1,0,0,False
ENSG00000285958,0,1,0,0,False
ENSG00000285959,0,1,0,0,False
ENSG00000285976,0,1,0,0,False
ENSG00000285980,0,1,0,0,False
ENSG00000285980.2,0,1,0,0,False
ENSG00000285981.1,0,1,0,0,False
ENSG00000285987.1,0,1,0,0,False
ENSG00000285991.1,0,1,0,0,False
ENSG00000286001.1,0,1,0,0,False
ENSG00000286010,0,1,0,0,False
ENSG00000286016.1,0,1,0,0,False
ENSG00000286017.1,0,1,0,0,False
ENSG00000286020.1,0,1,0,0,False
ENSG00000286033.1,0,1,0,0,False
ENSG00000286037.1,0,1,0,0,False
ENSG00000286044.1,0,1,0,0,False
ENSG00000286062,0,1,0,0,False
ENSG00000286065.2,0,1,0,0,False
ENSG00000286070.2,0,1,0,0,False
ENSG00000286071.1,0,1,0,0,False
ENSG00000286072.1,0,1,0,0,False
ENSG00000286078.1,0,1,0,0,False
ENSG00000286084,0,1,0,0,False
ENSG00000286084.2,0,1,0,0,False
ENSG00000286098.1,0,1,0,0,False
ENSG00000286104.1,0,1,0,0,False
ENSG00000286110.1,0,1,0,0,False
ENSG00000286112,0,1,0,0,False
ENSG00000286134.2,0,1,0,0,False
ENSG00000286145,0,1,0,0,False
ENSG00000286145.2,0,1,0,0,False
ENSG00000286147.1,0,1,0,0,False
ENSG00000286150.1,0,1,0,0,False
ENSG00000286161.1,0,1,0,0,False
ENSG00000286162,0,1,0,0,False
ENSG00000286162.2,0,1,0,0,False
ENSG00000286165.1,0,1,0,0,False
ENSG00000286177,0,1,0,0,False
ENSG00000286177.1,0,1,0,0,False
ENSG00000286185.1,0,1,0,0,False
ENSG00000286196.1,0,1,0,0,False
ENSG00000286215.1,0,1,0,0,False
ENSG00000286220.1,0,1,0,0,False
ENSG00000286223,0,1,0,0,False
ENSG00000286225.1,0,1,0,0,False
ENSG00000286233.1,0,1,0,0,False
ENSG00000286239.1,0,1,0,0,False
ENSG00000286240.1,0,1,0,0,False
ENSG00000286257,0,1,0,0,False
ENSG00000286259.1,0,1,0,0,False
ENSG00000286261.1,0,1,0,0,False
ENSG00000286263,0,1,0,0,False
ENSG00000286264.2,0,1,0,0,False
ENSG00000286288.1,0,1,0,0,False
ENSG00000286313,0,1,0,0,False
ENSG00000286314.1,0,1,0,0,False
ENSG00000286318.1,0,1,0,0,False
ENSG00000286322.1,0,1,0,0,False
ENSG00000286324.1,0,1,0,0,False
ENSG00000286328.1,0,1,0,0,False
ENSG00000286330,0,1,0,0,False
ENSG00000286333.1,0,1,0,0,False
ENSG00000286334.1,0,1,0,0,False
ENSG00000286335.1,0,1,0,0,False
ENSG00000286354.1,0,1,0,0,False
ENSG00000286360.1,0,1,0,0,False
ENSG00000286377.1,0,1,0,0,False
ENSG00000286385.1,0,1,0,0,False
ENSG00000286405.1,0,1,0,0,False
ENSG00000286406.1,0,1,0,0,False
ENSG00000286408,0,1,0,0,False
ENSG00000286415.1,0,1,0,0,False
ENSG00000286416.1,0,1,0,0,False
ENSG00000286424.1,0,1,0,0,False
ENSG00000286425.1,0,1,0,0,False
ENSG00000286433.1,0,1,0,0,False
ENSG00000286434.1,0,1,0,0,False
ENSG00000286438,0,1,0,0,False
ENSG00000286439.1,0,1,0,0,False
ENSG00000286458,0,1,0,0,False
ENSG00000286458.1,0,1,0,0,False
ENSG00000286475,0,1,0,0,False
ENSG00000286481,0,1,0,0,False
ENSG00000286481.1,0,1,0,0,False
ENSG00000286495.1,0,1,0,0,False
ENSG00000286503,0,1,0,0,False
ENSG00000286511.1,0,1,0,0,False
ENSG00000286512.1,0,1,0,0,False
ENSG00000286533,0,1,0,0,False
ENSG00000286533.1,0,1,0,0,False
ENSG00000286540.1,0,1,0,0,False
ENSG00000286546.1,0,1,0,0,False
ENSG00000286549,0,1,0,0,False
ENSG00000286551.1,0,1,0,0,False
ENSG00000286593.1,0,1,0,0,False
ENSG00000286599.1,0,1,0,0,False
ENSG00000286600.1,0,1,0,0,False
ENSG00000286608,0,1,0,0,False
ENSG00000286608.1,0,1,0,0,False
ENSG00000286618.1,0,1,0,0,False
ENSG00000286632.1,0,1,0,0,False
ENSG00000286635.1,0,1,0,0,False
ENSG00000286642.1,0,1,0,0,False
ENSG00000286668.1,0,1,0,0,False
ENSG00000286669.1,0,1,0,0,False
ENSG00000286680.1,0,1,0,0,False
ENSG00000286715.1,0,1,0,0,False
ENSG00000286719.1,0,1,0,0,False
ENSG00000286724.1,0,1,0,0,False
ENSG00000286746.1,0,1,0,0,False
ENSG00000286753,0,1,0,0,False
ENSG00000286757.2,0,1,0,0,False
ENSG00000286774.1,0,1,0,0,False
ENSG00000286781.1,0,1,0,0,False
ENSG00000286784.1,0,1,0,0,False
ENSG00000286800,0,1,0,0,False
ENSG00000286802.1,0,1,0,0,False
ENSG00000286805.1,0,1,0,0,False
ENSG00000286808,0,1,0,0,False
ENSG00000286812.1,0,1,0,0,False
ENSG00000286813,0,1,0,0,False
ENSG00000286820.1,0,1,0,0,False
ENSG00000286823.1,0,1,0,0,False
ENSG00000286835,0,1,0,0,False
ENSG00000286836.1,0,1,0,0,False
ENSG00000286838.1,0,1,0,0,False
ENSG00000286848,0,1,0,0,False
ENSG00000286848.1,0,1,0,0,False
ENSG00000286855.1,0,1,0,0,False
ENSG00000286861.1,0,1,0,0,False
ENSG00000286864.1,0,1,0,0,False
ENSG00000286871.1,0,1,0,0,False
ENSG00000286885,0,1,0,0,False
ENSG00000286907,0,1,0,0,False
ENSG00000286924,0,1,0,0,False
ENSG00000286924.1,0,1,0,0,False
ENSG00000286931,0,1,0,0,False
ENSG00000286931.1,0,1,0,0,False
ENSG00000286945.1,0,1,0,0,False
ENSG00000286982.1,0,1,0,0,False
ENSG00000286989,0,1,0,0,False
ENSG00000287000.1,0,1,0,0,False
ENSG00000287020.1,0,1,0,0,False
ENSG00000287021.1,0,1,0,0,False
ENSG00000287049.1,0,1,0,0,False
ENSG00000287058.1,0,1,0,0,False
ENSG00000287070,0,1,0,0,False
ENSG00000287083.1,0,1,0,0,False
ENSG00000287092,0,1,0,0,False
ENSG00000287092.1,0,1,0,0,False
ENSG00000287095.1,0,1,0,0,False
ENSG00000287097.1,0,1,0,0,False
ENSG00000287103.1,0,1,0,0,False
ENSG00000287104,0,1,0,0,False
ENSG00000287117.1,0,1,0,0,False
ENSG00000287122.1,0,1,0,0,False
ENSG00000287123.1,0,1,0,0,False
ENSG00000287125,0,1,0,0,False
ENSG00000287125.1,0,1,0,0,False
ENSG00000287149.1,0,1,0,0,False
ENSG00000287154.1,0,1,0,0,False
ENSG00000287156.1,0,1,0,0,False
ENSG00000287159.1,0,1,0,0,False
ENSG00000287160.1,0,1,0,0,False
ENSG00000287168,0,1,0,0,False
ENSG00000287175,0,1,0,0,False
ENSG00000287180.1,0,1,0,0,False
ENSG00000287190,0,1,0,0,False
ENSG00000287205.1,0,1,0,0,False
ENSG00000287210.1,0,1,0,0,False
ENSG00000287226,0,1,0,0,False
ENSG00000287231,0,1,0,0,False
ENSG00000287231.1,0,1,0,0,False
ENSG00000287233.1,0,1,0,0,False
ENSG00000287241.1,0,1,0,0,False
ENSG00000287255.1,0,1,0,0,False
ENSG00000287256,0,1,0,0,False
ENSG00000287256.1,0,1,0,0,False
ENSG00000287263,0,1,0,0,False
ENSG00000287265,0,1,0,0,False
ENSG00000287269.1,0,1,0,0,False
ENSG00000287277.1,0,1,0,0,False
ENSG00000287286,0,1,0,0,False
ENSG00000287286.1,0,1,0,0,False
ENSG00000287292,0,1,0,0,False
ENSG00000287292.1,0,1,0,0,False
ENSG00000287299,0,1,0,0,False
ENSG00000287299.1,0,1,0,0,False
ENSG00000287303.1,0,1,0,0,False
ENSG00000287330.1,0,1,0,0,False
ENSG00000287351,0,1,0,0,False
ENSG00000287351.1,0,1,0,0,False
ENSG00000287368.1,0,1,0,0,False
ENSG00000287378.1,0,1,0,0,False
ENSG00000287387.1,0,1,0,0,False
ENSG00000287395.1,0,1,0,0,False
ENSG00000287398.1,0,1,0,0,False
ENSG00000287404.1,0,1,0,0,False
ENSG00000287423.1,0,1,0,0,False
ENSG00000287425,0,1,0,0,False
ENSG00000287434.1,0,1,0,0,False
ENSG00000287453.1,0,1,0,0,False
ENSG00000287454,0,1,0,0,False
ENSG00000287475.1,0,1,0,0,False
ENSG00000287488.1,0,1,0,0,False
ENSG00000287510.1,0,1,0,0,False
ENSG00000287511.1,0,1,0,0,False
ENSG00000287514.2,0,1,0,0,False
ENSG00000287523,0,1,0,0,False
ENSG00000287523.1,0,1,0,0,False
ENSG00000287532.1,0,1,0,0,False
ENSG00000287536.1,0,1,0,0,False
ENSG00000287542,0,1,0,0,False
ENSG00000287542.1,0,1,0,0,False
ENSG00000287543.1,0,1,0,0,False
ENSG00000287544,0,1,0,0,False
ENSG00000287544.1,0,1,0,0,False
ENSG00000287551.1,0,1,0,0,False
ENSG00000287552.1,0,1,0,0,False
ENSG00000287555,0,1,0,0,False
ENSG00000287555.1,0,1,0,0,False
ENSG00000287557.1,0,1,0,0,False
ENSG00000287558.1,0,1,0,0,False
ENSG00000287576,0,1,0,0,False
ENSG00000287578.1,0,1,0,0,False
ENSG00000287603.1,0,1,0,0,False
ENSG00000287608,0,1,0,0,False
ENSG00000287625,0,1,0,0,False
ENSG00000287632.1,0,1,0,0,False
ENSG00000287640,0,1,0,0,False
ENSG00000287644,0,1,0,0,False
ENSG00000287647.1,0,1,0,0,False
ENSG00000287654.1,0,1,0,0,False
ENSG00000287655.1,0,1,0,0,False
ENSG00000287671,0,1,0,0,False
ENSG00000287691.1,0,1,0,0,False
ENSG00000287695.1,0,1,0,0,False
ENSG00000287697,0,1,0,0,False
ENSG00000287702.1,0,1,0,0,False
ENSG00000287714.1,0,1,0,0,False
ENSG00000287732.1,0,1,0,0,False
ENSG00000287744.1,0,1,0,0,False
ENSG00000287747.1,0,1,0,0,False
ENSG00000287749.1,0,1,0,0,False
ENSG00000287763.1,0,1,0,0,False
ENSG00000287765.1,0,1,0,0,False
ENSG00000287771.1,0,1,0,0,False
ENSG00000287778.1,0,1,0,0,False
ENSG00000287780.1,0,1,0,0,False
ENSG00000287782.1,0,1,0,0,False
ENSG00000287784.1,0,1,0,0,False
ENSG00000287797.1,0,1,0,0,False
ENSG00000287801.1,0,1,0,0,False
ENSG00000287825,0,1,0,0,False
ENSG00000287836.1,0,1,0,0,False
ENSG00000287839,0,1,0,0,False
ENSG00000287842.1,0,1,0,0,False
ENSG00000287856.1,0,1,0,0,False
ENSG00000287860.1,0,1,0,0,False
ENSG00000287876.1,0,1,0,0,False
ENSG00000287877.1,0,1,0,0,False
ENSG00000287883.1,0,1,0,0,False
ENSG00000287902.1,0,1,0,0,False
ENSG00000287915.1,0,1,0,0,False
ENSG00000287916,0,1,0,0,False
ENSG00000287916.1,0,1,0,0,False
ENSG00000287917.1,0,1,0,0,False
ENSG00000287923,0,1,0,0,False
ENSG00000287934.1,0,1,0,0,False
ENSG00000287943.1,0,1,0,0,False
ENSG00000287962.1,0,1,0,0,False
ENSG00000287978,0,1,0,0,False
ENSG00000287979,0,1,0,0,False
ENSG00000287989,0,1,0,0,False
ENSG00000287989.1,0,1,0,0,False
ENSG00000288015,0,1,0,0,False
ENSG00000288015.1,0,1,0,0,False
ENSG00000288016.1,0,1,0,0,False
ENSG00000288017.1,0,1,0,0,False
ENSG00000288020.1,0,1,0,0,False
ENSG00000288038.1,0,1,0,0,False
ENSG00000288044,0,1,0,0,False
ENSG00000288046,0,1,0,0,False
ENSG00000288066,0,1,0,0,False
ENSG00000288073.1,0,1,0,0,False
ENSG00000288075,0,1,0,0,False
ENSG00000288075.1,0,1,0,0,False
ENSG00000288076.1,0,1,0,0,False
ENSG00000288088.1,0,1,0,0,False
ENSG00000288093,0,1,0,0,False
ENSG00000288096,0,1,0,0,False
ENSG00000288098.1,0,1,0,0,False
ENSG00000288105.1,0,1,0,0,False
ENSG00000288172.1,0,1,0,0,False
ENSG00000288271.1,0,1,0,0,False
ENSG00000288302,0,1,0,0,False
ENSG00000288398,0,1,0,0,False
ENSG00000288520.1,0,1,0,0,False
ENSG00000288526.1,0,1,0,0,False
ENSG00000288528.1,0,1,0,0,False
ENSG00000288534,0,1,0,0,False
ENSG00000288534.1,0,1,0,0,False
ENSG00000288537.1,0,1,0,0,False
ENSG00000288540.1,0,1,0,0,False
ENSG00000288542,0,1,0,0,False
ENSG00000288542.1,0,1,0,0,False
ENSG00000288545.1,0,1,0,0,False
ENSG00000288546.1,0,1,0,0,False
ENSG00000288583.1,0,1,0,0,False
ENSG00000288597.1,0,1,0,0,False
ENSG00000288600,0,1,0,0,False
ENSG00000288600.1,0,1,0,0,False
ENSG00000288606.1,0,1,0,0,False
ENSG00000288623.1,0,1,0,0,False
ENSG00000288630.1,0,1,0,0,False
ENSG00000288632.1,0,1,0,0,False
ENSG00000288637.1,0,1,0,0,False
ENSG00000288640.1,0,1,0,0,False
ENSG00000288643.1,0,1,0,0,False
ENSG00000289083,0,1,0,0,False
ENSG00000289339,0,1,0,0,False
ENSG00000289341,0,1,0,0,False
ENSG00000289474,0,1,0,0,False
ENSG00000289873,0,1,0,0,False
ENSG00000289950,0,1,0,0,False
ENSG00000290456,0,1,0,0,False
ENSG00000290474,0,1,0,0,False
ENSG00000291102,0,1,0,0,False
ENSG00000292332,0,1,0,0,False
ENSG00000292333,0,1,0,0,False
ENSG00000292334,0,1,0,0,False
ENSG00000292342,0,1,0,0,False
ENSG00000292348,0,1,0,0,False
ENSG00000292357,0,1,0,0,False
ENSG00000292363,0,1,0,0,False
ENSG00000292366,0,1,0,0,False
ENTPD1,1,1,0,0,False
ENTPD1-AS1,0,1,0,0,False
ENTPD2,0,1,0,0,False
ENTPD3,1,0,0,0,False
ENTPD3-AS1,0,1,0,0,False
ENTPD4,0,1,0,0,False
ENTPD4-DT,0,1,0,0,False
ENTPD5,0,1,0,0,False
ENTPD6,0,1,0,0,False
ENTPD7,0,1,0,0,False
ENTR1,0,1,0,0,False
ENTREP1,0,1,0,0,False
ENTREP2,0,1,1,0,False
ENTREP3,0,1,0,0,False
ENY2,0,1,0,0,False
EOGT,0,1,0,0,False
EOGT-DT,0,1,0,0,False
EOLA1-DT,0,1,0,0,False
EOLA2,0,1,0,0,False
EOLA2-DT,0,1,0,0,False
EOMES,1,1,0,0,False
EP300,0,1,0,0,False
EP400,0,1,0,0,False
EP400P1,0,1,0,0,False
EPAS1,0,1,0,0,False
EPB41,0,1,0,0,False
EPB41L1,0,1,0,0,False
EPB41L2,0,1,0,0,False
EPB41L3,0,1,0,0,False
EPB41L4A,1,1,0,0,False
EPB41L4A-AS1,0,1,0,0,False
EPB41L4B,0,1,0,0,False
EPB41L5,0,1,0,0,False
EPB42,0,1,0,0,False
EPC1,0,1,0,0,False
EPC1-AS1,0,1,0,0,False
EPC2,0,1,0,0,False
EPCAM,1,1,0,1,False
EPCAM-DT,0,1,0,0,False
EPCIP,0,1,0,0,False
EPCIP-AS1,0,1,0,0,False
EPDR1,0,1,0,0,False
EPG5,0,1,0,0,False
EPGN,0,1,0,0,False
EPHA1,0,1,0,0,False
EPHA1-AS1,0,1,0,0,False
EPHA2,0,1,0,0,False
EPHA2-AS1,0,1,0,0,False
EPHA3,1,1,0,1,False
EPHA4,0,1,0,0,False
EPHA5,0,1,0,0,False
EPHA6,0,1,0,0,False
EPHA7,0,1,0,0,False
EPHA8,0,1,0,0,False
EPHB1,0,1,0,0,False
EPHB2,0,1,0,0,False
EPHB3,0,1,0,0,False
EPHB4,1,1,0,0,False
EPHB6,0,1,0,0,False
EPHX1,0,1,0,0,False
EPHX2,0,1,0,0,False
EPHX3,0,1,0,0,False
EPHX4,0,1,0,0,False
EPIC1,0,1,0,0,False
EPM2A,0,1,0,0,False
EPM2A-DT,0,1,0,0,False
EPM2AIP1,0,1,0,0,False
EPN1,0,1,0,0,False
EPN2,0,1,0,0,False
EPOR,0,1,0,0,False
EPPK1,0,1,0,0,False
EPRS1,0,1,0,0,False
EPS15,0,1,0,0,False
EPS15-AS1,0,1,0,0,False
EPS15L1,0,1,0,0,False
EPS8,0,1,0,0,False
EPS8L1,0,1,0,0,False
EPS8L2,0,1,0,0,False
EPS8L3,0,1,0,0,False
EPSTI1,0,1,0,0,False
EPX,1,1,0,0,False
EQTN,0,1,0,0,False
ERAL1,0,1,0,0,False
ERAP1,0,1,0,0,False
ERAP2,0,1,0,0,False
ERBB2,0,1,0,0,False
ERBB3,0,1,0,0,False
ERBB4,1,1,1,0,False
ERBIN,0,1,0,0,False
ERC1,0,1,0,0,False
ERC2,0,1,0,0,False
ERCC1,0,1,0,0,False
ERCC2,0,1,0,0,False
ERCC3,0,1,0,0,False
ERCC4,0,1,0,0,False
ERCC5,0,1,0,0,False
ERCC6,0,1,0,0,False
ERCC6L,0,1,0,0,False
ERCC6L2,0,1,0,0,False
ERCC6L2-AS1,0,1,0,0,False
ERCC8,0,1,0,0,False
EREG,1,1,0,0,False
ERF,0,1,0,0,False
ERFE,0,1,0,0,False
ERG,1,1,0,0,False
ERG28,0,1,0,0,False
ERGIC1,0,1,0,0,False
ERGIC2,0,1,0,0,False
ERGIC3,0,1,0,0,False
ERH,0,1,0,0,False
ERI1,0,1,0,0,False
ERI3,0,1,0,0,False
ERICH1,0,1,0,0,False
ERICH3,0,1,0,1,False
ERICH3-AS1,0,1,0,0,False
ERICH5,0,1,0,0,False
ERICH6-AS1,0,1,0,0,False
ERLEC1,0,1,0,0,False
ERLIN1,0,1,0,0,False
ERLIN2,0,1,0,0,False
ERMAP,0,1,0,0,False
ERMARD,0,1,0,0,False
ERMP1,0,1,0,0,False
ERN1,0,1,0,0,False
ERN2,0,1,0,0,False
ERO1A,0,1,0,0,False
ERO1B,0,1,0,0,False
ERP27,0,1,0,0,False
ERP29,0,1,0,0,False
ERP44,0,1,0,0,False
ERRFI1,0,1,0,0,False
ERRFI1-DT,0,1,0,0,False
ERV3-1,0,1,0,0,False
ERVH48-1,0,1,0,0,False
ERVK3-1,0,1,0,0,False
ERVMER34-1,0,1,0,0,False
ESAM,1,1,0,0,False
ESCO1,0,1,0,0,False
ESCO2,0,1,0,0,False
ESD,0,1,0,0,False
ESF1,0,1,0,0,False
ESM1,0,1,0,0,False
ESPL1,0,1,0,0,False
ESPN,0,1,0,0,False
ESPNL,0,1,0,0,False
ESR1,1,1,0,0,False
ESR2,1,1,0,0,False
ESRG,0,1,0,0,False
ESRP1,0,1,0,0,False
ESRP2,0,1,0,0,False
ESRRA,0,1,0,0,False
ESRRB,0,1,0,0,False
ESRRG,0,1,1,0,False
ESS2,0,1,0,0,False
ESX1,0,1,0,0,False
ESYT1,0,1,0,0,False
ESYT2,0,1,0,0,False
ESYT3,0,1,0,0,False
ETAA1,0,1,0,0,False
ETF1,0,1,0,0,False
ETFA,0,1,0,0,False
ETFB,0,1,0,0,False
ETFDH,0,1,0,0,False
ETFRF1,0,1,0,0,False
ETHE1,0,1,0,0,False
ETNK1,0,1,0,0,False
ETNK2,0,1,0,0,False
ETNPPL,1,1,0,0,False
ETS1,1,1,1,0,False
ETS2,0,1,0,0,False
ETV1,1,1,0,0,False
ETV3,0,1,0,0,False
ETV3L,0,1,0,0,False
ETV5,0,1,0,0,False
ETV6,0,1,0,0,False
ETV7,0,1,0,0,False
EVA1A,0,1,0,0,False
EVA1A-AS,0,1,0,0,False
EVA1B,0,1,0,0,False
EVA1C,0,1,0,0,False
EVC,0,1,0,0,False
EVI2A,0,1,0,0,False
EVI2B,0,1,0,0,False
EVI5,0,1,0,0,False
EVI5L,0,1,0,0,False
EVL,0,1,0,0,False
EVPLL,0,1,0,0,False
EWSR1,0,1,0,0,False
EXD1,0,1,0,0,False
EXD3,0,1,0,0,False
EXO1,0,1,0,0,False
EXO5,0,1,0,0,False
EXO5-DT,0,1,0,0,False
EXOC1,0,1,0,0,False
EXOC2,0,1,0,0,False
EXOC3,0,1,0,0,False
EXOC3L1,0,1,0,0,False
EXOC3L2,0,1,0,0,False
EXOC4,0,1,0,0,False
EXOC5,0,1,0,0,False
EXOC6,0,1,0,0,False
EXOC6B,0,1,0,0,False
EXOC7,0,1,0,0,False
EXOC8,0,1,0,0,False
EXOG,0,1,0,0,False
EXOSC1,0,1,0,0,False
EXOSC10,0,1,0,0,False
EXOSC2,0,1,0,0,False
EXOSC3,0,1,0,0,False
EXOSC4,0,1,0,0,False
EXOSC5,0,1,0,0,False
EXOSC6,0,1,0,0,False
EXOSC7,0,1,0,0,False
EXOSC8,0,1,0,0,False
EXOSC9,0,1,0,0,False
EXPH5,0,1,0,0,False
EXT1,0,1,0,0,False
EXT2,0,1,0,0,False
EXTL2,0,1,0,0,False
EXTL3,0,1,0,0,False
EXTL3-AS1,0,1,0,0,False
EYA1,0,1,0,0,False
EYA2,1,1,0,0,False
EYA3,0,1,0,0,False
EYA4,1,1,1,0,False
EYS,1,1,0,0,False
EZH1,0,1,0,0,False
EZH2,0,1,0,0,False
EZR,1,1,0,0,False
F10,0,1,0,0,False
F11-AS1,1,1,0,0,False
F11R,0,1,0,0,False
F12,0,1,0,0,False
F13A1,1,1,1,0,False
F2R,0,1,0,0,False
F2RL1,0,1,0,0,False
F2RL2,0,1,0,0,False
F2RL3,0,1,0,0,False
F3,1,1,0,0,False
F5,0,1,0,0,False
F8,0,1,0,0,False
F8A1,0,1,0,0,False
FA2H,0,1,0,0,False
FAAH,0,1,0,0,False
FAAH2,0,1,0,0,False
FAAP100,0,1,0,0,False
FAAP20,0,1,0,0,False
FAAP24,0,1,0,0,False
FABP1,0,1,0,1,False
FABP2,0,1,0,0,False
FABP3,0,1,0,0,False
FABP4,1,1,0,1,False
FABP5,1,1,0,0,False
FABP5P5,0,1,0,0,False
FABP5P7,0,1,0,0,False
FABP6,0,1,0,0,False
FABP7,0,1,0,0,False
FADD,0,1,0,0,False
FADS1,0,1,0,0,False
FADS2,0,1,0,0,False
FADS3,0,1,0,0,False
FAF1,0,1,0,0,False
FAF2,0,1,0,0,False
FAH,0,1,0,0,False
FAHD1,0,1,0,0,False
FAHD2A,0,1,0,0,False
FAHD2B,0,1,0,0,False
FAHD2CP,0,1,0,0,False
FAIM,0,1,0,0,False
FAIM2,0,1,0,0,False
FAM106A,0,1,0,0,False
FAM107A,0,1,0,0,False
FAM107B,0,1,0,0,False
FAM110A,0,1,0,0,False
FAM110B,0,1,0,0,False
FAM110C,0,1,0,0,False
FAM110D,0,1,0,0,False
FAM111A,0,1,0,0,False
FAM111A-DT,0,1,0,0,False
FAM111B,1,1,0,0,False
FAM114A1,1,1,0,0,False
FAM114A2,0,1,0,0,False
FAM117A,0,1,0,0,False
FAM117B,0,1,0,0,False
FAM118A,0,1,0,0,False
FAM118B,0,1,0,0,False
FAM120A,0,1,0,0,False
FAM120AOS,0,1,0,0,False
FAM120B,0,1,0,0,False
FAM120C,0,1,0,0,False
FAM124A,0,1,0,0,False
FAM124B,0,1,0,0,False
FAM129A,0,1,0,0,False
FAM131B-AS2,0,1,0,0,False
FAM133B,0,1,0,0,False
FAM133CP,0,1,0,0,False
FAM133DP,0,1,0,0,False
FAM135A,0,1,0,0,False
FAM135B,0,1,0,0,False
FAM136A,0,1,0,0,False
FAM138E,0,1,0,0,False
FAM13A,0,1,0,0,False
FAM13A-AS1,0,1,0,0,False
FAM13B,0,1,0,0,False
FAM13C,0,1,0,0,False
FAM149A,0,1,0,0,False
FAM149B1,0,1,0,0,False
FAM151A,0,1,0,0,False
FAM151B-DT,0,1,0,0,False
FAM153A,0,1,0,0,False
FAM153CP,0,1,0,0,False
FAM156A,0,1,0,0,False
FAM156B,0,1,0,0,False
FAM157C,0,1,0,0,False
FAM160A1,1,0,0,0,False
FAM161A,0,1,0,0,False
FAM161B,0,1,0,0,False
FAM162A,0,1,0,0,False
FAM162B,0,1,0,0,False
FAM163A,1,1,0,0,False
FAM167A,0,1,0,0,False
FAM167B,0,1,0,0,False
FAM168A,0,1,0,0,False
FAM168B,0,1,0,0,False
FAM169A,0,1,0,0,False
FAM169BP,0,1,0,0,False
FAM171A1,0,1,0,0,False
FAM171B,0,1,0,0,False
FAM172A,0,1,0,0,False
FAM174A,0,1,0,0,False
FAM174A-DT,0,1,0,0,False
FAM174B,0,1,0,0,False
FAM174C,0,1,0,0,False
FAM177A1,1,1,0,0,False
FAM177B,0,1,0,0,False
FAM178B,1,1,0,0,False
FAM180A,0,1,0,0,False
FAM180B,0,1,0,0,False
FAM184A,0,1,0,0,False
FAM184B,0,1,0,0,False
FAM185A,0,1,0,0,False
FAM187A,0,1,0,0,False
FAM192BP,0,1,0,0,False
FAM193A,0,1,0,0,False
FAM193B,0,1,0,0,False
FAM199X,0,1,0,0,False
FAM200A,0,1,0,0,False
FAM200B,0,1,0,0,False
FAM204A,0,1,0,0,False
FAM209A,0,1,0,0,False
FAM209B,0,1,0,0,False
FAM20A,0,1,0,0,False
FAM20B,0,1,0,0,False
FAM20C,0,1,0,0,False
FAM210A,0,1,0,0,False
FAM210B,0,1,0,0,False
FAM215A,0,1,0,0,False
FAM215B,0,1,0,0,False
FAM216A,0,1,0,0,False
FAM216B,0,1,0,0,False
FAM217A,0,1,0,0,False
FAM217B,0,1,0,0,False
FAM219A,0,1,0,0,False
FAM219B,0,1,0,0,False
FAM21FP,0,1,0,0,False
FAM221A,0,1,0,0,False
FAM221B,0,1,0,0,False
FAM222A,1,0,0,0,False
FAM222A-AS1,0,1,0,0,False
FAM222B,0,1,0,0,False
FAM226B,0,1,0,0,False
FAM227A,0,1,0,0,False
FAM227B,0,1,0,0,False
FAM228A,0,1,0,0,False
FAM228B,0,1,0,0,False
FAM229B,0,1,0,0,False
FAM230C,0,1,0,0,False
FAM234A,0,1,0,0,False
FAM234B,0,1,0,0,False
FAM241A,0,1,0,0,False
FAM242A,0,1,0,0,False
FAM242C,0,1,0,0,False
FAM24B,0,1,0,0,False
FAM25C,0,1,0,0,False
FAM25G,0,1,0,0,False
FAM27C,0,1,0,0,False
FAM30A,0,1,0,0,False
FAM32A,0,1,0,0,False
FAM3A,0,1,0,0,False
FAM3B,0,1,0,0,False
FAM3C,0,1,0,0,False
FAM3D,0,1,0,0,False
FAM41C,0,1,0,0,False
FAM43A,0,1,0,0,False
FAM43B,0,1,0,0,False
FAM47E,0,1,0,0,False
FAM49B,0,1,0,0,False
FAM50A,0,1,0,0,False
FAM50B,0,1,0,0,False
FAM53A,0,1,0,0,False
FAM53B,0,1,0,0,False
FAM53C,0,1,0,0,False
FAM65B,0,1,0,0,False
FAM66C,0,1,0,0,False
FAM66D,0,1,0,0,False
FAM69A,0,1,0,0,False
FAM72B,0,1,0,0,False
FAM72C,0,1,0,0,False
FAM76A,0,1,0,0,False
FAM76B,0,1,0,0,False
FAM78A,0,1,0,0,False
FAM81A,0,1,0,0,False
FAM81B,0,1,0,0,False
FAM83A,0,1,0,0,False
FAM83B,1,1,0,0,False
FAM83D,1,1,0,0,False
FAM83E,0,1,0,0,False
FAM83F,0,1,0,0,False
FAM83G,0,1,0,0,False
FAM83H,0,1,0,0,False
FAM85B,0,1,0,0,False
FAM86B1,0,1,0,0,False
FAM86C1P,0,1,0,0,False
FAM86EP,0,1,0,0,False
FAM89A,0,1,0,0,False
FAM89B,0,1,0,0,False
FAM8A1,0,1,0,0,False
FAM90A27P,0,1,0,0,False
FAM91A1,0,1,0,0,False
FAM95B1,0,1,0,0,False
FAM98A,0,1,0,0,False
FAM98B,0,1,0,0,False
FAM98C,0,1,0,0,False
FAM9B,1,1,0,0,False
FAN1,0,1,0,0,False
FANCA,0,1,0,0,False
FANCC,0,1,0,0,False
FANCD2,0,1,0,0,False
FANCE,0,1,0,0,False
FANCF,0,1,0,0,False
FANCG,0,1,0,0,False
FANCI,0,1,0,0,False
FANCL,0,1,0,0,False
FANCM,0,1,0,0,False
FANK1,1,1,0,0,False
FAP,1,1,0,1,False
FAR1,0,1,0,0,False
FAR1-IT1,0,1,0,0,False
FAR2,0,1,0,0,False
FARP1,0,1,0,0,False
FARP2,0,1,0,0,False
FARS2,0,1,0,0,False
FARS2-AS1,0,1,0,0,False
FARSA,0,1,0,0,False
FARSB,0,1,0,0,False
FAS,0,1,0,0,False
FASLG,0,1,0,0,False
FASN,1,1,0,0,False
FASTK,0,1,0,0,False
FASTKD1,0,1,0,0,False
FASTKD2,0,1,0,0,False
FASTKD3,0,1,0,0,False
FASTKD5,0,1,0,0,False
FAT1,0,1,0,0,False
FAT3,0,1,0,0,False
FAT4,0,1,0,0,False
FAU,0,1,0,0,False
FAUP1,0,1,0,0,False
FAUP4,0,1,0,0,False
FAXC,0,1,0,0,False
FAXDC2,0,1,0,0,False
FBH1,0,1,0,0,False
FBL,0,1,0,0,False
FBLIM1,0,1,0,0,False
FBLN1,1,1,1,0,False
FBLN2,1,1,0,0,False
FBLN5,0,1,1,0,False
FBLN7,0,1,0,0,False
FBN1,1,1,0,0,False
FBN2,1,1,0,0,False
FBN3,0,1,0,0,False
FBP1,0,1,0,0,False
FBRS,0,1,0,0,False
FBRSL1,0,1,0,0,False
FBXL12,0,1,0,0,False
FBXL13,0,1,0,0,False
FBXL15,0,1,0,0,False
FBXL17,0,1,0,0,False
FBXL18,0,1,0,0,False
FBXL2,0,1,0,0,False
FBXL20,0,1,0,0,False
FBXL21P,1,0,0,0,False
FBXL22,0,1,0,1,False
FBXL3,0,1,0,0,False
FBXL4,0,1,0,0,False
FBXL5,0,1,0,0,False
FBXL6,0,1,0,0,False
FBXL7,1,1,1,0,False
FBXL8,0,1,0,0,False
FBXL9P,0,1,0,0,False
FBXO10,0,1,0,0,False
FBXO11,0,1,0,0,False
FBXO16,0,1,0,0,False
FBXO17,0,1,0,0,False
FBXO2,0,1,0,0,False
FBXO21,0,1,0,0,False
FBXO22,0,1,0,0,False
FBXO24,0,1,0,0,False
FBXO25,0,1,0,0,False
FBXO27,0,1,0,0,False
FBXO28,0,1,0,0,False
FBXO3,0,1,0,0,False
FBXO30,0,1,0,0,False
FBXO31,0,1,0,0,False
FBXO32,0,1,0,0,False
FBXO33,0,1,0,0,False
FBXO34,0,1,0,0,False
FBXO36,0,1,0,0,False
FBXO38,0,1,0,0,False
FBXO38-DT,0,1,0,0,False
FBXO4,0,1,0,0,False
FBXO42,0,1,0,0,False
FBXO44,0,1,0,0,False
FBXO45,0,1,0,0,False
FBXO46,0,1,0,0,False
FBXO47,0,1,0,0,False
FBXO48,0,1,0,0,False
FBXO5,0,1,0,0,False
FBXO6,0,1,0,0,False
FBXO7,0,1,0,0,False
FBXO8,0,1,0,0,False
FBXO9,0,1,0,0,False
FBXW10B,0,1,0,0,False
FBXW11,0,1,0,0,False
FBXW2,0,1,0,0,False
FBXW4,0,1,0,0,False
FBXW5,0,1,0,0,False
FBXW7,0,1,1,0,False
FBXW8,0,1,0,0,False
FBXW9,0,1,0,0,False
FCAMR,1,0,0,0,False
FCAR,0,1,0,0,False
FCER1A,1,1,0,1,False
FCER1G,1,1,0,0,False
FCER2,1,1,0,0,False
FCF1,0,1,0,0,False
FCF1P2,0,1,0,0,False
FCGBP,1,1,0,0,False
FCGR1A,1,1,0,0,False
FCGR1BP,1,1,0,0,False
FCGR1CP,0,1,0,0,False
FCGR2A,0,1,0,0,False
FCGR2B,1,1,0,0,False
FCGR2C,0,1,0,0,False
FCGR3A,1,1,0,1,False
FCGR3B,1,1,1,1,True
FCGRT,1,1,0,0,False
FCHO1,0,1,0,0,False
FCHO2,0,1,0,0,False
FCHSD1,0,1,0,0,False
FCHSD2,0,1,1,0,False
FCMR,0,1,0,0,False
FCN1,1,1,1,1,True
FCN2,0,1,0,0,False
FCN3,0,1,0,0,False
FCRL1,0,1,0,1,False
FCRL2,0,1,0,0,False
FCRL3,0,1,0,0,False
FCRL5,1,1,0,1,False
FCRL6,0,1,0,0,False
FCRLA,1,1,0,1,False
FCRLB,0,1,0,0,False
FDCSP,0,1,0,0,False
FDFT1,0,1,0,0,False
FDPS,0,1,0,0,False
FDX1,0,1,0,0,False
FDX2,0,1,0,0,False
FDXACB1,0,1,0,0,False
FDXR,0,1,0,0,False
FECH,0,1,0,0,False
FEM1A,0,1,0,0,False
FEM1B,0,1,0,0,False
FEM1C,0,1,0,0,False
FEN1,0,1,0,0,False
FENDRR,0,1,0,0,False
FER,0,1,0,0,False
FER1L4,0,1,0,0,False
FER1L5,0,1,0,0,False
FER1L6,0,1,0,0,False
FER1L6-AS2,1,0,0,0,False
FERMT1,0,1,0,0,False
FERMT2,0,1,0,0,False
FERMT3,0,1,0,0,False
FERRY3,0,1,0,0,False
FES,0,1,0,0,False
FETUB,0,1,0,0,False
FEV,0,1,0,0,False
FEZ1,0,1,0,0,False
FEZ2,0,1,0,0,False
FEZF1,1,0,0,0,False
FFAR2,0,1,0,0,False
FFAR3,0,1,0,0,False
FFAR4,0,1,0,0,False
FGA,0,1,0,0,False
FGB,0,1,0,0,False
FGD1,0,1,0,0,False
FGD2,0,1,0,0,False
FGD3,0,1,0,0,False
FGD4,0,1,0,0,False
FGD5,0,1,0,0,False
FGD5-AS1,0,1,0,0,False
FGD6,0,1,0,0,False
FGF1,0,1,0,0,False
FGF10,1,1,0,0,False
FGF10-AS1,0,1,0,0,False
FGF11,0,1,0,0,False
FGF12,0,1,0,1,False
FGF12-AS1,0,1,0,0,False
FGF13,0,1,0,0,False
FGF14,0,1,0,0,False
FGF14-IT1,0,1,0,0,False
FGF17,1,0,0,0,False
FGF18,0,1,0,0,False
FGF19,0,1,0,0,False
FGF2,0,1,0,0,False
FGF20,0,1,0,0,False
FGF23,0,1,0,0,False
FGF7,0,1,0,0,False
FGF7P3,0,1,0,0,False
FGF7P6,0,1,0,0,False
FGF9,0,1,0,0,False
FGFBP1,0,1,0,0,False
FGFBP2,0,1,0,0,False
FGFBP3,0,1,0,0,False
FGFR1,0,1,0,0,False
FGFR1OP2,0,1,0,0,False
FGFR2,1,1,0,0,False
FGFR3,1,1,0,0,False
FGFR4,1,1,0,0,False
FGG,0,1,0,1,False
FGGY,0,1,0,0,False
FGL1,0,1,0,0,False
FGL2,0,1,0,0,False
FGR,0,1,0,0,False
FH,0,1,0,0,False
FHAD1,0,1,0,0,False
FHAD1-AS1,0,1,0,0,False
FHIP1A,0,1,0,0,False
FHIP1A-DT,0,1,0,0,False
FHIP1B,0,1,0,0,False
FHIP2A,0,1,0,0,False
FHIP2B,0,1,0,0,False
FHIT,0,1,1,0,False
FHL1,0,1,0,0,False
FHL2,1,1,0,1,False
FHL3,0,1,0,0,False
FHL5,0,1,0,0,False
FHOD1,1,1,0,0,False
FHOD3,0,1,0,0,False
FIBIN,0,1,0,0,False
FIBP,0,1,0,0,False
FICD,0,1,0,0,False
FIG4,0,1,0,0,False
FIGN,1,1,0,0,False
FIGNL1,0,1,0,0,False
FIGNL2,0,1,0,0,False
FILIP1,0,1,0,0,False
FILIP1L,0,1,0,0,False
FIP1L1,0,1,0,0,False
FIRRE,0,1,0,0,False
FIRRM,0,1,0,0,False
FIS1,0,1,0,0,False
FITM2,0,1,0,0,False
FJX1,0,1,0,0,False
FKBP10,0,1,0,0,False
FKBP11,1,1,0,0,False
FKBP14,0,1,0,0,False
FKBP15,0,1,0,0,False
FKBP1A,0,1,0,0,False
FKBP1B,0,1,0,0,False
FKBP1C,0,1,0,0,False
FKBP2,0,1,0,0,False
FKBP3,0,1,0,0,False
FKBP4,0,1,0,0,False
FKBP5,0,1,0,0,False
FKBP7,0,1,0,0,False
FKBP8,0,1,0,0,False
FKBP9,0,1,0,0,False
FKRP,0,1,0,0,False
FKTN,0,1,0,0,False
FLAD1,0,1,0,0,False
FLCN,0,1,0,0,False
FLG,1,1,0,1,False
FLG2,0,1,0,0,False
FLI1,0,1,0,0,False
FLICR,0,1,0,0,False
FLII,0,1,0,0,False
FLNA,0,1,1,0,False
FLNB,1,1,0,0,False
FLNC,0,1,0,0,False
FLNC-AS1,0,1,0,0,False
FLOT1,0,1,0,0,False
FLOT2,0,1,0,0,False
FLRT2,0,1,0,0,False
FLRT3,0,1,0,0,False
FLT1,1,1,0,1,False
FLT3,1,1,0,0,False
FLT3LG,1,1,0,0,False
FLT4,1,1,0,1,False
FLVCR1,0,1,0,0,False
FLVCR2,0,1,0,0,False
FLYWCH1,0,1,0,0,False
FLYWCH2,0,1,0,0,False
FMC1,0,1,0,0,False
FMN1,0,1,0,0,False
FMN2,0,1,0,0,False
FMNL1,0,1,0,0,False
FMNL1-DT,0,1,0,0,False
FMNL2,0,1,0,0,False
FMNL3,0,1,0,0,False
FMO1,0,1,0,0,False
FMO2,1,1,0,1,False
FMO3,0,1,0,0,False
FMO4,0,1,0,0,False
FMO5,0,1,0,0,False
FMOD,0,1,0,0,False
FMR1,0,1,0,0,False
FMR1-IT1,0,1,0,0,False
FN1,1,1,0,0,False
FN3K,0,1,0,0,False
FN3KRP,0,1,0,0,False
FNBP1,1,1,0,0,False
FNBP1L,0,1,0,0,False
FNBP4,0,1,0,0,False
FNDC1,1,0,0,0,False
FNDC3A,0,1,1,0,False
FNDC3B,0,1,1,0,False
FNDC4,0,1,0,0,False
FNIP1,0,1,0,0,False
FNIP2,0,1,0,0,False
FNTA,0,1,0,0,False
FNTB,0,1,0,0,False
FOCAD,0,1,0,0,False
FOLH1,0,1,0,0,False
FOLR1,1,1,0,0,False
FOLR2,1,1,0,0,False
FOLR3,0,1,0,0,False
FOS,0,1,0,0,False
FOSB,1,1,0,0,False
FOSL1,0,1,0,0,False
FOSL1P1,0,1,0,0,False
FOSL2,0,1,0,0,False
FOXA1,0,1,0,0,False
FOXA2,0,1,0,0,False
FOXA3,0,1,0,0,False
FOXC1,1,1,0,0,False
FOXC2,0,1,0,1,False
FOXD1,1,1,0,0,False
FOXD1-AS1,0,1,0,0,False
FOXD2-AS1,0,1,0,0,False
FOXD3-AS1,0,1,0,0,False
FOXD4L5,0,1,0,0,False
FOXF1,0,1,0,1,False
FOXF2,0,1,0,0,False
FOXH1,0,1,0,0,False
FOXI1,1,1,0,1,False
FOXJ1,1,1,0,1,False
FOXJ2,0,1,0,0,False
FOXJ3,0,1,0,0,False
FOXK1,0,1,0,0,False
FOXK2,0,1,0,0,False
FOXM1,0,1,0,0,False
FOXN2,0,1,0,0,False
FOXN3,0,1,1,0,False
FOXN3-AS1,0,1,0,0,False
FOXN4,1,1,0,0,False
FOXO1,1,1,0,0,False
FOXO3,0,1,0,0,False
FOXO3B,0,1,0,0,False
FOXO4,0,1,0,1,False
FOXP1,0,1,0,0,False
FOXP1-AS1,0,1,0,0,False
FOXP2,1,1,0,0,False
FOXP3,1,1,0,1,False
FOXP4,0,1,0,0,False
FOXQ1,0,1,0,0,False
FOXRED1,0,1,0,0,False
FOXRED2,0,1,0,0,False
FOXS1,0,1,0,0,False
FPGS,0,1,0,0,False
FPGT,0,1,0,0,False
FPGT-TNNI3K,0,1,0,0,False
FPR1,0,1,0,0,False
FPR2,0,1,0,0,False
FPR3,0,1,0,0,False
FRA10AC1,0,1,0,0,False
FRAS1,0,1,0,0,False
FRAT2,0,1,0,0,False
FREM1,1,1,0,0,False
FREM2,1,1,0,0,False
FREM3,0,1,0,0,False
FRG1,0,1,0,0,False
FRG1-DT,0,1,0,0,False
FRG1BP,0,1,0,0,False
FRG1CP,0,1,0,0,False
FRG1HP,0,1,0,0,False
FRG2C,0,1,0,0,False
FRK,0,1,0,0,False
FRMD1,0,1,0,0,False
FRMD3,0,1,0,0,False
FRMD4A,0,1,1,0,False
FRMD4B,0,1,1,0,False
FRMD5,0,1,0,0,False
FRMD6,0,1,0,0,False
FRMD6-AS2,0,1,0,0,False
FRMD7,1,0,0,0,False
FRMD8,0,1,0,0,False
FRMPD1,0,1,0,0,False
FRMPD2,1,1,0,0,False
FRMPD3,0,1,0,0,False
FRMPD4,0,1,0,0,False
FRRS1,0,1,0,0,False
FRRS1L,0,1,0,0,False
FRS2,0,1,0,0,False
FRS3,0,1,0,0,False
FRY,0,1,0,0,False
FRY-AS1,0,1,0,0,False
FRYL,0,1,0,0,False
FRZB,0,1,0,0,False
FSCN1,0,1,0,0,False
FSCN3,0,1,0,0,False
FSD1,0,1,0,0,False
FSD1L,0,1,0,0,False
FSD2,0,1,0,0,False
FSHR,1,0,0,0,False
FSIP1,0,1,0,0,False
FSIP2,0,1,0,0,False
FST,1,1,0,0,False
FSTL1,0,1,0,0,False
FSTL3,0,1,0,0,False
FSTL4,0,1,0,0,False
FSTL5,1,1,0,0,False
FTCD,0,1,0,0,False
FTCDNL1,0,1,0,0,False
FTH1,0,1,0,0,False
FTH1P10,0,1,0,0,False
FTH1P11,0,1,0,0,False
FTH1P16,0,1,0,0,False
FTH1P2,0,1,0,0,False
FTH1P20,0,1,0,0,False
FTH1P23,0,1,0,0,False
FTH1P3,0,1,0,0,False
FTH1P4,0,1,0,0,False
FTH1P5,0,1,0,0,False
FTH1P7,0,1,0,0,False
FTH1P8,0,1,0,0,False
FTL,0,1,0,0,False
FTLP2,0,1,0,0,False
FTLP3,0,1,0,0,False
FTO,0,1,0,0,False
FTSJ1,0,1,0,0,False
FTSJ3,0,1,0,0,False
FTX,0,1,1,0,False
FUBP1,0,1,0,0,False
FUBP3,0,1,0,0,False
FUCA1,0,1,0,0,False
FUCA2,0,1,0,0,False
FUNDC1,0,1,0,0,False
FUNDC2,0,1,0,0,False
FUOM,0,1,0,0,False
FURIN,0,1,0,0,False
FUS,0,1,0,0,False
FUT1,0,1,0,0,False
FUT10,0,1,0,0,False
FUT11,0,1,0,0,False
FUT2,0,1,0,0,False
FUT3,0,1,0,0,False
FUT4,1,1,0,1,False
FUT6,0,1,0,0,False
FUT7,0,1,0,0,False
FUT8,0,1,1,0,False
FUT9,0,1,0,0,False
FUZ,0,1,0,0,False
FXN,0,1,0,0,False
FXR1,0,1,0,0,False
FXR2,0,1,0,0,False
FXYD1,0,1,0,0,False
FXYD2,0,1,0,0,False
FXYD3,1,1,0,0,False
FXYD4,1,1,1,0,False
FXYD5,0,1,0,0,False
FXYD6,0,1,0,0,False
FXYD6-FXYD2,0,1,0,0,False
FXYD7,0,1,0,0,False
FYB,0,1,0,0,False
FYB1,0,1,1,0,False
FYB2,0,1,1,0,False
FYCO1,0,1,0,0,False
FYN,0,1,1,0,False
FYTTD1,0,1,0,0,False
FZD1,0,1,0,0,False
FZD10,0,1,0,0,False
FZD10-AS1,0,1,0,0,False
FZD2,0,1,0,0,False
FZD3,0,1,0,0,False
FZD4,0,1,0,0,False
FZD4-DT,0,1,0,0,False
FZD6,0,1,0,0,False
FZD7,0,1,0,0,False
FZR1,0,1,0,0,False
G0S2,0,1,0,0,False
G2E3,0,1,0,0,False
G3BP1,0,1,0,0,False
G3BP2,0,1,0,0,False
G6PC1,0,1,0,0,False
G6PC3,0,1,0,0,False
G6PD,0,1,0,0,False
GAA,0,1,0,0,False
GAB1,0,1,0,0,False
GAB2,0,1,0,0,False
GAB3,0,1,0,0,False
GABARAP,0,1,0,0,False
GABARAPL1,0,1,0,0,False
GABARAPL2,0,1,0,0,False
GABBR1,0,1,0,0,False
GABBR2,0,1,0,0,False
GABPA,0,1,0,0,False
GABPB1,0,1,0,0,False
GABPB1-AS1,0,1,0,0,False
GABPB1-IT1,0,1,0,0,False
GABPB2,0,1,0,0,False
GABRA1,0,1,0,0,False
GABRA2,0,1,0,0,False
GABRA4,0,1,0,0,False
GABRB1,0,1,0,0,False
GABRB2,1,1,0,0,False
GABRB3,0,1,0,0,False
GABRE,0,1,0,0,False
GABRG1,1,1,0,0,False
GABRG2,0,1,0,0,False
GABRG3,0,1,0,0,False
GABRP,0,1,0,1,False
GABRQ,1,0,0,0,False
GAD1,1,1,0,0,False
GAD2,1,1,0,0,False
GADD45A,0,1,0,0,False
GADD45B,0,1,0,0,False
GADD45G,0,1,0,0,False
GADD45GIP1,0,1,0,0,False
GADL1,0,1,0,0,False
GAK,0,1,0,0,False
GAL,0,1,0,0,False
GAL3ST3,0,1,0,0,False
GAL3ST4,0,1,0,0,False
GALC,0,1,0,0,False
GALE,0,1,0,0,False
GALK1,0,1,0,0,False
GALK2,0,1,0,0,False
GALM,0,1,0,0,False
GALNT1,0,1,0,0,False
GALNT10,1,1,0,0,False
GALNT11,0,1,0,0,False
GALNT12,0,1,0,0,False
GALNT13,0,1,0,0,False
GALNT14,0,1,0,0,False
GALNT15,0,1,0,1,False
GALNT16,0,1,0,0,False
GALNT17,0,1,0,0,False
GALNT18,0,1,0,0,False
GALNT2,0,1,0,0,False
GALNT3,0,1,0,0,False
GALNT4,0,1,0,0,False
GALNT5,0,1,0,0,False
GALNT6,0,1,0,0,False
GALNT7,0,1,0,0,False
GALNT8,0,1,0,0,False
GALNT9,0,1,0,0,False
GALNTL6,0,1,0,0,False
GALP,0,1,0,0,False
GALR1,0,1,0,0,False
GALR2,0,1,0,0,False
GALT,0,1,0,0,False
GAMT,0,1,0,0,False
GAN,0,1,0,0,False
GANAB,0,1,0,0,False
GANC,0,1,0,0,False
GAP43,0,1,0,0,False
GAPDH,0,1,0,0,False
GAPDHP40,0,1,0,0,False
GAPDHP65,0,1,0,0,False
GAPDHP68,0,1,0,0,False
GAPDHP72,0,1,0,0,False
GAPDHS,0,1,0,0,False
GAPT,0,1,0,0,False
GAPVD1,0,1,0,0,False
GAR1,0,1,0,0,False
GAREM1,0,1,0,0,False
GARIN5A,0,1,0,0,False
GARNL3,0,1,0,0,False
GARRE1,0,1,0,0,False
GARS1,0,1,0,0,False
GARS1-DT,0,1,0,0,False
GART,0,1,0,0,False
GAS1,0,1,0,0,False
GAS1RR,1,0,0,0,False
GAS2,0,1,0,0,False
GAS2L1,0,1,0,0,False
GAS2L3,0,1,0,0,False
GAS5,0,1,0,0,False
GAS6,0,1,0,0,False
GAS6-AS1,0,1,0,0,False
GAS7,0,1,0,0,False
GASAL1,0,1,0,0,False
GASK1A,0,1,0,0,False
GASK1B,0,1,0,0,False
GAST,1,0,0,0,False
GATA1,1,1,0,1,False
GATA2,1,1,1,1,True
GATA2-AS1,0,1,0,0,False
GATA3,1,1,1,0,False
GATA3-AS1,0,1,0,0,False
GATA4,0,1,0,0,False
GATA6,0,1,0,0,False
GATA6-AS1,0,1,0,0,False
GATAD1,0,1,0,0,False
GATAD2A,0,1,0,0,False
GATAD2B,0,1,0,0,False
GATB,0,1,0,0,False
GATC,0,1,0,0,False
GATD1,0,1,0,0,False
GATD1-DT,0,1,0,0,False
GATD3,0,1,0,0,False
GATM,1,1,0,0,False
GBA1,0,1,0,0,False
GBA1LP,0,1,0,0,False
GBA2,0,1,0,0,False
GBE1,0,1,0,0,False
GBF1,0,1,0,0,False
GBGT1,0,1,0,0,False
GBP1,0,1,0,0,False
GBP2,1,1,0,0,False
GBP3,0,1,0,0,False
GBP4,0,1,0,0,False
GBP5,0,1,0,0,False
GBP7,0,1,0,0,False
GBX1,0,1,0,0,False
GC,0,1,0,0,False
GCA,0,1,0,0,False
GCAT,0,1,0,0,False
GCC1,0,1,0,0,False
GCC2,0,1,0,0,False
GCDH,0,1,0,0,False
GCFC2,0,1,0,0,False
GCG,1,1,0,0,False
GCGR,0,1,0,0,False
GCH1,0,1,0,0,False
GCHFR,0,1,0,0,False
GCK,0,1,0,0,False
GCLC,0,1,0,0,False
GCLM,0,1,0,0,False
GCN1,0,1,0,0,False
GCNA,0,1,0,0,False
GCNT1,0,1,0,0,False
GCNT2,0,1,0,0,False
GCNT3,0,1,0,1,False
GCNT4,0,1,0,0,False
GCOM1,0,1,0,0,False
GCSAM,0,1,0,0,False
GCSAML,0,1,0,0,False
GCSH,0,1,0,0,False
GDA,0,1,0,0,False
GDAP1,0,1,0,0,False
GDAP1L1,0,1,0,0,False
GDAP2,0,1,0,0,False
GDE1,0,1,0,0,False
GDF10,0,1,0,0,False
GDF11,0,1,0,0,False
GDF15,0,1,0,1,False
GDF2,0,1,0,0,False
GDF3,0,1,0,0,False
GDF6,0,1,0,0,False
GDF7,0,1,0,0,False
GDI1,0,1,0,0,False
GDI2,0,1,0,0,False
GDPD1,0,1,0,0,False
GDPD3,0,1,0,0,False
GDPD5,0,1,0,0,False
GDPGP1,0,1,0,0,False
GEM,1,1,0,0,False
GEMIN2,0,1,0,0,False
GEMIN4,0,1,0,0,False
GEMIN5,0,1,0,0,False
GEMIN7,0,1,0,0,False
GEMIN8,0,1,0,0,False
GEN1,0,1,0,0,False
GET1,0,1,0,0,False
GET3,0,1,0,0,False
GET4,0,1,0,0,False
GFAP,1,1,0,0,False
GFER,0,1,0,0,False
GFI1,0,1,0,0,False
GFI1B,0,1,0,0,False
GFM1,0,1,0,0,False
GFM2,0,1,0,0,False
GFOD1,0,1,0,0,False
GFOD2,0,1,0,0,False
GFPT1,0,1,0,0,False
GFPT2,0,1,0,1,False
GFRA1,1,1,0,0,False
GFRA2,0,1,0,0,False
GFRA3,0,1,0,0,False
GFUS,0,1,0,0,False
GGA1,0,1,0,0,False
GGA2,0,1,0,0,False
GGA3,0,1,0,0,False
GGACT,0,1,0,0,False
GGCT,0,1,0,0,False
GGCX,0,1,0,0,False
GGH,0,1,0,0,False
GGNBP2,0,1,0,0,False
GGPS1,0,1,0,0,False
GGT1,0,1,0,0,False
GGT2P,0,1,0,0,False
GGT3P,0,1,0,0,False
GGT5,0,1,0,0,False
GGT6,0,1,0,0,False
GGT7,0,1,0,0,False
GGTA1,0,1,0,0,False
GGTA2P,0,1,0,0,False
GGTLC1,0,1,0,0,False
GGTLC2,0,1,0,0,False
GGTLC3,0,1,0,0,False
GGTLC5P,0,1,0,0,False
GHDC,0,1,0,0,False
GHITM,0,1,0,0,False
GHR,0,1,0,0,False
GHRH,0,1,0,0,False
GHRHR,0,1,0,0,False
GHRL,1,1,0,1,False
GID4,0,1,0,0,False
GID8,0,1,0,0,False
GIGYF1,0,1,0,0,False
GIGYF2,0,1,0,0,False
GIHCG,0,1,0,0,False
GIMAP1,0,1,0,0,False
GIMAP1-GIMAP5,0,1,0,0,False
GIMAP2,0,1,0,0,False
GIMAP4,1,1,0,0,False
GIMAP5,0,1,0,0,False
GIMAP6,0,1,0,0,False
GIMAP7,1,1,0,0,False
GIMAP8,0,1,0,0,False
GIN1,0,1,0,0,False
GINM1,0,1,0,0,False
GINS1,0,1,0,0,False
GINS2,0,1,0,0,False
GINS3,0,1,0,0,False
GINS4,0,1,0,0,False
GIPC1,0,1,0,0,False
GIPC2,0,1,0,0,False
GIPR,0,1,0,0,False
GIT1,0,1,0,0,False
GIT2,0,1,0,0,False
GJA1,1,1,0,0,False
GJA4,1,1,0,1,False
GJA5,1,1,0,0,False
GJB1,0,1,0,0,False
GJB2,0,1,0,0,False
GJB3,0,1,0,0,False
GJB5,0,1,0,0,False
GJB6,0,1,0,0,False
GJC1,1,1,0,0,False
GJC2,1,1,0,0,False
GJC3,0,1,0,0,False
GJD3,0,1,0,0,False
GK,0,1,0,0,False
GK3,0,1,0,0,False
GK5,0,1,0,0,False
GKAP1,0,1,0,0,False
GKN2,0,1,0,0,False
GLA,0,1,0,0,False
GLB1,0,1,0,1,False
GLB1L,0,1,0,0,False
GLB1L2,0,1,0,0,False
GLCCI1,0,1,1,0,False
GLCE,0,1,0,0,False
GLDC,0,1,0,0,False
GLDN,0,1,0,0,False
GLE1,0,1,0,0,False
GLG1,0,1,0,0,False
GLI2,0,1,0,0,False
GLI3,1,1,0,0,False
GLI4,0,1,0,0,False
GLIPR1,0,1,0,0,False
GLIPR2,0,1,0,0,False
GLIS1,0,1,0,0,False
GLIS2,0,1,0,0,False
GLIS3,0,1,0,0,False
GLMN,0,1,0,0,False
GLMP,0,1,0,0,False
GLO1,0,1,0,0,False
GLOD4,0,1,0,0,False
GLP1R,1,0,0,0,False
GLP2R,1,1,0,0,False
GLRA1,0,1,0,0,False
GLRA3,0,1,0,0,False
GLRB,0,1,0,0,False
GLRX,0,1,0,0,False
GLRX2,0,1,0,0,False
GLRX3,0,1,0,0,False
GLRX5,0,1,0,0,False
GLS,0,1,0,0,False
GLT1D1,1,1,0,0,False
GLT8D1,0,1,0,0,False
GLT8D2,0,1,0,0,False
GLTP,0,1,0,0,False
GLTPD2,0,1,0,0,False
GLUD1,0,1,0,0,False
GLUL,1,1,0,0,False
GLYAT,0,1,0,0,False
GLYATL1,0,1,0,0,False
GLYATL1B,0,1,0,0,False
GLYATL1P1,0,1,0,0,False
GLYATL2,0,1,0,0,False
GLYATL3,0,1,0,0,False
GLYCTK,0,1,0,0,False
GLYR1,0,1,0,0,False
GM2A,0,1,0,0,False
GMCL1,0,1,0,0,False
GMDS,0,1,0,0,False
GMDS-DT,0,1,0,0,False
GMEB1,0,1,0,0,False
GMEB2,0,1,0,0,False
GMFB,0,1,0,0,False
GMFG,0,1,0,0,False
GMIP,0,1,0,0,False
GML,0,1,0,0,False
GMNN,1,1,0,0,False
GMPPA,0,1,0,0,False
GMPPB,0,1,0,0,False
GMPR,0,1,0,0,False
GMPR2,0,1,0,0,False
GMPS,0,1,0,0,False
GNA11,0,1,0,0,False
GNA12,0,1,0,0,False
GNA13,0,1,0,0,False
GNA14,0,1,0,0,False
GNA14-AS1,0,1,0,0,False
GNA15,0,1,0,0,False
GNAI1,0,1,0,0,False
GNAI2,0,1,0,0,False
GNAI3,0,1,0,0,False
GNAL,0,1,0,0,False
GNAO1,1,1,0,0,False
GNAO1-DT,0,1,0,0,False
GNAQ,0,1,0,0,False
GNAS,1,1,0,0,False
GNAS-AS1,0,1,0,0,False
GNAT1,1,1,0,0,False
GNAT2,1,0,0,0,False
GNAT3,0,1,0,0,False
GNAZ,0,1,0,0,False
GNB1,1,1,0,0,False
GNB1-DT,0,1,0,0,False
GNB1L,0,1,0,0,False
GNB2,0,1,0,0,False
GNB3,1,1,0,0,False
GNB4,0,1,0,0,False
GNB5,0,1,0,0,False
GNG10,0,1,0,0,False
GNG11,1,1,0,0,False
GNG12,0,1,0,0,False
GNG12-AS1,0,1,0,0,False
GNG13,0,1,0,0,False
GNG2,0,1,0,0,False
GNG3,0,1,0,0,False
GNG4,0,1,0,0,False
GNG5,0,1,0,0,False
GNG7,0,1,1,0,False
GNG8,1,1,0,0,False
GNGT1,1,1,0,0,False
GNGT2,1,1,0,0,False
GNL1,0,1,0,0,False
GNL2,0,1,0,0,False
GNL3,0,1,0,0,False
GNL3L,0,1,0,0,False
GNLY,1,1,0,1,False
GNMT,0,1,0,0,False
GNPAT,0,1,0,0,False
GNPDA1,0,1,0,0,False
GNPDA2,0,1,0,0,False
GNPNAT1,0,1,0,0,False
GNPTAB,0,1,0,0,False
GNPTG,0,1,0,0,False
GNRHR,0,1,0,0,False
GNS,0,1,0,0,False
GOLGA1,0,1,0,0,False
GOLGA2,0,1,0,0,False
GOLGA2P7,0,1,0,0,False
GOLGA3,0,1,0,0,False
GOLGA4,0,1,0,0,False
GOLGA5,0,1,0,0,False
GOLGA6L10,0,1,0,0,False
GOLGA7,0,1,0,0,False
GOLGA7B,0,1,0,0,False
GOLGA8A,0,1,0,0,False
GOLGA8B,0,1,0,0,False
GOLGA8IP,0,1,0,0,False
GOLGA8M,0,1,0,0,False
GOLGA8N,0,1,0,0,False
GOLGB1,0,1,0,0,False
GOLIM4,0,1,0,0,False
GOLM1,0,1,0,0,False
GOLM2,0,1,0,0,False
GOLPH3,0,1,0,0,False
GOLPH3-DT,0,1,0,0,False
GOLPH3L,0,1,0,0,False
GOLT1A,0,1,0,0,False
GOLT1B,0,1,0,0,False
GON4L,0,1,0,0,False
GON7,0,1,0,0,False
GOPC,0,1,0,0,False
GORAB,0,1,0,0,False
GORASP1,0,1,0,0,False
GORASP2,0,1,0,0,False
GOSR1,0,1,0,0,False
GOSR2,0,1,0,0,False
GOT1,0,1,0,0,False
GOT1-DT,0,1,0,0,False
GOT2,0,1,0,0,False
GP1BA,1,1,0,0,False
GP1BB,0,1,0,0,False
GP2,0,1,0,0,False
GP6,0,1,0,0,False
GP6-AS1,0,1,0,0,False
GP9,1,1,0,1,False
GPA33,0,1,0,0,False
GPAA1,0,1,0,0,False
GPAA1P2,0,1,0,0,False
GPALPP1,0,1,0,0,False
GPAM,1,1,0,0,False
GPANK1,0,1,0,0,False
GPAT2,0,1,0,0,False
GPAT3,0,1,0,0,False
GPAT4,0,1,0,0,False
GPATCH1,0,1,0,0,False
GPATCH11,0,1,0,0,False
GPATCH2,0,1,0,0,False
GPATCH2L,0,1,0,0,False
GPATCH3,0,1,0,0,False
GPATCH4,0,1,0,0,False
GPATCH8,0,1,0,0,False
GPBAR1,0,1,0,0,False
GPBP1,0,1,0,0,False
GPBP1L1,0,1,0,0,False
GPC1,0,1,0,0,False
GPC2,0,1,0,0,False
GPC3,0,1,0,0,False
GPC4,0,1,0,0,False
GPC5,1,1,0,0,False
GPC5-AS1,0,1,0,0,False
GPC5-AS2,0,1,0,0,False
GPC5-IT1,0,1,0,0,False
GPC6,0,1,0,0,False
GPC6-AS1,0,1,0,0,False
GPC6-AS2,0,1,0,0,False
GPCPD1,0,1,0,0,False
GPD1,0,1,0,0,False
GPD1L,0,1,0,0,False
GPD2,0,1,0,0,False
GPER1,0,1,0,0,False
GPHA2,0,1,0,0,False
GPHN,0,1,0,0,False
GPI,0,1,0,0,False
GPIHBP1,1,1,0,0,False
GPKOW,0,1,0,0,False
GPLD1,0,1,0,0,False
GPM6A,1,1,0,0,False
GPM6A-DT,0,1,0,0,False
GPM6B,0,1,0,0,False
GPN1,0,1,0,0,False
GPN2,0,1,0,0,False
GPN3,0,1,0,0,False
GPNMB,1,1,0,0,False
GPR107,0,1,0,0,False
GPR108,0,1,0,0,False
GPR132,0,1,0,0,False
GPR135,0,1,0,0,False
GPR137,0,1,0,0,False
GPR137B,0,1,0,0,False
GPR137C,0,1,0,0,False
GPR141,0,1,0,0,False
GPR143,0,1,0,0,False
GPR146,0,1,0,0,False
GPR149,0,1,0,0,False
GPR15,0,1,0,0,False
GPR155,0,1,0,0,False
GPR157,0,1,0,0,False
GPR158,0,1,0,0,False
GPR15LG,0,1,0,0,False
GPR160,0,1,0,0,False
GPR161,0,1,0,0,False
GPR162,0,1,0,0,False
GPR17,1,1,0,0,False
GPR171,0,1,0,1,False
GPR174,0,1,0,0,False
GPR176,0,1,0,0,False
GPR18,0,1,0,0,False
GPR180,0,1,0,0,False
GPR182,0,1,0,0,False
GPR183,1,1,0,0,False
GPR19,0,1,0,0,False
GPR20,0,1,0,0,False
GPR25,0,1,0,0,False
GPR3,0,1,0,0,False
GPR34,0,1,0,0,False
GPR35,0,1,0,0,False
GPR37,0,1,0,0,False
GPR37L1,0,1,0,0,False
GPR39,0,1,0,0,False
GPR4,0,1,0,0,False
GPR55,0,1,0,0,False
GPR62,0,1,0,0,False
GPR65,0,1,0,0,False
GPR68,0,1,0,0,False
GPR75,0,1,0,0,False
GPR78,0,1,0,0,False
GPR82,0,1,0,0,False
GPR84,0,1,0,0,False
GPR85,0,1,0,0,False
GPR87,0,1,0,0,False
GPR89A,0,1,0,0,False
GPR89B,0,1,0,0,False
GPRASP1,0,1,0,0,False
GPRASP2,0,1,0,0,False
GPRC5A,0,1,0,0,False
GPRC5B,0,1,0,0,False
GPRC5C,0,1,0,0,False
GPRC5D,0,1,0,0,False
GPRC5D-AS1,0,1,0,0,False
GPRIN1,0,1,0,0,False
GPRIN3,0,1,0,0,False
GPS1,0,1,0,0,False
GPS2,0,1,0,0,False
GPSM1,0,1,0,0,False
GPSM2,0,1,0,0,False
GPSM3,0,1,0,0,False
GPT,0,1,0,0,False
GPT2,0,1,0,0,False
GPX1,0,1,0,0,False
GPX1P1,0,1,0,0,False
GPX2,1,1,0,0,False
GPX3,0,1,1,0,False
GPX4,0,1,0,0,False
GPX7,0,1,0,0,False
GPX8,0,1,0,0,False
GRAMD1A,0,1,0,0,False
GRAMD1B,0,1,0,0,False
GRAMD1C,0,1,0,0,False
GRAMD2A,1,1,0,0,False
GRAMD2B,0,1,0,0,False
GRAMD4,0,1,0,0,False
GRAP,0,1,0,0,False
GRAP2,0,1,1,0,False
GRAPL,0,1,0,0,False
GRB10,0,1,0,0,False
GRB14,1,1,0,0,False
GRB2,0,1,0,0,False
GRB7,0,1,0,0,False
GREB1,0,1,0,0,False
GREB1L,0,1,0,0,False
GREM1,0,1,0,0,False
GRHL1,0,1,0,0,False
GRHL2,0,1,0,0,False
GRHPR,0,1,0,0,False
GRIA1,0,1,0,1,False
GRIA2,0,1,0,1,False
GRIA4,0,1,0,0,False
GRID1,0,1,0,0,False
GRID1-AS1,0,1,0,0,False
GRID2,0,1,0,0,False
GRID2IP,0,1,0,0,False
GRIK1,1,1,0,0,False
GRIK2,0,1,0,0,False
GRIK3,0,1,0,0,False
GRIK4,0,1,0,0,False
GRIK5,0,1,0,0,False
GRIN1,0,1,0,0,False
GRIN2A,0,1,0,0,False
GRIN2B,0,1,0,0,False
GRIN2C,1,0,0,0,False
GRIN2D,0,1,0,0,False
GRIN3A,0,1,0,0,False
GRIN3B,0,1,0,0,False
GRINA,0,1,0,0,False
GRIP1,0,1,0,0,False
GRIP2,0,1,0,0,False
GRIPAP1,0,1,0,0,False
GRK2,0,1,0,0,False
GRK3,0,1,0,0,False
GRK4,0,1,0,0,False
GRK5,0,1,0,0,False
GRK6,0,1,0,0,False
GRM1,0,1,0,0,False
GRM4,0,1,0,0,False
GRM5,0,1,0,0,False
GRM6,1,1,0,0,False
GRM7,0,1,0,0,False
GRM8,0,1,0,0,False
GRN,0,1,0,0,False
GRP,1,1,0,1,False
GRPEL1,0,1,0,0,False
GRPEL2,0,1,0,0,False
GRPEL2-AS1,0,1,0,0,False
GRSF1,0,1,0,0,False
GRTP1,0,1,0,0,False
GRWD1,0,1,0,0,False
GRXCR2,0,1,0,0,False
GSAP,0,1,0,0,False
GSDMA,0,1,0,0,False
GSDMB,0,1,0,0,False
GSDMD,0,1,0,0,False
GSDME,0,1,0,0,False
GSE1,0,1,0,0,False
GSEC,0,1,0,0,False
GSG1,0,1,0,0,False
GSG1L,0,1,0,0,False
GSK3A,0,1,0,0,False
GSK3B,0,1,0,0,False
GSKIP,0,1,0,0,False
GSN,1,1,0,0,False
GSN-AS1,0,1,0,0,False
GSPT1,0,1,0,0,False
GSPT2,0,1,0,0,False
GSR,0,1,0,0,False
GSS,0,1,0,0,False
GSTA1,0,1,0,0,False
GSTA2,0,1,0,0,False
GSTA3,0,1,0,0,False
GSTA4,0,1,0,0,False
GSTCD,0,1,0,0,False
GSTK1,0,1,0,0,False
GSTM1,0,1,0,0,False
GSTM2,0,1,0,0,False
GSTM3,0,1,0,0,False
GSTM4,0,1,0,0,False
GSTM5,0,1,0,0,False
GSTO1,0,1,0,0,False
GSTO2,0,1,0,0,False
GSTO3P,0,1,0,0,False
GSTP1,0,1,0,0,False
GSTZ1,0,1,0,0,False
GTDC1,0,1,0,0,False
GTF2A1,0,1,0,0,False
GTF2A2,0,1,0,0,False
GTF2B,0,1,0,0,False
GTF2E1,0,1,0,0,False
GTF2E2,0,1,0,0,False
GTF2F1,0,1,0,0,False
GTF2F2,0,1,0,0,False
GTF2H1,0,1,0,0,False
GTF2H2,0,1,0,0,False
GTF2H2B,0,1,0,0,False
GTF2H2C,0,1,0,0,False
GTF2H3,0,1,0,0,False
GTF2H4,0,1,0,0,False
GTF2H5,0,1,0,0,False
GTF2I,0,1,0,0,False
GTF2IP1,0,1,0,0,False
GTF2IP14,0,1,0,0,False
GTF2IP4,0,1,0,0,False
GTF2IRD1,0,1,0,0,False
GTF2IRD2,0,1,0,0,False
GTF2IRD2B,0,1,0,0,False
GTF2IRD2P1,0,1,0,0,False
GTF3A,0,1,0,0,False
GTF3C1,0,1,0,0,False
GTF3C2,0,1,0,0,False
GTF3C2-AS2,0,1,0,0,False
GTF3C3,0,1,0,0,False
GTF3C5,0,1,0,0,False
GTF3C6,0,1,0,0,False
GTF3C6P2,0,1,0,0,False
GTPBP1,0,1,0,0,False
GTPBP10,0,1,0,0,False
GTPBP2,0,1,0,0,False
GTPBP4,0,1,0,0,False
GTPBP6,0,1,0,0,False
GTPBP8,0,1,0,0,False
GTSCR1,0,1,0,0,False
GTSE1,1,1,0,0,False
GTSF1,0,1,0,0,False
GTSF1L,0,1,0,0,False
GUCA1A,1,1,0,0,False
GUCA1B,0,1,0,0,False
GUCA1C,1,1,0,0,False
GUCA2A,0,1,0,0,False
GUCA2B,0,1,0,0,False
GUCD1,0,1,0,0,False
GUCY1A1,0,1,0,0,False
GUCY1A2,0,1,0,0,False
GUCY1B1,0,1,0,0,False
GUCY2C,0,1,0,0,False
GUCY2C-AS1,0,1,0,0,False
GUCY2D,0,1,0,0,False
GUF1,0,1,0,0,False
GUK1,0,1,0,0,False
GULP1,0,1,0,0,False
GUSB,0,1,0,0,False
GUSBP1,0,1,0,0,False
GUSBP11,0,1,0,0,False
GUSBP13,0,1,0,0,False
GUSBP14,0,1,0,0,False
GUSBP15,0,1,0,0,False
GUSBP16,0,1,0,0,False
GUSBP17,0,1,0,0,False
GUSBP18,0,1,0,0,False
GUSBP2,0,1,0,0,False
GUSBP3,0,1,0,0,False
GVINP1,0,1,0,0,False
GVQW3,0,1,0,0,False
GXYLT1,0,1,0,0,False
GXYLT2,0,1,0,0,False
GYG1,0,1,0,0,False
GYG2,0,1,0,0,False
GYG2P1,0,1,0,0,False
GYPA,1,1,0,0,False
GYPB,0,1,0,1,False
GYPC,0,1,0,0,False
GYPE,0,1,0,0,False
GYS1,0,1,0,0,False
GZF1,0,1,0,0,False
GZMA,1,1,0,1,False
GZMB,1,1,0,1,False
GZMH,1,1,0,1,False
GZMK,1,1,0,1,False
GZMM,1,1,0,1,False
Glutamate synthetase,1,0,0,0,False
H1-0,0,1,0,0,False
H1-1,0,1,0,0,False
H1-10,0,1,0,0,False
H1-10-AS1,0,1,0,0,False
H1-12P,0,1,0,0,False
H1-2,0,1,0,0,False
H1-3,0,1,0,0,False
H1-4,0,1,0,0,False
H1-5,0,1,0,0,False
H19,0,1,0,0,False
H2AC11,0,1,0,0,False
H2AC13,0,1,0,0,False
H2AC14,0,1,0,0,False
H2AC16,0,1,0,0,False
H2AC17,0,1,0,0,False
H2AC18,0,1,0,0,False
H2AC19,0,1,0,0,False
H2AC20,0,1,0,0,False
H2AC21,0,1,0,0,False
H2AC25,0,1,0,0,False
H2AC6,0,1,0,0,False
H2AC8,0,1,0,0,False
H2AFY,0,1,0,0,False
H2AJ,0,1,0,0,False
H2AX,0,1,0,0,False
H2AZ1,0,1,0,0,False
H2AZ2,0,1,0,0,False
H2AZ2P1,0,1,0,0,False
H2BC11,0,1,0,0,False
H2BC12,0,1,0,0,False
H2BC13,0,1,0,0,False
H2BC15,0,1,0,0,False
H2BC18,0,1,0,0,False
H2BC21,0,1,0,0,False
H2BC4,0,1,0,0,False
H2BC5,0,1,0,0,False
H2BC6,0,1,0,0,False
H2BC7,0,1,0,0,False
H2BC8,0,1,0,0,False
H2BC9,0,1,0,0,False
H3-3A,0,1,0,0,False
H3-3B,0,1,0,0,False
H3C1,0,1,0,0,False
H3C10,0,1,0,0,False
H3C4,0,1,0,0,False
H3C8,0,1,0,0,False
H3F3B,0,1,0,0,False
H3P14,0,1,0,0,False
H3P16,0,1,0,0,False
H3P36,0,1,0,0,False
H3P47,0,1,0,0,False
H3P6,0,1,0,0,False
H4C14,0,1,0,0,False
H4C15,0,1,0,0,False
H4C16,0,1,0,0,False
H4C3,0,1,0,0,False
H4C5,0,1,0,0,False
H4C6,0,1,0,0,False
H4C8,0,1,0,0,False
H6PD,0,1,0,0,False
HAAO,0,1,0,0,False
HABP4,0,1,0,0,False
HACD1,0,1,0,0,False
HACD2,0,1,0,0,False
HACD3,0,1,0,0,False
HACD4,0,1,0,0,False
HACL1,0,1,0,0,False
HADH,0,1,0,0,False
HADHA,0,1,0,0,False
HADHB,0,1,0,0,False
HAFML,0,1,0,0,False
HAGH,0,1,0,0,False
HAGHL,0,1,0,0,False
HAGLR,0,1,0,0,False
HAL,1,1,0,0,False
HAMP,0,1,0,0,False
HAND1,0,1,0,0,False
HAND2,0,1,0,0,False
HAND2-AS1,0,1,0,0,False
HAO1,0,1,0,0,False
HAO2,0,1,0,0,False
HAP1,0,1,0,0,False
HAPLN1,0,1,0,0,False
HAPLN2,0,1,0,0,False
HAPLN3,0,1,0,0,False
HAPSTR1,0,1,0,0,False
HAR1A,0,1,0,0,False
HARBI1,0,1,0,0,False
HARS1,0,1,0,0,False
HARS2,0,1,0,0,False
HAS1,0,1,0,1,False
HAS2,0,1,0,0,False
HAS3,0,1,0,0,False
HAT1,0,1,0,0,False
HAUS1,0,1,0,0,False
HAUS2,0,1,0,0,False
HAUS3,0,1,0,0,False
HAUS4,0,1,0,0,False
HAUS5,0,1,0,0,False
HAUS6,0,1,0,0,False
HAUS7,0,1,0,0,False
HAUS8,0,1,0,0,False
HAVCR1,0,1,0,0,False
HAVCR2,0,1,0,0,False
HAX1,0,1,0,0,False
HBA1,1,1,0,0,False
HBA2,1,1,0,0,False
HBB,1,1,0,0,False
HBD,0,1,0,0,False
HBE1,0,1,0,0,False
HBEGF,0,1,0,1,False
HBG1,1,1,0,0,False
HBG2,1,1,0,0,False
HBM,1,1,0,1,False
HBP1,0,1,0,0,False
HBQ1,0,1,0,0,False
HBS1L,0,1,0,0,False
HBZ,0,1,0,0,False
HCAR2,0,1,0,0,False
HCAR3,0,1,0,0,False
HCCS,0,1,0,0,False
HCCS-DT,0,1,0,0,False
HCFC1,0,1,0,0,False
HCFC1R1,1,1,0,0,False
HCFC2,0,1,0,0,False
HCG17,0,1,0,0,False
HCG18,0,1,0,0,False
HCG9,0,1,0,0,False
HCK,0,1,1,0,False
HCLS1,0,1,0,0,False
HCN1,1,1,0,0,False
HCN3,0,1,0,0,False
HCN4,1,0,0,0,False
HCP5,0,1,0,0,False
HCRTR1,0,1,0,0,False
HCRTR2,1,1,0,0,False
HCST,1,1,0,0,False
HDAC1,0,1,0,0,False
HDAC10,0,1,0,0,False
HDAC11,0,1,0,0,False
HDAC2,0,1,0,0,False
HDAC2-AS2,0,1,0,0,False
HDAC3,0,1,0,0,False
HDAC4,0,1,0,0,False
HDAC5,0,1,0,0,False
HDAC6,0,1,0,0,False
HDAC7,0,1,0,0,False
HDAC8,0,1,0,0,False
HDAC9,0,1,0,0,False
HDC,1,1,1,1,True
HDDC2,0,1,0,0,False
HDDC3,0,1,0,0,False
HDGF,0,1,0,0,False
HDGFL2,0,1,0,0,False
HDGFL3,0,1,0,0,False
HDHD2,0,1,0,0,False
HDHD3,0,1,0,0,False
HDHD5,0,1,0,0,False
HDLBP,0,1,0,0,False
HDX,0,1,0,0,False
HEATR1,0,1,0,0,False
HEATR5A,0,1,0,0,False
HEATR5B,0,1,0,0,False
HEATR6,0,1,0,0,False
HEBP1,0,1,0,0,False
HEBP2,0,1,0,0,False
HECA,1,1,0,0,False
HECTD1,0,1,0,0,False
HECTD2,0,1,0,0,False
HECTD3,0,1,0,0,False
HECTD4,0,1,0,0,False
HECW1,0,1,0,0,False
HECW2,1,1,0,0,False
HECW2-AS1,0,1,0,0,False
HEG1,0,1,0,0,False
HEIH,0,1,0,0,False
HELB,0,1,0,0,False
HELLPAR,0,1,0,0,False
HELLS,0,1,0,0,False
HELZ,0,1,0,0,False
HELZ2,0,1,0,0,False
HEMGN,0,1,0,0,False
HENMT1,0,1,0,0,False
HEPACAM2,1,1,0,0,False
HEPH,0,1,0,0,False
HEPHL1,0,1,0,0,False
HEPN1,0,1,0,0,False
HERC1,0,1,0,0,False
HERC2,0,1,0,0,False
HERC2P2,0,1,0,0,False
HERC2P3,1,0,0,0,False
HERC2P9,0,1,0,0,False
HERC3,0,1,0,0,False
HERC4,0,1,0,0,False
HERC5,0,1,0,0,False
HERC6,0,1,0,0,False
HERPUD1,0,1,0,0,False
HERPUD2,0,1,0,0,False
HERPUD2-AS1,0,1,0,0,False
HES1,1,1,0,0,False
HES2,0,1,0,0,False
HES4,1,1,0,0,False
HES5,0,1,0,0,False
HES6,1,1,0,0,False
HESX1,0,1,0,0,False
HEXA,0,1,0,0,False
HEXB,0,1,0,0,False
HEXD,0,1,0,0,False
HEXIM1,0,1,0,0,False
HEXIM2,0,1,0,0,False
HEXIM2-AS1,0,1,0,0,False
HEY1,1,1,0,0,False
HEY2,1,1,0,0,False
HEYL,0,1,0,0,False
HFM1,0,1,0,0,False
HGD,0,1,0,0,False
HGF,1,1,0,0,False
HGH1,0,1,0,0,False
HGS,0,1,0,0,False
HGSNAT,0,1,0,0,False
HHAT,0,1,0,0,False
HHATL,0,1,0,0,False
HHEX,1,1,0,0,False
HHIP,1,1,0,0,False
HHIP-AS1,0,1,0,0,False
HHLA2,0,1,0,0,False
HIBADH,0,1,0,0,False
HIBCH,0,1,0,0,False
HIC1,0,1,0,0,False
HIC2,0,1,0,0,False
HID1,0,1,0,0,False
HIF1A,0,1,0,1,False
HIF1A-AS1,0,1,0,0,False
HIF1A-AS3,1,1,0,0,False
HIF1AN,0,1,0,0,False
HIF3A,0,1,0,0,False
HIGD1A,0,1,0,0,False
HIGD1B,1,1,0,1,False
HIGD1C,0,1,0,0,False
HIGD2A,0,1,0,0,False
HIKESHI,0,1,0,0,False
HILPDA,0,1,0,0,False
HINT1,0,1,0,0,False
HINT2,0,1,0,0,False
HINT3,0,1,0,0,False
HIP1,0,1,1,0,False
HIP1R,0,1,0,0,False
HIPK1,0,1,0,0,False
HIPK1-AS1,0,1,0,0,False
HIPK2,0,1,0,0,False
HIPK3,0,1,0,0,False
HIRA,0,1,0,0,False
HIRIP3,0,1,0,0,False
HISLA,0,1,0,0,False
HIVEP1,0,1,0,0,False
HIVEP2,0,1,0,0,False
HIVEP3,0,1,0,0,False
HJURP,0,1,0,0,False
HJV,0,1,0,0,False
HK1,0,1,0,0,False
HK2,0,1,0,0,False
HK2-DT,0,1,0,0,False
HK3,0,1,0,0,False
HKDC1,0,1,0,0,False
HLA-A,1,1,0,0,False
HLA-B,1,1,0,0,False
HLA-C,1,1,0,0,False
HLA-DMA,0,1,0,0,False
HLA-DMB,0,1,0,0,False
HLA-DOA,0,1,0,0,False
HLA-DOB,0,1,0,0,False
HLA-DPA1,1,1,0,0,False
HLA-DPB1,1,1,0,0,False
HLA-DQA1,1,1,0,0,False
HLA-DQA2,1,1,0,0,False
HLA-DQB1,1,1,0,0,False
HLA-DQB2,0,1,0,0,False
HLA-DR,1,0,0,0,False
HLA-DRA,1,1,0,0,False
HLA-DRB1,1,1,0,0,False
HLA-DRB5,0,1,0,0,False
HLA-DRB6,0,1,0,0,False
HLA-E,0,1,0,0,False
HLA-F,0,1,0,0,False
HLA-F-AS1,0,1,0,0,False
HLA-G,1,1,0,0,False
HLA-H,0,1,0,0,False
HLCS,0,1,0,0,False
HLF,1,1,0,0,False
HLTF,0,1,0,0,False
HLX,0,1,0,0,False
HLX-AS1,0,1,0,0,False
HM13,0,1,0,0,False
HMBOX1,0,1,0,0,False
HMBS,0,1,0,0,False
HMCES,0,1,0,0,False
HMCN1,1,1,0,0,False
HMCN2,0,1,0,0,False
HMG20A,0,1,0,0,False
HMG20B,0,1,0,0,False
HMGA1,0,1,0,0,False
HMGA2,1,1,0,0,False
HMGA2-AS1,0,1,0,0,False
HMGB1,0,1,0,0,False
HMGB1P10,0,1,0,0,False
HMGB1P20,0,1,0,0,False
HMGB1P24,0,1,0,0,False
HMGB1P3,0,1,0,0,False
HMGB1P41,0,1,0,0,False
HMGB1P5,0,1,0,0,False
HMGB1P6,0,1,0,0,False
HMGB2,1,1,0,0,False
HMGB3,0,1,0,0,False
HMGB3P1,0,1,0,0,False
HMGCL,0,1,0,0,False
HMGCLL1,0,1,0,0,False
HMGCR,0,1,0,0,False
HMGCS1,0,1,0,0,False
HMGCS2,0,1,0,0,False
HMGN1,0,1,0,0,False
HMGN2,0,1,0,0,False
HMGN2P24,0,1,0,0,False
HMGN2P46,0,1,0,0,False
HMGN2P6,0,1,0,0,False
HMGN3,0,1,0,0,False
HMGN3-AS1,0,1,0,0,False
HMGN4,0,1,0,0,False
HMGN5,0,1,0,0,False
HMGXB3,0,1,0,0,False
HMGXB4,0,1,0,0,False
HMMR,0,1,0,0,False
HMOX1,0,1,0,0,False
HMOX2,0,1,0,0,False
HMX1,0,1,0,0,False
HMX3,1,0,0,0,False
HNF1A-AS1,0,1,0,0,False
HNF1B,0,1,0,1,False
HNF4A,0,1,0,0,False
HNF4G,0,1,0,0,False
HNMT,0,1,0,0,False
HNRNPA0,0,1,0,0,False
HNRNPA1,0,1,0,0,False
HNRNPA1L2,0,1,0,0,False
HNRNPA1L3,0,1,0,0,False
HNRNPA1P10,0,1,0,0,False
HNRNPA1P41,0,1,0,0,False
HNRNPA1P49,0,1,0,0,False
HNRNPA1P5,0,1,0,0,False
HNRNPA1P7,0,1,0,0,False
HNRNPA2B1,0,1,0,0,False
HNRNPA3,0,1,0,0,False
HNRNPA3P6,0,1,0,0,False
HNRNPAB,0,1,0,0,False
HNRNPC,0,1,0,0,False
HNRNPCL3,0,1,0,0,False
HNRNPCL4,0,1,0,0,False
HNRNPCP4,0,1,0,0,False
HNRNPD,0,1,0,0,False
HNRNPD-DT,0,1,0,0,False
HNRNPDL,0,1,0,0,False
HNRNPF,0,1,0,0,False
HNRNPH1,0,1,0,0,False
HNRNPH1P1,0,1,0,0,False
HNRNPH2,0,1,0,0,False
HNRNPH3,0,1,0,0,False
HNRNPK,0,1,0,0,False
HNRNPK-AS1,0,1,0,0,False
HNRNPL,0,1,0,0,False
HNRNPLL,0,1,0,0,False
HNRNPM,0,1,0,0,False
HNRNPR,0,1,0,0,False
HNRNPU,0,1,0,0,False
HNRNPUL1,0,1,0,0,False
HNRNPUL2,0,1,0,0,False
HNRNPUL2-BSCL2,0,1,0,0,False
HOATZ,0,1,0,0,False
HOMER1,0,1,0,0,False
HOMER2,0,1,0,0,False
HOMER3,0,1,0,0,False
HOMER3-AS1,0,1,0,0,False
HOMEZ,0,1,0,0,False
HOOK1,0,1,0,0,False
HOOK2,0,1,0,0,False
HOOK3,0,1,0,0,False
HOPX,1,1,0,0,False
HORMAD1,0,1,0,0,False
HORMAD2,0,1,0,0,False
HORMAD2-AS1,0,1,0,0,False
HOTAIRM1,0,1,0,0,False
HOXA-AS2,0,1,0,0,False
HOXA-AS3,0,1,0,0,False
HOXA10,0,1,0,0,False
HOXA2,0,1,0,0,False
HOXA3,0,1,0,0,False
HOXA4,0,1,0,0,False
HOXA5,0,1,0,0,False
HOXA6,0,1,0,0,False
HOXA7,0,1,0,0,False
HOXA9,0,1,0,0,False
HOXB-AS1,0,1,0,0,False
HOXB-AS2,0,1,0,0,False
HOXB-AS3,0,1,0,0,False
HOXB13,0,1,0,0,False
HOXB2,0,1,0,0,False
HOXB3,1,1,0,0,False
HOXB4,0,1,0,0,False
HOXB5,0,1,0,0,False
HOXB6,0,1,0,0,False
HOXB7,0,1,0,0,False
HOXB8,0,1,0,0,False
HOXB9,0,1,0,0,False
HOXC-AS2,0,1,0,0,False
HOXC10,0,1,0,0,False
HOXC13-AS,0,1,0,0,False
HOXC4,0,1,0,0,False
HOXC6,0,1,0,0,False
HOXC8,1,0,0,0,False
HOXC9,1,1,0,0,False
HOXD1,0,1,0,0,False
HOXD10,0,1,0,0,False
HOXD11,0,1,0,0,False
HOXD3,1,1,0,0,False
HOXD8,0,1,0,0,False
HP,0,1,0,0,False
HP1BP3,0,1,0,0,False
HPCA,0,1,0,0,False
HPCAL1,0,1,0,0,False
HPD,1,1,0,0,False
HPDL,0,1,0,0,False
HPF1,0,1,0,0,False
HPGD,1,1,0,0,False
HPGD ,0,0,0,1,False
HPGDS,1,1,1,0,False
HPN,0,1,0,0,False
HPR,0,1,0,0,False
HPRT1,0,1,0,0,False
HPS1,0,1,0,0,False
HPS3,0,1,0,0,False
HPS4,0,1,0,0,False
HPS5,0,1,0,0,False
HPS6,0,1,0,0,False
HPSE,0,1,0,0,False
HPSE2,1,1,0,0,False
HPX,0,1,0,0,False
HR,0,1,0,0,False
HRAS,0,1,0,0,False
HRC,0,1,0,0,False
HRCT1,0,1,0,0,False
HRG-AS1,0,1,0,0,False
HRH1,0,1,0,0,False
HRH2,0,1,0,0,False
HRH3,1,0,0,0,False
HRK,0,1,0,0,False
HS1BP3,0,1,0,0,False
HS1BP3-IT1,0,1,0,0,False
HS2ST1,0,1,0,0,False
HS3ST1,0,1,0,0,False
HS3ST2,0,1,0,0,False
HS3ST3A1,1,1,0,0,False
HS3ST3B1,0,1,0,0,False
HS3ST4,1,1,0,0,False
HS3ST5,1,1,0,0,False
HS3ST6,0,1,0,0,False
HS6ST1,0,1,0,0,False
HS6ST2,0,1,0,0,False
HS6ST3,0,1,0,0,False
HSBP1,0,1,0,0,False
HSBP1L1,0,1,0,0,False
HSCB,0,1,0,0,False
HSD11B1,0,1,0,0,False
HSD11B1L,0,1,0,0,False
HSD11B2,1,1,1,0,False
HSD17B1-AS1,0,1,0,0,False
HSD17B10,0,1,0,0,False
HSD17B11,0,1,0,0,False
HSD17B12,0,1,0,0,False
HSD17B13,0,1,0,0,False
HSD17B14,0,1,0,0,False
HSD17B2,0,1,0,0,False
HSD17B4,0,1,0,0,False
HSD17B6,0,1,0,1,False
HSD17B7,0,1,0,0,False
HSD17B8,0,1,0,0,False
HSDL1,0,1,0,0,False
HSDL2,0,1,0,0,False
HSDL2-AS1,0,1,0,0,False
HSF1,0,1,0,0,False
HSF2,0,1,0,0,False
HSFX3,0,1,0,0,False
HSFY6P,0,1,0,0,False
HSH2D,0,1,0,0,False
HSP90AA1,0,1,0,0,False
HSP90AA6P,0,1,0,0,False
HSP90AB1,0,1,0,0,False
HSP90B1,0,1,0,0,False
HSP90B2P,0,1,0,0,False
HSPA12A,0,1,0,0,False
HSPA12B,0,1,0,0,False
HSPA13,0,1,0,0,False
HSPA1A,0,1,0,0,False
HSPA1B,0,1,0,0,False
HSPA1L,0,1,0,0,False
HSPA2,0,1,0,0,False
HSPA2-AS1,0,1,0,0,False
HSPA4,0,1,0,0,False
HSPA4L,0,1,0,0,False
HSPA5,0,1,0,0,False
HSPA5P1,0,1,0,0,False
HSPA6,0,1,0,0,False
HSPA8,0,1,0,0,False
HSPA9,0,1,0,0,False
HSPB1,0,1,0,0,False
HSPB1P1,0,1,0,0,False
HSPB2,0,1,0,0,False
HSPB6,1,1,0,0,False
HSPB7,0,1,0,0,False
HSPB8,0,1,0,0,False
HSPBP1,0,1,0,0,False
HSPD1,0,1,0,0,False
HSPD1P1,0,1,0,0,False
HSPD1P5,0,1,0,0,False
HSPD1P8,1,0,0,0,False
HSPE1,0,1,0,0,False
HSPE1-MOB4,0,1,0,0,False
HSPE1P2,0,1,0,0,False
HSPE1P3,0,1,0,0,False
HSPE1P4,0,1,0,0,False
HSPE1P9,0,1,0,0,False
HSPG2,0,1,0,0,False
HSPH1,0,1,0,0,False
HTATIP2,0,1,0,0,False
HTATSF1,0,1,0,0,False
HTN1,0,1,0,0,False
HTR1D,0,1,0,0,False
HTR1F,0,1,0,0,False
HTR2A,1,0,0,0,False
HTR2C,1,1,0,0,False
HTR3A,1,0,0,0,False
HTR3B,0,1,0,0,False
HTR3C,0,1,0,0,False
HTR3E,0,1,0,0,False
HTR4,0,1,0,0,False
HTR7,0,1,0,0,False
HTR7P1,0,1,0,0,False
HTRA1,0,1,0,0,False
HTRA2,0,1,0,0,False
HTRA3,0,1,0,0,False
HTRA4,0,1,0,0,False
HTT,0,1,0,0,False
HTT-AS,0,1,0,0,False
HULC,0,1,0,0,False
HUNK,0,1,0,0,False
HUS1,0,1,0,0,False
HUWE1,0,1,0,0,False
HVCN1,0,1,0,0,False
HYAL1,0,1,0,0,False
HYAL2,0,1,0,0,False
HYAL3,0,1,0,0,False
HYCC1,0,1,0,0,False
HYCC2,0,1,0,0,False
HYDIN,0,1,0,0,False
HYDIN2,0,1,0,0,False
HYI,0,1,0,0,False
HYLS1,0,1,0,0,False
HYOU1,0,1,0,0,False
HYOU1-AS1,0,1,0,0,False
HYPK,0,1,0,0,False
IAH1,0,1,0,0,False
IAPP,0,1,0,1,False
IARS1,0,1,0,0,False
IARS2,0,1,0,0,False
IATPR,0,1,0,0,False
IBA57,0,1,0,0,False
IBSP,1,0,0,0,False
IBTK,0,1,0,0,False
ICA1,0,1,0,0,False
ICA1-AS1,0,1,0,0,False
ICA1L,0,1,0,0,False
ICAM1,1,1,0,1,False
ICAM2,0,1,0,0,False
ICAM3,0,1,0,0,False
ICAM4,0,1,0,0,False
ICAM4-AS1,0,1,0,0,False
ICAM5,0,1,0,0,False
ICE1,0,1,0,0,False
ICE2,0,1,0,0,False
ICMT,0,1,0,0,False
ICMT-DT,0,1,0,0,False
ICOS,1,1,0,1,False
ICOSLG,0,1,0,0,False
ID1,1,1,0,0,False
ID2,1,1,0,0,False
ID2-AS1,0,1,0,0,False
ID3,1,1,0,0,False
ID4,0,1,0,0,False
IDE,0,1,0,0,False
IDH1,0,1,0,0,False
IDH1-AS1,0,1,0,0,False
IDH2,0,1,0,0,False
IDH2-DT,0,1,0,0,False
IDH3A,0,1,0,0,False
IDH3B,0,1,0,0,False
IDH3G,0,1,0,0,False
IDI1,0,1,0,0,False
IDI2,0,1,0,0,False
IDI2-AS1,0,1,0,0,False
IDNK,0,1,0,0,False
IDO1,1,1,0,0,False
IDO2,0,1,0,0,False
IDS,0,1,0,0,False
IDUA,0,1,0,0,False
IER2,0,1,0,0,False
IER3,0,1,0,0,False
IER3-AS1,0,1,0,0,False
IER3IP1,0,1,0,0,False
IER5,0,1,0,0,False
IER5L,0,1,0,0,False
IFFO1,0,1,0,0,False
IFFO2,0,1,0,0,False
IFI16,0,1,0,0,False
IFI27,1,1,0,0,False
IFI27L1,0,1,0,0,False
IFI27L2,0,1,0,0,False
IFI30,0,1,0,0,False
IFI35,0,1,0,0,False
IFI44,1,1,0,0,False
IFI44L,0,1,0,0,False
IFI6,1,1,0,0,False
IFIH1,0,1,0,0,False
IFIT1,0,1,0,0,False
IFIT1B,0,1,0,0,False
IFIT2,0,1,0,0,False
IFIT3,1,1,0,0,False
IFIT5,0,1,0,0,False
IFITM1,0,1,0,0,False
IFITM10,0,1,0,0,False
IFITM2,0,1,1,0,False
IFITM3,1,1,0,0,False
IFITM3P1,0,1,0,0,False
IFNAR1,0,1,0,0,False
IFNAR2,0,1,0,0,False
IFNG,1,1,0,1,False
IFNG-AS1,1,1,1,1,True
IFNGR1,0,1,0,0,False
IFNGR2,0,1,0,0,False
IFNLR1,0,1,0,0,False
IFRD1,0,1,0,0,False
IFRD2,0,1,0,0,False
IFT122,0,1,0,0,False
IFT140,0,1,0,0,False
IFT172,0,1,0,0,False
IFT20,0,1,0,0,False
IFT22,0,1,0,0,False
IFT25,0,1,0,0,False
IFT27,0,1,0,0,False
IFT43,0,1,0,0,False
IFT46,0,1,0,0,False
IFT52,0,1,0,0,False
IFT56,0,1,0,0,False
IFT57,0,1,0,0,False
IFT70B,0,1,0,0,False
IFT74,0,1,0,0,False
IFT80,0,1,0,0,False
IFT81,0,1,0,0,False
IFT88,0,1,0,0,False
IFTAP,0,1,0,0,False
IGBP1,0,1,0,0,False
IGDCC3,0,1,0,0,False
IGDCC4,0,1,0,0,False
IGF1,1,1,0,0,False
IGF1R,0,1,0,0,False
IGF2,0,1,0,0,False
IGF2-AS,0,1,0,0,False
IGF2BP1,0,1,0,0,False
IGF2BP2,1,1,0,0,False
IGF2BP3,0,1,0,0,False
IGF2R,0,1,0,0,False
IGFBP1,0,1,0,0,False
IGFBP2,0,1,0,0,False
IGFBP3,1,1,0,0,False
IGFBP4,0,1,0,0,False
IGFBP5,1,1,0,0,False
IGFBP6,1,1,0,1,False
IGFBP7,1,1,0,0,False
IGFBPL1,0,1,0,0,False
IGFL2,0,1,0,0,False
IGFLR1,0,1,0,0,False
IGFN1,0,1,0,0,False
IGHA1,1,1,0,0,False
IGHA2,0,1,0,0,False
IGHD,1,1,0,0,False
IGHG1,1,1,0,0,False
IGHG2,0,1,0,0,False
IGHG3,1,1,1,0,False
IGHG4,0,1,0,0,False
IGHGP,0,1,0,0,False
IGHJ4,0,1,0,0,False
IGHM,1,1,0,0,False
IGHV1-12,0,1,0,0,False
IGHV1-14,0,1,0,0,False
IGHV1-2,0,1,0,0,False
IGHV1-3,0,1,0,0,False
IGHV1-46,0,1,0,0,False
IGHV1-58,0,1,0,0,False
IGHV1-69,0,1,0,0,False
IGHV1OR15-1,0,1,0,0,False
IGHV1OR21-1,0,1,0,0,False
IGHV2-5,0,1,0,0,False
IGHV3-11,0,1,0,0,False
IGHV3-15,0,1,0,0,False
IGHV3-23,0,1,0,0,False
IGHV3-30,0,1,0,0,False
IGHV3-38,0,1,0,0,False
IGHV3-43,0,1,0,0,False
IGHV3-48,0,1,0,0,False
IGHV3-64D,0,1,0,0,False
IGHV3-7,0,1,0,0,False
IGHV5-78,0,1,0,0,False
IGIP,0,1,0,0,False
IGKC,1,1,1,0,False
IGKV1-17,0,1,0,0,False
IGKV1-39,0,1,0,0,False
IGKV1-5,0,1,0,0,False
IGKV1-6,0,1,0,0,False
IGKV1D-13,0,1,0,0,False
IGKV1D-39,0,1,0,0,False
IGKV2-30,0,1,0,0,False
IGKV3-11,0,1,0,0,False
IGKV3-15,0,1,0,0,False
IGKV3-20,0,1,0,0,False
IGKV3D-15,0,1,0,0,False
IGKV3D-7,0,1,0,0,False
IGKV4-1,0,1,0,0,False
IGLC1,0,1,0,0,False
IGLC2,0,1,0,0,False
IGLC3,0,1,0,0,False
IGLC4,0,1,0,0,False
IGLC5,0,1,0,0,False
IGLC6,0,1,0,0,False
IGLC7,0,1,0,0,False
IGLJ1,0,1,0,0,False
IGLJ2,0,1,0,0,False
IGLL1,1,1,0,1,False
IGLL3P,0,1,0,0,False
IGLL5,1,1,0,0,False
IGLON5,0,1,0,0,False
IGLV2-11,0,1,0,0,False
IGLV2-14,0,1,0,0,False
IGLV2-23,0,1,0,0,False
IGLV2-8,0,1,0,0,False
IGLV3-1,0,1,0,0,False
IGLV3-10,0,1,0,0,False
IGLV3-19,0,1,0,0,False
IGLV3-2,0,1,0,0,False
IGLV3-21,0,1,0,0,False
IGLV3-25,0,1,0,0,False
IGLV3-7,0,1,0,0,False
IGLV6-57,0,1,0,0,False
IGLV9-49,0,1,0,0,False
IGLVV-66,0,1,0,0,False
IGSF10,0,1,0,1,False
IGSF11,0,1,0,0,False
IGSF21,1,1,0,1,False
IGSF3,0,1,0,0,False
IGSF3P1,0,1,0,0,False
IGSF6,0,1,0,0,False
IGSF8,0,1,0,0,False
IGSF9,0,1,0,0,False
IGSF9B,0,1,0,0,False
IHH,0,1,0,0,False
IHO1,0,1,0,0,False
IK,0,1,0,0,False
IKBIP,0,1,0,0,False
IKBKB,0,1,0,0,False
IKBKE,0,1,0,0,False
IKBKE-AS1,0,1,0,0,False
IKBKG,0,1,0,0,False
IKZF1,0,1,1,0,False
IKZF2,1,1,0,0,False
IKZF3,0,1,0,0,False
IKZF4,0,1,0,0,False
IL10,1,1,0,0,False
IL10RA,0,1,0,0,False
IL10RB,0,1,0,0,False
IL10RB-DT,0,1,0,0,False
IL11,0,1,0,0,False
IL11RA,0,1,0,0,False
IL12A,0,1,0,0,False
IL12A-AS1,0,1,0,0,False
IL12RB1,0,1,0,0,False
IL12RB2,0,1,0,0,False
IL13RA1,0,1,0,0,False
IL13RA2,0,1,0,0,False
IL15,1,1,0,0,False
IL15RA,0,1,0,0,False
IL16,0,1,0,0,False
IL17C,0,1,0,0,False
IL17RA,0,1,0,0,False
IL17RB,0,1,0,0,False
IL17RE,0,1,0,0,False
IL18,0,1,0,0,False
IL18BP,0,1,0,0,False
IL18R1,1,1,1,1,True
IL18RAP,0,1,0,0,False
IL1A,0,1,0,0,False
IL1B,1,1,0,0,False
IL1R1,1,1,0,0,False
IL1R1-AS1,0,1,0,0,False
IL1R2,0,1,0,0,False
IL1RAP,0,1,0,0,False
IL1RAPL1,0,1,0,0,False
IL1RAPL2,1,1,0,0,False
IL1RL1,1,1,0,0,False
IL1RL2,0,1,0,0,False
IL1RN,0,1,0,0,False
IL2,1,1,0,0,False
IL20,0,1,0,0,False
IL20RA,0,1,0,0,False
IL20RB,0,1,0,0,False
IL20RB-AS1,0,1,0,0,False
IL21R,0,1,0,0,False
IL22RA1,0,1,0,0,False
IL22RA2,0,1,0,0,False
IL23A,0,1,0,0,False
IL23R,0,1,0,1,False
IL24,0,1,0,0,False
IL26,0,1,0,0,False
IL27,0,1,0,0,False
IL27RA,0,1,0,0,False
IL2RA,1,1,0,0,False
IL2RB,0,1,0,0,False
IL2RG,1,1,0,0,False
IL32,1,1,0,0,False
IL33,0,1,0,0,False
IL34,0,1,0,0,False
IL37,0,1,0,0,False
IL3RA,1,1,0,0,False
IL4,1,1,0,0,False
IL4I1,0,1,0,0,False
IL4R,1,1,0,0,False
IL5RA,1,1,0,0,False
IL6,1,1,0,0,False
IL6R,0,1,0,0,False
IL6R-AS1,0,1,0,0,False
IL6ST,0,1,0,0,False
IL7,1,1,0,0,False
IL7R,1,1,1,0,False
IL9R,0,1,0,0,False
ILDR1,0,1,0,0,False
ILDR2,0,1,0,0,False
ILF2,0,1,0,0,False
ILF3,0,1,0,0,False
ILF3-DT,0,1,0,0,False
ILK,0,1,0,0,False
ILKAP,0,1,0,0,False
ILRUN,0,1,0,0,False
ILRUN-AS1,0,1,0,0,False
ILVBL,0,1,0,0,False
IMMP1L,0,1,0,0,False
IMMP2L,0,1,1,0,False
IMMT,0,1,0,0,False
IMP3,0,1,0,0,False
IMP4,0,1,0,0,False
IMPA1,0,1,0,0,False
IMPA2,0,1,0,0,False
IMPACT,0,1,0,0,False
IMPDH1,0,1,0,0,False
IMPDH2,0,1,0,0,False
IMPG1,0,1,0,0,False
IMPG2,0,1,0,0,False
INA,0,1,0,1,False
INADL,0,1,0,0,False
INAFM1,0,1,0,0,False
INAFM2,0,1,0,0,False
INAVA,0,1,0,0,False
INCA1,0,1,0,0,False
INCENP,0,1,0,0,False
INE1,0,1,0,0,False
INF2,0,1,0,0,False
ING1,0,1,0,0,False
ING2,0,1,0,0,False
ING3,0,1,0,0,False
ING4,0,1,0,0,False
ING5,0,1,0,0,False
INGX,0,1,0,0,False
INHA,1,1,0,0,False
INHBA,1,1,0,0,False
INHBB,1,1,0,0,False
INHBC,1,1,0,0,False
INHBE,1,0,0,0,False
INIP,0,1,0,0,False
INKA1,0,1,0,0,False
INKA2,0,1,0,0,False
INKA2-AS1,0,1,0,0,False
INMT,1,1,0,0,False
INMT-MINDY4,0,1,0,0,False
INO80,0,1,0,0,False
INO80B,0,1,0,0,False
INO80C,0,1,0,0,False
INO80D,0,1,0,0,False
INO80D-AS1,0,1,0,0,False
INO80E,0,1,0,0,False
INPP1,0,1,0,0,False
INPP4A,0,1,0,0,False
INPP4B,0,1,0,0,False
INPP5A,0,1,0,0,False
INPP5B,0,1,0,0,False
INPP5D,0,1,1,0,False
INPP5F,0,1,0,0,False
INPP5J,0,1,0,0,False
INPP5K,0,1,0,0,False
INPPL1,0,1,0,0,False
INS,1,1,0,0,False
INSC,0,1,0,0,False
INSIG1,0,1,0,0,False
INSIG2,0,1,0,0,False
INSL3,0,1,0,0,False
INSL5,1,1,0,0,False
INSL6,0,1,0,0,False
INSM1,1,1,0,0,False
INSR,0,1,0,0,False
INSRR,1,0,0,0,False
INSYN1,0,1,0,0,False
INSYN1-AS1,0,1,0,0,False
INSYN2A,0,1,0,0,False
INSYN2B,0,1,0,0,False
INTS1,0,1,0,0,False
INTS10,0,1,0,0,False
INTS11,0,1,0,0,False
INTS12,0,1,0,0,False
INTS13,0,1,0,0,False
INTS14,0,1,0,0,False
INTS15,0,1,0,0,False
INTS2,0,1,0,0,False
INTS3,0,1,0,0,False
INTS4,0,1,0,0,False
INTS4P1,0,1,0,0,False
INTS5,0,1,0,0,False
INTS6,0,1,0,0,False
INTS6-AS1,0,1,0,0,False
INTS6L,0,1,0,0,False
INTS7,0,1,0,0,False
INTS8,0,1,0,0,False
INTS9,0,1,0,0,False
INTU,0,1,0,0,False
INVS,0,1,0,0,False
IP6K1,0,1,0,0,False
IP6K2,0,1,0,0,False
IP6K3,0,1,0,0,False
IPCEF1,0,1,0,0,False
IPMK,0,1,0,0,False
IPO11,0,1,0,0,False
IPO13,0,1,0,0,False
IPO4,0,1,0,0,False
IPO5,0,1,0,0,False
IPO5P1,0,1,0,0,False
IPO7,0,1,0,0,False
IPO8,0,1,0,0,False
IPO9,0,1,0,0,False
IPO9-AS1,0,1,0,0,False
IPPK,0,1,0,0,False
IQANK1,0,1,0,0,False
IQCA1,0,1,0,0,False
IQCB1,0,1,0,0,False
IQCC,0,1,0,0,False
IQCE,0,1,0,0,False
IQCF4P,0,1,0,0,False
IQCG,0,1,0,0,False
IQCH,0,1,0,0,False
IQCH-AS1,0,1,0,0,False
IQCJ,0,1,0,0,False
IQCJ-SCHIP1,0,1,0,0,False
IQCK,0,1,0,0,False
IQCM,0,1,0,0,False
IQCN,0,1,0,0,False
IQGAP1,0,1,0,0,False
IQGAP2,1,1,1,0,False
IQGAP3,0,1,0,0,False
IQSEC1,0,1,0,0,False
IQSEC2,0,1,0,0,False
IQSEC3,0,1,0,0,False
IQSEC3-AS2,0,1,0,0,False
IQUB,0,1,0,0,False
IRAG1,0,1,1,0,False
IRAG1-AS1,0,1,0,0,False
IRAG2,1,1,0,0,False
IRAK1,1,1,0,0,False
IRAK1BP1,0,1,0,0,False
IRAK2,0,1,0,0,False
IRAK3,0,1,0,0,False
IRAK4,0,1,0,0,False
IREB2,0,1,0,0,False
IRF1,0,1,0,0,False
IRF2,0,1,0,0,False
IRF2-DT,0,1,0,0,False
IRF2BP1,0,1,0,0,False
IRF2BP2,0,1,0,0,False
IRF2BPL,0,1,0,0,False
IRF3,0,1,0,0,False
IRF4,1,1,0,0,False
IRF5,0,1,0,0,False
IRF6,0,1,0,0,False
IRF7,1,1,0,0,False
IRF8,1,1,0,0,False
IRF9,0,1,0,0,False
IRGM,0,1,0,0,False
IRGQ,0,1,0,0,False
IRS1,0,1,0,0,False
IRS2,0,1,0,0,False
IRS4,0,1,0,0,False
IRX2,1,1,0,0,False
IRX2-DT,0,1,0,0,False
IRX3,0,1,0,0,False
IRX6,0,1,0,0,False
ISCA1,0,1,0,0,False
ISCA2,0,1,0,0,False
ISCU,0,1,0,0,False
ISG15,0,1,0,0,False
ISG20,0,1,0,0,False
ISG20L2,0,1,0,0,False
ISL1,1,1,0,0,False
ISLR,0,1,0,0,False
ISLR2,0,1,0,0,False
ISM1,1,1,0,0,False
ISM2,0,1,0,0,False
ISOC1,0,1,0,0,False
ISOC2,0,1,0,0,False
IST1,0,1,0,0,False
ISY1,0,1,0,0,False
ISYNA1,0,1,0,0,False
ITCH,0,1,0,0,False
ITFG1,0,1,0,0,False
ITFG2,0,1,0,0,False
ITFG2-AS1,0,1,0,0,False
ITGA1,1,1,1,0,False
ITGA10,0,1,0,0,False
ITGA11,1,1,0,0,False
ITGA2,1,1,0,0,False
ITGA2-AS1,0,1,0,0,False
ITGA2B,1,1,0,1,False
ITGA3,1,1,0,0,False
ITGA4,1,1,0,0,False
ITGA5,1,1,0,0,False
ITGA6,1,1,0,0,False
ITGA6-AS1,0,1,0,0,False
ITGA7,1,1,0,0,False
ITGA8,1,1,0,1,False
ITGA9,0,1,0,1,False
ITGA9-AS1,0,1,0,0,False
ITGAD,0,1,0,0,False
ITGAE,1,1,0,0,False
ITGAL,1,1,0,0,False
ITGAM,1,1,0,0,False
ITGAV,1,1,0,0,False
ITGAX,1,1,0,0,False
ITGB1,1,1,0,0,False
ITGB1-DT,0,1,0,0,False
ITGB1BP1,0,1,0,0,False
ITGB1BP2,0,1,0,0,False
ITGB2,1,1,0,0,False
ITGB2-AS1,0,1,0,0,False
ITGB3,1,1,1,0,False
ITGB3BP,0,1,0,0,False
ITGB4,1,1,0,0,False
ITGB5,1,1,0,0,False
ITGB6,0,1,0,0,False
ITGB7,0,1,0,0,False
ITGB8,0,1,0,0,False
ITGB8-AS1,0,1,0,0,False
ITGBL1,1,1,0,0,False
ITIH1,0,1,0,0,False
ITIH2,0,1,0,0,False
ITIH3,0,1,0,0,False
ITIH4,0,1,0,0,False
ITIH5,0,1,0,0,False
ITIH6,0,1,0,0,False
ITK,0,1,0,1,False
ITLN1,1,1,0,0,False
ITLN2,0,1,0,0,False
ITM2A,1,1,0,0,False
ITM2B,0,1,0,0,False
ITM2C,0,1,0,0,False
ITPA,0,1,0,0,False
ITPK1,0,1,0,0,False
ITPKA,0,1,0,0,False
ITPKB,0,1,0,0,False
ITPKB-IT1,0,1,0,0,False
ITPKC,0,1,0,0,False
ITPR1,0,1,0,0,False
ITPR2,0,1,1,0,False
ITPR2-AS1,0,1,0,0,False
ITPR3,0,1,0,0,False
ITPRID1,1,1,0,1,False
ITPRID2,0,1,0,0,False
ITPRIP,0,1,0,0,False
ITPRIPL2,0,1,0,0,False
ITSN1,0,1,0,0,False
ITSN2,0,1,0,0,False
IVD,0,1,0,0,False
IVL,1,0,0,0,False
IVNS1ABP,0,1,1,0,False
IWS1,0,1,0,0,False
IZUMO2,0,1,0,0,False
IZUMO4,0,1,0,0,False
Integrin ��3��1,1,0,0,0,False
Integrin ��5,1,0,0,0,False
JADE1,0,1,0,0,False
JADE2,0,1,0,0,False
JADE3,0,1,0,0,False
JAG1,1,1,0,0,False
JAG2,0,1,0,0,False
JAGN1,0,1,0,0,False
JAK1,0,1,0,0,False
JAK2,0,1,0,0,False
JAK3,0,1,0,0,False
JAKMIP1,0,1,0,0,False
JAKMIP2,0,1,0,0,False
JAKMIP3,0,1,0,0,False
JAM2,1,1,0,0,False
JAM3,0,1,0,0,False
JAML,1,1,0,1,False
JARID2,0,1,0,0,False
JAZF1,0,1,0,0,False
JAZF1-AS1,0,1,0,0,False
JCAD,0,1,0,0,False
JCHAIN,1,1,0,0,False
JDP2,0,1,0,0,False
JHY,0,1,0,0,False
JKAMP,0,1,0,0,False
JMJD1C,0,1,0,0,False
JMJD4,0,1,0,0,False
JMJD6,0,1,0,0,False
JMJD7,0,1,0,0,False
JMJD8,0,1,0,0,False
JMY,0,1,0,0,False
JOSD1,0,1,0,0,False
JOSD2,0,1,0,0,False
JPH1,0,1,0,0,False
JPH2,0,1,0,1,False
JPH3,0,1,0,0,False
JPH4,0,1,0,0,False
JPT1,0,1,0,0,False
JPT2,0,1,0,0,False
JPX,0,1,0,0,False
JRK,0,1,0,0,False
JRKL,0,1,0,0,False
JRKL-AS1,0,1,0,0,False
JSRP1,0,1,0,1,False
JTB,0,1,0,0,False
JUN,0,1,0,0,False
JUNB,0,1,0,0,False
JUND,0,1,0,0,False
JUP,0,1,0,0,False
KAAG1,0,1,0,0,False
KALRN,0,1,0,0,False
KANK1,0,1,0,0,False
KANK2,0,1,0,0,False
KANK3,0,1,0,0,False
KANK4,0,1,0,0,False
KANSL1,0,1,0,0,False
KANSL1-AS1,0,1,0,0,False
KANSL1L,0,1,0,0,False
KANSL2,0,1,0,0,False
KANSL3,0,1,0,0,False
KANTR,0,1,0,0,False
KARS1,0,1,0,0,False
KAT14,0,1,0,0,False
KAT2A,0,1,0,0,False
KAT2B,0,1,0,0,False
KAT5,0,1,0,0,False
KAT6A,0,1,0,0,False
KAT6B,0,1,0,0,False
KAT7,0,1,0,0,False
KAT8,0,1,0,0,False
KATNA1,0,1,0,0,False
KATNAL1,0,1,0,0,False
KATNAL2,0,1,0,0,False
KATNB1,0,1,0,0,False
KATNBL1,0,1,0,0,False
KATNIP,0,1,0,0,False
KAZALD1,0,1,0,0,False
KAZN,0,1,1,0,False
KAZN-AS1,0,1,0,0,False
KBTBD11,0,1,0,0,False
KBTBD12,0,1,0,0,False
KBTBD2,0,1,0,0,False
KBTBD4,0,1,0,0,False
KBTBD7,0,1,0,0,False
KBTBD8,0,1,0,0,False
KCMF1,0,1,0,0,False
KCNA3,0,1,0,0,False
KCNA5,0,1,0,0,False
KCNA6,0,1,0,0,False
KCNAB1,0,1,0,0,False
KCNAB1-AS2,0,1,0,0,False
KCNAB2,0,1,0,0,False
KCNAB3,0,1,0,0,False
KCNB1,0,1,0,0,False
KCNB2,0,1,0,0,False
KCNC2,0,1,0,0,False
KCNC3,0,1,0,1,False
KCNC4,0,1,0,0,False
KCND1,0,1,0,0,False
KCND2,0,1,0,0,False
KCND3,0,1,0,1,False
KCNE1,0,1,0,0,False
KCNE3,0,1,0,0,False
KCNE4,0,1,0,0,False
KCNE5,0,1,0,0,False
KCNG1,0,1,0,0,False
KCNG2,0,1,0,0,False
KCNG3,0,1,0,0,False
KCNH1,0,1,0,0,False
KCNH2,1,1,0,0,False
KCNH3,0,1,0,0,False
KCNH4,0,1,0,0,False
KCNH6,0,1,0,0,False
KCNH7,0,1,0,0,False
KCNH8,1,1,0,0,False
KCNIP1,0,1,0,0,False
KCNIP2,0,1,0,0,False
KCNIP2-AS1,0,1,0,0,False
KCNIP4,0,1,0,0,False
KCNIP4-IT1,0,1,0,0,False
KCNJ1,0,1,0,0,False
KCNJ10,0,1,0,0,False
KCNJ11,0,1,0,0,False
KCNJ12,0,1,0,0,False
KCNJ13,0,1,0,0,False
KCNJ14,0,1,0,0,False
KCNJ15,0,1,1,0,False
KCNJ16,0,1,1,0,False
KCNJ2,0,1,0,0,False
KCNJ3,0,1,0,0,False
KCNJ5,0,1,0,0,False
KCNJ6,0,1,0,0,False
KCNJ8,1,1,0,0,False
KCNK1,0,1,0,0,False
KCNK10,0,1,0,0,False
KCNK12,0,1,0,0,False
KCNK13,0,1,0,1,False
KCNK15-AS1,0,1,0,0,False
KCNK17,0,1,0,0,False
KCNK2,1,1,0,0,False
KCNK3,0,1,0,0,False
KCNK5,0,1,0,0,False
KCNK6,0,1,0,0,False
KCNK7,0,1,0,0,False
KCNMA1,0,1,0,0,False
KCNMA1-AS1,0,1,0,0,False
KCNMB1,0,1,0,0,False
KCNMB2,0,1,1,0,False
KCNMB2-AS1,0,1,0,0,False
KCNMB3,0,1,0,0,False
KCNMB4,0,1,0,0,False
KCNN1,0,1,0,0,False
KCNN2,0,1,0,0,False
KCNN3,0,1,0,0,False
KCNN4,0,1,0,0,False
KCNQ1,0,1,0,0,False
KCNQ1-AS1,0,1,0,0,False
KCNQ1OT1,0,1,0,0,False
KCNQ2,0,1,0,0,False
KCNQ3,0,1,0,0,False
KCNQ5,0,1,0,0,False
KCNRG,0,1,0,0,False
KCNS3,0,1,0,0,False
KCNT2,1,1,1,0,False
KCNU1,0,1,0,0,False
KCNV1,0,1,0,0,False
KCNV2,0,1,0,0,False
KCP,0,1,0,0,False
KCTD1,0,1,0,0,False
KCTD10,0,1,0,0,False
KCTD11,0,1,0,0,False
KCTD12,1,1,0,0,False
KCTD13,0,1,0,0,False
KCTD14,0,1,0,0,False
KCTD15,0,1,0,0,False
KCTD16,0,1,0,0,False
KCTD17,0,1,0,0,False
KCTD18,0,1,0,0,False
KCTD19,0,1,0,0,False
KCTD2,0,1,0,0,False
KCTD20,0,1,0,0,False
KCTD21,0,1,0,0,False
KCTD21-AS1,0,1,0,0,False
KCTD3,0,1,0,0,False
KCTD5,0,1,0,0,False
KCTD6,0,1,0,0,False
KCTD7,0,1,0,0,False
KCTD8,0,1,0,0,False
KCTD9,0,1,0,0,False
KDELR1,0,1,0,0,False
KDELR2,0,1,0,0,False
KDELR3,0,1,0,0,False
KDF1,0,1,0,0,False
KDM1A,0,1,0,0,False
KDM1B,0,1,0,0,False
KDM2A,0,1,0,0,False
KDM2B,0,1,0,0,False
KDM2B-DT,0,1,0,0,False
KDM3A,0,1,0,0,False
KDM3B,0,1,0,0,False
KDM4A,0,1,0,0,False
KDM4B,0,1,0,0,False
KDM4C,0,1,0,0,False
KDM5A,0,1,0,0,False
KDM5B,0,1,0,0,False
KDM5C,0,1,0,0,False
KDM5D,0,1,0,0,False
KDM6A,0,1,0,0,False
KDM6B,0,1,0,0,False
KDM7A,0,1,0,0,False
KDM7A-DT,0,1,0,0,False
KDM8,0,1,0,0,False
KDR,0,1,0,0,False
KDSR,0,1,0,0,False
KEAP1,0,1,0,0,False
KEL,0,1,0,0,False
KERA,0,1,0,0,False
KGD4,0,1,0,0,False
KHDC1,0,1,0,0,False
KHDC1-AS1,0,1,0,0,False
KHDC4,0,1,0,0,False
KHDRBS1,0,1,0,0,False
KHDRBS2,0,1,0,0,False
KHDRBS3,0,1,0,0,False
KHK,0,1,0,0,False
KHNYN,0,1,0,0,False
KHSRP,0,1,0,0,False
KIAA0040,0,1,0,0,False
KIAA0087,0,1,0,0,False
KIAA0232,0,1,0,0,False
KIAA0319,0,1,0,0,False
KIAA0319L,0,1,0,0,False
KIAA0513,0,1,0,0,False
KIAA0586,0,1,0,0,False
KIAA0753,0,1,0,0,False
KIAA0825,0,1,0,0,False
KIAA0930,0,1,0,0,False
KIAA1143,0,1,0,0,False
KIAA1191,0,1,0,0,False
KIAA1217,0,1,0,0,False
KIAA1328,0,1,0,0,False
KIAA1549,0,1,0,0,False
KIAA1549L,0,1,0,0,False
KIAA1586,0,1,0,0,False
KIAA1614,0,1,0,0,False
KIAA1671,0,1,0,0,False
KIAA1671-AS1,0,1,0,0,False
KIAA1958,0,1,0,0,False
KIAA2012,0,1,0,0,False
KIAA2013,0,1,0,0,False
KICS2,0,1,0,0,False
KIDINS220,0,1,0,0,False
KIF11,0,1,0,0,False
KIF12,0,1,0,0,False
KIF13A,0,1,0,0,False
KIF13B,0,1,0,0,False
KIF14,0,1,0,0,False
KIF15,0,1,0,0,False
KIF16B,0,1,0,0,False
KIF17,0,1,0,0,False
KIF18A,0,1,0,0,False
KIF18B,0,1,0,0,False
KIF19,1,1,0,0,False
KIF19BP,0,1,0,0,False
KIF1A,0,1,0,0,False
KIF1B,0,1,0,0,False
KIF1C,0,1,0,0,False
KIF20A,0,1,0,0,False
KIF20B,0,1,0,0,False
KIF21A,0,1,0,0,False
KIF21B,0,1,0,0,False
KIF22,0,1,0,0,False
KIF23,0,1,0,0,False
KIF24,0,1,0,0,False
KIF25,1,1,0,0,False
KIF26B,0,1,0,0,False
KIF26B-AS1,0,1,0,0,False
KIF27,0,1,0,0,False
KIF28P,0,1,0,0,False
KIF2A,0,1,0,0,False
KIF2C,0,1,0,0,False
KIF3A,0,1,0,0,False
KIF3B,0,1,0,0,False
KIF3C,0,1,0,0,False
KIF4A,1,1,0,0,False
KIF5A,0,1,0,0,False
KIF5B,0,1,0,0,False
KIF5C,0,1,0,0,False
KIF5C-AS1,0,1,0,0,False
KIF6,0,1,0,0,False
KIF9,0,1,0,0,False
KIF9-AS1,0,1,0,0,False
KIFAP3,0,1,0,0,False
KIFC1,0,1,0,0,False
KIFC3,0,1,0,0,False
KILH,0,1,0,0,False
KIN,0,1,0,0,False
KIR2DL1,0,1,0,0,False
KIR2DL3,0,1,0,0,False
KIR2DL4,0,1,0,0,False
KIR2DS4,0,1,0,0,False
KIR3DL1,0,1,0,0,False
KIR3DX1,0,1,0,0,False
KIRREL1,0,1,0,0,False
KIRREL3,0,1,0,0,False
KISS1,0,1,0,0,False
KIT,1,1,1,0,False
KITLG,0,1,0,0,False
KIZ,0,1,0,0,False
KIZ-AS1,1,1,0,0,False
KL,0,1,0,0,False
KLB,0,1,0,0,False
KLC1,0,1,0,0,False
KLC2,0,1,0,0,False
KLC3,0,1,0,0,False
KLC4,0,1,0,0,False
KLF1,1,1,0,0,False
KLF10,0,1,0,0,False
KLF11,0,1,0,0,False
KLF12,0,1,0,0,False
KLF13,0,1,0,0,False
KLF15,0,1,0,0,False
KLF16,0,1,0,0,False
KLF2,1,1,0,0,False
KLF2-DT,0,1,0,0,False
KLF3,0,1,0,0,False
KLF3-AS1,0,1,0,0,False
KLF4,1,1,0,0,False
KLF5,0,1,0,0,False
KLF6,1,1,0,0,False
KLF7,0,1,0,0,False
KLF9,0,1,0,0,False
KLHDC1,0,1,0,0,False
KLHDC10,0,1,0,0,False
KLHDC2,0,1,0,0,False
KLHDC3,0,1,0,0,False
KLHDC4,0,1,0,0,False
KLHDC7B,0,1,0,0,False
KLHDC8A,0,1,0,0,False
KLHDC8B,0,1,0,0,False
KLHDC9,0,1,0,0,False
KLHL1,1,1,0,0,False
KLHL11,0,1,0,0,False
KLHL12,0,1,0,0,False
KLHL13,0,1,0,0,False
KLHL14,1,1,0,0,False
KLHL15,0,1,0,0,False
KLHL17,0,1,0,0,False
KLHL18,0,1,0,0,False
KLHL2,0,1,0,0,False
KLHL20,0,1,0,0,False
KLHL21,0,1,0,0,False
KLHL22,0,1,0,0,False
KLHL23,0,1,0,0,False
KLHL24,0,1,0,0,False
KLHL25,0,1,0,0,False
KLHL26,0,1,0,0,False
KLHL28,0,1,0,0,False
KLHL29,0,1,0,0,False
KLHL3,0,1,1,0,False
KLHL32,0,1,0,0,False
KLHL35,0,1,0,0,False
KLHL36,0,1,0,0,False
KLHL4,0,1,0,0,False
KLHL41,1,1,0,0,False
KLHL42,0,1,0,0,False
KLHL5,0,1,0,0,False
KLHL6,0,1,0,0,False
KLHL6-AS1,0,1,0,0,False
KLHL7,0,1,0,0,False
KLHL8,0,1,0,0,False
KLHL9,0,1,0,0,False
KLK1,0,1,0,0,False
KLK10,0,1,0,0,False
KLK11,1,1,0,1,False
KLK12,0,1,0,0,False
KLK14,0,1,0,0,False
KLK2,0,1,0,0,False
KLK3,1,1,0,0,False
KLK4,0,1,0,0,False
KLK5,0,1,0,0,False
KLK6,0,1,0,0,False
KLK8,0,1,0,0,False
KLKB1,0,1,0,0,False
KLKP1,0,1,0,0,False
KLRB1,1,1,0,0,False
KLRC1,1,1,0,0,False
KLRC2,0,1,0,1,False
KLRC3,0,1,0,1,False
KLRC4-KLRK1,0,1,0,0,False
KLRD1,1,1,0,1,False
KLRF1,1,1,0,1,False
KLRG1,1,1,0,0,False
KLRG2,0,1,0,0,False
KLRK1,1,1,0,1,False
KLRK1-AS1,0,1,0,0,False
KMO,0,1,0,0,False
KMT2A,0,1,0,0,False
KMT2B,0,1,0,0,False
KMT2C,0,1,0,0,False
KMT2CP5,0,1,0,0,False
KMT2D,0,1,0,0,False
KMT2E,0,1,0,0,False
KMT2E-AS1,0,1,0,0,False
KMT5A,0,1,0,0,False
KMT5AP3,0,1,0,0,False
KMT5B,0,1,0,0,False
KMT5C,0,1,0,0,False
KNG1,0,1,1,0,False
KNL1,0,1,0,0,False
KNOP1,0,1,0,0,False
KNSTRN,0,1,0,0,False
KNTC1,0,1,0,0,False
KPLCE,0,1,0,0,False
KPNA1,0,1,0,0,False
KPNA2,0,1,0,0,False
KPNA3,0,1,0,0,False
KPNA4,0,1,0,0,False
KPNA5,0,1,0,0,False
KPNA6,0,1,0,0,False
KPNA7,0,1,0,0,False
KPNB1,0,1,0,0,False
KPNB1-DT,0,1,0,0,False
KPRP,0,1,0,0,False
KPTN,0,1,0,0,False
KRAS,0,1,0,0,False
KRBOX4,0,1,0,0,False
KRBOX5,0,1,0,0,False
KRCC1,0,1,0,0,False
KREMEN1,0,1,0,0,False
KREMEN2,0,1,0,0,False
KRI1,0,1,0,0,False
KRIT1,0,1,0,0,False
KRR1,0,1,0,0,False
KRT1,1,1,0,0,False
KRT10,1,1,0,0,False
KRT10-AS1,0,1,0,0,False
KRT12,1,1,0,0,False
KRT13,1,1,0,0,False
KRT14,1,1,0,1,False
KRT15,1,1,0,1,False
KRT16,0,1,0,0,False
KRT17,1,1,0,1,False
KRT18,1,1,0,1,False
KRT18P20,0,1,0,0,False
KRT18P31,0,1,0,0,False
KRT18P5,0,1,0,0,False
KRT19,1,1,1,1,True
KRT19P4,0,1,0,0,False
KRT2,0,1,0,1,False
KRT20,1,1,0,0,False
KRT223P,0,1,0,0,False
KRT23,0,1,0,0,False
KRT24,0,1,0,0,False
KRT26,1,0,0,0,False
KRT28,0,1,0,0,False
KRT3,1,1,0,0,False
KRT39,0,1,0,0,False
KRT4,1,1,0,0,False
KRT5,1,1,0,1,False
KRT6A,1,1,0,0,False
KRT6B,0,1,0,0,False
KRT6C,0,1,0,0,False
KRT7,1,1,0,0,False
KRT7-AS,0,1,0,0,False
KRT71,0,0,0,1,False
KRT72,0,1,0,0,False
KRT8,1,1,0,1,False
KRT80,0,1,0,0,False
KRT85,0,1,0,0,False
KRT86,1,1,0,0,False
KRT8P3,0,1,0,0,False
KRT8P43,0,1,0,0,False
KRTAP5-6,1,0,0,0,False
KRTAP5-AS1,0,1,0,0,False
KRTCAP2,0,1,0,0,False
KRTCAP2P1,0,1,0,0,False
KRTCAP3,0,1,0,0,False
KRTDAP,0,1,0,1,False
KSR1,0,1,0,0,False
KSR2,0,1,1,0,False
KTI12,0,1,0,0,False
KTN1,0,1,0,0,False
KTN1-AS1,0,1,0,0,False
KXD1,0,1,0,0,False
KYAT1,0,1,0,0,False
KYAT3,0,1,0,0,False
KYNU,0,1,0,0,False
L1CAM,0,1,0,0,False
L1TD1,0,1,0,0,False
L2HGDH,0,1,0,0,False
L3HYPDH,0,1,0,0,False
L3MBTL1,0,1,0,0,False
L3MBTL2,0,1,0,0,False
L3MBTL3,0,1,0,0,False
L3MBTL4,0,1,0,0,False
LACC1,0,1,0,0,False
LACRT,0,1,0,0,False
LACTB,0,1,0,0,False
LACTB2,0,1,0,0,False
LACTB2-AS1,0,1,0,0,False
LAD1,1,1,0,0,False
LAG3,0,1,0,0,False
LAGE3,0,1,0,0,False
LAIR1,1,1,0,0,False
LAIR2,0,1,0,0,False
LAMA1,1,1,0,0,False
LAMA2,1,1,0,0,False
LAMA3,1,1,0,0,False
LAMA4,0,1,0,0,False
LAMA5,0,1,0,0,False
LAMB1,1,1,0,0,False
LAMB2,0,1,0,0,False
LAMB3,0,1,0,1,False
LAMB4,0,1,0,0,False
LAMC1,0,1,0,0,False
LAMC2,0,1,0,0,False
LAMC3,1,1,0,0,False
LAMP1,0,1,0,0,False
LAMP2,0,1,0,0,False
LAMP3,1,1,0,1,False
LAMP5,1,1,0,0,False
LAMTOR1,0,1,0,0,False
LAMTOR2,0,1,0,0,False
LAMTOR3,0,1,0,0,False
LAMTOR4,0,1,0,0,False
LAMTOR5,0,1,0,0,False
LAMTOR5-AS1,0,1,0,0,False
LANCL1,0,1,0,0,False
LANCL1-AS1,0,1,0,0,False
LANCL2,0,1,0,0,False
LANCL3,0,1,0,0,False
LAP3,0,1,0,0,False
LAPTM4A,0,1,0,0,False
LAPTM4B,0,1,0,0,False
LAPTM5,1,1,0,0,False
LARGE-AS1,0,1,0,0,False
LARGE1,0,1,0,0,False
LARGE1-AS1,0,1,0,0,False
LARGE2,0,1,0,0,False
LARP1,0,1,0,0,False
LARP1B,0,1,0,0,False
LARP4,0,1,0,0,False
LARP4B,0,1,0,0,False
LARP6,0,1,0,0,False
LARP7,0,1,0,0,False
LARRPM,0,1,0,0,False
LARS1,0,1,0,0,False
LARS2,0,1,0,0,False
LAS1L,0,1,0,0,False
LASP1,0,1,0,0,False
LASP1NB,0,1,0,0,False
LAT,1,1,0,0,False
LAT2,1,1,0,0,False
LATS1,0,1,0,0,False
LATS2,0,1,0,0,False
LATS2-AS1,0,1,0,0,False
LAX1,0,1,0,0,False
LAYN,0,1,0,0,False
LBH,0,1,0,0,False
LBHD1,0,1,0,0,False
LBP,0,1,0,0,False
LBR,0,1,0,0,False
LBX2-AS1,0,1,0,0,False
LCA5,0,1,0,0,False
LCA5L,0,1,0,0,False
LCAT,0,1,0,0,False
LCE1A,0,1,0,0,False
LCE1B,0,1,0,0,False
LCE1C,0,1,0,0,False
LCE1F,0,1,0,0,False
LCE2A,0,1,0,0,False
LCE2B,0,1,0,0,False
LCE3D,0,1,0,0,False
LCE3E,0,1,0,0,False
LCE6A,0,1,0,0,False
LCIIAR,0,1,0,0,False
LCK,1,1,0,1,False
LCLAT1,0,1,0,0,False
LCMT1,0,1,0,0,False
LCN1,0,1,0,0,False
LCN10,0,1,0,0,False
LCN12,0,1,0,0,False
LCN15,0,1,0,0,False
LCN2,1,1,0,0,False
LCN6,0,1,0,0,False
LCN8,0,1,0,0,False
LCNL1,0,1,0,0,False
LCOR,0,1,0,0,False
LCORL,0,1,0,0,False
LCP1,0,1,0,0,False
LCP2,1,1,0,0,False
LCT-AS1,0,1,0,0,False
LDAF1,0,1,0,0,False
LDAH,0,1,0,0,False
LDB1,0,1,0,0,False
LDB2,0,1,1,0,False
LDB3,1,1,0,0,False
LDHA,0,1,0,0,False
LDHB,0,1,0,0,False
LDHBP2,0,1,0,0,False
LDHC,0,1,0,0,False
LDHD,0,1,0,0,False
LDLR,0,1,0,0,False
LDLRAD1,0,1,0,0,False
LDLRAD2,0,1,0,0,False
LDLRAD3,0,1,0,0,False
LDLRAD4,0,1,1,0,False
LDLRAP1,0,1,0,0,False
LEAP2,0,1,0,0,False
LEF1,1,1,0,1,False
LEF1-AS1,0,1,0,0,False
LEFTY1,0,1,0,0,False
LEFTY2,0,1,0,0,False
LEKR1,0,1,0,0,False
LEMD2,0,1,0,0,False
LEMD3,0,1,0,0,False
LENG1,0,1,0,0,False
LENG8,0,1,0,0,False
LENG8-AS1,0,1,0,0,False
LENG9,0,1,0,0,False
LEO1,0,1,0,0,False
LEP,1,1,0,0,False
LEPR,0,1,0,0,False
LEPROT,0,1,0,0,False
LEPROTL1,0,1,0,0,False
LERFS,0,1,0,0,False
LETM1,0,1,0,0,False
LETM2,0,1,0,0,False
LETMD1,0,1,0,0,False
LETR1,1,1,0,0,False
LFNG,0,1,0,0,False
LGALS1,0,1,0,0,False
LGALS12,0,1,0,0,False
LGALS2,1,1,0,0,False
LGALS3,1,1,0,0,False
LGALS3BP,0,1,0,0,False
LGALS4,0,1,0,1,False
LGALS7,0,1,0,0,False
LGALS7B,0,1,0,0,False
LGALS8,0,1,0,0,False
LGALS9,0,1,0,0,False
LGALS9B,0,1,0,0,False
LGALS9C,0,1,0,0,False
LGALSL,0,1,0,0,False
LGI1,0,1,0,0,False
LGI2,0,1,0,0,False
LGI3,0,1,0,0,False
LGI4,0,1,0,0,False
LGMN,1,1,0,0,False
LGR4,1,1,0,0,False
LGR5,1,1,0,0,False
LGR6,1,1,0,0,False
LGSN,0,1,0,0,False
LHFP,0,1,0,0,False
LHFPL2,0,1,0,0,False
LHFPL3,0,1,0,0,False
LHFPL3-AS1,0,1,0,0,False
LHFPL3-AS2,0,1,0,0,False
LHFPL4,0,1,0,0,False
LHFPL5,0,1,0,0,False
LHFPL6,0,1,0,0,False
LHPP,0,1,0,0,False
LHX1,1,1,1,0,False
LHX1-DT,0,1,0,0,False
LHX2,1,1,0,0,False
LHX4,0,1,0,0,False
LHX6,1,1,0,0,False
LHX8,1,0,0,0,False
LHX9,1,1,0,0,False
LIAS,0,1,0,0,False
LIAT1,0,1,0,0,False
LIF,0,1,0,0,False
LIFR,0,1,0,0,False
LIFR-AS1,0,1,0,0,False
LIG1,0,1,0,0,False
LIG4,0,1,0,0,False
LILRA1,0,1,0,1,False
LILRA2,0,1,0,1,False
LILRA4,1,1,0,1,False
LILRA5,0,1,0,1,False
LILRA6,0,1,0,0,False
LILRB1,0,1,0,0,False
LILRB2,0,1,0,0,False
LILRB3,0,1,0,0,False
LILRB4,0,1,0,0,False
LILRB5,0,1,0,1,False
LIM2,0,1,0,0,False
LIMA1,0,1,0,0,False
LIMASI,0,1,0,0,False
LIMCH1,0,1,0,0,False
LIMD1,0,1,0,0,False
LIMD1-AS1,0,1,0,0,False
LIMD2,0,1,0,0,False
LIME1,0,1,0,0,False
LIMK1,0,1,0,0,False
LIMK2,0,1,0,0,False
LIMS1,0,1,0,0,False
LIMS2,0,1,0,0,False
LIN28A,0,1,0,0,False
LIN28B-AS1,0,1,0,0,False
LIN37,0,1,0,0,False
LIN52,0,1,0,0,False
LIN54,0,1,0,0,False
LIN7A,0,1,0,0,False
LIN7B,0,1,0,0,False
LIN7C,0,1,0,0,False
LIN9,0,1,0,0,False
LINC-PINT,0,1,0,0,False
LINC00028,0,1,0,0,False
LINC00092,0,1,0,0,False
LINC00114,0,1,0,0,False
LINC00115,0,1,0,0,False
LINC00160,0,1,0,0,False
LINC00161,0,1,0,0,False
LINC00173,0,1,0,0,False
LINC00174,0,1,0,0,False
LINC00189,0,1,0,0,False
LINC00221,0,1,0,0,False
LINC00239,0,1,0,0,False
LINC00243,0,1,0,0,False
LINC00261,1,1,0,0,False
LINC00265,0,1,0,0,False
LINC00276,0,1,0,0,False
LINC00278,1,1,0,0,False
LINC00293,0,1,0,0,False
LINC00294,0,1,0,0,False
LINC00298,0,1,0,0,False
LINC00299,1,1,0,0,False
LINC00310,0,1,0,0,False
LINC00311,0,1,0,0,False
LINC00320,0,1,0,0,False
LINC00323,0,1,0,0,False
LINC00324,0,1,0,0,False
LINC00326,1,1,0,0,False
LINC00336,0,1,0,0,False
LINC00339,0,1,0,0,False
LINC00342,0,1,0,0,False
LINC00343,1,0,0,0,False
LINC00348,0,1,0,0,False
LINC00351,0,1,0,0,False
LINC00352,0,1,0,0,False
LINC00355,1,1,0,0,False
LINC00358,0,1,0,0,False
LINC00378,0,1,0,0,False
LINC00381,0,1,0,0,False
LINC00382,0,1,0,0,False
LINC00387,0,1,0,0,False
LINC00390,0,1,0,0,False
LINC00396,0,1,0,0,False
LINC00402,0,1,0,0,False
LINC00410,1,0,0,0,False
LINC00426,0,1,0,0,False
LINC00448,0,1,0,0,False
LINC00466,0,1,0,0,False
LINC00467,0,1,0,0,False
LINC00471,0,1,0,0,False
LINC00472,0,1,1,0,False
LINC00475,0,1,0,0,False
LINC00486,0,1,0,0,False
LINC00487,0,1,0,0,False
LINC00488,0,1,0,0,False
LINC00494,0,1,0,0,False
LINC00499,1,1,0,0,False
LINC00501,0,1,0,0,False
LINC00504,0,1,0,0,False
LINC00506,0,1,0,0,False
LINC00507,1,0,0,0,False
LINC00508,1,0,0,0,False
LINC00511,0,1,0,0,False
LINC00513,0,1,0,0,False
LINC00520,0,1,0,0,False
LINC00525,0,1,0,0,False
LINC00526,0,1,0,0,False
LINC00528,0,1,0,0,False
LINC00534,1,1,0,0,False
LINC00536,0,1,0,0,False
LINC00539,0,1,0,0,False
LINC00540,0,1,0,0,False
LINC00558,0,1,0,0,False
LINC00562,0,1,0,0,False
LINC00570,0,1,0,0,False
LINC00571,0,1,0,0,False
LINC00578,0,1,0,0,False
LINC00587,0,1,0,0,False
LINC00595,0,1,0,0,False
LINC00598,0,1,0,0,False
LINC00607,0,1,0,0,False
LINC00609,1,1,0,0,False
LINC00621,0,1,0,0,False
LINC00622,0,1,0,0,False
LINC00623,0,1,0,0,False
LINC00630,0,1,0,0,False
LINC00632,0,1,0,0,False
LINC00639,0,1,0,0,False
LINC00640,0,1,0,0,False
LINC00645,0,1,0,0,False
LINC00648,0,1,0,0,False
LINC00649,0,1,0,0,False
LINC00661,0,1,0,0,False
LINC00662,0,1,0,0,False
LINC00664,0,1,0,0,False
LINC00665,0,1,0,0,False
LINC00667,0,1,0,0,False
LINC00668,0,1,0,0,False
LINC00671,0,1,0,0,False
LINC00674,0,1,0,0,False
LINC00681,0,1,0,0,False
LINC00685,0,1,0,0,False
LINC00687,0,1,0,0,False
LINC00691,0,1,0,0,False
LINC00702,0,1,0,0,False
LINC00707,0,1,0,0,False
LINC00710,0,1,0,0,False
LINC00824,0,1,0,0,False
LINC00836,1,0,0,0,False
LINC00839,0,1,0,0,False
LINC00841,0,1,0,0,False
LINC00842,0,1,0,0,False
LINC00844,0,1,0,0,False
LINC00847,0,1,0,0,False
LINC00850,0,1,0,0,False
LINC00852,0,1,0,0,False
LINC00853,0,1,0,0,False
LINC00858,0,1,0,0,False
LINC00861,0,1,0,0,False
LINC00863,0,1,0,0,False
LINC00865,0,1,0,0,False
LINC00867,0,1,0,0,False
LINC00869,0,1,0,0,False
LINC00871,0,1,0,0,False
LINC00877,0,1,0,0,False
LINC00880,0,1,0,0,False
LINC00881,0,1,0,0,False
LINC00882,0,1,0,0,False
LINC00885,0,1,0,0,False
LINC00886,0,1,0,0,False
LINC00891,0,1,0,0,False
LINC00892,0,1,0,0,False
LINC00899,0,1,0,0,False
LINC00900,0,1,0,0,False
LINC00901,0,1,0,0,False
LINC00903,0,1,0,0,False
LINC00906,0,1,0,0,False
LINC00907,0,1,0,0,False
LINC00910,0,1,0,0,False
LINC00920,0,1,0,0,False
LINC00921,0,1,0,0,False
LINC00922,0,1,0,0,False
LINC00923,0,1,0,0,False
LINC00924,0,1,0,0,False
LINC00926,0,1,0,0,False
LINC00929,0,1,0,0,False
LINC00930,0,1,0,0,False
LINC00937,0,1,0,0,False
LINC00938,0,1,0,0,False
LINC00943,1,0,0,0,False
LINC00944,0,1,0,0,False
LINC00954,0,1,0,0,False
LINC00957,0,1,0,0,False
LINC00958,0,1,0,0,False
LINC00960,0,1,0,0,False
LINC00963,0,1,0,0,False
LINC00970,0,1,0,0,False
LINC00972,0,1,0,0,False
LINC00973,0,1,0,0,False
LINC00987,0,1,0,0,False
LINC00989,0,1,0,0,False
LINC00996,0,1,0,0,False
LINC00997,0,1,0,0,False
LINC01001,0,1,0,0,False
LINC01003,0,1,0,0,False
LINC01004,0,1,0,0,False
LINC01010,0,1,0,0,False
LINC01011,0,1,0,0,False
LINC01013,0,1,0,0,False
LINC01018,0,1,0,0,False
LINC01019,0,1,0,0,False
LINC01020,0,1,0,0,False
LINC01023,0,1,0,0,False
LINC01033,0,1,0,0,False
LINC01035,0,1,0,0,False
LINC01036,1,0,0,0,False
LINC01055,0,1,0,0,False
LINC01060,0,1,0,0,False
LINC01081,0,1,0,0,False
LINC01082,0,1,0,0,False
LINC01088,0,1,0,0,False
LINC01089,0,1,0,0,False
LINC01090,0,1,0,0,False
LINC01091,0,1,0,0,False
LINC01094,0,1,0,0,False
LINC01098,0,1,0,0,False
LINC01099,0,1,1,0,False
LINC01111,0,1,0,0,False
LINC01116,0,1,0,0,False
LINC01117,1,0,0,0,False
LINC01118,0,1,0,0,False
LINC01121,0,1,0,0,False
LINC01122,0,1,0,0,False
LINC01123,0,1,0,0,False
LINC01126,0,1,0,0,False
LINC01127,0,1,0,0,False
LINC01128,0,1,0,0,False
LINC01132,0,1,0,0,False
LINC01133,0,1,0,0,False
LINC01138,0,1,0,0,False
LINC01140,0,1,0,0,False
LINC01141,0,1,0,0,False
LINC01145,0,1,0,0,False
LINC01150,0,1,0,0,False
LINC01151,1,1,0,0,False
LINC01162,0,1,0,0,False
LINC01166,0,1,0,0,False
LINC01169,0,1,0,0,False
LINC01170,0,1,0,0,False
LINC01176,0,1,0,0,False
LINC01182,0,1,0,0,False
LINC01187,0,1,0,0,False
LINC01189,0,1,0,0,False
LINC01193,0,1,0,0,False
LINC01203,0,1,0,0,False
LINC01205,0,1,0,0,False
LINC01206,0,1,0,0,False
LINC01210,1,0,0,0,False
LINC01215,0,1,0,0,False
LINC01217,0,1,0,0,False
LINC01220,0,1,0,0,False
LINC01226,0,1,0,0,False
LINC01229,0,1,0,0,False
LINC01233,0,1,0,0,False
LINC01234,0,1,0,0,False
LINC01235,0,1,0,0,False
LINC01237,0,1,0,0,False
LINC01238,0,1,0,0,False
LINC01239,1,1,0,0,False
LINC01252,0,1,0,0,False
LINC01256,0,1,0,0,False
LINC01258,0,1,0,0,False
LINC01262,0,1,0,0,False
LINC01266,0,1,0,0,False
LINC01271,0,1,0,0,False
LINC01275,0,1,0,0,False
LINC01276,0,1,0,0,False
LINC01278,0,1,0,0,False
LINC01281,0,1,0,0,False
LINC01285,0,1,0,0,False
LINC01290,0,1,0,0,False
LINC01299,0,1,0,0,False
LINC01320,1,1,0,0,False
LINC01322,0,1,0,0,False
LINC01331,1,1,0,0,False
LINC01340,0,1,0,0,False
LINC01342,0,1,0,0,False
LINC01343,0,1,0,0,False
LINC01344,0,1,0,0,False
LINC01346,0,1,0,0,False
LINC01349,0,1,0,0,False
LINC01353,0,1,0,0,False
LINC01354,0,1,0,0,False
LINC01355,0,1,0,0,False
LINC01356,0,1,0,0,False
LINC01358,0,1,0,0,False
LINC01359,0,1,0,0,False
LINC01374,0,1,0,0,False
LINC01376,0,1,0,0,False
LINC01378,1,1,0,0,False
LINC01381,0,1,0,0,False
LINC01387,0,1,0,0,False
LINC01393,0,1,0,0,False
LINC01399,0,1,0,0,False
LINC01405,0,1,0,0,False
LINC01409,0,1,0,0,False
LINC01410,0,1,0,0,False
LINC01411,1,1,0,0,False
LINC01414,0,1,0,0,False
LINC01416,0,1,0,0,False
LINC01418,0,1,0,0,False
LINC01422,0,1,0,0,False
LINC01426,0,1,0,0,False
LINC01428,0,1,0,0,False
LINC01429,0,1,0,0,False
LINC01435,0,1,1,0,False
LINC01440,0,1,0,0,False
LINC01443,0,1,0,0,False
LINC01446,0,1,0,0,False
LINC01456,0,1,0,0,False
LINC01470,0,1,0,0,False
LINC01473,0,1,0,0,False
LINC01474,0,1,0,0,False
LINC01476,0,1,0,0,False
LINC01478,0,1,0,0,False
LINC01479,0,1,0,0,False
LINC01480,0,1,0,0,False
LINC01482,1,1,0,0,False
LINC01483,0,1,0,0,False
LINC01484,0,1,0,0,False
LINC01488,0,1,0,0,False
LINC01495,0,1,0,0,False
LINC01496,0,1,0,0,False
LINC01499,0,1,0,0,False
LINC01500,1,1,0,0,False
LINC01502,0,1,0,0,False
LINC01503,0,1,0,0,False
LINC01504,0,1,0,0,False
LINC01505,0,1,0,0,False
LINC01506,0,1,0,0,False
LINC01508,0,1,0,0,False
LINC01515,0,1,0,0,False
LINC01517,0,1,0,0,False
LINC01521,0,1,0,0,False
LINC01524,0,1,0,0,False
LINC01532,0,1,0,0,False
LINC01539,1,1,0,0,False
LINC01541,0,1,0,0,False
LINC01545,0,1,0,0,False
LINC01550,0,1,0,0,False
LINC01551,0,1,0,0,False
LINC01560,0,1,0,0,False
LINC01562,0,1,0,0,False
LINC01566,0,1,0,0,False
LINC01569,0,1,0,0,False
LINC01572,0,1,0,0,False
LINC01579,0,1,0,0,False
LINC01588,0,1,0,0,False
LINC01589,0,1,0,0,False
LINC01592,0,1,0,0,False
LINC01603,0,1,0,0,False
LINC01606,0,1,0,0,False
LINC01608,1,0,0,0,False
LINC01609,0,1,0,0,False
LINC01610,0,1,0,0,False
LINC01619,0,1,0,0,False
LINC01620,0,1,0,0,False
LINC01622,0,1,0,0,False
LINC01629,0,1,0,0,False
LINC01637,0,1,0,0,False
LINC01643,0,1,0,0,False
LINC01644,0,1,0,0,False
LINC01645,0,1,0,0,False
LINC01648,0,1,0,0,False
LINC01667,0,1,0,0,False
LINC01671,0,1,0,0,False
LINC01680,1,0,0,0,False
LINC01681,0,1,0,0,False
LINC01684,0,1,0,0,False
LINC01686,0,1,0,0,False
LINC01687,0,1,0,0,False
LINC01692,0,1,0,0,False
LINC01695,1,1,0,0,False
LINC01697,0,1,0,0,False
LINC01702,0,1,0,0,False
LINC01704,0,1,0,0,False
LINC01705,0,1,0,0,False
LINC01709,0,1,0,0,False
LINC01716,0,1,0,0,False
LINC01724,0,1,0,0,False
LINC01725,0,1,0,0,False
LINC01727,1,1,0,0,False
LINC01747,0,1,0,0,False
LINC01750,0,1,0,0,False
LINC01754,0,1,0,0,False
LINC01762,0,1,0,0,False
LINC01765,0,1,0,0,False
LINC01772,0,1,0,0,False
LINC01778,0,1,0,0,False
LINC01781,0,1,0,0,False
LINC01783,0,1,0,0,False
LINC01788,0,1,0,0,False
LINC01789,0,1,0,0,False
LINC01791,0,1,0,0,False
LINC01794,0,1,0,0,False
LINC01796,0,1,0,0,False
LINC01798,1,1,0,0,False
LINC01799,0,1,0,0,False
LINC01800,0,1,0,0,False
LINC01801,0,1,0,0,False
LINC01804,0,1,0,0,False
LINC01806,0,1,0,0,False
LINC01807,0,1,0,0,False
LINC01811,0,1,0,0,False
LINC01816,0,1,0,0,False
LINC01821,1,1,0,0,False
LINC01825,0,1,0,0,False
LINC01826,0,1,0,0,False
LINC01828,0,1,0,0,False
LINC01837,0,1,0,0,False
LINC01840,0,1,0,0,False
LINC01852,0,1,0,0,False
LINC01857,0,1,0,0,False
LINC01863,0,1,0,0,False
LINC01871,0,1,0,0,False
LINC01872,0,1,0,0,False
LINC01874,0,1,0,0,False
LINC01876,1,1,0,0,False
LINC01880,0,1,0,0,False
LINC01885,1,0,0,0,False
LINC01888,0,1,0,0,False
LINC01891,0,1,0,0,False
LINC01896,0,1,0,0,False
LINC01899,0,1,0,0,False
LINC01905,0,1,0,0,False
LINC01909,0,1,0,0,False
LINC01917,0,1,0,0,False
LINC01924,0,1,0,0,False
LINC01931,0,1,0,0,False
LINC01934,0,1,0,0,False
LINC01943,0,1,0,0,False
LINC01946,0,1,0,0,False
LINC01948,0,1,0,0,False
LINC01954,0,1,0,0,False
LINC01970,0,1,0,0,False
LINC01975,0,1,0,0,False
LINC01976,0,1,0,0,False
LINC01978,0,1,0,0,False
LINC01980,0,1,0,0,False
LINC01982,1,1,0,0,False
LINC01991,0,1,0,0,False
LINC01993,0,1,0,0,False
LINC01995,0,1,0,0,False
LINC01996,0,1,0,0,False
LINC01997,0,1,0,0,False
LINC02006,0,1,0,0,False
LINC02008,1,1,0,0,False
LINC02015,0,1,0,0,False
LINC02027,0,1,0,0,False
LINC02035,0,1,0,0,False
LINC02037,0,1,0,0,False
LINC02046,0,1,0,0,False
LINC02055,1,1,0,0,False
LINC02060,0,1,0,0,False
LINC02067,0,1,0,0,False
LINC02068,0,1,0,0,False
LINC02071,0,1,0,0,False
LINC02076,0,1,0,0,False
LINC02084,0,1,0,0,False
LINC02086,0,1,0,0,False
LINC02100,0,1,0,0,False
LINC02102,0,1,0,0,False
LINC02108,0,1,0,0,False
LINC02109,0,1,0,0,False
LINC02119,0,1,0,0,False
LINC02121,0,1,0,0,False
LINC02132,0,1,0,0,False
LINC02133,0,1,0,0,False
LINC02137,1,0,0,0,False
LINC02139,0,1,0,0,False
LINC02147,1,1,0,0,False
LINC02149,0,1,0,0,False
LINC02153,1,0,0,0,False
LINC02172,0,1,0,0,False
LINC02181,0,1,0,0,False
LINC02185,0,1,0,0,False
LINC02188,0,1,0,0,False
LINC02192,0,1,0,0,False
LINC02196,1,1,0,0,False
LINC02200,0,1,0,0,False
LINC02201,0,1,0,0,False
LINC02204,0,1,0,0,False
LINC02207,0,1,0,0,False
LINC02208,0,1,0,0,False
LINC02210-CRHR1,0,1,0,0,False
LINC02211,0,1,0,0,False
LINC02218,0,1,0,0,False
LINC02220,0,1,0,0,False
LINC02221,0,1,0,0,False
LINC02224,0,1,0,0,False
LINC02226,0,1,0,0,False
LINC02227,0,1,0,0,False
LINC02232,1,1,0,0,False
LINC02237,1,1,0,0,False
LINC02240,0,1,0,0,False
LINC02241,0,1,0,0,False
LINC02245,0,1,0,0,False
LINC02248,1,1,0,0,False
LINC02249,0,1,0,0,False
LINC02250,0,1,0,0,False
LINC02254,0,1,0,0,False
LINC02256,0,1,0,0,False
LINC02257,0,1,0,0,False
LINC02263,1,0,0,0,False
LINC02267,0,1,0,0,False
LINC02269,0,1,0,0,False
LINC02270,0,1,0,0,False
LINC02273,0,1,0,0,False
LINC02274,0,1,0,0,False
LINC02284,0,1,0,0,False
LINC02295,0,1,0,0,False
LINC02296,1,0,0,0,False
LINC02299,0,1,0,0,False
LINC02302,0,1,0,0,False
LINC02306,1,0,0,0,False
LINC02307,0,1,0,0,False
LINC02312,0,1,0,0,False
LINC02316,0,1,0,0,False
LINC02320,0,1,0,0,False
LINC02324,0,1,0,0,False
LINC02328,0,1,0,0,False
LINC02335,0,1,0,0,False
LINC02336,0,1,0,0,False
LINC02340,0,1,0,0,False
LINC02341,0,1,0,0,False
LINC02343,0,1,0,0,False
LINC02345,0,1,0,0,False
LINC02350,0,1,0,0,False
LINC02352,0,1,0,0,False
LINC02356,0,1,0,0,False
LINC02357,0,1,0,0,False
LINC02360,0,0,0,1,False
LINC02361,0,1,0,0,False
LINC02362,0,1,0,0,False
LINC02363,0,1,0,0,False
LINC02367,0,1,0,0,False
LINC02372,0,1,0,0,False
LINC02381,0,1,0,0,False
LINC02384,0,1,0,0,False
LINC02388,0,1,0,0,False
LINC02397,0,1,0,0,False
LINC02405,0,1,0,0,False
LINC02408,0,1,0,0,False
LINC02410,0,1,0,0,False
LINC02413,0,1,0,0,False
LINC02424,1,0,0,0,False
LINC02427,0,1,0,0,False
LINC02428,0,1,0,0,False
LINC02432,0,1,0,0,False
LINC02436,0,1,0,0,False
LINC02444,0,1,0,0,False
LINC02446,0,1,0,0,False
LINC02453,0,1,0,0,False
LINC02456,0,1,0,0,False
LINC02463,0,1,0,0,False
LINC02464,0,1,0,0,False
LINC02469,0,1,0,0,False
LINC02470,0,1,0,0,False
LINC02471,0,1,0,0,False
LINC02476,0,1,0,0,False
LINC02477,0,1,0,0,False
LINC02479,0,1,0,0,False
LINC02481,0,1,0,0,False
LINC02482,0,1,0,0,False
LINC02484,0,1,0,0,False
LINC02492,0,1,0,0,False
LINC02497,0,1,0,0,False
LINC02499,0,1,0,0,False
LINC02502,0,1,0,0,False
LINC02506,0,1,0,0,False
LINC02507,0,1,0,0,False
LINC02511,0,1,0,0,False
LINC02516,0,1,0,0,False
LINC02518,0,1,0,0,False
LINC02532,0,1,0,0,False
LINC02535,0,1,0,0,False
LINC02541,0,1,0,0,False
LINC02542,0,1,0,0,False
LINC02551,0,1,0,0,False
LINC02552,1,1,0,0,False
LINC02566,0,1,0,0,False
LINC02568,0,1,0,0,False
LINC02573,0,1,0,0,False
LINC02576,0,1,0,0,False
LINC02577,0,1,0,0,False
LINC02591,0,1,0,0,False
LINC02595,0,1,0,0,False
LINC02599,0,1,0,0,False
LINC02603,0,1,0,0,False
LINC02607,0,1,0,0,False
LINC02609,0,1,0,0,False
LINC02611,0,1,0,0,False
LINC02613,0,1,0,0,False
LINC02614,0,1,0,0,False
LINC02615,0,1,0,0,False
LINC02625,0,1,0,0,False
LINC02637,0,1,0,0,False
LINC02640,0,1,0,0,False
LINC02641,0,1,0,0,False
LINC02642,1,1,0,0,False
LINC02643,0,1,0,0,False
LINC02649,0,1,0,0,False
LINC02653,1,1,0,0,False
LINC02656,0,1,0,0,False
LINC02660,0,1,0,0,False
LINC02663,0,1,0,0,False
LINC02664,0,1,0,0,False
LINC02669,0,1,0,0,False
LINC02674,0,1,0,0,False
LINC02680,0,1,0,0,False
LINC02690,0,1,0,0,False
LINC02694,0,1,0,0,False
LINC02696,0,1,0,0,False
LINC02698,0,1,0,0,False
LINC02699,0,1,0,0,False
LINC02701,0,1,0,0,False
LINC02709,0,1,0,0,False
LINC02712,1,1,0,0,False
LINC02715,0,1,0,0,False
LINC02718,0,1,0,0,False
LINC02723,0,1,0,0,False
LINC02734,0,1,0,0,False
LINC02742,0,1,0,0,False
LINC02752,1,1,0,0,False
LINC02754,0,1,0,0,False
LINC02762,0,1,0,0,False
LINC02768,0,1,0,0,False
LINC02770,1,1,0,0,False
LINC02777,0,1,0,0,False
LINC02785,0,1,0,0,False
LINC02795,0,1,0,0,False
LINC02797,0,1,0,0,False
LINC02798,0,1,0,0,False
LINC02802,0,1,0,0,False
LINC02805,0,1,0,0,False
LINC02810,0,1,0,0,False
LINC02812,0,1,0,0,False
LINC02821,0,1,0,0,False
LINC02822,1,0,0,0,False
LINC02839,0,1,0,0,False
LINC02840,0,1,0,0,False
LINC02847,0,1,0,0,False
LINC02854,0,1,0,0,False
LINC02864,0,1,0,0,False
LINC02869,0,1,0,0,False
LINC02872,0,1,0,0,False
LINC02873,0,1,0,0,False
LINC02877,0,1,0,0,False
LINC02882,0,1,0,0,False
LINC02884,0,1,0,0,False
LINC02888,0,1,0,0,False
LINC02889,0,1,0,0,False
LINC02890,0,1,0,0,False
LINC02891,0,1,0,0,False
LINC02899,0,1,0,0,False
LINC02901,0,1,0,0,False
LINC02908,0,1,0,0,False
LINC02909,0,1,0,0,False
LINC02911,0,1,0,0,False
LINC02915,0,1,0,0,False
LINC02916,0,1,0,0,False
LINC02928,0,1,0,0,False
LINC02934,0,1,0,0,False
LINC02937,0,1,0,0,False
LINC02939,0,1,0,0,False
LINC02940,0,1,0,0,False
LINC02942,0,1,0,0,False
LINC02945,0,1,0,0,False
LINC02950,0,1,0,0,False
LINC02953,0,1,0,0,False
LINC02955,0,1,0,0,False
LINC02963,0,1,0,0,False
LINC02964,0,1,0,0,False
LINC02966,0,1,0,0,False
LINC02967,0,1,0,0,False
LINC02968,0,1,0,0,False
LINC02972,0,1,0,0,False
LINC02975,0,1,0,0,False
LINC02976,0,1,0,0,False
LINC02977,0,1,0,0,False
LINC02981,0,1,0,0,False
LINC02983,0,1,0,0,False
LINC02984,0,1,0,0,False
LINC02987,0,1,0,0,False
LINC02994,0,1,0,0,False
LINC02997,0,1,0,0,False
LINC03000,0,1,0,0,False
LINC03002,0,1,0,0,False
LINC03007,0,1,0,0,False
LINC03011,0,1,0,0,False
LINC03015,0,1,0,0,False
LINC03017,0,1,0,0,False
LINC03018,0,1,0,0,False
LINC03019,0,1,0,0,False
LINC03031,0,1,0,0,False
LINC03033,0,1,0,0,False
LINC03034,0,1,0,0,False
LINC03037,0,1,0,0,False
LINC03047,0,1,0,0,False
LINC03049,0,1,0,0,False
LINC03051,0,1,0,0,False
LINC03053,0,1,0,0,False
LINC03057,0,1,0,0,False
LINC03070,0,1,0,0,False
LINC03072,0,1,0,0,False
LINC03082,0,1,0,0,False
LINC03092,0,1,0,0,False
LINC03098,0,1,0,0,False
LINC03105,0,1,0,0,False
LINC03107,0,1,0,0,False
LINC03109,0,1,0,0,False
LINC03110,0,1,0,0,False
LINC03111,0,1,0,0,False
LINC03122,1,0,0,0,False
LINC03124,0,1,0,0,False
LINC03125,0,1,0,0,False
LINGO1,0,1,0,0,False
LINGO2,0,1,0,0,False
LINS1,0,1,0,0,False
LIPA,0,1,0,0,False
LIPC,0,1,0,0,False
LIPC-AS1,0,1,0,0,False
LIPE,1,1,0,0,False
LIPE-AS1,0,1,0,0,False
LIPG,0,1,0,0,False
LIPH,0,1,0,0,False
LIPI,0,1,0,0,False
LIPN,0,1,0,0,False
LIPT1,0,1,0,0,False
LIPT2,0,1,0,0,False
LITAF,0,1,1,0,False
LITATS1,0,1,0,0,False
LIX1,0,1,0,0,False
LIX1-AS1,0,1,0,0,False
LIX1L,0,1,0,0,False
LKAAEAR1,0,1,0,0,False
LLGL1,0,1,0,0,False
LLGL2,0,1,0,0,False
LLPH,0,1,0,0,False
LMAN1,0,1,0,0,False
LMAN2,0,1,0,0,False
LMAN2L,0,1,0,0,False
LMBR1,0,1,0,0,False
LMBR1L,0,1,0,0,False
LMBRD1,0,1,0,0,False
LMBRD2,0,1,0,0,False
LMCD1,0,1,0,0,False
LMCD1-AS1,0,1,0,0,False
LMF1,0,1,0,0,False
LMF2,0,1,0,0,False
LMLN,0,1,0,0,False
LMNA,0,1,0,0,False
LMNB1,0,1,0,0,False
LMNB1-DT,0,1,0,0,False
LMNB2,0,1,0,0,False
LMNTD1,1,1,0,0,False
LMNTD2-AS1,0,1,0,0,False
LMO1,0,1,0,0,False
LMO2,1,1,0,0,False
LMO3,1,1,0,0,False
LMO4,1,1,0,0,False
LMO7,0,1,0,0,False
LMO7-AS1,0,1,0,0,False
LMO7DN,0,1,0,0,False
LMOD1,0,1,1,1,False
LMOD2,0,1,0,0,False
LMOD3,0,1,0,0,False
LMTK2,0,1,0,0,False
LMTK3,0,1,0,0,False
LMX1A,1,0,0,0,False
LMX1B,1,1,0,0,False
LNC-LBCS,0,1,0,0,False
LNCAROD,1,1,0,0,False
LNCATV,0,1,0,0,False
LNCBRM,0,1,0,0,False
LNCNEF,0,1,0,0,False
LNCOC1,0,1,0,0,False
LNCRNA-IUR,0,1,0,0,False
LNMICC,0,1,0,0,False
LNPEP,0,1,0,0,False
LNPK,0,1,0,0,False
LNPPS,0,1,0,0,False
LNROP,0,1,0,0,False
LNX1,0,1,0,0,False
LNX1-AS1,0,1,0,0,False
LNX2,0,1,0,0,False
LOH12CR2,0,1,0,0,False
LOHAN2,0,1,0,0,False
LONP1,0,1,0,0,False
LONP2,0,1,0,0,False
LONRF1,0,1,0,0,False
LONRF2,0,1,0,0,False
LONRF3,0,1,0,0,False
LOR,0,0,0,1,False
LORICRIN,0,1,0,0,False
LOX,1,1,0,0,False
LOXL1,0,1,0,0,False
LOXL2,0,1,0,0,False
LOXL3,0,1,0,0,False
LOXL4,0,1,0,0,False
LPAR1,1,1,0,0,False
LPAR2,0,1,0,0,False
LPAR3,0,1,0,0,False
LPAR5,0,1,0,0,False
LPAR6,0,1,0,0,False
LPCAT1,0,1,0,0,False
LPCAT2,0,1,0,0,False
LPCAT3,0,1,0,0,False
LPCAT4,0,1,0,0,False
LPGAT1,0,1,0,0,False
LPGAT1-AS1,0,1,0,0,False
LPIN1,0,1,0,0,False
LPIN2,0,1,0,0,False
LPIN3,0,1,0,0,False
LPL,0,1,0,0,False
LPO,1,1,0,0,False
LPP,0,1,0,0,False
LPXN,0,1,0,0,False
LRAT,0,1,0,0,False
LRATD1,0,1,0,0,False
LRATD2,0,1,0,0,False
LRBA,0,1,0,0,False
LRCH1,0,1,0,0,False
LRCH2,0,1,0,0,False
LRCH3,0,1,0,0,False
LRCH4,0,1,0,0,False
LRCOL1,0,1,0,0,False
LRFN1,0,1,0,0,False
LRFN3,0,1,0,0,False
LRFN4,0,1,0,0,False
LRFN5,0,1,0,0,False
LRG1,0,1,0,0,False
LRGUK,0,1,0,0,False
LRIF1,0,1,0,0,False
LRIG1,1,1,0,0,False
LRIG2,0,1,0,0,False
LRIG3,0,1,0,0,False
LRIT3,0,1,0,0,False
LRMDA,0,1,1,0,False
LRP1,0,1,0,0,False
LRP10,0,1,0,0,False
LRP11,0,1,0,0,False
LRP12,0,1,0,0,False
LRP1B,0,1,0,0,False
LRP2,1,1,1,0,False
LRP2BP,0,1,0,0,False
LRP3,0,1,0,0,False
LRP4,0,1,0,0,False
LRP5,0,1,0,0,False
LRP6,0,1,0,0,False
LRP8,0,1,0,0,False
LRP8-DT,0,1,0,0,False
LRPAP1,0,1,0,0,False
LRPPRC,0,1,0,0,False
LRR1,0,1,0,0,False
LRRC1,0,1,0,0,False
LRRC10B,0,1,0,0,False
LRRC14,0,1,0,0,False
LRRC15,0,1,0,0,False
LRRC16A,0,1,0,0,False
LRRC17,0,1,0,0,False
LRRC19,0,1,0,0,False
LRRC2,0,1,0,0,False
LRRC20,0,1,0,0,False
LRRC23,0,1,0,0,False
LRRC25,0,1,0,0,False
LRRC26,0,1,0,0,False
LRRC27,0,1,0,0,False
LRRC28,0,1,0,0,False
LRRC3,0,1,0,0,False
LRRC31,0,1,0,0,False
LRRC32,0,1,0,0,False
LRRC34,0,1,0,0,False
LRRC36,0,1,0,0,False
LRRC37A,0,1,0,0,False
LRRC37A2,0,1,0,0,False
LRRC37A3,0,1,0,0,False
LRRC37B,0,1,0,0,False
LRRC37BP1,0,1,0,0,False
LRRC38,0,1,0,0,False
LRRC39,0,1,0,0,False
LRRC3B,0,1,0,0,False
LRRC3B-AS1,0,1,0,0,False
LRRC4,0,1,0,0,False
LRRC40,0,1,0,0,False
LRRC41,0,1,0,0,False
LRRC42,0,1,0,0,False
LRRC43,0,1,0,0,False
LRRC46,0,1,0,0,False
LRRC47,0,1,0,0,False
LRRC49,0,1,0,0,False
LRRC4B,0,1,0,0,False
LRRC4C,0,1,0,0,False
LRRC51,0,1,0,0,False
LRRC52,0,1,0,0,False
LRRC52-AS1,0,1,0,0,False
LRRC53,0,1,0,0,False
LRRC56,0,1,0,0,False
LRRC57,0,1,0,0,False
LRRC58,0,1,0,0,False
LRRC59,0,1,0,0,False
LRRC61,0,1,0,0,False
LRRC69,0,1,0,0,False
LRRC7,0,1,0,0,False
LRRC70,0,1,0,0,False
LRRC71,0,1,0,0,False
LRRC73,0,1,0,0,False
LRRC75A,0,1,0,0,False
LRRC8A,0,1,0,0,False
LRRC8B,0,1,0,0,False
LRRC8C,0,1,0,0,False
LRRC8C-DT,0,1,0,0,False
LRRC8D,0,1,0,0,False
LRRC8E,0,1,0,0,False
LRRC9,0,1,0,0,False
LRRCC1,0,1,0,0,False
LRRD1,0,1,0,0,False
LRRFIP1,0,1,0,0,False
LRRFIP2,0,1,0,0,False
LRRIQ1,0,1,0,0,False
LRRK1,0,1,0,0,False
LRRK2,0,1,0,0,False
LRRK2-DT,0,1,0,0,False
LRRN1,0,1,0,0,False
LRRN3,1,1,0,0,False
LRRN4,0,1,0,0,False
LRRTM3,0,1,0,0,False
LRRTM4,0,1,0,0,False
LRSAM1,0,1,0,0,False
LRTM1,0,1,0,0,False
LRTOMT,0,1,0,0,False
LRWD1,0,1,0,0,False
LSAMP,0,1,0,0,False
LSAMP-AS1,0,1,0,0,False
LSG1,0,1,0,0,False
LSM1,0,1,0,0,False
LSM10,0,1,0,0,False
LSM11,0,1,0,0,False
LSM12,0,1,0,0,False
LSM12P1,0,1,0,0,False
LSM14A,0,1,0,0,False
LSM14B,0,1,0,0,False
LSM2,0,1,0,0,False
LSM3,0,1,0,0,False
LSM4,0,1,0,0,False
LSM5,0,1,0,0,False
LSM6,0,1,0,0,False
LSM7,0,1,0,0,False
LSM8,0,1,0,0,False
LSMEM1,0,1,0,0,False
LSMEM2,0,1,0,0,False
LSP1,0,1,0,0,False
LSP1P4,0,1,0,0,False
LSR,0,1,0,0,False
LSS,0,1,0,0,False
LST1,1,1,1,0,False
LTA,0,1,0,0,False
LTA4H,0,1,0,0,False
LTB,1,1,0,0,False
LTB4R,0,1,0,0,False
LTBP1,1,1,0,0,False
LTBP2,1,1,0,0,False
LTBP3,0,1,0,0,False
LTBP4,0,1,0,0,False
LTBR,0,1,0,0,False
LTC4S,0,1,0,0,False
LTF,1,1,0,1,False
LTK,0,1,0,0,False
LTN1,0,1,0,0,False
LTO1,0,1,0,0,False
LTV1,0,1,0,0,False
LUADT1,0,1,0,0,False
LUC7L,0,1,0,0,False
LUC7L2,0,1,0,0,False
LUC7L3,0,1,0,0,False
LUCAT1,0,1,0,0,False
LUM,1,1,0,1,False
LURAP1L,0,1,0,0,False
LURAP1L-AS1,0,1,0,0,False
LUZP1,0,1,0,0,False
LUZP2,1,1,0,0,False
LVRN,0,1,0,0,False
LXN,0,1,0,0,False
LY6D,1,1,0,1,False
LY6E,0,1,0,0,False
LY6G5C,0,1,0,0,False
LY6G6C,0,1,0,0,False
LY6G6F,0,1,0,0,False
LY6H,0,1,0,0,False
LY6K,0,1,0,0,False
LY75,1,1,0,0,False
LY86,1,1,0,0,False
LY86-AS1,0,1,0,0,False
LY9,0,1,0,0,False
LY96,0,1,0,0,False
LYAR,1,1,0,0,False
LYG1,0,1,0,0,False
LYG2,0,1,0,0,False
LYL1,0,1,0,0,False
LYN,0,1,1,0,False
LYPD1,0,1,0,0,False
LYPD2,0,1,0,0,False
LYPD3,1,1,0,1,False
LYPD6,1,1,0,0,False
LYPD6B,0,1,0,0,False
LYPD8,0,1,0,0,False
LYPLA1,0,1,0,0,False
LYPLA2,0,1,0,0,False
LYPLAL1,0,1,0,0,False
LYPLAL1-DT,0,1,0,0,False
LYRM1,0,1,0,0,False
LYRM2,0,1,0,0,False
LYRM4,0,1,0,0,False
LYRM7,0,1,0,0,False
LYRM9,0,1,0,0,False
LYSET,0,1,0,0,False
LYSMD2,0,1,0,0,False
LYSMD3,0,1,0,0,False
LYSMD4,0,1,0,0,False
LYST,0,1,0,0,False
LYVE1,1,1,0,1,False
LYZ,1,1,0,0,False
LYZL2,0,1,0,0,False
LZIC,0,1,0,0,False
LZTFL1,0,1,0,0,False
LZTR1,0,1,0,0,False
LZTS1,0,1,0,0,False
LZTS1-AS1,0,1,0,0,False
LZTS2,0,1,0,0,False
LZTS3,0,1,0,0,False
M6PR,0,1,0,0,False
MAB21L1,0,1,0,0,False
MAB21L2,0,1,0,0,False
MACC1,0,1,0,0,False
MACC1-AS1,0,1,0,0,False
MACF1,0,1,0,0,False
MACIR,0,1,0,0,False
MACO1,0,1,0,0,False
MACROD1,0,1,0,0,False
MACROD2,0,1,0,0,False
MACROH2A1,0,1,0,0,False
MACROH2A2,0,1,0,0,False
MAD1L1,0,1,0,0,False
MAD2L1,0,1,0,0,False
MAD2L1-DT,0,1,0,0,False
MAD2L1BP,0,1,0,0,False
MAD2L2,0,1,0,0,False
MADCAM1,1,1,0,0,False
MADD,0,1,0,0,False
MAEA,0,1,0,0,False
MAF,1,1,0,0,False
MAF1,0,1,0,0,False
MAFA,1,1,0,0,False
MAFB,0,1,0,0,False
MAFF,0,1,0,0,False
MAFG,0,1,0,0,False
MAFK,0,1,0,0,False
MAFTRR,0,1,0,0,False
MAGEA12,0,1,0,0,False
MAGEA3,0,1,0,0,False
MAGEA3-DT,0,1,0,0,False
MAGED1,0,1,0,0,False
MAGED2,0,1,0,0,False
MAGEF1,0,1,0,0,False
MAGEH1,0,1,0,0,False
MAGI1,0,1,1,0,False
MAGI1-AS1,0,1,0,0,False
MAGI1-IT1,0,1,0,0,False
MAGI2,0,1,1,0,False
MAGI2-AS3,0,1,1,0,False
MAGI3,0,1,0,0,False
MAGIX,0,1,0,0,False
MAGOH,0,1,0,0,False
MAGOHB,0,1,0,0,False
MAGT1,0,1,0,0,False
MAILR,0,1,0,0,False
MAK,0,1,0,0,False
MAL,1,1,0,1,False
MAL2,0,1,0,1,False
MAL2-AS1,0,1,0,0,False
MALAT1,0,1,0,0,False
MALL,0,1,0,0,False
MALRD1,0,1,0,0,False
MALSU1,0,1,0,0,False
MALT1,0,1,0,0,False
MALT1-AS1,0,1,0,0,False
MAMDC2,0,1,0,0,False
MAMDC2-AS1,0,1,0,0,False
MAMDC4,0,1,0,0,False
MAML1,0,1,0,0,False
MAML2,0,1,0,0,False
MAML3,0,1,0,0,False
MAMLD1,0,1,0,0,False
MAMSTR,0,1,0,0,False
MAN1A1,0,1,0,0,False
MAN1A2,0,1,0,0,False
MAN1B1,0,1,0,0,False
MAN1B1-DT,0,1,0,0,False
MAN1C1,0,1,0,0,False
MAN2A1,0,1,0,0,False
MAN2A2,0,1,0,0,False
MAN2B1,0,1,0,0,False
MAN2B2,0,1,0,0,False
MAN2C1,0,1,0,0,False
MANBA,0,1,0,0,False
MANBAL,0,1,0,0,False
MANEA,0,1,0,0,False
MANEA-DT,0,1,0,0,False
MANF,0,1,0,0,False
MANSC1,0,1,0,0,False
MAOA,0,1,0,0,False
MAOB,0,1,0,0,False
MAP10,0,1,0,0,False
MAP1A,0,1,0,0,False
MAP1B,1,1,0,0,False
MAP1LC3A,0,1,0,0,False
MAP1LC3B,0,1,0,0,False
MAP1LC3B2,0,1,0,0,False
MAP1LC3BP1,0,1,0,0,False
MAP1S,0,1,0,0,False
MAP2,1,1,0,0,False
MAP2K1,0,1,0,0,False
MAP2K2,0,1,0,0,False
MAP2K3,0,1,0,0,False
MAP2K4,0,1,0,0,False
MAP2K5,0,1,0,0,False
MAP2K5-DT,0,1,0,0,False
MAP2K6,0,1,0,0,False
MAP2K7,0,1,0,0,False
MAP3K1,0,1,0,0,False
MAP3K10,0,1,0,0,False
MAP3K11,0,1,0,0,False
MAP3K12,0,1,0,0,False
MAP3K13,0,1,0,0,False
MAP3K14,0,1,0,0,False
MAP3K15,0,1,0,0,False
MAP3K19,0,1,0,0,False
MAP3K2,0,1,0,0,False
MAP3K2-DT,0,1,0,0,False
MAP3K20,1,1,0,0,False
MAP3K20-AS1,0,1,0,0,False
MAP3K21,0,1,0,0,False
MAP3K3,0,1,0,0,False
MAP3K4,0,1,0,0,False
MAP3K4-AS1,0,1,0,0,False
MAP3K5,0,1,0,0,False
MAP3K5-AS1,0,1,0,0,False
MAP3K6,0,1,0,0,False
MAP3K7,0,1,0,0,False
MAP3K7CL,0,1,0,0,False
MAP3K8,0,1,0,0,False
MAP3K9,0,1,0,0,False
MAP3K9-DT,0,1,0,0,False
MAP4,0,1,0,0,False
MAP4K1,0,1,0,0,False
MAP4K1-AS1,0,1,0,0,False
MAP4K2,0,1,0,0,False
MAP4K3,0,1,0,0,False
MAP4K3-DT,0,1,0,0,False
MAP4K4,0,1,0,0,False
MAP4K5,0,1,0,0,False
MAP6,0,1,0,0,False
MAP7,0,1,0,0,False
MAP7-AS1,0,1,0,0,False
MAP7D1,0,1,0,0,False
MAP7D2,0,1,0,0,False
MAP7D3,0,1,0,0,False
MAP9,0,1,0,0,False
MAP9-AS1,0,1,0,0,False
MAPK1,0,1,0,0,False
MAPK10,0,1,0,0,False
MAPK10-AS1,0,1,0,0,False
MAPK13,0,1,0,0,False
MAPK14,0,1,0,0,False
MAPK15,0,1,0,0,False
MAPK1IP1L,0,1,0,0,False
MAPK3,0,1,0,0,False
MAPK4,0,1,0,0,False
MAPK6,0,1,0,0,False
MAPK6-DT,0,1,0,0,False
MAPK7,0,1,0,0,False
MAPK8,0,1,0,0,False
MAPK8IP3,0,1,0,0,False
MAPK8IP3-AS1,0,1,0,0,False
MAPK9,0,1,0,0,False
MAPKAP1,0,1,0,0,False
MAPKAPK2,0,1,0,0,False
MAPKAPK3,0,1,0,0,False
MAPKAPK5,0,1,0,0,False
MAPKAPK5-AS1,0,1,0,0,False
MAPKBP1,0,1,0,0,False
MAPRE1,0,1,0,0,False
MAPRE2,0,1,0,0,False
MAPRE3,0,1,0,0,False
MAPT,0,1,0,0,False
MARCH1,0,1,0,0,False
MARCHF1,0,1,0,0,False
MARCHF10,0,1,0,0,False
MARCHF11,1,0,0,0,False
MARCHF11-AS1,0,1,0,0,False
MARCHF2,0,1,0,0,False
MARCHF3,0,1,0,0,False
MARCHF4,0,1,0,0,False
MARCHF5,0,1,0,0,False
MARCHF6,0,1,0,0,False
MARCHF7,0,1,0,0,False
MARCHF8,0,1,0,0,False
MARCHF9,0,1,0,0,False
MARCKS,0,1,0,0,False
MARCKSL1,0,1,0,0,False
MARCO,1,1,0,0,False
MARF1,0,1,0,0,False
MARK1,0,1,0,0,False
MARK2,0,1,0,0,False
MARK2P5,0,1,0,0,False
MARK3,0,1,0,0,False
MARK4,0,1,0,0,False
MARS1,0,1,0,0,False
MARS2,0,1,0,0,False
MARVELD1,0,1,0,0,False
MARVELD2,0,1,0,0,False
MARVELD3,0,1,0,0,False
MASP1,0,1,0,0,False
MAST1,0,1,0,0,False
MAST2,0,1,0,0,False
MAST3,0,1,0,0,False
MAST4,0,1,0,0,False
MAST4-IT1,0,1,0,0,False
MASTL,0,1,0,0,False
MAT1A,0,1,0,0,False
MAT2A,0,1,0,0,False
MAT2B,0,1,0,0,False
MATCAP1,0,1,0,0,False
MATCAP2,0,1,0,0,False
MATK,0,1,0,0,False
MATN2,0,1,0,0,False
MATN3,0,1,0,0,False
MATR3,0,1,0,0,False
MAU2,0,1,0,0,False
MAVS,0,1,0,0,False
MAX,0,1,0,0,False
MAZ,0,1,0,0,False
MB,0,1,0,0,False
MB21D2,0,1,0,0,False
MBD1,0,1,0,0,False
MBD2,0,1,0,0,False
MBD3,0,1,0,0,False
MBD4,0,1,0,0,False
MBD5,0,1,0,0,False
MBD6,0,1,0,0,False
MBIP,0,1,0,0,False
MBLAC2,0,1,0,0,False
MBNL1,0,1,1,0,False
MBNL1-AS1,0,1,0,0,False
MBNL2,0,1,0,0,False
MBNL3,0,1,0,0,False
MBOAT1,0,1,0,0,False
MBOAT2,0,1,0,0,False
MBOAT7,0,1,0,0,False
MBP,1,1,0,0,False
MBTD1,0,1,0,0,False
MBTPS1,0,1,0,0,False
MBTPS1-DT,0,1,0,0,False
MBTPS2,0,1,0,0,False
MC1R,0,1,0,0,False
MC2R,0,1,0,0,False
MCAM,1,1,0,1,False
MCAT,0,1,0,0,False
MCC,0,1,0,0,False
MCCC1,0,1,0,0,False
MCCC2,0,1,0,0,False
MCCD1,0,1,0,0,False
MCEE,0,1,0,0,False
MCEMP1,0,1,0,0,False
MCF2L,0,1,0,0,False
MCF2L-AS1,0,1,0,0,False
MCF2L2,0,1,0,0,False
MCFD2,0,1,0,0,False
MCFD2P1,0,1,0,0,False
MCL1,0,1,0,0,False
MCM10,0,1,0,0,False
MCM2,0,1,0,0,False
MCM3,0,1,0,0,False
MCM3AP,0,1,0,0,False
MCM4,0,1,0,0,False
MCM5,0,1,0,0,False
MCM6,0,1,0,0,False
MCM7,0,1,0,0,False
MCM8,0,1,0,0,False
MCM8-AS1,0,1,0,0,False
MCM9,0,1,0,0,False
MCMBP,0,1,0,0,False
MCOLN1,0,1,0,0,False
MCOLN2,0,1,0,0,False
MCOLN3,0,1,0,0,False
MCPH1,0,1,0,0,False
MCPH1-AS1,0,1,0,0,False
MCPH1-DT,0,1,0,0,False
MCRIP1,0,1,0,0,False
MCRIP2,0,1,0,0,False
MCRIP2P1,0,1,0,0,False
MCRS1,0,1,0,0,False
MCT,1,0,0,0,False
MCTP1,1,1,0,0,False
MCTP2,1,1,0,0,False
MCTS1,0,1,0,0,False
MCU,0,1,0,0,False
MCUB,1,1,0,0,False
MCUR1,0,1,0,0,False
MDC1,0,1,0,0,False
MDFI,0,1,0,0,False
MDFIC,1,1,0,0,False
MDFIC2,0,1,0,0,False
MDGA1,0,1,0,0,False
MDGA2,0,1,0,0,False
MDH1,0,1,0,0,False
MDH1B,0,1,0,0,False
MDH2,0,1,0,0,False
MDK,0,1,0,0,False
MDM1,0,1,0,0,False
MDM2,0,1,0,0,False
MDM4,0,1,0,0,False
MDN1,0,1,0,0,False
MDP1,0,1,0,0,False
MDS2,0,1,0,0,False
ME1,0,1,0,0,False
ME2,0,1,0,0,False
ME3,0,1,0,0,False
MEA1,0,1,0,0,False
MEAF6,0,1,0,0,False
MEAK7,0,1,0,0,False
MECOM,1,1,1,0,False
MECOM-AS1,0,1,0,0,False
MECP2,0,1,0,0,False
MECR,0,1,0,0,False
MED1,0,1,0,0,False
MED10,0,1,0,0,False
MED11,0,1,0,0,False
MED12,0,1,0,0,False
MED12L,0,1,0,0,False
MED13,0,1,0,0,False
MED13L,0,1,1,0,False
MED14,0,1,0,0,False
MED14OS,0,1,0,0,False
MED15,0,1,0,0,False
MED16,0,1,0,0,False
MED17,0,1,0,0,False
MED19,0,1,0,0,False
MED21,0,1,0,0,False
MED23,0,1,0,0,False
MED24,0,1,0,0,False
MED25,0,1,0,0,False
MED26,0,1,0,0,False
MED27,0,1,0,0,False
MED28,0,1,0,0,False
MED29,0,1,0,0,False
MED30,0,1,0,0,False
MED31,0,1,0,0,False
MED4,0,1,0,0,False
MED4-AS1,0,1,0,0,False
MED6,0,1,0,0,False
MED7,0,1,0,0,False
MED8,0,1,0,0,False
MED9,0,1,0,0,False
MEDAG,0,1,0,0,False
MEF2A,0,1,0,0,False
MEF2B,0,1,0,0,False
MEF2C,0,1,1,0,False
MEF2C-AS1,0,1,0,0,False
MEF2C-AS2,0,1,0,0,False
MEF2D,0,1,0,0,False
MEFV,0,1,0,0,False
MEG3,0,1,0,0,False
MEG8,0,1,0,0,False
MEGF11,0,1,0,0,False
MEGF6,0,1,0,0,False
MEGF8,0,1,0,0,False
MEGF9,0,1,0,0,False
MEI1,0,1,0,0,False
MEIG1,0,1,0,0,False
MEIKIN,0,1,0,0,False
MEIOC,0,1,0,0,False
MEIS1,1,1,1,0,False
MEIS1-AS2,0,1,0,0,False
MEIS2,1,1,1,0,False
MEIS3,0,1,0,0,False
MELK,0,1,0,0,False
MELTF,0,1,0,0,False
MEMO1,0,1,0,0,False
MEN1,0,1,0,0,False
MEOX1,0,1,0,1,False
MEOX2,0,1,0,0,False
MEP1A,0,1,0,0,False
MEP1B,0,1,0,0,False
MEPCE,0,1,0,0,False
MEPE,1,1,0,0,False
MERTK,0,1,0,0,False
MESD,0,1,0,0,False
MESP1,0,1,0,0,False
MEST,1,1,0,0,False
MET,1,1,0,0,False
METAP1,0,1,0,0,False
METAP1D,0,1,0,0,False
METAP2,0,1,0,0,False
METRN,0,1,0,0,False
METRNL,0,1,0,0,False
METTL1,0,1,0,0,False
METTL14,0,1,0,0,False
METTL15,0,1,0,0,False
METTL16,0,1,0,0,False
METTL17,0,1,0,0,False
METTL18,0,1,0,0,False
METTL21A,0,1,0,0,False
METTL22,0,1,0,0,False
METTL23,0,1,0,0,False
METTL24,0,1,0,0,False
METTL25,0,1,0,0,False
METTL25B,0,1,0,0,False
METTL26,0,1,0,0,False
METTL27,0,1,0,0,False
METTL2A,0,1,0,0,False
METTL2B,0,1,0,0,False
METTL3,0,1,0,0,False
METTL4,0,1,0,0,False
METTL5,0,1,0,0,False
METTL6,0,1,0,0,False
METTL8,0,1,0,0,False
METTL9,0,1,0,0,False
MEX3A,0,1,0,0,False
MEX3B,0,1,0,0,False
MEX3C,0,1,0,0,False
MEX3D,0,1,0,0,False
MFAP1,0,1,0,0,False
MFAP2,0,1,0,0,False
MFAP3,0,1,0,0,False
MFAP3L,0,1,0,0,False
MFAP4,1,1,0,1,False
MFAP5,1,1,0,1,False
MFF,0,1,0,0,False
MFF-DT,0,1,0,0,False
MFGE8,1,1,0,0,False
MFHAS1,0,1,0,0,False
MFN1,0,1,0,0,False
MFN1P1,0,1,0,0,False
MFN2,0,1,0,0,False
MFNG,0,1,0,0,False
MFSD1,0,1,0,0,False
MFSD10,0,1,0,0,False
MFSD11,0,1,0,0,False
MFSD12,0,1,0,0,False
MFSD13A,0,1,0,0,False
MFSD13B,0,1,0,0,False
MFSD14A,0,1,0,0,False
MFSD14B,0,1,0,0,False
MFSD14CP,0,1,0,0,False
MFSD2A,1,1,0,0,False
MFSD2B,0,1,0,0,False
MFSD3,0,1,0,0,False
MFSD4A,0,1,0,0,False
MFSD4B,0,1,0,0,False
MFSD5,0,1,0,0,False
MFSD6,0,1,0,0,False
MFSD8,0,1,0,0,False
MFSD9,0,1,0,0,False
MGA,0,1,0,0,False
MGAM,0,1,0,0,False
MGAM2,0,1,0,0,False
MGAT1,0,1,0,0,False
MGAT2,0,1,0,0,False
MGAT3,0,1,0,0,False
MGAT4A,0,1,0,0,False
MGAT4B,0,1,0,0,False
MGAT4C,0,1,0,0,False
MGAT4D,0,1,0,0,False
MGAT5,0,1,0,0,False
MGAT5B,0,1,0,0,False
MGC4859,1,0,0,0,False
MGLL,1,1,0,0,False
MGME1,0,1,0,0,False
MGMT,0,1,0,0,False
MGP,1,1,1,0,False
MGRN1,0,1,0,0,False
MGST1,0,1,0,0,False
MGST2,0,1,0,0,False
MGST3,0,1,0,0,False
MHENCR,0,1,0,0,False
MIA,1,1,0,0,False
MIA2,0,1,0,0,False
MIA3,0,1,0,0,False
MIAT,0,1,0,0,False
MIATNB,0,1,0,0,False
MIB1,0,1,0,0,False
MIB2,0,1,0,0,False
MICA,0,1,0,0,False
MICAL1,0,1,0,0,False
MICAL2,0,1,0,0,False
MICAL3,0,1,0,0,False
MICALL1,0,1,0,0,False
MICALL2,0,1,0,0,False
MICB,0,1,0,0,False
MICOS10,0,1,0,0,False
MICOS10-NBL1,0,1,0,0,False
MICOS13,0,1,0,0,False
MICU1,0,1,0,0,False
MICU2,0,1,0,0,False
MICU3,0,1,0,0,False
MID1,0,1,0,0,False
MID1IP1,0,1,0,0,False
MID2,0,1,0,0,False
MIDEAS,0,1,0,0,False
MIDN,0,1,0,0,False
MIEF1,0,1,0,0,False
MIEN1,0,1,0,0,False
MIER1,0,1,0,0,False
MIER2,0,1,0,0,False
MIER3,0,1,0,0,False
MIF,0,1,0,0,False
MIF-AS1,0,1,0,0,False
MIF4GD,0,1,0,0,False
MIF4GD-DT,0,1,0,0,False
MIGA1,0,1,0,0,False
MIGA2,0,1,0,0,False
MIIP,0,1,0,0,False
MILIP,0,1,0,0,False
MILR1,0,1,0,0,False
MINAR2,0,1,0,0,False
MINDY1,0,1,0,0,False
MINDY2,0,1,0,0,False
MINDY3,0,1,0,0,False
MINDY4,0,1,0,0,False
MINK1,0,1,0,0,False
MINPP1,0,1,0,0,False
MIOS,0,1,0,0,False
MIOS-DT,0,1,0,0,False
MIOX,0,1,0,0,False
MIP,1,0,0,0,False
MIPEP,0,1,0,0,False
MIPOL1,0,1,0,0,False
MIR1-1,0,1,0,0,False
MIR100HG,0,1,0,0,False
MIR1208,0,1,0,0,False
MIR122HG,0,1,0,0,False
MIR124-2HG,0,1,0,0,False
MIR1244-1,0,1,0,0,False
MIR1244-2,0,1,0,0,False
MIR1257,0,1,0,0,False
MIR1284,0,1,0,0,False
MIR130AHG,0,1,0,0,False
MIR133A1HG,0,1,0,0,False
MIR133A2,0,1,0,0,False
MIR137HG,0,1,0,0,False
MIR138-1,0,1,0,0,False
MIR142HG,0,1,0,0,False
MIR155HG,0,1,0,0,False
MIR17HG,0,1,0,0,False
MIR181A1HG,0,1,0,0,False
MIR181A2HG,0,1,0,0,False
MIR190A,0,1,0,0,False
MIR1913,0,1,0,0,False
MIR193BHG,0,1,0,0,False
MIR200CHG,0,1,0,0,False
MIR205HG,0,1,0,0,False
MIR208A,0,1,0,0,False
MIR208B,0,1,0,0,False
MIR210HG,0,1,0,0,False
MIR217HG,0,1,0,0,False
MIR222HG,0,1,0,0,False
MIR223HG,0,1,0,0,False
MIR22HG,0,1,0,0,False
MIR23AHG,0,1,0,0,False
MIR26A2,0,1,0,0,False
MIR29A,0,1,0,0,False
MIR29B2,0,1,0,0,False
MIR29B2CHG,0,1,0,0,False
MIR3128,0,1,0,0,False
MIR3161,0,1,0,0,False
MIR3171HG,0,1,0,0,False
MIR3183,0,1,0,0,False
MIR3193,0,1,0,0,False
MIR31HG,0,1,0,0,False
MIR325HG,0,1,0,0,False
MIR34AHG,0,1,0,0,False
MIR3648-1,0,1,0,0,False
MIR3654,0,1,0,0,False
MIR3667HG,0,1,0,0,False
MIR3677HG,0,1,0,0,False
MIR3680-1,0,1,0,0,False
MIR3681HG,1,1,0,0,False
MIR378A,0,1,0,0,False
MIR3936HG,0,1,0,0,False
MIR3945HG,0,1,0,0,False
MIR4300HG,0,1,0,0,False
MIR4422HG,0,1,0,0,False
MIR4425,0,1,0,0,False
MIR4432HG,0,1,0,0,False
MIR4435-2HG,0,1,0,0,False
MIR4458HG,0,1,0,0,False
MIR4482,0,1,0,0,False
MIR4493,0,1,0,0,False
MIR4500HG,0,1,0,0,False
MIR4527HG,0,1,0,0,False
MIR4635,0,1,0,0,False
MIR4668,0,1,0,0,False
MIR4669,0,1,0,0,False
MIR4680,0,1,0,0,False
MIR4748,0,1,0,0,False
MIR4751,0,1,0,0,False
MIR4776-1,0,1,0,0,False
MIR4785,0,1,0,0,False
MIR4797,0,1,0,0,False
MIR497HG,0,1,0,0,False
MIR5003,0,1,0,0,False
MIR5047,0,1,0,0,False
MIR548A1,0,1,0,0,False
MIR548AC,0,1,0,0,False
MIR548V,0,1,0,0,False
MIR551B,0,1,0,0,False
MIR605,0,1,0,0,False
MIR6082,0,1,0,0,False
MIR6084,0,1,0,0,False
MIR611,0,1,0,0,False
MIR623,0,1,0,0,False
MIR626,0,1,0,0,False
MIR635,0,1,0,0,False
MIR637,0,1,0,0,False
MIR638,0,1,0,0,False
MIR646HG,0,1,0,0,False
MIR650,0,1,0,0,False
MIR6511B1,0,1,0,0,False
MIR6515,0,1,0,0,False
MIR6716,0,1,0,0,False
MIR6731,0,1,0,0,False
MIR6797,0,1,0,0,False
MIR6805,0,1,0,0,False
MIR6809,0,1,0,0,False
MIR6819,0,1,0,0,False
MIR6821,0,1,0,0,False
MIR6850,0,1,0,0,False
MIR6880,0,1,0,0,False
MIR7-3HG,0,1,0,0,False
MIR7160,0,1,0,0,False
MIR7161,0,1,0,0,False
MIR762HG,0,1,0,0,False
MIR7845,0,1,0,0,False
MIR7855,0,1,0,0,False
MIR8485,0,1,0,0,False
MIR9-1HG,0,1,0,0,False
MIR924HG,0,1,0,0,False
MIR99AHG,0,1,0,0,False
MIRLET7A1HG,0,1,0,0,False
MIRLET7BHG,0,1,0,0,False
MIRLET7IHG,0,1,0,0,False
MIS12,0,1,0,0,False
MIS18A,0,1,0,0,False
MIS18A-AS1,0,1,0,0,False
MIS18BP1,0,1,0,0,False
MISFA,0,1,0,0,False
MISP,0,1,0,1,False
MISP3,0,1,0,0,False
MITA1,0,1,0,0,False
MITD1,0,1,0,0,False
MITF,0,1,0,0,False
MIX23,0,1,0,0,False
MIXL1,0,1,0,0,False
MKI67,1,1,0,1,False
MKKS,0,1,0,0,False
MKL1,0,1,0,0,False
MKLN1,0,1,0,0,False
MKLN1-AS,0,1,0,0,False
MKNK1,0,1,0,0,False
MKNK1-AS1,0,1,0,0,False
MKNK2,0,1,0,0,False
MKRN1,0,1,0,0,False
MKRN2,0,1,0,0,False
MKRN2OS,0,1,0,0,False
MKRN3,0,1,0,0,False
MKS1,0,1,0,0,False
MKX,1,0,0,0,False
MLANA,1,1,0,1,False
MLC1,0,1,0,0,False
MLEC,0,1,0,0,False
MLF1,0,1,0,0,False
MLF2,0,1,0,0,False
MLH1,0,1,0,0,False
MLH3,0,1,0,0,False
MLIP,0,1,0,0,False
MLIP-AS1,0,1,0,0,False
MLKL,0,1,0,0,False
MLLT10,0,1,0,0,False
MLLT11,0,1,0,0,False
MLLT3,1,1,0,0,False
MLLT6,0,1,0,0,False
MLPH,0,1,0,0,False
MLST8,0,1,0,0,False
MLX,0,1,0,0,False
MLXIP,0,1,0,0,False
MLXIPL,0,1,0,0,False
MLYCD,0,1,0,0,False
MMAB,0,1,0,0,False
MMACHC,0,1,0,0,False
MMADHC,0,1,0,0,False
MMADHC-DT,0,1,0,0,False
MMD,0,1,0,0,False
MMD2,0,1,0,0,False
MME,1,1,1,0,False
MME-AS1,0,1,0,0,False
MMEL1,0,1,0,0,False
MMGT1,0,1,0,0,False
MMP1,0,1,0,0,False
MMP10,0,1,0,0,False
MMP11,1,1,0,0,False
MMP12,0,1,0,0,False
MMP13,0,0,0,1,False
MMP14,0,1,0,0,False
MMP15,0,1,0,0,False
MMP16,0,1,0,0,False
MMP17,0,1,0,0,False
MMP19,0,1,0,0,False
MMP2,1,1,0,1,False
MMP2-AS1,0,1,0,0,False
MMP20,0,1,0,0,False
MMP23B,0,1,0,0,False
MMP24,0,1,0,0,False
MMP24OS,0,1,0,0,False
MMP25,0,1,0,0,False
MMP25-AS1,0,1,0,0,False
MMP28,0,1,0,0,False
MMP3,1,1,0,1,False
MMP7,1,1,1,0,False
MMP8,0,1,0,0,False
MMP9,1,1,0,1,False
MMRN1,1,1,0,1,False
MMRN2,0,1,0,1,False
MMS19,0,1,0,0,False
MMS22L,0,1,0,0,False
MMUT,0,1,0,0,False
MN1,0,1,0,0,False
MNAT1,0,1,0,0,False
MND1,0,1,0,0,False
MNDA,1,1,1,0,False
MNS1,0,1,0,0,False
MNT,0,1,0,0,False
MNX1,0,1,0,0,False
MOAP1,0,1,0,0,False
MOB1A,0,1,0,0,False
MOB1B,0,1,0,0,False
MOB2,0,1,0,0,False
MOB3A,0,1,0,0,False
MOB3B,0,1,0,0,False
MOB3C,0,1,0,0,False
MOB4,0,1,0,0,False
MOBP,1,1,0,0,False
MOCS1,0,1,0,0,False
MOCS2,0,1,0,0,False
MOCS3,0,1,0,0,False
MOG,1,1,0,0,False
MOGAT1,1,1,0,0,False
MOGAT3,0,1,0,0,False
MOGS,0,1,0,0,False
MOK,0,1,0,0,False
MON1B,0,1,0,0,False
MON2,0,1,0,0,False
MORC1,0,1,0,0,False
MORC2,0,1,0,0,False
MORC2-AS1,0,1,0,0,False
MORC3,0,1,0,0,False
MORC4,0,1,0,0,False
MORF4L1,0,1,0,0,False
MORF4L1P1,0,1,0,0,False
MORF4L1P3,0,1,0,0,False
MORF4L2,0,1,0,0,False
MORN2,0,1,0,0,False
MORN3,0,1,0,0,False
MORN5,0,1,0,0,False
MOSMO,0,1,0,0,False
MOSPD1,0,1,0,0,False
MOSPD2,0,1,0,0,False
MOSPD3,0,1,0,0,False
MOV10,0,1,0,0,False
MOXD1,1,1,0,0,False
MPC1,0,1,0,0,False
MPC2,0,1,0,0,False
MPDU1,0,1,0,0,False
MPDU1-AS1,0,1,0,0,False
MPDZ,0,1,0,0,False
MPEG1,0,1,0,0,False
MPG,0,1,0,0,False
MPHOSPH10,0,1,0,0,False
MPHOSPH6,0,1,0,0,False
MPHOSPH8,0,1,0,0,False
MPHOSPH9,0,1,0,0,False
MPI,0,1,0,0,False
MPIG6B,0,1,0,1,False
MPL,0,1,0,0,False
MPLKIP,0,1,0,0,False
MPND,0,1,0,0,False
MPO,1,1,0,1,False
MPP1,0,1,0,0,False
MPP3,0,1,0,0,False
MPP4,0,1,0,0,False
MPP7,0,1,0,0,False
MPPE1,0,1,0,0,False
MPPED1,0,1,0,0,False
MPPED2,0,1,0,0,False
MPRIP,0,1,0,0,False
MPRIP-AS1,0,1,0,0,False
MPST,0,1,0,0,False
MPV17,0,1,0,0,False
MPV17L,0,1,0,0,False
MPV17L2,0,1,0,0,False
MPZ,1,1,0,0,False
MPZL1,0,1,0,0,False
MPZL2,0,1,0,0,False
MPZL3,0,1,0,0,False
MR1,0,1,0,0,False
MRAP2,0,1,0,0,False
MRAS,0,1,0,0,False
MRC1,1,1,1,1,True
MRC2,0,1,0,0,False
MRE11,0,1,0,0,False
MREG,0,1,0,0,False
MRFAP1,0,1,0,0,False
MRFAP1L1,0,1,0,0,False
MRFAP1L2,0,1,0,0,False
MRGBP,0,1,0,0,False
MRGPRE,0,1,0,0,False
MRGPRF,0,1,0,0,False
MRI1,0,1,0,0,False
MRLN,0,1,0,0,False
MRM1,0,1,0,0,False
MRM2,0,1,0,0,False
MRM3,0,1,0,0,False
MRNIP,0,1,0,0,False
MRO,0,1,0,0,False
MROH1,0,1,0,0,False
MROH2A,0,1,0,0,False
MROH2B,0,1,0,0,False
MROH7,0,1,0,0,False
MROH8,0,1,0,0,False
MROH9,1,1,0,0,False
MRPL1,0,1,0,0,False
MRPL10,0,1,0,0,False
MRPL11,0,1,0,0,False
MRPL12,0,1,0,0,False
MRPL13,0,1,0,0,False
MRPL14,0,1,0,0,False
MRPL15,0,1,0,0,False
MRPL16,0,1,0,0,False
MRPL17,0,1,0,0,False
MRPL18,0,1,0,0,False
MRPL19,0,1,0,0,False
MRPL2,0,1,0,0,False
MRPL20,0,1,0,0,False
MRPL20-AS1,0,1,0,0,False
MRPL21,0,1,0,0,False
MRPL22,0,1,0,0,False
MRPL23,0,1,0,0,False
MRPL24,0,1,0,0,False
MRPL27,0,1,0,0,False
MRPL28,0,1,0,0,False
MRPL3,0,1,0,0,False
MRPL30,0,1,0,0,False
MRPL32,0,1,0,0,False
MRPL33,0,1,0,0,False
MRPL34,0,1,0,0,False
MRPL35,0,1,0,0,False
MRPL36,0,1,0,0,False
MRPL37,0,1,0,0,False
MRPL37P1,0,1,0,0,False
MRPL38,0,1,0,0,False
MRPL39,0,1,0,0,False
MRPL4,0,1,0,0,False
MRPL40,0,1,0,0,False
MRPL41,0,1,0,0,False
MRPL42,0,1,0,0,False
MRPL43,0,1,0,0,False
MRPL44,0,1,0,0,False
MRPL45,0,1,0,0,False
MRPL45P2,0,1,0,0,False
MRPL46,0,1,0,0,False
MRPL47,0,1,0,0,False
MRPL48,0,1,0,0,False
MRPL49,0,1,0,0,False
MRPL50,0,1,0,0,False
MRPL50P2,0,1,0,0,False
MRPL51,0,1,0,0,False
MRPL52,0,1,0,0,False
MRPL53,0,1,0,0,False
MRPL54,0,1,0,0,False
MRPL55,0,1,0,0,False
MRPL57,0,1,0,0,False
MRPL58,0,1,0,0,False
MRPL9,0,1,0,0,False
MRPS10,0,1,0,0,False
MRPS11,0,1,0,0,False
MRPS12,0,1,0,0,False
MRPS14,0,1,0,0,False
MRPS15,0,1,0,0,False
MRPS16,0,1,0,0,False
MRPS17,0,1,0,0,False
MRPS17P1,0,1,0,0,False
MRPS18A,0,1,0,0,False
MRPS18B,0,1,0,0,False
MRPS18C,0,1,0,0,False
MRPS2,0,1,0,0,False
MRPS21,0,1,0,0,False
MRPS22,0,1,0,0,False
MRPS23,0,1,0,0,False
MRPS24,0,1,0,0,False
MRPS25,0,1,0,0,False
MRPS26,0,1,0,0,False
MRPS27,0,1,0,0,False
MRPS28,0,1,0,0,False
MRPS30,0,1,0,0,False
MRPS31,0,1,0,0,False
MRPS31P2,0,1,0,0,False
MRPS31P4,0,1,0,0,False
MRPS33,0,1,0,0,False
MRPS34,0,1,0,0,False
MRPS35,0,1,0,0,False
MRPS35-DT,0,1,0,0,False
MRPS5,0,1,0,0,False
MRPS6,0,1,0,0,False
MRPS7,0,1,0,0,False
MRPS9,0,1,0,0,False
MRRF,0,1,0,0,False
MRS2,0,1,0,0,False
MRTFA,0,1,0,0,False
MRTFB,0,1,0,0,False
MRTO4,0,1,0,0,False
MS4A1,1,1,1,1,True
MS4A14,0,1,0,0,False
MS4A15,0,1,0,0,False
MS4A2,1,1,1,1,True
MS4A3,1,1,0,0,False
MS4A4A,0,1,0,1,False
MS4A4E,0,1,0,0,False
MS4A6A,0,1,0,0,False
MS4A6E,0,1,0,0,False
MS4A7,1,1,0,1,False
MS4A8,0,1,0,0,False
MSANTD2,0,1,0,0,False
MSANTD3,0,1,0,0,False
MSANTD4,0,1,0,0,False
MSC,0,1,0,0,False
MSC-AS1,1,1,0,0,False
MSH2,0,1,0,0,False
MSH3,0,1,0,0,False
MSH5,0,1,0,0,False
MSH6,0,1,0,0,False
MSI1,0,1,0,0,False
MSI2,0,1,0,0,False
MSL1,0,1,0,0,False
MSL2,0,1,0,0,False
MSL3,0,1,0,0,False
MSLN,1,1,0,0,False
MSMB,1,1,0,0,False
MSMO1,0,1,0,0,False
MSMP,1,1,0,0,False
MSN,0,1,0,0,False
MSNP1,0,1,0,0,False
MSR1,1,1,0,0,False
MSRA,0,1,0,0,False
MSRB1,0,1,0,0,False
MSRB2,0,1,0,0,False
MSRB3,0,1,0,0,False
MST1,0,1,0,0,False
MSX1,0,1,0,0,False
MSX2,0,1,0,0,False
MT-ATP6,0,1,0,0,False
MT-ATP8,0,1,0,1,False
MT-CO1,0,1,0,0,False
MT-CO2,0,1,0,0,False
MT-CO3,0,1,0,0,False
MT-CYB,0,1,0,0,False
MT-ND1,0,1,0,0,False
MT-ND2,0,1,0,0,False
MT-ND3,0,1,0,0,False
MT-ND4,0,1,0,0,False
MT-ND4L,0,1,0,0,False
MT-ND5,0,1,0,0,False
MT-ND6,0,1,0,0,False
MT-RNR1,0,1,0,0,False
MT-RNR2,0,1,0,0,False
MT-TA,0,1,0,0,False
MT-TC,0,1,0,0,False
MT-TE,0,1,0,0,False
MT-TG,0,1,0,0,False
MT-TI,0,1,0,0,False
MT-TK,0,1,0,0,False
MT-TL1,0,1,0,0,False
MT-TN,0,1,0,0,False
MT-TP,0,1,0,0,False
MT-TQ,0,1,0,0,False
MT-TS1,0,1,0,0,False
MT-TT,0,1,0,0,False
MT-TV,0,1,0,0,False
MT1A,0,1,0,0,False
MT1E,1,1,0,0,False
MT1F,0,1,0,0,False
MT1G,1,1,0,0,False
MT1H,1,1,0,0,False
MT1M,0,1,0,0,False
MT1X,0,1,0,0,False
MT2A,0,1,0,0,False
MT3,0,1,0,0,False
MT4,0,1,0,0,False
MTA1,0,1,0,0,False
MTA1-DT,0,1,0,0,False
MTA2,0,1,0,0,False
MTA3,0,1,0,0,False
MTAP,0,1,0,0,False
MTARC1,0,1,0,0,False
MTARC2,0,1,0,0,False
MTATP6P1,0,1,0,0,False
MTATP6P13,0,1,0,0,False
MTATP6P29,0,1,0,0,False
MTATP8P1,0,1,0,0,False
MTBP,0,1,0,0,False
MTCH1,0,1,0,0,False
MTCH2,0,1,0,0,False
MTCL1,0,1,0,0,False
MTCL2,0,1,0,0,False
MTCL3,0,1,0,0,False
MTCO1P12,0,1,0,0,False
MTCO1P2,0,1,0,0,False
MTCO1P40,0,1,0,0,False
MTCO1P53,0,1,0,0,False
MTCO2P12,0,1,0,0,False
MTCO2P2,0,1,0,0,False
MTCO2P22,0,1,0,0,False
MTCO3P12,0,1,0,0,False
MTCO3P18,0,1,0,0,False
MTCO3P7,0,1,0,0,False
MTCP1,0,1,0,0,False
MTCYBP18,0,1,0,0,False
MTCYBP19,0,1,0,0,False
MTDH,0,1,0,0,False
MTERF1,0,1,0,0,False
MTERF2,0,1,0,0,False
MTERF3,0,1,0,0,False
MTERF4,0,1,0,0,False
MTF1,0,1,0,0,False
MTF2,0,1,0,0,False
MTFMT,0,1,0,0,False
MTFP1,0,1,0,0,False
MTFR1,0,1,0,0,False
MTFR1L,0,1,0,0,False
MTFR2,0,1,0,0,False
MTG1,0,1,0,0,False
MTG2,0,1,0,0,False
MTHFD1,0,1,0,0,False
MTHFD1L,0,1,0,0,False
MTHFD2,0,1,0,0,False
MTHFD2L,0,1,0,0,False
MTHFR,0,1,0,0,False
MTHFS,0,1,0,0,False
MTIF2,0,1,0,0,False
MTIF3,0,1,0,0,False
MTLN,0,1,0,0,False
MTM1,0,1,0,0,False
MTMR1,0,1,0,0,False
MTMR10,0,1,0,0,False
MTMR11,0,1,0,0,False
MTMR14,0,1,0,0,False
MTMR2,0,1,0,0,False
MTMR3,0,1,0,0,False
MTMR4,0,1,0,0,False
MTMR6,0,1,0,0,False
MTMR7,0,1,0,0,False
MTMR8,0,1,0,0,False
MTMR9,0,1,0,0,False
MTNAP1,0,1,0,0,False
MTND1P22,0,1,0,0,False
MTND1P23,0,1,0,0,False
MTND2P13,0,1,0,0,False
MTND2P28,0,1,0,0,False
MTND2P6,0,1,0,0,False
MTND3P6,0,1,0,0,False
MTND4LP30,0,1,0,0,False
MTND4P12,0,1,0,0,False
MTND4P24,0,1,0,0,False
MTND4P33,0,1,0,0,False
MTND5P12,0,1,0,0,False
MTND5P17,0,1,0,0,False
MTND6P4,0,1,0,0,False
MTNR1A,0,1,0,0,False
MTO1,0,1,0,0,False
MTOR,0,1,0,0,False
MTPAP,0,1,0,0,False
MTPN,0,1,0,0,False
MTR,0,1,0,0,False
MTRES1,0,1,0,0,False
MTREX,0,1,0,0,False
MTRF1,0,1,0,0,False
MTRF1L,0,1,0,0,False
MTRFR,0,1,0,0,False
MTRNR2L1,0,1,0,0,False
MTRNR2L10,0,1,0,0,False
MTRNR2L12,0,1,0,0,False
MTRNR2L8,0,1,0,0,False
MTRR,0,1,0,0,False
MTSS1,0,1,0,0,False
MTTP,0,1,0,0,False
MTURN,0,1,0,0,False
MTUS1,0,1,0,0,False
MTUS1-DT,0,1,0,0,False
MTUS2,0,1,0,0,False
MTX1,0,1,0,0,False
MTX2,0,1,0,0,False
MTX3,0,1,0,0,False
MUC1,1,1,0,0,False
MUC12,0,1,0,0,False
MUC12-AS1,0,1,0,0,False
MUC13,0,1,0,0,False
MUC15,0,1,0,0,False
MUC16,0,1,0,0,False
MUC17,0,1,0,0,False
MUC19,0,1,0,0,False
MUC2,1,1,0,0,False
MUC20,0,1,0,0,False
MUC20-OT1,0,1,0,0,False
MUC20P1,0,1,0,0,False
MUC21,0,1,0,0,False
MUC3A,0,1,0,0,False
MUC4,0,1,0,0,False
MUC5AC,1,1,0,1,False
MUC5B,1,1,0,1,False
MUC5B-AS1,0,1,0,0,False
MUC6,0,1,0,0,False
MUC7,0,1,0,0,False
MUCL1,0,1,0,0,False
MUCL3,0,1,0,0,False
MUL1,0,1,0,0,False
MUS81,0,1,0,0,False
MUSK,0,1,0,0,False
MUSTN1,0,1,0,0,False
MUTYH,0,1,0,0,False
MVB12A,0,1,0,0,False
MVB12B,0,1,0,0,False
MVD,0,1,0,0,False
MVK,0,1,0,0,False
MVP,0,1,0,0,False
MX1,0,1,0,0,False
MX2,0,1,0,0,False
MXD1,0,1,0,0,False
MXD3,0,1,0,0,False
MXD4,0,1,0,0,False
MXI1,0,1,0,0,False
MXRA5,0,1,0,0,False
MXRA7,0,1,0,0,False
MXRA8,0,1,0,0,False
MYADM,0,1,0,0,False
MYADM-AS1,0,1,0,0,False
MYADM-AS2,0,1,0,0,False
MYADML2,0,1,0,0,False
MYB,0,1,0,0,False
MYBBP1A,0,1,0,0,False
MYBL1,1,1,0,0,False
MYBL2,0,1,0,0,False
MYBPC1,1,1,0,0,False
MYBPC2,0,1,0,0,False
MYBPC3,0,1,0,0,False
MYC,1,1,0,0,False
MYCBP,0,1,0,0,False
MYCBP2,0,1,0,0,False
MYCBP2-AS1,0,1,0,0,False
MYCL,0,1,0,0,False
MYCN,0,1,0,0,False
MYCNOS,0,1,0,0,False
MYCT1,0,1,0,0,False
MYD88,0,1,0,0,False
MYDGF,0,1,0,0,False
MYEF2,0,1,0,0,False
MYEOV,0,1,0,0,False
MYF5,0,1,0,0,False
MYF6,0,1,0,0,False
MYG1,0,1,0,0,False
MYG1-AS1,0,1,0,0,False
MYH10,0,1,0,1,False
MYH11,1,1,1,1,True
MYH13,0,1,0,0,False
MYH14,0,1,0,0,False
MYH15,0,1,0,0,False
MYH16,0,1,0,0,False
MYH3,0,1,0,0,False
MYH6,0,1,0,0,False
MYH7,1,1,0,1,False
MYH7B,0,1,0,0,False
MYH8,0,1,0,0,False
MYH9,0,1,0,0,False
MYHAS,0,1,0,0,False
MYL11,1,1,0,0,False
MYL12-AS1,0,1,0,0,False
MYL12A,0,1,0,0,False
MYL12B,0,1,0,0,False
MYL2,1,1,0,0,False
MYL3,0,1,0,0,False
MYL4,1,1,0,0,False
MYL5,0,1,0,0,False
MYL6,0,1,0,0,False
MYL6B,0,1,0,0,False
MYL6B-AS1,0,1,0,0,False
MYL7,1,1,0,1,False
MYL9,1,1,1,0,False
MYLIP,0,1,0,0,False
MYLK,0,1,1,0,False
MYLK-AS1,0,1,0,0,False
MYLK2,0,1,0,0,False
MYLK3,0,1,0,1,False
MYMX,0,1,0,0,False
MYNN,0,1,0,0,False
MYO10,1,1,0,0,False
MYO15A,0,1,0,0,False
MYO15B,0,1,0,0,False
MYO16,0,1,0,0,False
MYO16-AS1,0,1,0,0,False
MYO18A,0,1,0,0,False
MYO18B,0,1,0,0,False
MYO18B-AS1,0,1,0,0,False
MYO19,0,1,0,0,False
MYO1A,0,1,0,0,False
MYO1B,1,1,0,0,False
MYO1C,0,1,0,0,False
MYO1D,0,1,0,0,False
MYO1E,0,1,0,0,False
MYO1F,0,1,1,0,False
MYO1G,0,1,0,0,False
MYO3A,0,1,0,0,False
MYO3B,1,1,0,0,False
MYO3B-AS1,0,1,0,0,False
MYO5A,0,1,0,0,False
MYO5B,1,1,0,0,False
MYO5C,0,1,0,0,False
MYO6,0,1,0,0,False
MYO7B,0,1,0,0,False
MYO9A,0,1,0,0,False
MYO9B,0,1,0,0,False
MYOC,0,1,0,0,False
MYOCD,1,1,0,0,False
MYOCOS,0,1,0,0,False
MYOF,0,1,0,0,False
MYOG,1,0,0,0,False
MYOM1,0,1,0,0,False
MYOM2,0,1,0,0,False
MYOM3,0,1,0,0,False
MYOM3-AS1,0,1,0,0,False
MYOZ1,0,1,0,0,False
MYOZ2,0,1,0,0,False
MYOZ3,0,1,0,0,False
MYPOP,0,1,0,0,False
MYREM,0,1,0,0,False
MYRF,0,1,0,0,False
MYRIP,0,1,0,0,False
MYSM1,0,1,0,0,False
MYT1,0,1,0,0,False
MYT1L,0,1,0,0,False
MYZAP,0,1,0,0,False
MZB1,1,1,0,1,False
MZF1,0,1,0,0,False
MZF1-AS1,0,1,0,0,False
MZT1,0,1,0,0,False
MZT2A,0,1,0,0,False
MZT2B,0,1,0,0,False
Metallothionein,1,0,0,0,False
N4BP1,0,1,0,0,False
N4BP2,0,1,0,0,False
N4BP2L1,0,1,0,0,False
N4BP2L2,0,1,0,0,False
N4BP2L2-IT2,0,1,0,0,False
N4BP3,0,1,0,0,False
NAA10,0,1,0,0,False
NAA11,0,1,0,0,False
NAA15,0,1,0,0,False
NAA16,0,1,0,0,False
NAA20,0,1,0,0,False
NAA25,0,1,0,0,False
NAA30,0,1,0,0,False
NAA35,0,1,0,0,False
NAA38,0,1,0,0,False
NAA40,0,1,0,0,False
NAA50,0,1,0,0,False
NAA60,0,1,0,0,False
NAA80,0,1,0,0,False
NAAA,0,1,0,0,False
NAALADL1,0,1,0,0,False
NAALADL2,0,1,1,0,False
NAALADL2-AS2,0,1,0,0,False
NAB1,0,1,0,0,False
NAB2,0,1,0,0,False
NABP1,0,1,0,0,False
NABP2,0,1,0,0,False
NACA,0,1,0,0,False
NACA2,0,1,0,0,False
NACA3P,0,1,0,0,False
NACA4P,0,1,0,0,False
NACC1,0,1,0,0,False
NACC2,0,1,0,0,False
NADK,0,1,0,0,False
NADK2,0,1,0,0,False
NADSYN1,0,1,0,0,False
NAE1,0,1,0,0,False
NAF1,0,1,0,0,False
NAGA,0,1,0,0,False
NAGK,0,1,0,0,False
NAGLU,0,1,0,0,False
NAGPA,0,1,0,0,False
NAGS,0,1,0,0,False
NAIF1,0,1,0,0,False
NAIP,0,1,0,0,False
NAIPP2,0,1,0,0,False
NAIPP4,0,1,0,0,False
NALCN,0,1,0,0,False
NALF1,0,1,0,0,False
NALF1-IT1,0,1,0,0,False
NALT1,0,1,0,0,False
NAMPT,0,1,1,0,False
NAMPTP1,0,1,0,0,False
NANOS2,0,1,0,0,False
NANOS3,0,1,0,0,False
NANS,0,1,0,0,False
NAP1L1,0,1,0,0,False
NAP1L1P3,0,1,0,0,False
NAP1L3,0,1,0,0,False
NAP1L4,0,1,0,0,False
NAPA,0,1,0,0,False
NAPA-AS1,0,1,0,0,False
NAPB,0,1,0,0,False
NAPEPLD,0,1,0,0,False
NAPG,0,1,0,0,False
NAPRT,0,1,0,0,False
NAPSA,0,1,0,0,False
NAPSB,0,1,0,0,False
NARF,0,1,0,0,False
NARS1,0,1,0,0,False
NARS2,0,1,0,0,False
NASP,0,1,0,0,False
NAT10,0,1,0,0,False
NAT14,0,1,0,0,False
NAT16,0,1,0,0,False
NAT8,0,1,0,0,False
NAT8B,0,1,0,0,False
NAT8L,0,1,0,0,False
NAT9,0,1,0,0,False
NATD1,0,1,0,0,False
NAV1,0,1,0,0,False
NAV2,0,1,0,0,False
NAV2-AS2,0,1,0,0,False
NAV2-AS3,0,1,0,0,False
NAV3,0,1,0,0,False
NAXD,0,1,0,0,False
NAXE,0,1,0,0,False
NBAS,0,1,0,0,False
NBDY,0,1,0,0,False
NBEA,0,1,0,0,False
NBEAL1,0,1,0,0,False
NBEAL2,0,1,0,0,False
NBEAP1,0,1,0,0,False
NBL1,0,1,0,0,False
NBN,0,1,0,0,False
NBPF1,0,1,0,0,False
NBPF10,0,1,0,0,False
NBPF11,0,1,0,0,False
NBPF12,0,1,0,0,False
NBPF14,0,1,0,0,False
NBPF15,0,1,0,0,False
NBPF19,0,1,0,0,False
NBPF20,0,1,0,0,False
NBPF25P,0,1,0,0,False
NBPF26,0,1,0,0,False
NBPF8,0,1,0,0,False
NBPF9,0,1,0,0,False
NBR1,0,1,0,0,False
NCAL1,0,1,0,0,False
NCALD,0,1,0,0,False
NCAM1,1,1,0,1,False
NCAM2,0,1,0,0,False
NCAPD2,0,1,0,0,False
NCAPD3,0,1,0,0,False
NCAPG,0,1,0,0,False
NCAPG2,0,1,0,0,False
NCAPGP1,0,1,0,0,False
NCAPH,0,1,0,0,False
NCAPH2,0,1,0,0,False
NCBP1,0,1,0,0,False
NCBP2,0,1,0,0,False
NCBP2AS2,0,1,0,0,False
NCBP3,0,1,0,0,False
NCCRP1,0,1,0,0,False
NCEH1,0,1,0,0,False
NCF1,0,1,0,0,False
NCF1B,0,1,0,0,False
NCF1C,0,1,0,0,False
NCF2,0,1,0,0,False
NCF4,0,1,0,0,False
NCK1,0,1,0,0,False
NCK2,0,1,0,0,False
NCKAP1,0,1,0,0,False
NCKAP1L,0,1,0,0,False
NCKAP5,1,1,0,0,False
NCKAP5L,0,1,0,0,False
NCKIPSD,0,1,0,0,False
NCL,0,1,0,0,False
NCLN,0,1,0,0,False
NCMAP,0,1,0,0,False
NCMAP-DT,0,1,0,0,False
NCOA1,0,1,0,0,False
NCOA2,0,1,0,0,False
NCOA3,0,1,0,0,False
NCOA4,0,1,0,0,False
NCOA5,0,1,0,0,False
NCOA6,0,1,0,0,False
NCOA7,0,1,0,0,False
NCOR1,0,1,0,0,False
NCOR2,0,1,0,0,False
NCR1,1,1,0,0,False
NCR1+,1,0,0,0,False
NCR2,1,0,0,1,False
NCR3,1,1,0,0,False
NCS1,0,1,0,0,False
NCSTN,0,1,0,0,False
NDC80,0,1,0,0,False
NDE1,0,1,0,0,False
NDEL1,0,1,0,0,False
NDFIP1,0,1,0,0,False
NDFIP2,0,1,0,0,False
NDN,0,1,0,0,False
NDNF,1,1,0,0,False
NDOR1,0,1,0,0,False
NDRG1,1,1,0,0,False
NDRG2,0,1,0,0,False
NDRG3,0,1,0,0,False
NDRG4,0,1,0,0,False
NDST1,0,1,0,0,False
NDST2,0,1,0,0,False
NDST3,0,1,0,0,False
NDST4,1,0,0,0,False
NDUFA1,0,1,0,0,False
NDUFA10,0,1,0,0,False
NDUFA11,0,1,0,0,False
NDUFA12,0,1,0,0,False
NDUFA13,0,1,0,0,False
NDUFA2,0,1,0,0,False
NDUFA3,0,1,0,0,False
NDUFA4,0,1,0,0,False
NDUFA4L2,1,1,0,1,False
NDUFA5,0,1,0,0,False
NDUFA5P11,0,1,0,0,False
NDUFA5P12,0,1,0,0,False
NDUFA6,0,1,0,0,False
NDUFA6-DT,0,1,0,0,False
NDUFA7,0,1,0,0,False
NDUFA8,0,1,0,0,False
NDUFA9,0,1,0,0,False
NDUFAB1,0,1,0,0,False
NDUFAF1,0,1,0,0,False
NDUFAF2,0,1,0,0,False
NDUFAF3,0,1,0,0,False
NDUFAF4,0,1,0,0,False
NDUFAF5,0,1,0,0,False
NDUFAF6,0,1,0,0,False
NDUFAF7,0,1,0,0,False
NDUFAF8,0,1,0,0,False
NDUFB1,0,1,0,0,False
NDUFB10,0,1,0,0,False
NDUFB11,0,1,0,0,False
NDUFB2,0,1,0,0,False
NDUFB3,0,1,0,0,False
NDUFB4,0,1,0,0,False
NDUFB4P1,0,1,0,0,False
NDUFB5,0,1,0,0,False
NDUFB6,0,1,0,0,False
NDUFB7,0,1,0,0,False
NDUFB8,0,1,0,0,False
NDUFB9,0,1,0,0,False
NDUFB9P2,0,1,0,0,False
NDUFC1,0,1,0,0,False
NDUFC2,0,1,0,0,False
NDUFC2-KCTD14,0,1,0,0,False
NDUFS1,0,1,0,0,False
NDUFS2,0,1,0,0,False
NDUFS3,0,1,0,0,False
NDUFS4,0,1,0,0,False
NDUFS5,0,1,0,0,False
NDUFS6,0,1,0,0,False
NDUFS7,0,1,0,0,False
NDUFS8,0,1,0,0,False
NDUFV1,0,1,0,0,False
NDUFV1-DT,0,1,0,0,False
NDUFV2,1,1,0,0,False
NDUFV2-AS1,0,1,0,0,False
NDUFV2P1,0,1,0,0,False
NDUFV3,0,1,0,0,False
NEAT1,0,1,0,0,False
NEB,1,1,0,0,False
NEBL,0,1,0,0,False
NECAB1,0,1,0,0,False
NECAB3,0,1,0,0,False
NECAP1,0,1,0,0,False
NECAP2,0,1,0,0,False
NECTIN1,0,1,0,0,False
NECTIN1-AS1,0,1,0,0,False
NECTIN1-DT,0,1,0,0,False
NECTIN2,1,1,0,0,False
NECTIN2P1,0,1,0,0,False
NECTIN3,0,1,0,0,False
NECTIN4,0,1,0,0,False
NEDD4,1,1,0,0,False
NEDD4L,0,1,1,0,False
NEDD8,0,1,0,0,False
NEDD8-MDP1,0,1,0,0,False
NEDD9,0,1,0,0,False
NEFH,0,1,0,0,False
NEFHP1,1,0,0,0,False
NEFL,1,1,0,0,False
NEFM,1,1,0,0,False
NEGR1,0,1,0,0,False
NEIL1,0,1,0,0,False
NEIL3,0,1,0,0,False
NEK1,0,1,0,0,False
NEK10,0,1,0,0,False
NEK11,0,1,0,0,False
NEK2,0,1,0,0,False
NEK3,0,1,0,0,False
NEK5,0,1,0,0,False
NEK6,0,1,0,0,False
NEK7,0,1,0,0,False
NEK8,0,1,0,0,False
NEK9,0,1,0,0,False
NELFA,0,1,0,0,False
NELFB,0,1,0,0,False
NELFCD,0,1,0,0,False
NELFE,0,1,0,0,False
NELL1,0,1,0,0,False
NELL2,0,1,0,0,False
NEMF,0,1,0,0,False
NEMP1,0,1,0,0,False
NEMP2,0,1,0,0,False
NEMP2-DT,0,1,0,0,False
NENF,0,1,0,0,False
NEO1,0,1,0,0,False
NEPRO,0,1,0,0,False
NEPRO-AS1,0,1,0,0,False
NES,1,1,0,0,False
NET1,0,1,0,0,False
NETO1,0,1,0,0,False
NETO2,0,1,0,0,False
NEU1,0,1,0,0,False
NEU3,0,1,0,0,False
NEU4,0,1,0,0,False
NEURL1,1,1,0,0,False
NEURL1B,0,1,0,0,False
NEURL2,0,1,0,0,False
NEURL3,0,1,0,0,False
NEURL4,0,1,0,0,False
NEUROD1,0,1,0,0,False
NEUROD4,0,1,0,0,False
NEUROG3,0,1,0,0,False
NEXMIF,0,1,0,0,False
NEXN,0,1,0,0,False
NF1,0,1,0,0,False
NF1P10,0,1,0,0,False
NF1P2,0,1,0,0,False
NF1P4,0,1,0,0,False
NF1P7,0,1,0,0,False
NF1P8,0,1,0,0,False
NF2,0,1,0,0,False
NFAM1,0,1,0,0,False
NFASC,0,1,1,0,False
NFAT5,0,1,0,0,False
NFATC1,1,1,0,1,False
NFATC2,0,1,0,0,False
NFATC2IP,0,1,0,0,False
NFATC2IP-AS1,0,1,0,0,False
NFATC3,0,1,0,0,False
NFATC4,0,1,0,0,False
NFE2,0,1,0,0,False
NFE2L1,0,1,0,0,False
NFE2L2,0,1,0,0,False
NFE2L3,0,1,0,0,False
NFE4,0,1,0,0,False
NFIA,0,1,0,0,False
NFIA-AS2,1,0,0,0,False
NFIB,0,1,0,0,False
NFIB-AS1,0,1,0,0,False
NFIC,0,1,0,0,False
NFIL3,0,1,0,0,False
NFIX,1,1,0,0,False
NFKB1,0,1,0,1,False
NFKB2,0,1,0,0,False
NFKBIA,0,1,0,0,False
NFKBIB,0,1,0,0,False
NFKBID,0,1,0,0,False
NFKBIE,0,1,0,0,False
NFKBIL1,0,1,0,0,False
NFKBIZ,0,1,0,0,False
NFRKB,0,1,0,0,False
NFS1,0,1,0,0,False
NFU1,0,1,0,0,False
NFX1,0,1,0,0,False
NFXL1,0,1,0,0,False
NFYA,0,1,0,0,False
NFYB,0,1,0,0,False
NFYC,0,1,0,0,False
NGB,0,1,0,0,False
NGDN,0,1,0,0,False
NGEF,0,1,0,0,False
NGF,0,1,0,0,False
NGF-AS1,0,1,0,0,False
NGF-R TrkA,1,0,0,0,False
NGFR,1,1,0,0,False
NGLY1,0,1,0,0,False
NGRN,0,1,0,0,False
NHEJ1,0,1,0,0,False
NHERF1,0,1,0,0,False
NHERF2,0,1,0,0,False
NHERF4,0,1,0,0,False
NHLH1,0,1,0,0,False
NHLH2,0,1,0,0,False
NHLRC2,0,1,0,0,False
NHLRC3,0,1,0,0,False
NHP2,0,1,0,0,False
NHS,0,1,0,0,False
NHSL1,0,1,0,0,False
NHSL1-AS1,0,1,0,0,False
NHSL2,0,1,0,0,False
NHSL3,0,1,0,0,False
NIBAN1,0,1,1,0,False
NIBAN2,0,1,0,0,False
NIBAN3,0,1,0,1,False
NICOL1,0,1,0,0,False
NID1,0,1,0,0,False
NID2,0,1,0,0,False
NIF3L1,0,1,0,0,False
NIFK,0,1,0,0,False
NIFK-AS1,0,1,0,0,False
NIHCOLE,0,1,0,0,False
NIN,0,1,0,0,False
NINJ1,0,1,0,0,False
NINJ2,0,1,0,0,False
NINJ2-AS1,0,1,0,0,False
NINL,0,1,0,0,False
NIP7,0,1,0,0,False
NIPA1,0,1,0,0,False
NIPA2,0,1,0,0,False
NIPAL1,0,1,0,0,False
NIPAL2,0,1,0,0,False
NIPAL3,0,1,0,0,False
NIPBL,0,1,0,0,False
NIPBL-DT,0,1,0,0,False
NIPSNAP1,0,1,0,0,False
NIPSNAP2,0,1,0,0,False
NIPSNAP3A,0,1,0,0,False
NIPSNAP3B,0,1,0,0,False
NISCH,0,1,0,0,False
NIT1,0,1,0,0,False
NIT2,0,1,0,0,False
NKAIN1,0,1,0,0,False
NKAIN2,0,1,0,0,False
NKAIN3,0,1,0,0,False
NKAIN4,0,1,0,0,False
NKAP,0,1,0,0,False
NKAPD1,0,1,0,0,False
NKAPL,0,1,0,0,False
NKD1,0,1,0,0,False
NKD2,0,1,0,0,False
NKG2D,1,0,0,0,False
NKG7,1,1,0,0,False
NKILA,0,1,0,0,False
NKIRAS1,0,1,0,0,False
NKIRAS2,0,1,0,0,False
NKRF,0,1,0,0,False
NKTR,0,1,0,0,False
NKX2-1,0,1,0,0,False
NKX2-1-AS1,0,1,0,0,False
NKX2-2,0,1,0,0,False
NKX2-5,0,1,0,0,False
NKX3-1,0,1,0,0,False
NKX6-1,1,0,0,0,False
NKX6-2,0,1,0,0,False
NLE1,0,1,0,0,False
NLGN1,0,1,0,1,False
NLGN1-AS1,0,1,0,0,False
NLGN2,0,1,0,0,False
NLGN4X,0,1,0,0,False
NLGN4Y,1,1,0,0,False
NLK,0,1,0,0,False
NLN,0,1,0,0,False
NLRC3,0,1,0,0,False
NLRC4,0,1,0,0,False
NLRC5,0,1,0,0,False
NLRP1,0,1,0,0,False
NLRP10,0,1,0,0,False
NLRP12,0,1,0,0,False
NLRP14,0,1,0,0,False
NLRP2,0,1,0,0,False
NLRP3,0,1,0,0,False
NLRP5,0,1,0,0,False
NLRP6,0,1,0,0,False
NLRP7,0,1,0,0,False
NLRP8,0,1,0,0,False
NLRX1,0,1,0,0,False
NMB,0,1,0,0,False
NMBR,1,0,0,0,False
NMD3,0,1,0,0,False
NME1,1,1,0,0,False
NME1-NME2,0,1,0,0,False
NME2,0,1,0,0,False
NME2P1,0,1,0,0,False
NME3,0,1,0,0,False
NME4,0,1,0,0,False
NME5,0,1,0,0,False
NME6,0,1,0,0,False
NME7,0,1,0,0,False
NME8,0,1,0,0,False
NMI,0,1,0,0,False
NMNAT1,0,1,0,0,False
NMNAT2,0,1,0,0,False
NMNAT3,0,1,0,0,False
NMRAL1,0,1,0,0,False
NMRK1,0,1,0,0,False
NMRK2,0,1,0,0,False
NMT1,0,1,0,0,False
NMT2,0,1,0,0,False
NMU,1,1,0,0,False
NMUR1,0,1,0,0,False
NMUR2,1,1,0,0,False
NNAT,1,1,0,0,False
NNMT,0,1,0,0,False
NNT,0,1,0,0,False
NNT-AS1,0,1,0,0,False
NOA1,0,1,0,0,False
NOB1,0,1,0,0,False
NOC2L,0,1,0,0,False
NOC3L,0,1,0,0,False
NOC4L,0,1,0,0,False
NOCT,0,1,0,0,False
NOD1,0,1,0,0,False
NOD2,0,1,0,0,False
NOG,0,1,0,0,False
NOL10,0,1,0,0,False
NOL11,0,1,0,0,False
NOL12,0,1,0,0,False
NOL3,0,1,0,0,False
NOL4,0,1,0,0,False
NOL4L,0,1,0,0,False
NOL4L-DT,0,1,0,0,False
NOL6,0,1,0,0,False
NOL7,0,1,0,0,False
NOL8,0,1,0,0,False
NOL9,0,1,0,0,False
NOLC1,0,1,0,0,False
NOM1,0,1,0,0,False
NOMO2,0,1,0,0,False
NOMO3,0,1,0,0,False
NONO,0,1,0,0,False
NOP10,0,1,0,0,False
NOP14,0,1,0,0,False
NOP14-AS1,0,1,0,0,False
NOP16,0,1,0,0,False
NOP2,0,1,0,0,False
NOP53,0,1,0,0,False
NOP53-AS1,0,1,0,0,False
NOP56,0,1,0,0,False
NOP58,0,1,0,0,False
NOP9,0,1,0,0,False
NOPCHAP1,0,1,0,0,False
NORAD,0,1,0,0,False
NOS1,1,1,0,0,False
NOS1AP,0,1,0,0,False
NOS2,0,1,0,0,False
NOS3,0,1,0,0,False
NOSIP,1,1,0,0,False
NOSTRIN,0,1,0,0,False
NOTCH1,1,1,0,0,False
NOTCH2,0,1,0,0,False
NOTCH2NLA,0,1,0,0,False
NOTCH3,1,1,0,1,False
NOTCH4,1,1,0,0,False
NOTUM,0,1,0,0,False
NOVA1,0,1,0,0,False
NOVA2,1,1,0,0,False
NOX1,0,1,0,0,False
NOX4,1,1,0,0,False
NOX5,0,1,0,0,False
NOXA1,0,1,0,0,False
NOXO1,0,1,0,0,False
NPAP1,0,1,0,0,False
NPAS1,1,0,0,0,False
NPAS2,0,1,0,0,False
NPAS3,0,1,0,0,False
NPAT,0,1,0,0,False
NPC1,0,1,0,0,False
NPC1L1,0,1,0,0,False
NPC2,0,1,0,0,False
NPDC1,1,1,0,0,False
NPEPL1,0,1,0,0,False
NPEPPS,0,1,0,0,False
NPEPPSP1,0,1,0,0,False
NPFFR2,1,0,0,0,False
NPHP1,0,1,0,0,False
NPHP3,0,1,0,0,False
NPHS1,1,1,1,0,False
NPHS2,1,1,1,0,False
NPIPA2,0,1,0,0,False
NPIPA3,0,1,0,0,False
NPIPA5,0,1,0,0,False
NPIPA8,0,1,0,0,False
NPIPB10P,0,1,0,0,False
NPIPB11,0,1,0,0,False
NPIPB12,0,1,0,0,False
NPIPB13,0,1,0,0,False
NPIPB15,0,1,0,0,False
NPIPB2,0,1,0,0,False
NPIPB3,0,1,0,0,False
NPIPB4,0,1,0,0,False
NPIPB5,0,1,0,0,False
NPIPB6,0,1,0,0,False
NPIPB9,0,1,0,0,False
NPL,0,1,0,0,False
NPLOC4,0,1,0,0,False
NPM1,0,1,0,0,False
NPM1P27,0,1,0,0,False
NPM1P31,0,1,0,0,False
NPM1P32,0,1,0,0,False
NPM1P39,0,1,0,0,False
NPM1P6,0,1,0,0,False
NPM3,0,1,0,0,False
NPNT,1,1,0,0,False
NPPA,1,1,0,1,False
NPPB,0,1,0,0,False
NPPC,1,1,0,0,False
NPR1,0,1,0,0,False
NPR2,0,1,0,0,False
NPR3,1,1,0,0,False
NPRL2,0,1,0,0,False
NPRL3,0,1,0,0,False
NPSR1,1,1,0,0,False
NPSR1-AS1,1,1,0,0,False
NPTN,0,1,0,0,False
NPTX1,0,1,0,0,False
NPTX2,0,1,0,1,False
NPVF,0,1,0,0,False
NPW,0,1,0,0,False
NPY,1,1,0,0,False
NPY1R,0,1,0,0,False
NQO1,0,1,0,0,False
NQO2,0,1,0,0,False
NR0B1,0,1,0,0,False
NR0B2,0,1,0,0,False
NR1D1,0,1,0,0,False
NR1D2,0,1,0,0,False
NR1H2,0,1,0,0,False
NR1H3,0,1,0,0,False
NR1H4,0,1,0,0,False
NR1I2,0,1,0,0,False
NR1I3,0,1,0,0,False
NR2C1,0,1,0,0,False
NR2C2,0,1,0,0,False
NR2C2AP,0,1,0,0,False
NR2E3,1,1,0,0,False
NR2F1,1,1,0,0,False
NR2F1-AS1,0,1,0,0,False
NR2F2,1,1,0,0,False
NR2F2-AS1,1,1,0,0,False
NR2F6,0,1,0,0,False
NR3C1,0,1,0,0,False
NR3C2,0,1,0,0,False
NR4A1,0,1,0,0,False
NR4A1AS,0,1,0,0,False
NR4A2,1,1,0,0,False
NR4A3,0,1,0,0,False
NR5A2,0,1,0,1,False
NR6A1,0,1,0,0,False
NRAD1,0,1,0,0,False
NRARP,0,1,0,0,False
NRAS,0,1,0,0,False
NRAV,0,1,0,0,False
NRBF2,0,1,0,0,False
NRBP1,0,1,0,0,False
NRBP2,0,1,0,0,False
NRCAM,0,1,0,0,False
NRDC,0,1,0,0,False
NRDE2,0,1,0,0,False
NREP,0,1,0,0,False
NRF1,0,1,0,0,False
NRG1,0,1,0,0,False
NRG3,0,1,1,1,False
NRGN,0,1,0,0,False
NRIP1,0,1,0,0,False
NRIP2,0,1,0,0,False
NRIP3,0,1,0,0,False
NRK,0,1,0,0,False
NRL,1,1,0,0,False
NRM,0,1,0,0,False
NRN1,0,1,0,0,False
NRP1,1,1,0,0,False
NRP2,0,1,0,0,False
NRROS,0,1,0,0,False
NRSN1,0,0,0,1,False
NRSN2,0,1,0,0,False
NRSN2-AS1,0,1,0,0,False
NRXN1,1,1,0,1,False
NRXN1-DT,0,1,0,0,False
NRXN2,0,1,0,0,False
NRXN3,1,1,0,1,False
NSA2,0,1,0,0,False
NSD1,0,1,0,0,False
NSD2,0,1,0,0,False
NSD3,0,1,0,0,False
NSDHL,0,1,0,0,False
NSF,0,1,0,0,False
NSFL1C,0,1,0,0,False
NSG1,0,1,0,0,False
NSG2,0,1,0,0,False
NSL1,0,1,0,0,False
NSMAF,0,1,0,0,False
NSMCE1,0,1,0,0,False
NSMCE1-DT,0,1,0,0,False
NSMCE2,0,1,0,0,False
NSMCE3,0,1,0,0,False
NSMCE4A,0,1,0,0,False
NSMF,0,1,0,0,False
NSRP1,0,1,0,0,False
NSRP1P1,0,1,0,0,False
NSUN2,0,1,0,0,False
NSUN3,0,1,0,0,False
NSUN4,0,1,0,0,False
NSUN5,0,1,0,0,False
NSUN6,0,1,0,0,False
NSUN7,0,1,0,0,False
NT5C,0,1,0,0,False
NT5C2,0,1,0,0,False
NT5C3A,0,1,0,0,False
NT5C3B,0,1,0,0,False
NT5DC1,0,1,0,0,False
NT5DC2,0,1,0,0,False
NT5DC3,0,1,0,0,False
NT5E,1,1,0,1,False
NT5M,0,1,0,0,False
NTAN1,1,1,0,0,False
NTAQ1,0,1,0,0,False
NTF3,0,1,0,0,False
NTHL1,1,1,0,0,False
NTM,0,1,0,1,False
NTMT1,0,1,0,0,False
NTN1,1,1,0,0,False
NTN4,0,1,0,0,False
NTN5,0,1,0,0,False
NTNG1,1,1,1,0,False
NTNG2,0,1,0,0,False
NTPCR,0,1,0,0,False
NTRK1,1,1,0,0,False
NTRK2,0,1,0,0,False
NTRK3,1,1,0,1,False
NTRK3-AS1,0,1,0,0,False
NTS,1,1,0,0,False
NUAK1,0,1,0,0,False
NUAK2,0,1,0,0,False
NUB1,0,1,0,0,False
NUBP1,0,1,0,0,False
NUBP2,0,1,0,0,False
NUBPL,0,1,0,0,False
NUCB1,0,1,0,0,False
NUCB1-AS1,0,1,0,0,False
NUCB2,1,1,0,0,False
NUCKS1,0,1,0,0,False
NUDC,0,1,0,0,False
NUDCD1,0,1,0,0,False
NUDCD2,0,1,0,0,False
NUDCD3,0,1,0,0,False
NUDT1,0,1,0,0,False
NUDT12,0,1,0,0,False
NUDT13,0,1,0,0,False
NUDT14,0,1,0,0,False
NUDT15,0,1,0,0,False
NUDT16,0,1,0,0,False
NUDT16L1,0,1,0,0,False
NUDT17,0,1,0,0,False
NUDT18,0,1,0,0,False
NUDT19,0,1,0,0,False
NUDT19-DT,0,1,0,0,False
NUDT19P3,0,1,0,0,False
NUDT2,0,1,0,0,False
NUDT21,0,1,0,0,False
NUDT22,0,1,0,0,False
NUDT3,0,1,0,0,False
NUDT4,1,1,0,0,False
NUDT4B,0,1,0,0,False
NUDT5,0,1,0,0,False
NUDT7,0,1,0,0,False
NUDT8,0,1,0,0,False
NUDT9,0,1,0,0,False
NUF2,1,1,0,0,False
NUFIP1,0,1,0,0,False
NUFIP2,0,1,0,0,False
NUGGC,1,1,0,1,False
NUMA1,0,1,0,0,False
NUMB,0,1,0,0,False
NUMBL,0,1,0,0,False
NUP107,0,1,0,0,False
NUP133,0,1,0,0,False
NUP153,0,1,0,0,False
NUP153-AS1,0,1,0,0,False
NUP155,0,1,0,0,False
NUP160,0,1,0,0,False
NUP188,0,1,0,0,False
NUP205,0,1,0,0,False
NUP210,0,1,0,0,False
NUP214,0,1,0,0,False
NUP35,0,1,0,0,False
NUP37,0,1,0,0,False
NUP42,0,1,0,0,False
NUP43,0,1,0,0,False
NUP50,0,1,0,0,False
NUP50-DT,0,1,0,0,False
NUP54,0,1,0,0,False
NUP58,0,1,0,0,False
NUP62,0,1,0,0,False
NUP62CL,0,1,0,0,False
NUP85,0,1,0,0,False
NUP88,0,1,0,0,False
NUP93,0,1,0,0,False
NUP98,0,1,0,0,False
NUPR1,1,1,0,0,False
NUPR2,0,1,0,0,False
NUS1,0,1,0,0,False
NUSAP1,0,1,0,0,False
NUTF2,0,1,0,0,False
NUTM2A,0,1,0,0,False
NUTM2A-AS1,0,1,0,0,False
NUTM2B,0,1,0,0,False
NUTM2B-AS1,0,1,0,0,False
NUTM2D,0,1,0,0,False
NUTM2F,0,1,0,0,False
NVL,0,1,0,0,False
NWD1,0,1,0,0,False
NWD2,0,1,0,0,False
NXF1,0,1,0,0,False
NXN,0,1,0,0,False
NXPE1,0,1,0,0,False
NXPE2,0,1,0,0,False
NXPE3,0,1,0,0,False
NXPE4,0,1,0,0,False
NXPH1,1,1,0,0,False
NXPH2,1,1,0,0,False
NXPH3,0,1,0,0,False
NXT1,0,1,0,0,False
NXT2,0,1,0,0,False
NYAP2,0,1,0,0,False
NYNRIN,0,1,0,0,False
NYX,0,1,0,0,False
Neurofilament 200 (NF200),1,0,0,0,False
OAF,0,1,0,0,False
OARD1,0,1,0,0,False
OAS1,0,1,0,0,False
OAS2,0,1,0,0,False
OAS3,0,1,0,0,False
OASL,0,1,0,0,False
OAT,0,1,0,0,False
OAZ1,0,1,0,0,False
OAZ2,0,1,0,0,False
OAZ3,0,1,0,0,False
OBI1-AS1,1,1,0,0,False
OBP2B,0,1,0,0,False
OBSCN,0,1,0,0,False
OBSCN-AS1,0,1,0,0,False
OBSL1,0,1,0,0,False
OCA2,0,1,0,0,False
OCEL1,0,1,0,0,False
OCIAD1,0,1,0,0,False
OCIAD1-AS1,0,1,0,0,False
OCIAD2,0,1,0,0,False
OCLN,0,1,0,0,False
OCRL,0,1,0,0,False
ODAD1,0,1,0,0,False
ODAD2,0,1,0,0,False
ODAD2P1,0,1,0,0,False
ODAD3,0,1,0,0,False
ODAM,0,1,0,0,False
ODC1,1,1,0,0,False
ODF2,0,1,0,0,False
ODF2L,0,1,0,0,False
ODR4,0,1,0,0,False
OFCC1,0,1,0,0,False
OFD1,0,1,0,0,False
OGA,0,1,0,0,False
OGDH,0,1,0,0,False
OGDHL,0,1,0,0,False
OGFOD1,0,1,0,0,False
OGFOD2,0,1,0,0,False
OGFOD3,0,1,0,0,False
OGFR,0,1,0,0,False
OGFRL1,0,1,0,0,False
OGG1,0,1,0,0,False
OGN,1,1,0,1,False
OGT,0,1,0,0,False
OIP5,0,1,0,0,False
OIP5-AS1,0,1,0,0,False
OIT3,0,1,0,0,False
OLA1,0,1,0,0,False
OLAH,0,1,0,0,False
OLFM1,0,1,0,0,False
OLFM2,0,1,0,0,False
OLFM3,0,1,0,0,False
OLFM4,1,1,0,0,False
OLFML1,0,1,0,0,False
OLFML2A,0,1,0,0,False
OLFML2B,0,1,0,0,False
OLFML3,0,1,0,1,False
OLIG1,1,1,0,0,False
OLMALINC,0,1,0,0,False
OLR1,1,1,0,1,False
OMA1,0,1,0,0,False
OMD,0,1,0,0,False
OMG,0,1,0,0,False
ONECUT1,1,1,0,0,False
ONECUT2,1,1,0,0,False
ONECUT3,0,1,0,0,False
OOEP,0,1,0,0,False
OOEP-AS1,0,1,0,0,False
OPA1,0,1,0,0,False
OPA3,0,1,0,0,False
OPALIN,1,0,0,0,False
OPCML,0,1,0,0,False
OPHN1,1,1,0,0,False
OPN1LW,1,1,0,0,False
OPN1MW,1,0,0,0,False
OPN1SW,1,0,0,0,False
OPN3,0,1,0,0,False
OPN4,1,0,0,0,False
OPRD1,0,1,0,0,False
OPRK1,0,1,0,0,False
OPRL1,0,1,0,0,False
OPRM1,0,1,0,0,False
OPTC,0,1,0,0,False
OPTN,0,1,0,0,False
OR10AH1P,0,1,0,0,False
OR10B1P,0,1,0,0,False
OR10G3,0,1,0,0,False
OR11H1,0,1,0,0,False
OR11H4,0,1,0,0,False
OR1A1,0,1,0,0,False
OR1D5,0,1,0,0,False
OR1L8,0,1,0,0,False
OR2A1,0,1,0,0,False
OR2A1-AS1,0,1,0,0,False
OR2A3P,0,1,0,0,False
OR2A4,0,1,0,0,False
OR2A7,0,1,0,0,False
OR2AP1,0,1,0,0,False
OR2B4P,1,0,0,0,False
OR2B6,0,1,0,0,False
OR2C3,0,1,0,0,False
OR2F1,0,1,0,0,False
OR2F2,0,1,0,0,False
OR2G6,0,1,0,0,False
OR2I1P,0,1,0,0,False
OR2L2,0,1,0,0,False
OR2T2,0,1,0,0,False
OR3A3,0,1,0,0,False
OR4F21,0,1,0,0,False
OR51E1,0,1,0,0,False
OR51E2,1,1,0,0,False
OR51I2,0,1,0,0,False
OR51V1,0,1,0,0,False
OR52I1,0,1,0,0,False
OR52K3P,0,1,0,0,False
OR56B2P,0,1,0,0,False
OR5BE1P,0,1,0,0,False
OR5H8,0,1,0,0,False
OR7C1,0,1,0,0,False
OR7D2,0,1,0,0,False
OR7E4P,0,1,0,0,False
OR7E55P,0,1,0,0,False
OR9G4,0,1,0,0,False
ORAI1,0,1,0,0,False
ORAI2,0,1,0,0,False
ORAI3,0,1,0,0,False
ORC2,0,1,0,0,False
ORC3,0,1,0,0,False
ORC4,0,1,0,0,False
ORC5,0,1,0,0,False
ORC6,0,1,0,0,False
ORM1,1,1,0,0,False
ORM2,0,1,0,0,False
ORMDL1,0,1,0,0,False
ORMDL2,0,1,0,0,False
ORMDL3,0,1,0,0,False
OS9,0,1,0,0,False
OSBP,0,1,0,0,False
OSBP2,0,1,0,0,False
OSBPL10,0,1,1,0,False
OSBPL10-AS1,0,1,0,0,False
OSBPL11,0,1,0,0,False
OSBPL1A,0,1,0,0,False
OSBPL2,0,1,0,0,False
OSBPL3,0,1,0,0,False
OSBPL5,0,1,0,0,False
OSBPL6,0,1,0,0,False
OSBPL7,0,1,0,0,False
OSBPL8,0,1,0,0,False
OSBPL9,0,1,0,0,False
OSCAR,0,1,0,0,False
OSCP1,0,1,0,0,False
OSER1,0,1,0,0,False
OSER1-DT,0,1,0,0,False
OSGEP,0,1,0,0,False
OSGEPL1,0,1,0,0,False
OSGEPL1-AS1,0,1,0,0,False
OSGIN1,0,1,0,0,False
OSGIN2,0,1,0,0,False
OSM,0,1,0,0,False
OSMR,0,1,0,1,False
OSMR-DT,0,1,0,0,False
OSR1,0,1,0,0,False
OSR2,0,1,0,0,False
OST4,0,1,0,0,False
OSTC,0,1,0,0,False
OSTF1,0,1,0,0,False
OSTM1,0,1,0,0,False
OSTN-AS1,0,1,0,0,False
OTOA,0,1,0,0,False
OTOG,0,1,0,0,False
OTOGL,0,1,0,0,False
OTOP2,0,1,0,0,False
OTOS,0,1,0,0,False
OTP,1,0,0,0,False
OTUB1,0,1,0,0,False
OTUD1,0,1,0,0,False
OTUD3,0,1,0,0,False
OTUD4,0,1,0,0,False
OTUD5,0,1,0,0,False
OTUD6B,0,1,0,0,False
OTUD6B-AS1,0,1,0,0,False
OTUD7A,0,1,0,0,False
OTUD7B,0,1,0,0,False
OTULIN,0,1,0,0,False
OTULINL,0,1,0,0,False
OTX1,0,1,0,0,False
OTX2,1,1,0,0,False
OTX2-AS1,1,1,0,0,False
OV-6 ANTIGEN,1,0,0,0,False
OVCA2,0,1,0,0,False
OVCH1-AS1,0,1,0,0,False
OVCH2,0,1,0,0,False
OVGP1,1,0,0,0,False
OVOL1,0,1,0,0,False
OVOL2,0,1,0,0,False
OVOL3,0,1,0,0,False
OXA1L,0,1,0,0,False
OXCT1,0,1,0,0,False
OXCT2,0,1,0,0,False
OXCT2P1,0,1,0,0,False
OXGR1,0,1,0,0,False
OXLD1,0,1,0,0,False
OXNAD1,0,1,0,0,False
OXR1,0,1,0,0,False
OXR1-AS1,0,1,0,0,False
OXSM,0,1,0,0,False
OXSR1,0,1,0,0,False
OXT,0,1,0,0,False
OXTR,0,1,0,0,False
P2RX1,0,1,1,0,False
P2RX2,0,1,0,0,False
P2RX3,1,1,0,0,False
P2RX4,0,1,0,0,False
P2RX5,0,1,0,0,False
P2RX6,0,1,0,0,False
P2RX7,0,1,0,0,False
P2RY1,1,1,0,0,False
P2RY10,0,1,0,0,False
P2RY11,0,1,0,0,False
P2RY12,1,1,0,0,False
P2RY13,0,1,0,0,False
P2RY14,0,1,0,0,False
P2RY6,0,1,0,0,False
P2RY8,0,1,0,0,False
P3H1,0,1,0,0,False
P3H2,1,1,0,0,False
P3H2-AS1,0,1,0,0,False
P3H3,0,1,0,0,False
P3H4,0,1,0,0,False
P3R3URF-PIK3R3,0,1,0,0,False
P4HA1,0,1,0,0,False
P4HA2,0,1,0,0,False
P4HB,0,1,0,0,False
P4HTM,0,1,0,0,False
PA2G4,0,1,0,0,False
PAAF1,0,1,0,0,False
PABIR2,0,1,0,0,False
PABIR3,0,1,0,0,False
PABPC1,0,1,0,0,False
PABPC1L,0,1,0,0,False
PABPC1L2B,0,1,0,0,False
PABPC3,0,1,0,0,False
PABPC4,0,1,0,0,False
PABPC4-AS1,0,1,0,0,False
PABPC4L,0,1,0,0,False
PABPC5,0,1,0,0,False
PABPN1,0,1,0,0,False
PACC1,0,1,0,0,False
PACRG,0,1,1,0,False
PACRG-AS3,0,1,0,0,False
PACRGL,0,1,0,0,False
PACS1,0,1,0,0,False
PACS2,0,1,0,0,False
PACSIN1,0,1,0,0,False
PACSIN2,0,1,0,0,False
PACSIN3,0,1,0,0,False
PADI1,0,1,0,0,False
PADI2,0,1,0,1,False
PADI4,0,1,0,1,False
PAEP,1,1,0,0,False
PAEPP1,0,1,0,0,False
PAF1,0,1,0,0,False
PAFAH1B1,0,1,0,0,False
PAFAH1B2,0,1,0,0,False
PAFAH1B3,0,1,0,0,False
PAFAH2,0,1,0,0,False
PAG1,0,1,0,0,False
PAGE5,0,1,0,0,False
PAGR1,0,1,0,0,False
PAH,0,1,0,0,False
PAICS,0,1,0,0,False
PAIP1,0,1,0,0,False
PAIP2,0,1,0,0,False
PAIP2B,0,1,0,0,False
PAK1,0,1,0,0,False
PAK1IP1,0,1,0,0,False
PAK2,0,1,0,0,False
PAK3,0,1,0,0,False
PAK4,0,1,0,0,False
PAK6,0,1,0,0,False
PALB2,0,1,0,0,False
PALD1,0,1,0,0,False
PALLD,0,1,0,0,False
PALM,0,1,0,0,False
PALM2AKAP2,0,1,0,0,False
PALMD,1,1,0,0,False
PALS1,0,1,0,0,False
PALS2,0,1,0,0,False
PAM,0,1,0,1,False
PAM16,0,1,0,0,False
PAMR1,0,1,0,0,False
PAN2,0,1,0,0,False
PAN3,0,1,0,0,False
PANK1,0,1,0,0,False
PANK2,0,1,0,0,False
PANK3,0,1,0,0,False
PANK4,0,1,0,0,False
PANO1,0,1,0,0,False
PANTR1,0,1,0,0,False
PANX1,0,1,0,0,False
PAOX,0,1,0,0,False
PAPLN,0,1,0,0,False
PAPLN-AS1,0,1,0,0,False
PAPOLA,0,1,0,0,False
PAPOLA-DT,0,1,0,0,False
PAPOLG,0,1,0,0,False
PAPPA,0,1,1,0,False
PAPPA-AS1,0,1,0,0,False
PAPPA2,1,1,0,0,False
PAPSS1,0,1,0,0,False
PAPSS2,1,1,0,0,False
PAQR3,0,1,0,0,False
PAQR4,0,1,0,0,False
PAQR5,0,1,0,0,False
PAQR6,0,1,0,0,False
PAQR7,0,1,0,0,False
PAQR8,0,1,0,0,False
PAQR9-AS1,0,1,0,0,False
PARAIL,0,1,0,0,False
PARAL1,0,1,0,0,False
PARD3,0,1,0,0,False
PARD3B,1,1,0,0,False
PARD6A,0,1,0,0,False
PARD6B,0,1,0,0,False
PARD6G,0,1,0,0,False
PARD6G-AS1,0,1,0,0,False
PARG,0,1,0,0,False
PARK2,0,1,0,0,False
PARK7,0,1,0,0,False
PARL,0,1,0,0,False
PARLP2,0,1,0,0,False
PARM1,0,1,0,0,False
PARN,0,1,0,0,False
PARP1,0,1,0,0,False
PARP10,0,1,0,0,False
PARP11,0,1,0,0,False
PARP11-AS1,0,1,0,0,False
PARP12,0,1,0,0,False
PARP14,0,1,0,0,False
PARP15,0,1,0,0,False
PARP16,0,1,0,0,False
PARP2,0,1,0,0,False
PARP3,0,1,0,0,False
PARP4,0,1,0,0,False
PARP4P2,0,1,0,0,False
PARP6,0,1,0,0,False
PARP8,0,1,1,0,False
PARP9,0,1,0,0,False
PARPBP,0,1,0,0,False
PARS2,0,1,0,0,False
PART1,0,1,0,0,False
PARVA,0,1,0,0,False
PARVB,0,1,0,0,False
PARVG,0,1,0,0,False
PASD1,0,1,0,0,False
PASK,0,1,0,0,False
PATJ,0,1,0,0,False
PATL1,0,1,0,0,False
PATL2,0,1,0,0,False
PATZ1,0,1,0,0,False
PAWR,1,1,0,0,False
PAX1,0,0,0,1,False
PAX2,1,1,0,0,False
PAX3,0,1,0,0,False
PAX5,1,1,1,1,True
PAX6,1,1,0,0,False
PAX7,0,1,0,0,False
PAX8,1,1,0,0,False
PAX8-AS1,0,1,0,0,False
PAX9,0,1,0,0,False
PAXBP1,0,1,0,0,False
PAXBP1-AS1,0,1,0,0,False
PAXIP1,0,1,0,0,False
PAXIP1-AS2,0,1,0,0,False
PAXIP1-DT,0,1,0,0,False
PAXX,0,1,0,0,False
PBDC1,0,1,0,0,False
PBK,0,1,0,0,False
PBLD,0,1,0,0,False
PBRM1,0,1,0,0,False
PBX1,0,1,1,0,False
PBX1-AS1,0,1,0,0,False
PBX2,0,1,0,0,False
PBX3,1,1,0,0,False
PBX4,0,1,0,0,False
PBXIP1,0,1,0,0,False
PC,0,1,0,0,False
PCA3,0,1,0,0,False
PCAT1,0,1,0,0,False
PCAT14,0,1,0,0,False
PCAT19,0,1,0,0,False
PCAT4,0,1,0,0,False
PCAT6,0,1,0,0,False
PCAT7,0,1,0,0,False
PCBD1,0,1,0,0,False
PCBD2,0,1,0,0,False
PCBP1,0,1,0,0,False
PCBP1-AS1,0,1,0,0,False
PCBP2,0,1,0,0,False
PCBP2P2,0,1,0,0,False
PCBP3,1,1,0,0,False
PCBP4,0,1,0,0,False
PCCA,0,1,0,0,False
PCCA-AS1,0,1,0,0,False
PCCB,0,1,0,0,False
PCDH1,0,1,0,0,False
PCDH10,0,1,0,0,False
PCDH10-DT,0,1,0,0,False
PCDH11X,1,1,0,0,False
PCDH11Y,1,1,0,0,False
PCDH12,0,1,0,0,False
PCDH15,1,1,0,1,False
PCDH17,0,1,0,0,False
PCDH18,1,1,0,0,False
PCDH7,1,1,0,0,False
PCDH9,0,1,0,0,False
PCDH9-AS2,0,1,0,0,False
PCDH9-AS3,0,1,0,0,False
PCDHA12,0,1,0,0,False
PCDHB10,0,1,0,0,False
PCDHB14,0,1,0,0,False
PCDHB16,0,1,0,0,False
PCDHB4,0,1,0,0,False
PCDHB6,0,1,0,0,False
PCDHGA11,0,1,0,0,False
PCDHGA12,0,1,0,0,False
PCDHGB1,0,1,0,0,False
PCDHGB2,0,1,0,0,False
PCDHGB5,0,1,0,0,False
PCDHGB6,0,1,0,0,False
PCDHGB7,0,1,0,0,False
PCDHGC3,0,1,0,0,False
PCDHGC4,0,1,0,0,False
PCED1A,0,1,0,0,False
PCED1B,0,1,0,0,False
PCED1B-AS1,0,1,0,0,False
PCF11,0,1,0,0,False
PCGF1,0,1,0,0,False
PCGF2,0,1,0,0,False
PCGF3,0,1,0,0,False
PCGF3-AS1,0,1,0,0,False
PCGF5,0,1,0,0,False
PCGF6,0,1,0,0,False
PCID2,0,1,0,0,False
PCIF1,0,1,0,0,False
PCK1,0,1,0,0,False
PCK2,0,1,0,0,False
PCLAF,0,1,0,0,False
PCLO,0,1,0,0,False
PCM1,0,1,0,0,False
PCMT1,0,1,0,0,False
PCMTD1,0,1,0,0,False
PCMTD1-DT,0,1,0,0,False
PCMTD2,0,1,0,0,False
PCNA,0,1,0,0,False
PCNP,0,1,0,0,False
PCNT,0,1,0,0,False
PCNX1,0,1,0,0,False
PCNX2,0,1,0,0,False
PCNX3,0,1,0,0,False
PCNX4,0,1,0,0,False
PCNXL2,0,1,0,0,False
PCOLCE,1,1,0,0,False
PCOLCE-AS1,0,1,0,0,False
PCOLCE2,1,1,0,0,False
PCOTH,0,1,0,0,False
PCP2,1,1,0,0,False
PCP4,0,1,0,1,False
PCP4L1,0,1,0,0,False
PCSK1,0,1,0,0,False
PCSK1N,0,1,0,0,False
PCSK2,0,1,0,0,False
PCSK5,1,1,0,0,False
PCSK6,1,1,0,0,False
PCSK7,0,1,0,0,False
PCTP,0,1,0,0,False
PCYOX1,0,1,0,0,False
PCYOX1L,0,1,0,0,False
PCYT1A,0,1,0,0,False
PCYT1B,0,1,0,0,False
PCYT2,0,1,0,0,False
PDAP1,0,1,0,0,False
PDC,1,1,0,0,False
PDCD1,1,1,0,0,False
PDCD10,0,1,0,0,False
PDCD11,0,1,0,0,False
PDCD1LG2,0,1,0,0,False
PDCD2,0,1,0,0,False
PDCD2L,0,1,0,0,False
PDCD4,0,1,0,0,False
PDCD4-AS1,0,1,0,0,False
PDCD5,0,1,0,0,False
PDCD6,0,1,0,0,False
PDCD6-DT,0,1,0,0,False
PDCD6IP,0,1,0,0,False
PDCD6IPP1,0,1,0,0,False
PDCD7,0,1,0,0,False
PDCL,0,1,0,0,False
PDCL3,0,1,0,0,False
PDE10A,0,1,0,0,False
PDE11A,1,0,0,0,False
PDE12,0,1,0,0,False
PDE1A,0,1,1,0,False
PDE1B,0,1,0,0,False
PDE1C,0,1,1,1,False
PDE2A,0,1,0,0,False
PDE3A,1,1,0,0,False
PDE3B,0,1,0,0,False
PDE4A,0,1,0,0,False
PDE4B,0,1,0,0,False
PDE4C,0,1,0,0,False
PDE4D,0,1,1,0,False
PDE4DIP,0,1,0,0,False
PDE4DIPP2,0,1,0,0,False
PDE5A,0,1,0,0,False
PDE6A,0,1,0,0,False
PDE6B,0,1,0,0,False
PDE6D,0,1,0,0,False
PDE6G,0,1,0,0,False
PDE6H,1,0,0,0,False
PDE7A,0,1,0,0,False
PDE7B,0,1,0,0,False
PDE7B-AS1,0,1,0,0,False
PDE8A,0,1,0,0,False
PDE8B,0,1,0,0,False
PDE9A,0,1,0,0,False
PDF,0,1,0,0,False
PDGFA,0,1,0,0,False
PDGFA-DT,0,1,0,0,False
PDGFB,0,1,0,0,False
PDGFC,0,1,0,0,False
PDGFD,1,1,0,0,False
PDGFDDN,0,1,0,0,False
PDGFRA,1,1,1,1,True
PDGFRB,1,1,1,1,True
PDGFRL,0,1,0,0,False
PDHA1,0,1,0,0,False
PDHB,0,1,0,0,False
PDHX,0,1,0,0,False
PDIA2,0,1,0,0,False
PDIA3,0,1,0,0,False
PDIA4,0,1,0,0,False
PDIA5,0,1,0,0,False
PDIA6,0,1,0,0,False
PDIK1L,0,1,0,0,False
PDK1,0,1,0,0,False
PDK1-AS1,0,1,0,0,False
PDK1P2,0,1,0,0,False
PDK2,0,1,0,0,False
PDK3,0,1,0,0,False
PDK4,0,1,0,0,False
PDK4-AS1,0,1,0,0,False
PDL1,1,0,0,0,False
PDLIM1,1,1,0,0,False
PDLIM2,0,1,0,0,False
PDLIM3,0,1,0,0,False
PDLIM4,0,1,0,0,False
PDLIM5,0,1,0,0,False
PDLIM7,0,1,0,0,False
PDLIM7-AS1,0,1,0,0,False
PDP1,0,1,0,0,False
PDP2,0,1,0,0,False
PDPK1,0,1,0,0,False
PDPN,1,1,0,1,False
PDPR,0,1,0,0,False
PDPR2P,0,1,0,0,False
PDRG1,0,1,0,0,False
PDS5A,0,1,0,0,False
PDS5B,0,1,0,0,False
PDSS1,0,1,0,0,False
PDSS2,0,1,0,0,False
PDX1,1,1,0,0,False
PDXDC1,0,1,0,0,False
PDXDC2P-NPIPB14P,0,1,0,0,False
PDXK,0,1,0,0,False
PDXP,0,1,0,0,False
PDXP-DT,0,1,0,0,False
PDYN,1,0,0,0,False
PDZD11,0,1,0,0,False
PDZD2,0,1,0,0,False
PDZD4,0,1,0,0,False
PDZD8,1,1,0,0,False
PDZK1,0,1,0,0,False
PDZK1IP1,0,1,0,0,False
PDZK1P1,0,1,0,0,False
PDZRN3,0,1,0,0,False
PDZRN4,1,1,0,0,False
PEA15,0,1,0,0,False
PEAK1,0,1,0,0,False
PEAR1,0,1,0,0,False
PEBP1,0,1,0,0,False
PEBP4,0,1,0,0,False
PECAM1,1,1,1,1,True
PECR,0,1,0,0,False
PEDS1,0,1,0,0,False
PEDS1-UBE2V1,0,1,0,0,False
PEF1,0,1,0,0,False
PEG10,1,1,0,0,False
PEG3,0,1,0,0,False
PELATON,0,1,0,0,False
PELI1,0,1,0,0,False
PELI2,0,1,0,0,False
PELO,0,1,0,0,False
PELO-AS1,0,1,0,0,False
PELP1,0,1,0,0,False
PELP1-DT,0,1,0,0,False
PEMT,0,1,0,0,False
PENK,1,1,0,0,False
PEPD,0,1,0,0,False
PER1,0,1,0,0,False
PER2,0,1,0,0,False
PER3,0,1,0,0,False
PERM1,0,1,0,0,False
PERP,1,1,0,0,False
PES1,0,1,0,0,False
PET100,0,1,0,0,False
PET117,0,1,0,0,False
PEX1,0,1,0,0,False
PEX10,0,1,0,0,False
PEX11A,0,1,0,0,False
PEX11B,0,1,0,0,False
PEX11G,0,1,0,0,False
PEX13,0,1,0,0,False
PEX14,0,1,0,0,False
PEX16,0,1,0,0,False
PEX19,0,1,0,0,False
PEX2,0,1,0,0,False
PEX26,0,1,0,0,False
PEX3,0,1,0,0,False
PEX5,0,1,0,0,False
PEX5L,0,1,0,0,False
PEX6,0,1,0,0,False
PEX7,0,1,0,0,False
PF4,1,1,0,1,False
PF4V1,0,1,0,0,False
PFAS,0,1,0,0,False
PFDN1,0,1,0,0,False
PFDN2,0,1,0,0,False
PFDN4,0,1,0,0,False
PFDN5,0,1,0,0,False
PFDN6,0,1,0,0,False
PFKFB1,0,1,0,0,False
PFKFB2,0,1,0,0,False
PFKFB3,0,1,0,0,False
PFKFB4,0,1,0,0,False
PFKL,0,1,0,0,False
PFKM,0,1,0,0,False
PFKP,0,1,0,0,False
PFN1,0,1,0,0,False
PFN1P1,0,1,0,0,False
PFN2,0,1,0,0,False
PGAM1,0,1,0,0,False
PGAM1P5,0,1,0,0,False
PGAM2,0,1,0,0,False
PGAM4,0,1,0,0,False
PGAM5,0,1,0,0,False
PGAP1,0,1,0,0,False
PGAP2,0,1,0,0,False
PGAP4,0,1,0,0,False
PGAP6,0,1,0,0,False
PGBD1,0,1,0,0,False
PGBD4,0,1,0,0,False
PGBD4P2,0,1,0,0,False
PGC,0,1,0,0,False
PGD,0,1,0,0,False
PGF,0,1,0,0,False
PGGHG,0,1,0,0,False
PGGT1B,0,1,0,0,False
PGK1,0,1,0,0,False
PGLS,0,1,0,0,False
PGLYRP1,1,1,0,1,False
PGLYRP2,0,1,0,0,False
PGM1,0,1,0,0,False
PGM2,0,1,0,0,False
PGM2L1,0,1,0,0,False
PGM3,0,1,0,0,False
PGM5,0,1,0,0,False
PGM5-AS1,0,1,0,0,False
PGM5P4-AS1,0,1,0,0,False
PGP,0,1,0,0,False
PGP9.5,1,0,0,0,False
PGPEP1,0,1,0,0,False
PGR,1,1,0,0,False
PGRMC1,0,1,0,0,False
PGRMC2,0,1,0,0,False
PGS1,0,1,0,0,False
PHACTR1,0,1,0,0,False
PHACTR2,0,1,0,0,False
PHACTR3,0,1,0,0,False
PHACTR4,0,1,0,0,False
PHAF1,0,1,0,0,False
PHAX,0,1,0,0,False
PHB1,0,1,0,0,False
PHB2,0,1,0,0,False
PHC1,0,1,0,0,False
PHC2,0,1,0,0,False
PHC3,0,1,0,0,False
PHETA1,0,1,0,0,False
PHETA2,0,1,0,0,False
PHEX,0,1,0,0,False
PHF1,0,1,0,0,False
PHF10,0,1,0,0,False
PHF11,0,1,0,0,False
PHF12,0,1,0,0,False
PHF13,0,1,0,0,False
PHF14,0,1,0,0,False
PHF19,0,1,0,0,False
PHF2,0,1,0,0,False
PHF20,0,1,0,0,False
PHF20L1,0,1,0,0,False
PHF21A,0,1,0,0,False
PHF21B,0,1,0,0,False
PHF23,0,1,0,0,False
PHF3,0,1,0,0,False
PHF5A,0,1,0,0,False
PHF6,0,1,0,0,False
PHF7,0,1,0,0,False
PHF8,0,1,0,0,False
PHGDH,0,1,0,0,False
PHGR1,0,1,0,0,False
PHIP,0,1,0,0,False
PHKA1,0,1,0,0,False
PHKA2,0,1,0,0,False
PHKB,0,1,0,0,False
PHKG1,0,1,0,0,False
PHKG2,0,1,0,0,False
PHLDA1,0,1,0,0,False
PHLDA1-AS1,0,1,0,0,False
PHLDA1-DT,0,1,0,0,False
PHLDA2,0,1,0,0,False
PHLDA3,0,1,0,0,False
PHLDB1,0,1,0,0,False
PHLDB2,0,1,0,0,False
PHLDB3,0,1,0,0,False
PHLPP1,0,1,0,0,False
PHLPP2,0,1,0,0,False
PHOSPHO1,0,1,0,0,False
PHOSPHO2,0,1,0,0,False
PHOX2A,0,0,0,1,False
PHOX2B,1,0,0,0,False
PHPT1,0,1,0,0,False
PHRF1,0,1,0,0,False
PHTF1,0,1,0,0,False
PHTF2,0,1,0,0,False
PHYH,0,1,0,0,False
PHYHD1,0,1,0,0,False
PHYHIP,0,1,0,0,False
PHYHIPL,0,1,0,0,False
PHYKPL,0,1,0,0,False
PI15,0,1,0,0,False
PI16,1,1,0,1,False
PI3,0,1,0,0,False
PI4K2A,0,1,0,0,False
PI4K2B,0,1,0,0,False
PI4KA,0,1,0,0,False
PI4KAP1,0,1,0,0,False
PI4KAP2,0,1,0,0,False
PI4KB,0,1,0,0,False
PIAS1,0,1,0,0,False
PIAS2,0,1,0,0,False
PIAS3,0,1,0,0,False
PIAS4,0,1,0,0,False
PIBF1,0,1,0,0,False
PICALM,0,1,0,0,False
PICK1,0,1,0,0,False
PICSAR,0,1,0,0,False
PID1,0,1,0,0,False
PIERCE1,0,1,0,0,False
PIEZO1,0,1,0,0,False
PIEZO1P2,0,1,0,0,False
PIEZO2,1,1,0,1,False
PIF1,0,1,0,0,False
PIFO,1,0,0,0,False
PIGA,0,1,0,0,False
PIGB,0,1,0,0,False
PIGBOS1,0,1,0,0,False
PIGC,0,1,0,0,False
PIGF,0,1,0,0,False
PIGG,0,1,0,0,False
PIGH,0,1,0,0,False
PIGK,0,1,0,0,False
PIGL,0,1,0,0,False
PIGM,0,1,0,0,False
PIGN,0,1,0,0,False
PIGO,0,1,0,0,False
PIGP,0,1,0,0,False
PIGQ,0,1,0,0,False
PIGR,1,1,0,0,False
PIGS,0,1,0,0,False
PIGT,0,1,0,0,False
PIGU,0,1,0,0,False
PIGW,0,1,0,0,False
PIGX,0,1,0,0,False
PIGZ,0,1,0,0,False
PIH1D1,0,1,0,0,False
PIK3AP1,0,1,0,0,False
PIK3C2A,0,1,0,0,False
PIK3C2B,0,1,0,0,False
PIK3C2G,0,1,1,0,False
PIK3C3,0,1,0,0,False
PIK3CA,0,1,0,0,False
PIK3CB,0,1,0,0,False
PIK3CD,0,1,0,0,False
PIK3CD-AS2,0,1,0,0,False
PIK3CG,0,1,0,0,False
PIK3IP1,0,1,0,0,False
PIK3IP1-DT,0,1,0,0,False
PIK3R1,0,1,0,0,False
PIK3R2,0,1,0,0,False
PIK3R3,0,1,0,0,False
PIK3R4,0,1,0,0,False
PIK3R5,0,1,0,0,False
PIK3R6,0,1,0,0,False
PIKFYVE,0,1,0,0,False
PILRA,1,1,0,0,False
PILRB,0,1,0,0,False
PIM1,0,1,0,0,False
PIM2,1,1,0,0,False
PIM3,0,1,0,0,False
PIN1,0,1,0,0,False
PIN4,0,1,0,0,False
PIN4P1,0,1,0,0,False
PINK1,0,1,0,0,False
PINK1-AS,0,1,0,0,False
PINLYP,0,1,0,0,False
PINX1,0,1,0,0,False
PIP,1,1,0,0,False
PIP4K2A,0,1,1,0,False
PIP4K2B,0,1,0,0,False
PIP4K2C,0,1,0,0,False
PIP4P1,0,1,0,0,False
PIP4P2,0,1,0,0,False
PIP5K1A,0,1,0,0,False
PIP5K1B,0,1,0,0,False
PIP5K1C,0,1,0,0,False
PIPOX,0,1,0,0,False
PIR,0,1,0,0,False
PIRT,0,1,0,0,False
PISD,0,1,0,0,False
PITHD1,0,1,0,0,False
PITPNA,0,1,0,0,False
PITPNA-AS1,0,1,0,0,False
PITPNB,0,1,0,0,False
PITPNC1,0,1,0,0,False
PITPNM1,0,1,0,0,False
PITPNM2,0,1,0,0,False
PITPNM2-AS1,0,1,0,0,False
PITPNM3,0,1,0,0,False
PITRM1,0,1,0,0,False
PITX1,0,1,0,0,False
PITX2,1,1,0,0,False
PIWIL1,0,1,0,0,False
PIWIL3,0,1,0,0,False
PIWIL4,0,1,0,0,False
PJA1,0,1,0,0,False
PJA2,0,1,0,0,False
PJVK,0,1,0,0,False
PKD1,0,1,0,0,False
PKD1L1,0,1,0,0,False
PKD1L2,0,1,0,0,False
PKD1P1,0,1,0,0,False
PKD1P6,0,1,0,0,False
PKD2,0,1,0,0,False
PKD2L1,0,1,0,0,False
PKD2L2,0,1,0,0,False
PKD2L2-DT,0,1,0,0,False
PKDCC,0,1,0,0,False
PKHD1,0,1,1,0,False
PKHD1L1,0,1,0,0,False
PKIA,0,1,0,0,False
PKIB,0,1,0,0,False
PKIG,0,1,0,0,False
PKLR,0,1,0,0,False
PKM,0,1,0,0,False
PKMYT1,0,1,0,0,False
PKN1,0,1,0,0,False
PKN2,0,1,0,0,False
PKN2-AS1,0,1,0,0,False
PKN3,0,1,0,0,False
PKNOX1,0,1,0,0,False
PKNOX2,0,1,0,0,False
PKP1,0,1,0,0,False
PKP2,0,1,0,1,False
PKP3,0,1,0,0,False
PKP4,0,1,1,0,False
PLA1A,0,1,0,0,False
PLA2G10,0,1,0,0,False
PLA2G10CP,0,1,0,0,False
PLA2G10DP,0,1,0,0,False
PLA2G10EP,0,1,0,0,False
PLA2G12A,0,1,0,0,False
PLA2G15,0,1,0,0,False
PLA2G1B,0,1,0,0,False
PLA2G2A,1,1,0,0,False
PLA2G2D,0,1,0,0,False
PLA2G3,0,1,0,0,False
PLA2G4A,1,1,0,0,False
PLA2G4C,0,1,0,0,False
PLA2G4F,0,1,0,0,False
PLA2G5,0,1,0,0,False
PLA2G6,0,1,0,0,False
PLA2G7,0,1,0,0,False
PLA2R1,0,1,1,0,False
PLAA,0,1,0,0,False
PLAAT1,0,1,0,0,False
PLAAT2,0,1,0,0,False
PLAAT3,0,1,0,0,False
PLAAT4,0,1,0,0,False
PLAAT5,0,1,0,0,False
PLAC1,0,1,0,0,False
PLAC8,1,1,0,0,False
PLAC9,0,1,0,0,False
PLAG1,0,1,0,0,False
PLAGL1,0,1,0,0,False
PLAGL2,0,1,0,0,False
PLAT,1,1,0,0,False
PLAU,0,1,0,0,False
PLAUR,1,1,0,0,False
PLB1,0,1,0,0,False
PLBD1,0,1,0,0,False
PLBD2,0,1,0,0,False
PLCB1,0,1,1,0,False
PLCB1-IT1,0,1,0,0,False
PLCB2,0,1,0,0,False
PLCB3,0,1,0,0,False
PLCB4,0,1,0,0,False
PLCD1,0,1,0,0,False
PLCD4,0,1,0,0,False
PLCE1,1,1,1,0,False
PLCE1-AS1,0,1,0,0,False
PLCE1-AS2,0,1,0,0,False
PLCG1,0,1,0,0,False
PLCG1-AS1,0,1,0,0,False
PLCG2,0,1,1,0,False
PLCH1,1,1,0,0,False
PLCH2,0,1,0,0,False
PLCL1,0,1,0,0,False
PLCL2,0,1,0,0,False
PLCXD1,0,1,0,0,False
PLCXD2,0,1,0,0,False
PLCXD3,0,1,0,0,False
PLCZ1,0,1,0,0,False
PLD1,0,1,0,0,False
PLD2,0,1,0,0,False
PLD3,0,1,0,0,False
PLD4,1,1,0,1,False
PLD5,0,1,0,0,False
PLD5P1,0,1,0,0,False
PLEC,0,1,0,0,False
PLEK,1,1,0,1,False
PLEK2,0,1,0,0,False
PLEKHA1,0,1,0,0,False
PLEKHA2,0,1,0,0,False
PLEKHA3,0,1,0,0,False
PLEKHA4,0,1,0,0,False
PLEKHA5,0,1,0,0,False
PLEKHA6,0,1,0,0,False
PLEKHA7,0,1,0,0,False
PLEKHA8,0,1,0,0,False
PLEKHB1,0,1,0,0,False
PLEKHB2,0,1,0,0,False
PLEKHD1,0,1,0,0,False
PLEKHF1,0,1,0,0,False
PLEKHF2,0,1,0,0,False
PLEKHG1,0,1,0,0,False
PLEKHG2,0,1,0,0,False
PLEKHG3,0,1,0,0,False
PLEKHG4B,1,1,0,0,False
PLEKHG5,0,1,0,0,False
PLEKHG6,0,1,0,0,False
PLEKHG7,0,1,0,0,False
PLEKHH1,0,1,0,0,False
PLEKHH2,1,1,0,0,False
PLEKHH3,0,1,0,0,False
PLEKHJ1,0,1,0,0,False
PLEKHM1,0,1,0,0,False
PLEKHM1P1,0,1,0,0,False
PLEKHM2,0,1,0,0,False
PLEKHM3,0,1,0,0,False
PLEKHN1,0,1,0,0,False
PLEKHO1,0,1,0,0,False
PLEKHO2,0,1,0,0,False
PLEKHS1,0,1,0,0,False
PLET1,0,1,0,0,False
PLG,0,1,0,0,False
PLGRKT,0,1,0,0,False
PLIN1,0,1,0,1,False
PLIN2,1,1,0,0,False
PLIN3,0,1,0,0,False
PLIN4,0,1,0,0,False
PLIN5,0,1,0,0,False
PLK1,0,1,0,0,False
PLK2,0,1,0,0,False
PLK3,0,1,0,0,False
PLLP,0,1,0,0,False
PLN,1,1,0,1,False
PLOD1,0,1,0,0,False
PLOD2,0,1,0,0,False
PLOD3,0,1,0,0,False
PLP1,1,1,0,1,False
PLP2,0,1,0,0,False
PLPBP,0,1,0,0,False
PLPP1,0,1,1,0,False
PLPP2,0,1,0,0,False
PLPP3,1,1,0,0,False
PLPP4,0,1,0,0,False
PLPP5,1,1,0,0,False
PLPP7,0,1,0,0,False
PLPPR2,0,1,0,0,False
PLPPR3,0,1,0,0,False
PLPPR4,0,1,0,0,False
PLPPR5,0,1,0,0,False
PLPPR5-AS1,0,1,0,0,False
PLRG1,0,1,0,0,False
PLS1,0,1,0,0,False
PLS3,0,1,0,0,False
PLSCR1,0,1,0,0,False
PLSCR3,0,1,0,0,False
PLSCR4,0,1,0,0,False
PLTP,1,1,0,0,False
PLUT,0,1,0,0,False
PLVAP,1,1,0,1,False
PLXDC1,0,1,0,0,False
PLXDC2,0,1,1,0,False
PLXNA2,0,1,0,0,False
PLXNA3,0,1,0,0,False
PLXNA4,0,1,0,0,False
PLXNB1,0,1,0,0,False
PLXNB2,0,1,0,0,False
PLXNC1,0,1,0,0,False
PLXND1,0,1,0,0,False
PM20D1-AS1,0,1,0,0,False
PM20D2,0,1,0,0,False
PMAIP1,1,1,0,0,False
PMCH,0,1,0,0,False
PMEL,0,1,0,1,False
PMEPA1,0,1,0,0,False
PMF1,0,1,0,0,False
PMF1-BGLAP,0,1,0,0,False
PMFBP1,0,1,0,0,False
PML,0,1,0,0,False
PMM1,0,1,0,0,False
PMM2,0,1,0,0,False
PMP2,0,1,0,1,False
PMP22,0,1,0,0,False
PMPCA,0,1,0,0,False
PMPCB,0,1,0,0,False
PMS1,0,1,0,0,False
PMS2,0,1,0,0,False
PMS2CL,0,1,0,0,False
PMS2P1,0,1,0,0,False
PMS2P3,0,1,0,0,False
PMVK,0,1,0,0,False
PNCK,0,1,0,0,False
PNISR,0,1,0,0,False
PNISR-AS1,0,1,0,0,False
PNKD,0,1,0,0,False
PNKP,0,1,0,0,False
PNLDC1,0,1,0,0,False
PNLIP,1,1,0,0,False
PNLIPRP1,0,1,0,0,False
PNLIPRP2,0,1,0,0,False
PNLIPRP3,0,1,0,0,False
PNMA1,0,1,0,0,False
PNMT,0,1,0,0,False
PNN,0,1,0,0,False
PNO1,0,1,0,0,False
PNOC,1,1,0,0,False
PNP,0,1,0,0,False
PNPLA1,0,1,0,0,False
PNPLA2,0,1,0,0,False
PNPLA3,0,1,0,0,False
PNPLA4,0,1,0,0,False
PNPLA6,0,1,0,0,False
PNPLA7,0,1,0,0,False
PNPLA8,0,1,0,0,False
PNPO,0,1,0,0,False
PNPT1,0,1,0,0,False
PNRC1,0,1,0,0,False
PNRC2,0,1,0,0,False
POC1A,0,1,0,0,False
POC1B,0,1,0,0,False
POC1B-AS1,0,1,0,0,False
POC5,0,1,0,0,False
PODN,0,1,0,0,False
PODNL1,0,1,0,0,False
PODXL,1,1,1,0,False
PODXL2,0,1,0,0,False
POF1B,0,1,0,1,False
POFUT1,0,1,0,0,False
POFUT2,0,1,0,0,False
POGK,0,1,0,0,False
POGLUT1,0,1,0,0,False
POGLUT2,0,1,0,0,False
POGLUT3,0,1,0,0,False
POGZ,0,1,0,0,False
POLA1,0,1,0,0,False
POLA2,0,1,0,0,False
POLB,0,1,0,0,False
POLD1,0,1,0,0,False
POLD2,0,1,0,0,False
POLD3,0,1,0,0,False
POLD4,0,1,0,0,False
POLDIP2,0,1,0,0,False
POLDIP3,0,1,0,0,False
POLE,0,1,0,0,False
POLE2,0,1,0,0,False
POLE3,0,1,0,0,False
POLE4,0,1,0,0,False
POLG,0,1,0,0,False
POLG2,0,1,0,0,False
POLH,0,1,0,0,False
POLI,0,1,0,0,False
POLK,0,1,0,0,False
POLL,0,1,0,0,False
POLM,0,1,0,0,False
POLQ,0,1,0,0,False
POLR1A,0,1,0,0,False
POLR1B,0,1,0,0,False
POLR1C,0,1,0,0,False
POLR1D,0,1,0,0,False
POLR1E,0,1,0,0,False
POLR1F,0,1,0,0,False
POLR1G,0,1,0,0,False
POLR1H,0,1,0,0,False
POLR1HASP,0,1,0,0,False
POLR2A,0,1,0,0,False
POLR2B,0,1,0,0,False
POLR2C,0,1,0,0,False
POLR2D,0,1,0,0,False
POLR2E,0,1,0,0,False
POLR2F,0,1,0,0,False
POLR2G,0,1,0,0,False
POLR2H,0,1,0,0,False
POLR2I,0,1,0,0,False
POLR2J,0,1,0,0,False
POLR2J3,0,1,0,0,False
POLR2J4,0,1,0,0,False
POLR2K,0,1,0,0,False
POLR2L,0,1,0,0,False
POLR2M,0,1,0,0,False
POLR3A,0,1,0,0,False
POLR3B,0,1,0,0,False
POLR3C,0,1,0,0,False
POLR3D,0,1,0,0,False
POLR3E,0,1,0,0,False
POLR3F,0,1,0,0,False
POLR3GL,0,1,0,0,False
POLR3H,0,1,0,0,False
POLR3K,0,1,0,0,False
POM121,0,1,0,0,False
POM121C,0,1,0,0,False
POMC,0,1,0,0,False
POMGNT1,0,1,0,0,False
POMGNT2,0,1,0,0,False
POMK,0,1,0,0,False
POMP,0,1,0,0,False
POMT1,0,1,0,0,False
POMT2,0,1,0,0,False
POMZP3,0,1,0,0,False
PON1,0,1,0,0,False
PON2,0,1,0,0,False
PON3,0,1,0,0,False
POP1,0,1,0,0,False
POP4,0,1,0,0,False
POP5,0,1,0,0,False
POP7,0,1,0,0,False
POPDC2,0,1,0,0,False
POR,0,1,0,0,False
PORCN,0,1,0,0,False
POSTN,1,1,0,1,False
POT1,0,1,0,0,False
POTEE,0,1,0,0,False
POTEH,0,1,0,0,False
POTEI,0,1,0,0,False
POU2AF1,1,1,0,0,False
POU2F1,0,1,0,0,False
POU2F1-DT,0,1,0,0,False
POU2F2,0,1,1,0,False
POU2F3,1,1,0,0,False
POU3F1,0,1,0,0,False
POU3F3,0,1,0,0,False
POU4F1,1,0,0,0,False
POU4F2,1,0,0,0,False
POU4F3,1,0,0,0,False
POU5F1,1,1,0,0,False
POU5F2,0,1,0,0,False
POU6F2,1,1,0,0,False
POU6F2-AS2,0,1,0,0,False
PPA1,0,1,0,0,False
PPA2,0,1,0,0,False
PPAN,0,1,0,0,False
PPARA,0,1,0,0,False
PPARD,0,1,0,0,False
PPARG,1,1,0,0,False
PPARGC1A,0,1,0,0,False
PPARGC1B,0,1,0,0,False
PPAT,0,1,0,0,False
PPBP,1,1,0,0,False
PPCDC,0,1,0,0,False
PPCS,0,1,0,0,False
PPDPF,0,1,0,0,False
PPEF1,0,1,0,0,False
PPEF2,0,1,0,0,False
PPFIA1,0,1,0,0,False
PPFIA2,0,1,0,0,False
PPFIA3,0,1,0,0,False
PPFIA4,0,1,0,0,False
PPFIBP1,0,1,0,0,False
PPFIBP2,0,1,0,0,False
PPHLN1,0,1,0,0,False
PPIA,0,1,0,0,False
PPIAL4G,0,1,0,0,False
PPIAP15,0,1,0,0,False
PPIAP16,0,1,0,0,False
PPIAP21,0,1,0,0,False
PPIAP22,0,1,0,0,False
PPIAP29,0,1,0,0,False
PPIAP3,0,1,0,0,False
PPIAP31,0,1,0,0,False
PPIAP34,0,1,0,0,False
PPIAP36,0,1,0,0,False
PPIAP42,0,1,0,0,False
PPIAP43,0,1,0,0,False
PPIAP51,0,1,0,0,False
PPIAP59,0,1,0,0,False
PPIAP6,0,1,0,0,False
PPIAP87,0,1,0,0,False
PPIB,0,1,0,0,False
PPIC,0,1,0,0,False
PPID,0,1,0,0,False
PPIE,0,1,0,0,False
PPIF,0,1,0,0,False
PPIG,0,1,0,0,False
PPIH,0,1,0,0,False
PPIL1,0,1,0,0,False
PPIL2,0,1,0,0,False
PPIL3,0,1,0,0,False
PPIL4,0,1,0,0,False
PPIL6,0,1,0,0,False
PPIP5K1,0,1,0,0,False
PPIP5K2,0,1,0,0,False
PPL,0,1,0,0,False
PPM1A,0,1,0,0,False
PPM1B,0,1,0,0,False
PPM1D,0,1,0,0,False
PPM1E,0,1,0,0,False
PPM1F,0,1,0,0,False
PPM1F-AS1,0,1,0,0,False
PPM1G,0,1,0,0,False
PPM1H,0,1,0,0,False
PPM1J,0,1,0,0,False
PPM1K,0,1,0,0,False
PPM1L,0,1,0,0,False
PPM1M,0,1,0,0,False
PPM1N,0,1,0,0,False
PPME1,0,1,0,0,False
PPOX,0,1,0,0,False
PPP1CA,0,1,0,0,False
PPP1CB,0,1,0,0,False
PPP1CB-DT,0,1,0,0,False
PPP1CC,0,1,0,0,False
PPP1R10,0,1,0,0,False
PPP1R11,0,1,0,0,False
PPP1R12A,0,1,0,0,False
PPP1R12A-AS1,0,1,0,0,False
PPP1R12A-AS2,0,1,0,0,False
PPP1R12B,0,1,0,0,False
PPP1R12C,0,1,0,0,False
PPP1R13B,0,1,0,0,False
PPP1R13L,0,1,0,0,False
PPP1R14A,0,1,0,0,False
PPP1R14B,0,1,0,0,False
PPP1R14B-AS1,0,1,0,0,False
PPP1R14BP3,0,1,0,0,False
PPP1R14C,0,1,0,0,False
PPP1R15A,0,1,0,0,False
PPP1R15B,0,1,0,0,False
PPP1R15B-AS1,0,1,0,0,False
PPP1R16A,0,1,0,0,False
PPP1R16B,0,1,0,0,False
PPP1R17,1,1,0,0,False
PPP1R18,0,1,0,0,False
PPP1R1A,0,1,0,0,False
PPP1R1B,0,1,0,0,False
PPP1R1C,1,1,0,0,False
PPP1R2,0,1,0,0,False
PPP1R21,0,1,0,0,False
PPP1R26,0,1,0,0,False
PPP1R35,0,1,0,0,False
PPP1R36,0,1,0,0,False
PPP1R37,0,1,0,0,False
PPP1R3A,0,1,0,0,False
PPP1R3B,0,1,0,0,False
PPP1R3B-DT,0,1,0,0,False
PPP1R3C,0,1,0,0,False
PPP1R3D,0,1,0,0,False
PPP1R3E,0,1,0,0,False
PPP1R3F,0,1,0,0,False
PPP1R3G,0,1,0,0,False
PPP1R42,0,1,0,0,False
PPP1R7,0,1,0,0,False
PPP1R8,0,1,0,0,False
PPP1R9A,0,1,0,0,False
PPP1R9A-AS1,0,1,0,0,False
PPP1R9B,0,1,0,0,False
PPP2CA,0,1,0,0,False
PPP2CB,0,1,0,0,False
PPP2R1A,0,1,0,0,False
PPP2R1B,0,1,0,0,False
PPP2R2A,0,1,0,0,False
PPP2R2B,0,1,0,0,False
PPP2R2D,0,1,0,0,False
PPP2R3A,0,1,0,0,False
PPP2R3B,0,1,0,0,False
PPP2R3C,0,1,0,0,False
PPP2R5A,0,1,0,0,False
PPP2R5C,0,1,0,0,False
PPP2R5D,0,1,0,0,False
PPP2R5E,0,1,0,0,False
PPP3CA,0,1,0,0,False
PPP3CB,0,1,0,0,False
PPP3CB-AS1,0,1,0,0,False
PPP3CC,0,1,0,0,False
PPP3R1,0,1,0,0,False
PPP4C,0,1,0,0,False
PPP4R1,0,1,0,0,False
PPP4R1-AS1,0,1,0,0,False
PPP4R1L,0,1,0,0,False
PPP4R2,0,1,0,0,False
PPP4R3A,0,1,0,0,False
PPP4R3B,0,1,0,0,False
PPP4R4,0,1,0,0,False
PPP5C,0,1,0,0,False
PPP6C,0,1,0,0,False
PPP6R1,0,1,0,0,False
PPP6R2,0,1,0,0,False
PPP6R3,0,1,0,0,False
PPRC1,0,1,0,0,False
PPT1,0,1,0,0,False
PPT2,0,1,0,0,False
PPT2-EGFL8,0,1,0,0,False
PPTC7,0,1,0,0,False
PPWD1,0,1,0,0,False
PPY,1,1,0,0,False
PQBP1,0,1,0,0,False
PRAC1,0,1,0,0,False
PRADC1,0,1,0,0,False
PRAF2,0,1,0,0,False
PRAG1,0,1,0,0,False
PRAM1,0,1,0,0,False
PRAME,0,1,0,0,False
PRAMEF2,0,1,0,0,False
PRAMEF27,0,1,0,0,False
PRAMEF4,0,1,0,0,False
PRANCR,0,1,0,0,False
PRAP1,0,1,0,0,False
PRB1,0,1,0,0,False
PRB3,0,1,0,0,False
PRB4,0,1,0,0,False
PRC1,0,1,0,0,False
PRC1-AS1,0,1,0,0,False
PRCC,0,1,0,0,False
PRCD,0,1,0,0,False
PRCP,0,1,0,0,False
PRDM1,1,1,0,0,False
PRDM10,0,1,0,0,False
PRDM11,0,1,0,0,False
PRDM16,1,1,0,0,False
PRDM16-DT,0,1,0,0,False
PRDM2,0,1,0,0,False
PRDM4,0,1,0,0,False
PRDM5,0,1,0,0,False
PRDM6,0,1,0,0,False
PRDM8,1,1,0,0,False
PRDM9,0,1,0,0,False
PRDX1,1,1,0,0,False
PRDX2,0,1,0,0,False
PRDX3,0,1,0,0,False
PRDX4,0,1,0,0,False
PRDX5,0,1,0,0,False
PRDX6,0,1,0,0,False
PRDX6-AS1,0,1,0,0,False
PREB,0,1,0,0,False
PRECSIT,0,1,0,0,False
PRELID1,0,1,0,0,False
PRELID1P1,0,1,0,0,False
PRELID1P6,0,1,0,0,False
PRELID2,1,1,0,0,False
PRELID3A,0,1,0,0,False
PRELID3B,0,1,0,0,False
PRELP,0,1,0,0,False
PREP,0,1,0,0,False
PREPL,0,1,0,0,False
PREX1,0,1,0,0,False
PREX2,1,1,0,0,False
PRF1,1,1,0,1,False
PRG2,1,1,0,0,False
PRG3,0,1,0,0,False
PRG4,1,1,0,1,False
PRH1,0,1,0,0,False
PRICKLE1,0,1,0,0,False
PRICKLE2,0,1,0,0,False
PRICKLE2-AS1,0,1,0,0,False
PRICKLE3,0,1,0,0,False
PRIM1,0,1,0,0,False
PRIM2,0,1,0,0,False
PRIM2BP,0,1,0,0,False
PRIMA1,0,1,0,0,False
PRIMPOL,0,1,0,0,False
PRKAA1,0,1,0,0,False
PRKAA2,0,1,0,0,False
PRKAB1,0,1,0,0,False
PRKAB2,0,1,0,0,False
PRKACA,0,1,0,0,False
PRKACB,0,1,0,0,False
PRKACB-DT,0,1,0,0,False
PRKAG1,0,1,0,0,False
PRKAG2,0,1,0,1,False
PRKAG2-AS1,0,1,0,0,False
PRKAG3,0,1,0,0,False
PRKAR1A,0,1,0,0,False
PRKAR1B,0,1,0,0,False
PRKAR2A,0,1,0,0,False
PRKAR2A-AS1,0,1,0,0,False
PRKAR2B,0,1,0,0,False
PRKAR2B-AS1,0,1,0,0,False
PRKCA,1,1,0,0,False
PRKCA-AS1,0,1,0,0,False
PRKCB,0,1,1,0,False
PRKCD,0,1,0,0,False
PRKCE,0,1,0,0,False
PRKCG,0,1,0,0,False
PRKCH,1,1,1,0,False
PRKCH-AS1,0,1,0,0,False
PRKCI,0,1,0,0,False
PRKCQ,0,1,0,0,False
PRKCQ-AS1,0,1,0,0,False
PRKCSH,0,1,0,0,False
PRKCZ,0,1,0,0,False
PRKD1,0,1,0,0,False
PRKD2,0,1,0,0,False
PRKD3,0,1,0,0,False
PRKDC,0,1,0,0,False
PRKG1,0,1,0,0,False
PRKG1-AS1,0,1,0,0,False
PRKG2,0,1,0,0,False
PRKG2-AS1,0,1,0,0,False
PRKN,0,1,0,0,False
PRKRA,0,1,0,0,False
PRKRIP1,0,1,0,0,False
PRKX,0,1,0,0,False
PRKX-AS1,0,1,0,0,False
PRKY,0,1,0,0,False
PRL,0,1,0,0,False
PRLR,1,1,0,0,False
PRMT1,0,1,0,0,False
PRMT2,0,1,0,0,False
PRMT3,0,1,0,0,False
PRMT5,0,1,0,0,False
PRMT5-AS1,0,1,0,0,False
PRMT5-DT,0,1,0,0,False
PRMT7,0,1,0,0,False
PRMT9,0,1,0,0,False
PRND,0,1,0,0,False
PRNP,0,1,0,0,False
PROB1,0,1,0,0,False
PROC,0,1,0,0,False
PROCA1,0,1,0,0,False
PROCR,0,1,0,0,False
PRODH,1,1,0,0,False
PRODH2,0,1,0,0,False
PROK2,0,1,0,1,False
PROM1,1,1,0,0,False
PROM2,0,1,0,0,False
PRORP,0,1,0,0,False
PROS1,0,1,0,0,False
PROSER1,0,1,0,0,False
PROSER2,0,1,0,0,False
PROSER3,0,1,0,0,False
PROX1,1,1,0,1,False
PROX1-AS1,0,1,0,0,False
PRP4K,0,1,0,0,False
PRPF18,0,1,0,0,False
PRPF19,0,1,0,0,False
PRPF3,0,1,0,0,False
PRPF31,0,1,0,0,False
PRPF38A,0,1,0,0,False
PRPF38B,0,1,0,0,False
PRPF39,0,1,0,0,False
PRPF4,0,1,0,0,False
PRPF40A,0,1,0,0,False
PRPF40B,0,1,0,0,False
PRPF6,0,1,0,0,False
PRPF8,0,1,0,0,False
PRPH,1,1,0,0,False
PRPH2,0,1,0,0,False
PRPS1,0,1,0,0,False
PRPS2,0,1,0,0,False
PRPSAP1,0,1,0,0,False
PRPSAP2,0,1,0,0,False
PRR11,0,1,0,0,False
PRR12,0,1,0,0,False
PRR13,0,1,0,0,False
PRR14,0,1,0,0,False
PRR14L,0,1,0,0,False
PRR15,0,1,0,0,False
PRR15L,0,1,0,0,False
PRR16,0,1,0,0,False
PRR22,0,1,0,0,False
PRR29,0,1,0,0,False
PRR3,0,1,0,0,False
PRR34-AS1,0,1,0,0,False
PRR35,0,1,0,0,False
PRR4,1,1,0,0,False
PRR5,0,1,0,0,False
PRR5L,0,1,0,0,False
PRR7,0,1,0,0,False
PRR7-AS1,0,1,0,0,False
PRRC1,0,1,0,0,False
PRRC2A,0,1,0,0,False
PRRC2B,0,1,0,0,False
PRRC2C,0,1,0,0,False
PRRG1,0,1,0,0,False
PRRG2,0,1,0,0,False
PRRG3,0,1,0,0,False
PRRG4,0,1,0,0,False
PRRT2,0,1,0,0,False
PRRX1,1,1,0,0,False
PRRX2,0,1,0,0,False
PRSS1,1,1,0,0,False
PRSS12,1,1,0,0,False
PRSS16,1,1,0,0,False
PRSS2,0,1,0,0,False
PRSS21,0,1,0,0,False
PRSS22,0,1,0,0,False
PRSS23,0,1,0,0,False
PRSS23-AS1,0,1,0,0,False
PRSS3,0,1,0,0,False
PRSS30P,0,1,0,0,False
PRSS35,0,1,0,0,False
PRSS48,0,1,0,0,False
PRSS57,1,1,0,1,False
PRSS8,0,1,0,0,False
PRTFDC1,0,1,0,0,False
PRTG,1,1,0,0,False
PRTN3,1,1,0,0,False
PRUNE2,0,1,0,0,False
PRX,0,1,0,0,False
PRXL2A,0,1,0,0,False
PRXL2B,0,1,0,0,False
PRXL2C,0,1,0,0,False
PSAP,0,1,0,0,False
PSAT1,1,1,0,0,False
PSCA,0,1,0,0,False
PSD3,0,1,0,0,False
PSD4,0,1,0,0,False
PSEN1,0,1,0,0,False
PSEN2,0,1,0,0,False
PSENEN,0,1,0,0,False
PSG4,1,0,0,0,False
PSG9,0,1,0,0,False
PSIP1,0,1,0,0,False
PSIP1P1,0,1,0,0,False
PSKH1,0,1,0,0,False
PSLNR,0,1,0,0,False
PSMA1,0,1,0,0,False
PSMA2,0,1,0,0,False
PSMA3,0,1,0,0,False
PSMA3-AS1,0,1,0,0,False
PSMA4,0,1,0,0,False
PSMA5,0,1,0,0,False
PSMA6,0,1,0,0,False
PSMA6P1,0,1,0,0,False
PSMA7,0,1,0,0,False
PSMA8,0,1,0,0,False
PSMB1,0,1,0,0,False
PSMB10,1,1,0,0,False
PSMB11,1,0,0,0,False
PSMB2,0,1,0,0,False
PSMB3,0,1,0,0,False
PSMB4,0,1,0,0,False
PSMB5,0,1,0,0,False
PSMB6,0,1,0,0,False
PSMB7,0,1,0,0,False
PSMB8,0,1,0,0,False
PSMB8-AS1,0,1,0,0,False
PSMB9,1,1,0,0,False
PSMC1,0,1,0,0,False
PSMC1P9,0,1,0,0,False
PSMC2,0,1,0,0,False
PSMC3,0,1,0,0,False
PSMC3IP,0,1,0,0,False
PSMC4,0,1,0,0,False
PSMC5,0,1,0,0,False
PSMC6,0,1,0,0,False
PSMD1,0,1,0,0,False
PSMD10,0,1,0,0,False
PSMD10P2,0,1,0,0,False
PSMD11,0,1,0,0,False
PSMD12,0,1,0,0,False
PSMD13,0,1,0,0,False
PSMD14,0,1,0,0,False
PSMD14-DT,0,1,0,0,False
PSMD2,0,1,0,0,False
PSMD3,0,1,0,0,False
PSMD4,0,1,0,0,False
PSMD5,0,1,0,0,False
PSMD6,0,1,0,0,False
PSMD6-AS1,0,1,0,0,False
PSMD6-AS2,0,1,0,0,False
PSMD7,0,1,0,0,False
PSMD7-DT,0,1,0,0,False
PSMD8,0,1,0,0,False
PSMD9,0,1,0,0,False
PSME1,0,1,0,0,False
PSME2,0,1,0,0,False
PSME3,0,1,0,0,False
PSME3IP1,0,1,0,0,False
PSME4,0,1,0,0,False
PSMF1,0,1,0,0,False
PSMG1,0,1,0,0,False
PSMG2,0,1,0,0,False
PSMG3,0,1,0,0,False
PSMG4,0,1,0,0,False
PSORS1C2,0,1,0,0,False
PSPC1,0,1,0,0,False
PSPH,0,1,0,0,False
PSPN,0,1,0,0,False
PSRC1,0,1,0,0,False
PSTK,0,1,0,0,False
PSTPIP1,0,1,0,0,False
PSTPIP2,0,1,0,0,False
PTAFR,0,1,0,0,False
PTAR1,0,1,0,0,False
PTBP1,0,1,0,0,False
PTBP2,0,1,0,0,False
PTBP3,0,1,1,0,False
PTCD1,0,1,0,0,False
PTCD2,0,1,0,0,False
PTCD3,0,1,0,0,False
PTCH1,0,1,0,0,False
PTCH2,0,1,0,0,False
PTCHD1,0,1,0,0,False
PTCHD1-AS,0,1,0,0,False
PTCHD4,0,1,0,0,False
PTCRA,1,1,0,1,False
PTCSC1,0,1,0,0,False
PTCSC3,1,1,0,0,False
PTDSS1,0,1,0,0,False
PTDSS2,0,1,0,0,False
PTEN,0,1,0,0,False
PTENP1,0,1,0,0,False
PTER,0,1,0,0,False
PTGDR,1,1,0,1,False
PTGDR2,1,1,0,1,False
PTGDS,1,1,0,0,False
PTGER1,0,1,0,0,False
PTGER2,0,1,0,0,False
PTGER3,1,1,0,0,False
PTGER4,0,1,0,0,False
PTGES,0,1,0,0,False
PTGES2,0,1,0,0,False
PTGES3,0,1,0,0,False
PTGFR,0,1,0,0,False
PTGFRN,0,1,0,0,False
PTGIR,0,1,0,0,False
PTGIS,0,1,0,0,False
PTGR1,0,1,0,0,False
PTGR2,0,1,0,0,False
PTGR3,0,1,0,0,False
PTGS1,1,1,0,0,False
PTGS2,0,1,0,0,False
PTH1R,0,1,1,0,False
PTH2R,1,1,1,0,False
PTHLH,1,1,0,0,False
PTK2,0,1,0,0,False
PTK2B,0,1,0,0,False
PTK7,0,1,0,0,False
PTMA,1,1,0,0,False
PTMAP2,0,1,0,0,False
PTMAP4,0,1,0,0,False
PTMAP5,0,1,0,0,False
PTMAP9,0,1,0,0,False
PTMS,0,1,0,0,False
PTN,1,1,0,0,False
PTOV1,0,1,0,0,False
PTOV1-AS1,0,1,0,0,False
PTP4A1,0,1,0,0,False
PTP4A2,0,1,0,0,False
PTP4A3,0,1,0,0,False
PTPA,0,1,0,0,False
PTPDC1,0,1,0,0,False
PTPMT1,0,1,0,0,False
PTPN1,0,1,0,0,False
PTPN11,0,1,0,0,False
PTPN12,0,1,0,0,False
PTPN13,0,1,0,0,False
PTPN14,0,1,0,0,False
PTPN18,0,1,0,0,False
PTPN2,0,1,0,0,False
PTPN20,0,1,0,0,False
PTPN21,0,1,0,0,False
PTPN22,0,1,0,0,False
PTPN23,0,1,0,0,False
PTPN23-DT,0,1,0,0,False
PTPN3,0,1,0,0,False
PTPN4,0,1,0,0,False
PTPN5,0,1,0,0,False
PTPN6,0,1,0,0,False
PTPN7,1,1,0,0,False
PTPN9,0,1,0,0,False
PTPRA,0,1,0,0,False
PTPRB,0,1,1,0,False
PTPRC,1,1,1,1,True
PTPRCAP,0,1,0,0,False
PTPRD,0,1,1,0,False
PTPRD-AS1,0,1,0,0,False
PTPRE,0,1,0,0,False
PTPRF,0,1,0,0,False
PTPRG,0,1,1,0,False
PTPRJ,0,1,0,0,False
PTPRK,1,1,0,0,False
PTPRM,0,1,1,0,False
PTPRN,0,1,0,0,False
PTPRN2,0,1,0,0,False
PTPRN2-AS1,0,1,0,0,False
PTPRO,0,1,1,0,False
PTPRQ,1,1,1,0,False
PTPRR,0,1,0,0,False
PTPRS,0,1,0,0,False
PTPRT,1,1,0,0,False
PTPRU,0,1,0,0,False
PTPRZ1,0,1,0,0,False
PTRH1,0,1,0,0,False
PTRH2,0,1,0,0,False
PTRHD1,0,1,0,0,False
PTS,0,1,0,0,False
PTTG1,0,1,0,0,False
PTTG1IP,0,1,0,0,False
PTTG2,0,1,0,0,False
PTX3,0,1,0,0,False
PUDP,0,1,0,0,False
PUF60,0,1,0,0,False
PUM1,0,1,0,0,False
PUM2,0,1,0,0,False
PUM3,0,1,0,0,False
PURA,0,1,0,0,False
PURB,0,1,0,0,False
PURPL,0,1,0,0,False
PUS1,0,1,0,0,False
PUS1-AS1,0,1,0,0,False
PUS10,0,1,0,0,False
PUS3,0,1,0,0,False
PUS7,0,1,0,0,False
PUS7L,0,1,0,0,False
PUSL1,0,1,0,0,False
PVALB,1,1,0,0,False
PVALEF,0,1,0,0,False
PVR,0,1,0,0,False
PVRIG,0,1,0,0,False
PVT1,0,1,0,0,False
PWAR5,0,1,0,0,False
PWP1,0,1,0,0,False
PWRN1,0,1,0,0,False
PWRN4,0,1,0,0,False
PWWP2A,0,1,0,0,False
PWWP2B,0,1,0,0,False
PWWP3A,0,1,0,0,False
PWWP3B,0,1,0,1,False
PXDC1,0,1,0,0,False
PXDN,0,1,0,0,False
PXDNL,0,1,0,0,False
PXK,0,1,0,0,False
PXMP2,0,1,0,0,False
PXMP4,0,1,0,0,False
PXN,0,1,0,0,False
PXN-AS1,0,1,0,0,False
PXT1,0,1,0,0,False
PYCARD,0,1,0,0,False
PYCR1,1,1,0,0,False
PYCR2,0,1,0,0,False
PYCR3,0,1,0,0,False
PYDC2-AS1,0,1,0,0,False
PYGB,1,1,0,0,False
PYGL,0,1,0,0,False
PYGM,1,0,0,0,False
PYGO1,0,1,0,0,False
PYGO2,0,1,0,0,False
PYGO2-AS1,0,1,0,0,False
PYHIN1,0,1,0,0,False
PYM1,0,1,0,0,False
PYROXD1,0,1,0,0,False
PYROXD2,0,1,0,0,False
PYURF,0,1,0,0,False
PYY,0,1,0,0,False
PZP,0,1,0,0,False
Podoplanin,1,0,0,0,False
QARS1,0,1,0,0,False
QDPR,0,1,0,0,False
QKI,0,1,0,0,False
QPCT,0,1,0,0,False
QPCTL,0,1,0,0,False
QPRT,0,1,0,0,False
QRFPR,1,0,0,0,False
QRICH1,0,1,0,0,False
QRICH2,0,1,0,0,False
QRSL1,0,1,0,0,False
QRSL1P1,0,1,0,0,False
QRSL1P3,0,1,0,0,False
QSER1,0,1,0,0,False
QSOX1,0,1,0,0,False
QSOX2,0,1,0,0,False
QTRT1,0,1,0,0,False
QTRT2,0,1,0,0,False
R3HCC1,0,1,0,0,False
R3HCC1L,0,1,0,0,False
R3HDM1,0,1,0,0,False
R3HDM2,0,1,0,0,False
R3HDM2-DT,0,1,0,0,False
R3HDM4,0,1,0,0,False
R3HDML-AS1,0,1,0,0,False
RAB10,0,1,0,0,False
RAB11A,0,1,0,0,False
RAB11B,0,1,0,0,False
RAB11B-AS1,0,1,0,0,False
RAB11FIP1,0,1,0,0,False
RAB11FIP2,0,1,0,0,False
RAB11FIP3,0,1,1,0,False
RAB11FIP4,0,1,0,0,False
RAB11FIP5,0,1,0,0,False
RAB12,0,1,0,0,False
RAB13,0,1,0,0,False
RAB14,0,1,0,0,False
RAB15,0,1,0,0,False
RAB17,0,1,0,0,False
RAB18,0,1,0,0,False
RAB19,0,1,0,0,False
RAB1A,0,1,0,0,False
RAB1B,0,1,0,0,False
RAB20,0,1,0,0,False
RAB21,0,1,0,0,False
RAB22A,0,1,0,0,False
RAB23,0,1,0,0,False
RAB24,0,1,0,0,False
RAB25,0,1,0,1,False
RAB26,0,1,0,0,False
RAB27A,0,1,0,0,False
RAB27B,0,1,0,0,False
RAB28,0,1,0,0,False
RAB29,0,1,0,0,False
RAB2A,0,1,0,0,False
RAB2B,0,1,0,0,False
RAB30,0,1,0,0,False
RAB30-DT,0,1,0,0,False
RAB31,0,1,0,0,False
RAB32,0,1,0,0,False
RAB33A,0,1,0,0,False
RAB33B,0,1,0,0,False
RAB33B-AS1,0,1,0,0,False
RAB34,0,1,0,0,False
RAB35,0,1,0,0,False
RAB35-AS1,0,1,0,0,False
RAB36,0,1,0,0,False
RAB37,0,1,0,0,False
RAB38,0,1,0,0,False
RAB39A,0,1,0,0,False
RAB39B,0,1,0,0,False
RAB3A,0,1,0,0,False
RAB3B,0,1,0,0,False
RAB3C,0,1,0,0,False
RAB3D,0,1,0,0,False
RAB3GAP1,0,1,0,0,False
RAB3GAP2,0,1,0,0,False
RAB3IL1,0,1,0,0,False
RAB3IP,0,1,0,0,False
RAB40B,0,1,0,0,False
RAB40C,0,1,0,0,False
RAB42,0,1,0,0,False
RAB43,0,1,0,0,False
RAB44,0,1,0,0,False
RAB4A,0,1,0,0,False
RAB4B,0,1,0,0,False
RAB4B-EGLN2,0,1,0,0,False
RAB5A,0,1,0,0,False
RAB5B,0,1,0,0,False
RAB5C,0,1,0,0,False
RAB5IF,0,1,0,0,False
RAB6A,0,1,0,0,False
RAB6B,0,1,0,0,False
RAB6D,0,1,0,0,False
RAB7A,0,1,0,0,False
RAB7B,0,1,0,0,False
RAB8A,0,1,0,0,False
RAB8B,0,1,0,0,False
RAB9A,0,1,0,0,False
RABAC1,0,1,0,0,False
RABEP1,0,1,0,0,False
RABEP2,0,1,0,0,False
RABEPK,0,1,0,0,False
RABGAP1,0,1,0,0,False
RABGAP1L,0,1,0,0,False
RABGEF1,0,1,0,0,False
RABGGTA,0,1,0,0,False
RABGGTB,0,1,0,0,False
RABIF,0,1,0,0,False
RABL2A,0,1,0,0,False
RABL2B,0,1,0,0,False
RABL3,0,1,0,0,False
RABL6,0,1,0,0,False
RAC1,0,1,0,0,False
RAC1P2,0,1,0,0,False
RAC2,0,1,0,0,False
RAC3,0,1,0,0,False
RACGAP1,0,1,0,0,False
RACK1,0,1,0,0,False
RAD1,0,1,0,0,False
RAD17,0,1,0,0,False
RAD21,0,1,0,0,False
RAD23A,0,1,0,0,False
RAD23B,0,1,0,0,False
RAD50,0,1,0,0,False
RAD51,0,1,0,0,False
RAD51-AS1,0,1,0,0,False
RAD51AP1,0,1,0,0,False
RAD51B,0,1,0,0,False
RAD51C,0,1,0,0,False
RAD51D,0,1,0,0,False
RAD52,0,1,0,0,False
RAD54B,0,1,0,0,False
RAD54L2,0,1,0,0,False
RAD9A,0,1,0,0,False
RADIL,0,1,0,0,False
RADX,0,1,0,0,False
RAE1,0,1,0,0,False
RAET1E,0,1,0,0,False
RAF1,0,1,0,0,False
RAG1,1,1,0,0,False
RAG2,1,0,0,0,False
RAI1,0,1,0,0,False
RAI14,0,1,0,0,False
RAI2,0,1,0,0,False
RALA,0,1,0,0,False
RALB,0,1,0,0,False
RALBP1,0,1,1,0,False
RALBP1P1,0,1,0,0,False
RALGAPA1,0,1,0,0,False
RALGAPA1P1,0,1,0,0,False
RALGAPA2,0,1,0,0,False
RALGAPB,0,1,0,0,False
RALGDS,0,1,0,0,False
RALGPS1,0,1,0,0,False
RALGPS2,0,1,1,0,False
RALGPS2-AS1,0,1,0,0,False
RALY,0,1,0,0,False
RALY-AS1,0,1,0,0,False
RALYL,0,1,0,0,False
RAMAC,0,1,0,0,False
RAMP1,0,1,0,0,False
RAMP2,1,1,0,0,False
RAMP2-AS1,0,1,0,0,False
RAMP3,1,1,0,0,False
RAN,0,1,0,0,False
RANBP1,0,1,0,0,False
RANBP10,0,1,0,0,False
RANBP17,0,1,0,0,False
RANBP2,0,1,0,0,False
RANBP3,0,1,0,0,False
RANBP3-DT,0,1,0,0,False
RANBP3L,0,1,0,0,False
RANBP6,0,1,0,0,False
RANBP9,0,1,0,0,False
RANGAP1,0,1,0,0,False
RANGRF,0,1,0,0,False
RAP1A,0,1,0,0,False
RAP1B,0,1,0,0,False
RAP1GAP,1,1,0,0,False
RAP1GAP2,0,1,0,0,False
RAP1GDS1,0,1,0,0,False
RAP2A,0,1,0,0,False
RAP2B,0,1,0,0,False
RAP2C,0,1,0,0,False
RAP2C-AS1,0,1,0,0,False
RAPGEF1,0,1,0,0,False
RAPGEF2,0,1,0,0,False
RAPGEF3,0,1,0,0,False
RAPGEF4,0,1,0,0,False
RAPGEF5,0,1,0,0,False
RAPGEF6,0,1,0,0,False
RAPGEFL1,0,1,0,0,False
RAPH1,0,1,0,0,False
RAPSN,0,1,0,0,False
RARA,1,1,0,0,False
RARA-AS1,0,1,0,0,False
RARB,0,1,0,0,False
RARG,0,1,0,0,False
RARRES1,1,1,0,0,False
RARRES2,0,1,0,0,False
RARS1,0,1,0,0,False
RARS2,0,1,0,0,False
RASA1,0,1,0,0,False
RASA2,0,1,0,0,False
RASA3,0,1,0,0,False
RASA4,0,1,0,0,False
RASA4B,0,1,0,0,False
RASAL1,0,1,0,0,False
RASAL2,0,1,1,0,False
RASAL2-AS1,0,1,0,0,False
RASAL3,0,1,0,0,False
RASD1,0,1,0,0,False
RASD2,0,1,0,0,False
RASEF,0,1,0,0,False
RASGEF1A,0,1,0,0,False
RASGEF1B,0,1,0,0,False
RASGRF1,0,1,0,0,False
RASGRF2,0,1,0,0,False
RASGRF2-AS1,0,1,0,0,False
RASGRP1,0,1,0,0,False
RASGRP2,0,1,0,0,False
RASGRP3,0,1,0,0,False
RASGRP4,0,1,0,0,False
RASIP1,0,1,0,0,False
RASL11A,0,1,0,0,False
RASL11B,0,1,0,0,False
RASL12,0,1,0,0,False
RASSF1,0,1,0,0,False
RASSF1-AS1,0,1,0,0,False
RASSF10,0,1,0,0,False
RASSF2,0,1,0,0,False
RASSF3,1,1,0,0,False
RASSF4,0,1,0,0,False
RASSF5,0,1,0,0,False
RASSF6,1,1,0,0,False
RASSF7,0,1,0,0,False
RASSF8,0,1,0,0,False
RASSF8-AS1,0,1,0,0,False
RASSF9,0,1,0,0,False
RAVER1,0,1,0,0,False
RAVER2,0,1,0,0,False
RAX,0,1,0,0,False
RB1,0,1,0,0,False
RB1CC1,0,1,0,0,False
RBAK-RBAKDN,0,1,0,0,False
RBAKDN,0,1,0,0,False
RBBP4,0,1,0,0,False
RBBP5,0,1,0,0,False
RBBP6,0,1,0,0,False
RBBP7,0,1,0,0,False
RBBP8,0,1,0,0,False
RBBP9,0,1,0,0,False
RBCK1,0,1,0,0,False
RBFA,0,1,0,0,False
RBFOX1,0,1,1,0,False
RBFOX2,0,1,0,0,False
RBFOX3,0,1,0,1,False
RBIS,0,1,0,0,False
RBKS,0,1,0,0,False
RBL1,0,1,0,0,False
RBL2,0,1,0,0,False
RBM10,0,1,0,0,False
RBM11,0,1,0,0,False
RBM12,0,1,0,0,False
RBM12B,0,1,0,0,False
RBM12B-DT,0,1,0,0,False
RBM14,0,1,0,0,False
RBM14-RBM4,0,1,0,0,False
RBM15,0,1,0,0,False
RBM15B,0,1,0,0,False
RBM17,0,1,0,0,False
RBM18,0,1,0,0,False
RBM19,0,1,0,0,False
RBM20,0,1,0,1,False
RBM22,0,1,0,0,False
RBM23,0,1,0,0,False
RBM24,0,1,0,0,False
RBM25,0,1,0,0,False
RBM26,0,1,0,0,False
RBM26-AS1,0,1,0,0,False
RBM27,0,1,0,0,False
RBM28,0,1,0,0,False
RBM3,0,1,0,0,False
RBM33,0,1,0,0,False
RBM33-DT,0,1,0,0,False
RBM34,0,1,0,0,False
RBM38,0,1,0,0,False
RBM39,0,1,0,0,False
RBM4,0,1,0,0,False
RBM41,0,1,0,0,False
RBM42,0,1,0,0,False
RBM43,0,1,0,0,False
RBM47,0,1,1,0,False
RBM4B,0,1,0,0,False
RBM5,0,1,0,0,False
RBM6,0,1,0,0,False
RBM7,0,1,0,0,False
RBM8A,0,1,0,0,False
RBMS1,0,1,0,0,False
RBMS2,0,1,0,0,False
RBMS3,0,1,1,0,False
RBMS3-AS2,1,1,0,0,False
RBMS3-AS3,0,1,0,0,False
RBMX,0,1,0,0,False
RBMX2,0,1,0,0,False
RBMXL1,0,1,0,0,False
RBMY2JP,0,1,0,0,False
RBP1,0,1,0,0,False
RBP2,0,1,0,0,False
RBP3,1,1,0,0,False
RBP4,0,1,0,0,False
RBP5,1,1,0,0,False
RBP7,0,1,0,0,False
RBPJ,0,1,0,0,False
RBPJL,0,1,0,0,False
RBPMS,1,1,0,0,False
RBPMS2,0,1,0,0,False
RBSN,0,1,0,0,False
RBX1,0,1,0,0,False
RC3H1,0,1,0,0,False
RC3H1-IT1,0,1,0,0,False
RC3H2,0,1,0,0,False
RCAN1,1,1,0,0,False
RCAN2,0,1,1,0,False
RCAN2-DT,0,1,0,0,False
RCAN3,0,1,0,0,False
RCBTB1,0,1,0,0,False
RCBTB2,0,1,0,0,False
RCC1,0,1,0,0,False
RCC1L,0,1,0,0,False
RCC2,0,1,0,0,False
RCCD1,0,1,0,0,False
RCE1,0,1,0,0,False
RCHY1,0,1,0,0,False
RCL1,0,1,0,0,False
RCN1,0,1,0,0,False
RCN2,0,1,0,0,False
RCN3,0,1,0,0,False
RCOR1,0,1,0,0,False
RCOR3,0,1,0,0,False
RCSD1,0,1,0,0,False
RCVRN,1,1,0,0,False
RD3,0,1,0,0,False
RD3L,0,1,0,0,False
RDH10,0,1,0,0,False
RDH10-AS1,0,1,0,0,False
RDH11,0,1,0,0,False
RDH12,0,1,0,0,False
RDH13,0,1,0,0,False
RDH14,0,1,0,0,False
RDH5,0,1,0,0,False
RDX,0,1,0,0,False
REC8,0,1,0,0,False
RECK,0,1,0,0,False
RECQL,0,1,0,0,False
RECQL4,0,1,0,0,False
RECQL5,0,1,0,0,False
REDIC1,0,1,0,0,False
REELD1,0,1,0,0,False
REEP1,0,1,0,0,False
REEP3,0,1,0,0,False
REEP4,0,1,0,0,False
REEP5,0,1,0,0,False
REEP6,0,1,0,1,False
REG1A,0,1,0,0,False
REG1B,0,1,0,0,False
REG3A,0,1,0,0,False
REG3G,0,1,0,0,False
REG4,0,1,0,0,False
REL,0,1,0,0,False
RELA,0,1,0,1,False
RELA-DT,0,1,0,0,False
RELB,0,1,0,0,False
RELCH,0,1,0,0,False
RELL1,0,1,0,0,False
RELL2,0,1,0,0,False
RELN,1,1,0,0,False
RELT,0,1,0,0,False
REN,1,1,0,0,False
RENBP,0,1,0,0,False
REP15,0,1,0,0,False
REPIN1,0,1,0,0,False
REPS1,0,1,0,0,False
REPS2,0,1,0,0,False
RER1,0,1,0,0,False
RERE,0,1,0,0,False
RERE-AS1,0,1,0,0,False
RERG,0,1,0,0,False
RERGL,1,1,0,0,False
RESF1,0,1,0,0,False
REST,0,1,0,0,False
RET,0,1,0,0,False
RETN,0,1,0,0,False
RETNLB,0,1,0,0,False
RETREG1,0,1,0,0,False
RETREG1-AS1,0,1,0,0,False
RETREG2,0,1,0,0,False
RETREG3,0,1,0,0,False
RETSAT,0,1,0,0,False
REV1,0,1,0,0,False
REV3L,0,1,0,0,False
REX1BD,0,1,0,0,False
REXO1,0,1,0,0,False
REXO2,0,1,0,0,False
REXO4,0,1,0,0,False
REXO5,0,1,0,0,False
RFC1,0,1,0,0,False
RFC2,0,1,0,0,False
RFC3,0,1,0,0,False
RFC4,0,1,0,0,False
RFC5,0,1,0,0,False
RFESD,0,1,0,0,False
RFFL,0,1,0,0,False
RFK,0,1,0,0,False
RFLNA,0,1,0,0,False
RFLNB,0,1,0,0,False
RFNG,0,1,0,0,False
RFT1,0,1,0,0,False
RFTN1,0,1,0,0,False
RFTN2,0,1,0,0,False
RFWD3,0,1,0,0,False
RFX1,0,1,0,0,False
RFX2,0,1,0,0,False
RFX3,0,1,0,0,False
RFX4,0,1,0,0,False
RFX5,0,1,0,0,False
RFX5-AS1,0,1,0,0,False
RFX6,0,1,0,0,False
RFX7,0,1,0,0,False
RFX8,0,1,0,0,False
RFXANK,0,1,0,0,False
RFXAP,0,1,0,0,False
RGC5,1,0,0,0,False
RGCC,1,1,0,0,False
RGL1,0,1,0,0,False
RGL2,0,1,0,0,False
RGL3,0,1,0,0,False
RGL4,0,1,0,0,False
RGMA,0,1,0,0,False
RGMB,1,1,0,0,False
RGN,0,1,0,0,False
RGP1,0,1,0,0,False
RGPD2,0,1,0,0,False
RGPD5,0,1,0,0,False
RGPD6,0,1,0,0,False
RGPD8,0,1,0,0,False
RGR,0,1,0,0,False
RGS1,1,1,0,0,False
RGS10,0,1,0,0,False
RGS12,0,1,0,0,False
RGS13,1,1,0,0,False
RGS14,0,1,0,0,False
RGS16,1,1,0,0,False
RGS17,0,1,0,0,False
RGS18,1,1,0,0,False
RGS19,0,1,0,0,False
RGS2,0,1,0,0,False
RGS20,0,1,0,0,False
RGS22,0,1,0,0,False
RGS3,0,1,0,0,False
RGS4,0,1,0,0,False
RGS5,1,1,0,1,False
RGS5-AS1,0,1,0,0,False
RGS5_ENSG00000143248,1,0,0,0,False
RGS6,1,1,0,0,False
RGS7,0,1,0,0,False
RGS7BP,0,1,0,0,False
RGS9,0,1,0,0,False
RGSL1,0,1,0,0,False
RHAG,1,1,0,0,False
RHBDD1,0,1,0,0,False
RHBDD2,0,1,0,0,False
RHBDD3,0,1,0,0,False
RHBDF2,0,1,0,0,False
RHBDL2,0,1,0,0,False
RHBG,0,1,0,0,False
RHCE,1,1,0,0,False
RHCG,0,1,0,0,False
RHD,0,1,0,0,False
RHEB,0,1,0,0,False
RHEBL1,0,1,0,0,False
RHEX,0,1,0,0,False
RHNO1,0,1,0,0,False
RHO,1,1,0,0,False
RHOA,0,1,0,0,False
RHOB,0,1,0,0,False
RHOBTB1,0,1,0,0,False
RHOBTB2,0,1,0,0,False
RHOBTB3,0,1,0,0,False
RHOC,0,1,0,0,False
RHOD,0,1,0,0,False
RHOF,0,1,0,0,False
RHOG,0,1,0,0,False
RHOH,0,1,0,0,False
RHOJ,0,1,0,0,False
RHOQ,0,1,0,0,False
RHOQ-AS1,0,1,0,0,False
RHOQP2,0,1,0,0,False
RHOT1,0,1,0,0,False
RHOT2,0,1,0,0,False
RHOU,0,1,0,0,False
RHOV,0,1,0,0,False
RHOXF1,0,1,0,0,False
RHOXF1-AS1,0,1,0,0,False
RHOXF1P1,0,1,0,0,False
RHPN1,0,1,0,0,False
RHPN1-AS1,0,1,0,0,False
RHPN2,0,1,0,0,False
RHPN2P1,0,1,0,0,False
RIBC1,0,1,0,0,False
RIBC2,0,1,0,0,False
RIC1,0,1,0,0,False
RIC3,0,1,0,0,False
RIC8A,0,1,0,0,False
RIC8B,0,1,0,0,False
RICTOR,0,1,0,0,False
RIDA,0,1,0,0,False
RIF1,0,1,0,0,False
RIGI,0,1,0,0,False
RIIAD1,0,1,0,0,False
RILP,0,1,0,0,False
RILPL1,0,1,0,0,False
RILPL2,0,1,0,0,False
RIMBP2,0,1,0,0,False
RIMKLA,0,1,0,0,False
RIMKLB,0,1,0,0,False
RIMKLBP1,0,1,0,0,False
RIMOC1,0,1,0,0,False
RIMS1,0,1,0,0,False
RIMS2,0,1,0,0,False
RIMS3,0,1,0,0,False
RIN1,0,1,0,0,False
RIN2,0,1,0,0,False
RIN3,0,1,0,0,False
RING1,0,1,0,0,False
RINL,0,1,0,0,False
RINT1,0,1,0,0,False
RIOK1,0,1,0,0,False
RIOK3,0,1,0,0,False
RIOX1,0,1,0,0,False
RIOX2,0,1,0,0,False
RIPK1,0,1,0,0,False
RIPK2,0,1,0,0,False
RIPK3,0,1,0,0,False
RIPOR1,0,1,0,0,False
RIPOR2,0,1,1,0,False
RIPOR3,0,1,0,0,False
RIPOR3-AS1,0,1,0,0,False
RIPPLY3,0,1,0,0,False
RIT1,0,1,0,0,False
RITA1,0,1,0,0,False
RLBP1,1,1,0,0,False
RLF,0,1,0,0,False
RLIG1,0,1,0,0,False
RLIM,0,1,0,0,False
RLN2,0,1,0,0,False
RMC1,0,1,0,0,False
RMDN1,0,1,0,0,False
RMDN2,0,1,0,0,False
RMDN2-AS1,0,1,0,0,False
RMDN3,0,1,0,0,False
RMEL3,0,1,0,0,False
RMI1,0,1,0,0,False
RMI2,0,1,0,0,False
RMND1,0,1,0,0,False
RMND5A,0,1,0,0,False
RMND5B,0,1,0,0,False
RMST,1,1,0,0,False
RN7SK,0,1,0,0,False
RN7SKP112,0,1,0,0,False
RN7SKP150,0,1,0,0,False
RN7SKP203,0,1,0,0,False
RN7SKP230,0,1,0,0,False
RN7SKP255,0,1,0,0,False
RN7SKP71,0,1,0,0,False
RN7SKP80,0,1,0,0,False
RN7SL1,0,1,0,0,False
RN7SL172P,0,1,0,0,False
RN7SL2,0,1,0,0,False
RN7SL244P,0,1,0,0,False
RN7SL3,0,1,0,0,False
RN7SL4P,0,1,0,0,False
RN7SL524P,0,1,0,0,False
RN7SL587P,0,1,0,0,False
RN7SL5P,0,1,0,0,False
RN7SL698P,0,1,0,0,False
RN7SL803P,0,1,0,0,False
RN7SL846P,0,1,0,0,False
RNA5-8SN2,0,1,0,0,False
RNA5SP498,0,1,0,0,False
RNASE1,1,1,0,0,False
RNASE11-AS1,0,1,0,0,False
RNASE2,0,1,0,1,False
RNASE3,1,1,0,0,False
RNASE4,0,1,0,0,False
RNASE6,0,1,0,0,False
RNASEH1,0,1,0,0,False
RNASEH1-DT,0,1,0,0,False
RNASEH2A,0,1,0,0,False
RNASEH2B,0,1,0,0,False
RNASEH2B-AS1,0,1,0,0,False
RNASEH2C,0,1,0,0,False
RNASEK,0,1,0,0,False
RNASEK-C17orf49,0,1,0,0,False
RNASET2,0,1,0,0,False
RND1,0,1,0,0,False
RND3,0,1,0,0,False
RNF10,0,1,0,0,False
RNF103,0,1,0,0,False
RNF103-CHMP3,0,1,0,0,False
RNF11,0,1,0,0,False
RNF111,0,1,0,0,False
RNF113A,0,1,0,0,False
RNF114,0,1,0,0,False
RNF115,0,1,0,0,False
RNF121,0,1,0,0,False
RNF122,0,1,0,0,False
RNF123,0,1,0,0,False
RNF125,0,1,0,0,False
RNF126,0,1,0,0,False
RNF13,0,1,0,0,False
RNF130,0,1,0,0,False
RNF135,0,1,0,0,False
RNF138,0,1,0,0,False
RNF139,0,1,0,0,False
RNF139-DT,0,1,0,0,False
RNF14,0,1,0,0,False
RNF141,0,1,0,0,False
RNF144A,0,1,0,0,False
RNF144B,0,1,0,0,False
RNF145,0,1,0,0,False
RNF146,0,1,0,0,False
RNF148,0,1,0,0,False
RNF149,0,1,0,0,False
RNF150,0,1,0,0,False
RNF152,0,1,0,0,False
RNF157,0,1,0,0,False
RNF166,0,1,0,0,False
RNF167,0,1,0,0,False
RNF168,0,1,0,0,False
RNF169,0,1,0,0,False
RNF17,0,1,0,0,False
RNF170,0,1,0,0,False
RNF175,0,1,0,0,False
RNF180,0,1,0,0,False
RNF181,0,1,0,0,False
RNF182,0,1,0,0,False
RNF185,0,1,0,0,False
RNF186,0,1,0,0,False
RNF187,0,1,0,0,False
RNF19A,1,1,0,0,False
RNF19B,0,1,0,0,False
RNF2,0,1,0,0,False
RNF20,0,1,0,0,False
RNF207,0,1,0,0,False
RNF207-AS1,0,1,0,0,False
RNF208,0,1,0,0,False
RNF212B,0,1,0,0,False
RNF213,0,1,0,0,False
RNF213-AS1,0,1,0,0,False
RNF214,0,1,0,0,False
RNF215,0,1,0,0,False
RNF216,0,1,0,0,False
RNF216P1,0,1,0,0,False
RNF217,0,1,0,0,False
RNF220,1,1,0,0,False
RNF222,0,1,0,0,False
RNF223,0,1,0,0,False
RNF224,0,1,0,0,False
RNF227,0,1,0,0,False
RNF24,0,1,0,0,False
RNF25,0,1,0,0,False
RNF26,0,1,0,0,False
RNF31,0,1,0,0,False
RNF32,0,1,0,0,False
RNF32-DT,0,1,0,0,False
RNF34,0,1,0,0,False
RNF38,0,1,0,0,False
RNF39,0,1,0,0,False
RNF4,0,1,0,0,False
RNF40,0,1,0,0,False
RNF41,0,1,0,0,False
RNF43,1,1,0,0,False
RNF44,0,1,0,0,False
RNF5,0,1,0,0,False
RNF6,0,1,0,0,False
RNF7,0,1,0,0,False
RNF8,0,1,0,0,False
RNFT1,0,1,0,0,False
RNFT1P3,0,1,0,0,False
RNFT2,0,1,0,0,False
RNGTT,0,1,0,0,False
RNH1,0,1,0,0,False
RNLS,0,1,0,0,False
RNMT,0,1,0,0,False
RNPC3,0,1,1,0,False
RNPEP,0,1,0,0,False
RNPEPL1,0,1,0,0,False
RNPS1,0,1,0,0,False
RNU1-11P,0,1,0,0,False
RNU1-125P,0,1,0,0,False
RNU4-2,0,1,0,0,False
RNU4-38P,0,1,0,0,False
RNU4ATAC,0,1,0,0,False
RNU5F-1,0,1,0,0,False
RNU6-195P,0,1,0,0,False
RNU6-26P,0,1,0,0,False
RNU6-351P,0,1,0,0,False
RNU6-42P,0,1,0,0,False
RNU6-481P,0,1,0,0,False
RNU6-82P,0,1,0,0,False
RNU6-946P,0,1,0,0,False
RNVU1-15,0,1,0,0,False
RNVU1-7,0,1,0,0,False
RO,1,0,0,0,False
RO60,0,1,0,0,False
ROBO1,1,1,0,0,False
ROBO2,1,1,0,0,False
ROBO3,1,1,0,0,False
ROBO4,0,1,0,1,False
ROCK1,0,1,0,0,False
ROCK2,0,1,0,0,False
ROGDI,0,1,0,0,False
ROM1,0,1,0,0,False
ROMO1,0,1,0,0,False
ROPN1B,0,1,0,0,False
ROPN1L,0,1,0,0,False
ROR1,1,1,0,0,False
ROR2,1,1,0,0,False
RORA,0,1,0,0,False
RORA-AS1,0,1,0,0,False
RORB,1,1,0,1,False
RORC,1,1,0,0,False
ROS1,0,1,0,0,False
RP1,0,1,0,0,False
RP1-35C21.2,1,0,0,0,False
RP1-45C12.1,1,0,0,0,False
RP1-71H24.1,1,0,0,0,False
RP11-111G13.1,1,0,0,0,False
RP11-114G22.1,1,0,0,0,False
RP11-115D10.1,1,0,0,0,False
RP11-120L14.1,1,0,0,0,False
RP11-134O15.3,1,0,0,0,False
RP11-142C4.6,1,0,0,0,False
RP11-142I20.2,1,0,0,0,False
RP11-153I24.5,1,0,0,0,False
RP11-154H17.1,1,0,0,0,False
RP11-167H9.4,1,0,0,0,False
RP11-191L9.4,1,0,0,0,False
RP11-197H3.1,1,0,0,0,False
RP11-197K6.1,1,0,0,0,False
RP11-217C7.1,1,0,0,0,False
RP11-221G19.1,1,0,0,0,False
RP11-238K6.2,1,0,0,0,False
RP11-259K15.2,1,0,0,0,False
RP11-265I24.1,1,0,0,0,False
RP11-274H24.2,1,0,0,0,False
RP11-284G10.1,1,0,0,0,False
RP11-286O1.1,1,0,0,0,False
RP11-287J11.1,1,0,0,0,False
RP11-297I23.1,1,0,0,0,False
RP11-312A15.5,1,0,0,0,False
RP11-320L2.1,1,0,0,0,False
RP11-321P16.3,1,0,0,0,False
RP11-335E8.3,1,0,0,0,False
RP11-33A14.1,1,0,0,0,False
RP11-340A13.4,1,0,0,0,False
RP11-34C15.2,1,0,0,0,False
RP11-354I13.2,1,0,0,0,False
RP11-354K4.2,1,0,0,0,False
RP11-358P11.1,1,0,0,0,False
RP11-369E15.3,1,0,0,0,False
RP11-370B11.4,1,0,0,0,False
RP11-370K2.1,1,0,0,0,False
RP11-380P13.1,1,0,0,0,False
RP11-387P12.1,1,0,0,0,False
RP11-38B6.1,1,0,0,0,False
RP11-404H1.1,1,0,0,0,False
RP11-410K21.2,1,0,0,0,False
RP11-412K20.1,1,0,0,0,False
RP11-418J17.3,1,0,0,0,False
RP11-421N8.3,1,0,0,0,False
RP11-460M2.1,1,0,0,0,False
RP11-467L24.1,1,0,0,0,False
RP11-46H14.1,1,0,0,0,False
RP11-484I6.9,1,0,0,0,False
RP11-484N11.1,1,0,0,0,False
RP11-491F9.1,1,0,0,0,False
RP11-511B7.2,1,0,0,0,False
RP11-517I3.1,1,0,0,0,False
RP11-537P24.1,1,0,0,0,False
RP11-563D10.1,1,0,0,0,False
RP11-60A8.1,1,0,0,0,False
RP11-622O11.6,1,0,0,0,False
RP11-624A4.2,1,0,0,0,False
RP11-632B21.2,1,0,0,0,False
RP11-63G10.4,1,0,0,0,False
RP11-640F22.1,1,0,0,0,False
RP11-649A16.1,1,0,0,0,False
RP11-656G20.1,1,0,0,0,False
RP11-66G15.1,1,0,0,0,False
RP11-690J15.1,1,0,0,0,False
RP11-719N9.1,1,0,0,0,False
RP11-729M20.1,1,0,0,0,False
RP11-799O21.2,1,0,0,0,False
RP11-79E3.2,1,0,0,0,False
RP11-81D17.1,1,0,0,0,False
RP11-81F8.1,1,0,0,0,False
RP11-829H16.3,1,0,0,0,False
RP11-875G18.1,1,0,0,0,False
RP11-89N17.4,1,0,0,0,False
RP11-964E11.3,1,0,0,0,False
RP11-97F8.2,1,0,0,0,False
RP1L1,0,1,0,0,False
RP2,0,1,0,0,False
RP3-401D24.1,1,0,0,0,False
RP4-668E10.4,1,0,0,0,False
RP4-678D15.1,1,0,0,0,False
RP4-736H5.3,1,0,0,0,False
RP4-809F18.1,1,0,0,0,False
RP5-1101C3.1,1,0,0,0,False
RP5-1180C18.1,1,0,0,0,False
RP9,0,1,0,0,False
RPA1,0,1,0,0,False
RPA2,0,1,0,0,False
RPA3,0,1,0,0,False
RPAIN,0,1,0,0,False
RPAP1,0,1,0,0,False
RPAP2,0,1,0,0,False
RPAP3,0,1,0,0,False
RPAP3-DT,0,1,0,0,False
RPE,0,1,0,0,False
RPE65,1,1,0,0,False
RPEL1,0,1,0,0,False
RPF1,0,1,0,0,False
RPF2,0,1,0,0,False
RPGR,0,1,0,0,False
RPGRIP1,0,1,0,0,False
RPGRIP1L,0,1,0,0,False
RPH3A,0,1,0,0,False
RPH3AL,0,1,0,0,False
RPIA,0,1,0,0,False
RPL10,0,1,1,0,False
RPL10A,0,1,0,0,False
RPL10AP1,0,1,0,0,False
RPL10AP2,0,1,0,0,False
RPL10AP6,0,1,0,0,False
RPL10P16,0,1,0,0,False
RPL10P6,0,1,0,0,False
RPL10P9,0,1,0,0,False
RPL11,0,1,1,0,False
RPL11P3,0,1,0,0,False
RPL12,0,1,0,0,False
RPL12P12,0,1,0,0,False
RPL12P14,0,1,0,0,False
RPL12P16,0,1,0,0,False
RPL12P17,0,1,0,0,False
RPL12P2,0,1,0,0,False
RPL12P4,0,1,0,0,False
RPL12P41,0,1,0,0,False
RPL12P42,0,1,0,0,False
RPL13,0,1,1,0,False
RPL13A,0,1,0,0,False
RPL13AP13,0,1,0,0,False
RPL13AP20,0,1,0,0,False
RPL13AP25,0,1,0,0,False
RPL13AP5,0,1,0,0,False
RPL13AP7,0,1,0,0,False
RPL13AP8,0,1,0,0,False
RPL13P12,0,1,0,0,False
RPL13P5,0,1,0,0,False
RPL14,0,1,0,0,False
RPL14P1,0,1,0,0,False
RPL15,0,1,0,0,False
RPL15P17,0,1,0,0,False
RPL15P2,0,1,0,0,False
RPL15P22,0,1,0,0,False
RPL15P3,0,1,0,0,False
RPL15P5,0,1,0,0,False
RPL15P7,0,1,0,0,False
RPL17,1,1,0,0,False
RPL17-C18orf32,0,1,0,0,False
RPL17P16,0,1,0,0,False
RPL17P17,0,1,0,0,False
RPL17P18,0,1,0,0,False
RPL17P21,0,1,0,0,False
RPL17P27,0,1,0,0,False
RPL17P34,0,1,0,0,False
RPL17P36,0,1,0,0,False
RPL17P39,0,1,0,0,False
RPL17P43,0,1,0,0,False
RPL17P5,0,1,0,0,False
RPL17P6,0,1,0,0,False
RPL17P7,0,1,0,0,False
RPL18,0,1,0,0,False
RPL18A,0,1,0,0,False
RPL18AP3,0,1,0,0,False
RPL19,0,1,0,0,False
RPL21,0,1,0,0,False
RPL21P1,0,1,0,0,False
RPL21P11,0,1,0,0,False
RPL21P116,0,1,0,0,False
RPL21P117,0,1,0,0,False
RPL21P119,0,1,0,0,False
RPL21P123,0,1,0,0,False
RPL21P125,0,1,0,0,False
RPL21P134,0,1,0,0,False
RPL21P14,0,1,0,0,False
RPL21P16,0,1,0,0,False
RPL21P19,0,1,0,0,False
RPL21P22,0,1,0,0,False
RPL21P27,0,1,0,0,False
RPL21P28,0,1,0,0,False
RPL21P3,0,1,0,0,False
RPL21P37,0,1,0,0,False
RPL21P39,0,1,0,0,False
RPL21P40,0,1,0,0,False
RPL21P45,0,1,0,0,False
RPL21P46,0,1,0,0,False
RPL21P51,0,1,0,0,False
RPL21P53,0,1,0,0,False
RPL21P56,0,1,0,0,False
RPL21P75,0,1,0,0,False
RPL21P87,0,1,0,0,False
RPL21P93,0,1,0,0,False
RPL21P97,0,1,0,0,False
RPL21P98,0,1,0,0,False
RPL22,0,1,0,0,False
RPL22L1,0,1,0,0,False
RPL22P1,0,1,0,0,False
RPL23,0,1,0,0,False
RPL23A,0,1,0,0,False
RPL23AP2,0,1,0,0,False
RPL23AP23,0,1,0,0,False
RPL23AP24,0,1,0,0,False
RPL23AP32,0,1,0,0,False
RPL23AP42,0,1,0,0,False
RPL23AP45,0,1,0,0,False
RPL23AP47,0,1,0,0,False
RPL23AP53,0,1,0,0,False
RPL23AP60,0,1,0,0,False
RPL23AP65,0,1,0,0,False
RPL23AP74,0,1,0,0,False
RPL23AP82,0,1,0,0,False
RPL23AP84,0,1,0,0,False
RPL23AP88,0,1,0,0,False
RPL23P6,0,1,0,0,False
RPL23P8,0,1,0,0,False
RPL24,0,1,0,0,False
RPL24P2,0,1,0,0,False
RPL24P4,0,1,0,0,False
RPL24P8,0,1,0,0,False
RPL26,1,1,0,0,False
RPL26L1,0,1,0,0,False
RPL26L1-AS1,0,1,0,0,False
RPL26P19,0,1,0,0,False
RPL26P27,0,1,0,0,False
RPL26P36,0,1,0,0,False
RPL27,0,1,0,0,False
RPL27A,0,1,0,0,False
RPL28,0,1,1,0,False
RPL28P5,0,1,0,0,False
RPL29,0,1,0,0,False
RPL29P11,0,1,0,0,False
RPL29P24,0,1,0,0,False
RPL29P4,0,1,0,0,False
RPL3,0,1,1,0,False
RPL30,0,1,1,0,False
RPL30-AS1,0,1,0,0,False
RPL30P11,0,1,0,0,False
RPL30P4,0,1,0,0,False
RPL31,0,1,0,0,False
RPL31P12,0,1,0,0,False
RPL31P17,0,1,0,0,False
RPL31P2,0,1,0,0,False
RPL31P4,0,1,0,0,False
RPL31P57,0,1,0,0,False
RPL32,0,1,0,0,False
RPL32P16,0,1,0,0,False
RPL32P18,0,1,0,0,False
RPL32P3,0,1,0,0,False
RPL34,0,1,0,0,False
RPL34P27,0,1,0,0,False
RPL34P34,0,1,0,0,False
RPL35,0,1,0,0,False
RPL35A,0,1,0,0,False
RPL35AP21,0,1,0,0,False
RPL35P1,0,1,0,0,False
RPL35P2,0,1,0,0,False
RPL36,0,1,0,0,False
RPL36A,1,1,0,0,False
RPL36A-HNRNPH2,0,1,0,0,False
RPL36AL,0,1,0,0,False
RPL36AP25,0,1,0,0,False
RPL36AP37,0,1,0,0,False
RPL36AP8,0,1,0,0,False
RPL36P2,0,1,0,0,False
RPL37,0,1,0,0,False
RPL37A,0,1,0,0,False
RPL37AP1,0,1,0,0,False
RPL37AP8,0,1,0,0,False
RPL37P2,0,1,0,0,False
RPL37P23,0,1,0,0,False
RPL38,0,1,0,0,False
RPL39,0,1,0,0,False
RPL39L,0,1,0,0,False
RPL39P15,0,1,0,0,False
RPL39P3,0,1,0,0,False
RPL39P5,0,1,0,0,False
RPL3P1,0,1,0,0,False
RPL3P10,0,1,0,0,False
RPL3P2,0,1,0,0,False
RPL3P4,0,1,0,0,False
RPL3P7,0,1,0,0,False
RPL3P9,0,1,0,0,False
RPL4,0,1,0,0,False
RPL41,0,1,0,0,False
RPL41P1,0,1,0,0,False
RPL41P2,0,1,0,0,False
RPL4P2,0,1,0,0,False
RPL4P3,0,1,0,0,False
RPL4P4,0,1,0,0,False
RPL4P5,0,1,0,0,False
RPL5,0,1,0,0,False
RPL5P1,0,1,0,0,False
RPL5P17,0,1,0,0,False
RPL5P24,0,1,0,0,False
RPL5P34,0,1,0,0,False
RPL5P4,0,1,0,0,False
RPL5P9,0,1,0,0,False
RPL6,0,1,0,0,False
RPL6P10,0,1,0,0,False
RPL6P13,0,1,0,0,False
RPL6P19,0,1,0,0,False
RPL6P25,0,1,0,0,False
RPL6P27,0,1,0,0,False
RPL7,0,1,0,0,False
RPL7A,0,1,1,0,False
RPL7AP18,0,1,0,0,False
RPL7AP20,0,1,0,0,False
RPL7AP30,0,1,0,0,False
RPL7AP6,0,1,0,0,False
RPL7AP66,0,1,0,0,False
RPL7AP82,0,1,0,0,False
RPL7L1,0,1,0,0,False
RPL7L1P21,0,1,0,0,False
RPL7P1,0,1,0,0,False
RPL7P15,0,1,0,0,False
RPL7P2,0,1,0,0,False
RPL7P23,0,1,0,0,False
RPL7P26,0,1,0,0,False
RPL7P32,0,1,0,0,False
RPL7P44,0,1,0,0,False
RPL7P56,0,1,0,0,False
RPL7P9,0,1,0,0,False
RPL8,0,1,0,0,False
RPL8P5,0,1,0,0,False
RPL9,0,1,0,0,False
RPL9P18,0,1,0,0,False
RPL9P28,0,1,0,0,False
RPL9P3,0,1,0,0,False
RPL9P32,0,1,0,0,False
RPL9P7,0,1,0,0,False
RPLP0,0,1,0,0,False
RPLP0P2,0,1,0,0,False
RPLP0P6,0,1,0,0,False
RPLP0P9,0,1,0,0,False
RPLP1,0,1,1,0,False
RPLP1P6,0,1,0,0,False
RPLP2,0,1,0,0,False
RPN1,0,1,0,0,False
RPN2,0,1,0,0,False
RPP21,0,1,0,0,False
RPP25,0,1,0,0,False
RPP25L,0,1,0,0,False
RPP30,0,1,0,0,False
RPP38,0,1,0,0,False
RPP40,0,1,0,0,False
RPRD1A,0,1,0,0,False
RPRD1B,0,1,0,0,False
RPRD2,0,1,0,0,False
RPRM,1,1,0,0,False
RPRML,0,1,0,0,False
RPS10,0,1,0,0,False
RPS10-NUDT3,0,1,0,0,False
RPS10P2,0,1,0,0,False
RPS10P28,0,1,0,0,False
RPS10P3,0,1,0,0,False
RPS10P7,0,1,0,0,False
RPS11,0,1,0,0,False
RPS11P5,0,1,0,0,False
RPS12,0,1,0,0,False
RPS12P23,0,1,0,0,False
RPS12P26,0,1,0,0,False
RPS12P3,0,1,0,0,False
RPS13,0,1,0,0,False
RPS13P2,0,1,0,0,False
RPS14,0,1,1,0,False
RPS14P8,0,1,0,0,False
RPS15,0,1,0,0,False
RPS15A,0,1,0,0,False
RPS15AP12,0,1,0,0,False
RPS15AP19,0,1,0,0,False
RPS15AP24,0,1,0,0,False
RPS15AP9,0,1,0,0,False
RPS15P4,0,1,0,0,False
RPS16,0,1,0,0,False
RPS17,0,1,0,0,False
RPS17P16,0,1,0,0,False
RPS17P2,0,1,0,0,False
RPS18,0,1,1,0,False
RPS18P5,0,1,0,0,False
RPS19,0,1,0,0,False
RPS19BP1,0,1,0,0,False
RPS19P1,0,1,0,0,False
RPS2,0,1,1,0,False
RPS20,0,1,0,0,False
RPS20P14,0,1,0,0,False
RPS20P22,0,1,0,0,False
RPS21,0,1,0,0,False
RPS21-DT,0,1,0,0,False
RPS21P4,0,1,0,0,False
RPS23,0,1,0,0,False
RPS23P8,0,1,0,0,False
RPS24,0,1,1,0,False
RPS24P17,0,1,0,0,False
RPS24P19,0,1,0,0,False
RPS24P8,0,1,0,0,False
RPS25,0,1,0,0,False
RPS26,0,1,0,0,False
RPS26P11,0,1,0,0,False
RPS26P15,0,1,0,0,False
RPS26P3,0,1,0,0,False
RPS26P31,0,1,0,0,False
RPS26P47,0,1,0,0,False
RPS26P58,0,1,0,0,False
RPS26P6,0,1,0,0,False
RPS27,0,1,0,0,False
RPS27A,0,1,1,0,False
RPS27AP1,0,1,0,0,False
RPS27AP16,0,1,0,0,False
RPS27AP2,0,1,0,0,False
RPS27AP5,0,1,0,0,False
RPS27L,0,1,0,0,False
RPS27P17,0,1,0,0,False
RPS27P19,0,1,0,0,False
RPS27P29,0,1,0,0,False
RPS27P3,0,1,0,0,False
RPS27P4,0,1,0,0,False
RPS27P6,0,1,0,0,False
RPS27P7,0,1,0,0,False
RPS27P8,0,1,0,0,False
RPS27P9,0,1,0,0,False
RPS28,0,1,0,0,False
RPS28P4,0,1,0,0,False
RPS28P7,0,1,0,0,False
RPS29,0,1,0,0,False
RPS2P29,0,1,0,0,False
RPS2P32,0,1,0,0,False
RPS2P46,0,1,0,0,False
RPS2P5,0,1,0,0,False
RPS2P55,0,1,0,0,False
RPS2P7,0,1,0,0,False
RPS3,0,1,0,0,False
RPS3A,0,1,0,0,False
RPS3AP18,0,1,0,0,False
RPS3AP20,0,1,0,0,False
RPS3AP21,0,1,0,0,False
RPS3AP25,0,1,0,0,False
RPS3AP26,0,1,0,0,False
RPS3AP28,0,1,0,0,False
RPS3AP44,0,1,0,0,False
RPS3AP47,0,1,0,0,False
RPS3AP5,0,1,0,0,False
RPS3AP53,0,1,0,0,False
RPS3AP6,0,1,0,0,False
RPS4X,0,1,1,0,False
RPS4XP11,0,1,0,0,False
RPS4XP17,0,1,0,0,False
RPS4XP6,0,1,0,0,False
RPS4Y1,0,1,0,0,False
RPS5,0,1,0,0,False
RPS6,0,1,0,0,False
RPS6KA1,0,1,0,0,False
RPS6KA2,0,1,0,0,False
RPS6KA3,0,1,0,0,False
RPS6KA4,0,1,0,0,False
RPS6KA5,0,1,0,0,False
RPS6KA6,0,1,0,0,False
RPS6KB1,0,1,0,0,False
RPS6KB2,0,1,0,0,False
RPS6KC1,0,1,0,0,False
RPS6KL1,0,1,0,0,False
RPS7,0,1,0,0,False
RPS7P1,0,1,0,0,False
RPS7P10,0,1,0,0,False
RPS7P11,0,1,0,0,False
RPS8,0,1,0,0,False
RPS8P10,0,1,0,0,False
RPS9,0,1,0,0,False
RPS9P2,0,1,0,0,False
RPSA,0,1,0,0,False
RPSAP12,0,1,0,0,False
RPSAP14,0,1,0,0,False
RPSAP17,0,1,0,0,False
RPSAP19,0,1,0,0,False
RPSAP27,0,1,0,0,False
RPSAP5,0,1,0,0,False
RPSAP52,0,1,0,0,False
RPSAP61,0,1,0,0,False
RPSAP76,0,1,0,0,False
RPSAP8,0,1,0,0,False
RPSAP9,0,1,0,0,False
RPTOR,0,1,0,0,False
RPUSD1,0,1,0,0,False
RPUSD2,0,1,0,0,False
RPUSD3,0,1,0,0,False
RPUSD4,0,1,0,0,False
RRAD,0,1,0,0,False
RRAGA,0,1,0,0,False
RRAGB,0,1,0,0,False
RRAGC,0,1,0,0,False
RRAGC-DT,0,1,0,0,False
RRAGD,0,1,0,0,False
RRAS,0,1,0,0,False
RRAS2,0,1,0,0,False
RRBP1,0,1,0,0,False
RREB1,1,1,0,0,False
RRM1,0,1,0,0,False
RRM2,0,1,0,0,False
RRM2B,0,1,0,0,False
RRN3,0,1,0,0,False
RRN3P1,0,1,0,0,False
RRP1,0,1,0,0,False
RRP12,0,1,0,0,False
RRP15,0,1,0,0,False
RRP1B,0,1,0,0,False
RRP36,0,1,0,0,False
RRP7A,0,1,0,0,False
RRP7BP,0,1,0,0,False
RRP8,0,1,0,0,False
RRP9,0,1,0,0,False
RRS1,0,1,0,0,False
RS1,0,1,0,0,False
RSAD1,0,1,0,0,False
RSAD2,0,1,0,0,False
RSBN1,0,1,0,0,False
RSBN1L,0,1,0,0,False
RSF1,0,1,0,0,False
RSKR,0,1,0,0,False
RSL1D1,0,1,0,0,False
RSL1D1-DT,0,1,0,0,False
RSL24D1,0,1,0,0,False
RSPH1,1,1,0,0,False
RSPH10B,0,1,0,0,False
RSPH10B2,0,1,0,0,False
RSPH14,0,1,0,0,False
RSPH3,0,1,0,0,False
RSPH4A,0,1,0,0,False
RSPH9,0,1,0,0,False
RSPO2,0,1,0,0,False
RSPO3,1,1,0,0,False
RSPRY1,0,1,0,0,False
RSRC1,0,1,0,0,False
RSRC2,0,1,0,0,False
RSRP1,0,1,0,0,False
RSU1,0,1,0,0,False
RTBDN,0,1,0,0,False
RTCA,0,1,0,0,False
RTCA-AS1,0,1,0,0,False
RTCB,0,1,0,0,False
RTEL1,0,1,0,0,False
RTEL1-TNFRSF6B,0,1,0,0,False
RTF1,0,1,0,0,False
RTF2,0,1,0,0,False
RTKN,0,1,0,0,False
RTKN2,1,1,0,1,False
RTL10,0,1,0,0,False
RTL5,0,1,0,0,False
RTL6,0,1,0,0,False
RTL8A,0,1,0,0,False
RTL8B,0,1,0,0,False
RTL8C,0,1,0,0,False
RTN1,0,1,0,0,False
RTN2,0,1,0,0,False
RTN3,0,1,0,0,False
RTN4,0,1,0,0,False
RTN4IP1,0,1,0,0,False
RTN4RL1,0,1,0,0,False
RTN4RL2,0,1,0,0,False
RTP4,0,1,0,0,False
RTRAF,0,1,0,0,False
RTTN,0,1,0,0,False
RUBCN,0,1,0,0,False
RUBCNL,0,1,0,0,False
RUFY1,0,1,0,0,False
RUFY2,0,1,0,0,False
RUFY3,0,1,0,0,False
RUFY4,0,1,0,0,False
RUNDC1,0,1,0,0,False
RUNDC3A,0,1,0,0,False
RUNDC3B,0,1,0,0,False
RUNX1,0,1,0,0,False
RUNX1-AS1,0,1,0,0,False
RUNX1T1,0,1,0,0,False
RUNX2,0,1,0,0,False
RUNX3,1,1,0,0,False
RUNX3-AS1,0,1,0,0,False
RUSC1,0,1,0,0,False
RUSC1-AS1,0,1,0,0,False
RUSC2,0,1,0,0,False
RUSF1,0,1,0,0,False
RUSF1-DT,0,1,0,0,False
RUVBL1,0,1,0,0,False
RUVBL2,0,1,0,0,False
RWDD1,0,1,0,0,False
RWDD2B,0,1,0,0,False
RWDD3,0,1,0,0,False
RWDD3-DT,0,1,0,0,False
RWDD4,0,1,0,0,False
RXFP1,1,1,0,1,False
RXFP2,1,0,0,0,False
RXRA,1,1,0,0,False
RXRB,0,1,0,0,False
RXRG,1,1,0,0,False
RXYLT1,0,1,0,0,False
RYBP,0,1,0,0,False
RYK,0,1,0,0,False
RYR1,0,1,0,0,False
RYR2,0,1,0,0,False
RYR3,0,1,0,0,False
S100,1,0,0,0,False
S100A1,0,1,0,0,False
S100A10,0,1,0,0,False
S100A11,0,1,1,0,False
S100A12,1,1,0,1,False
S100A13,0,1,0,0,False
S100A14,1,1,0,1,False
S100A16,0,1,0,0,False
S100A2,1,1,0,0,False
S100A3,0,1,0,0,False
S100A4,1,1,0,0,False
S100A5,0,1,0,0,False
S100A6,1,1,1,0,False
S100A7,0,1,0,0,False
S100A7A,0,1,0,0,False
S100A8,1,1,1,1,True
S100A9,1,1,1,0,False
S100B,1,1,0,0,False
S100P,0,1,0,0,False
S100PBP,0,1,0,0,False
S100Z,1,1,0,0,False
S1PR1,1,1,0,0,False
S1PR2,0,1,0,0,False
S1PR3,0,1,0,0,False
S1PR4,0,1,0,0,False
S1PR5,0,1,0,0,False
SAA1,1,1,0,0,False
SAA2,0,1,0,0,False
SAA2-SAA4,0,1,0,0,False
SAAL1,0,1,0,0,False
SAC3D1,0,1,0,0,False
SACM1L,0,1,0,0,False
SACS,0,1,0,0,False
SAE1,0,1,0,0,False
SAFB,0,1,0,0,False
SAFB2,0,1,0,0,False
SAG,1,1,0,0,False
SALL1,0,1,0,0,False
SALL2,0,1,0,0,False
SALL3,1,1,0,0,False
SALL4,0,1,0,0,False
SAMD1,0,1,0,0,False
SAMD10,0,1,0,0,False
SAMD11,0,1,0,0,False
SAMD12,0,1,0,0,False
SAMD13,0,1,0,0,False
SAMD14,0,1,0,0,False
SAMD15,0,1,0,0,False
SAMD3,1,1,0,0,False
SAMD4A,0,1,0,0,False
SAMD4A-AS1,0,1,0,0,False
SAMD4B,0,1,0,0,False
SAMD5,0,1,0,0,False
SAMD7,0,1,0,0,False
SAMD8,0,1,0,0,False
SAMD9,0,1,0,0,False
SAMD9L,0,1,0,0,False
SAMHD1,0,1,1,0,False
SAMM50,0,1,0,0,False
SAMM50P1,0,1,0,0,False
SAMSN1,0,1,1,0,False
SANBR,0,1,0,0,False
SAP130,0,1,0,0,False
SAP18,0,1,0,0,False
SAP25,0,1,0,0,False
SAP30,0,1,0,0,False
SAP30-DT,0,1,0,0,False
SAP30BP,0,1,0,0,False
SAP30L-AS1,0,1,0,0,False
SAPCD1,0,1,0,0,False
SAPCD1-AS1,0,1,0,0,False
SAPCD2,0,1,0,0,False
SAR1A,0,1,0,0,False
SAR1B,0,1,0,0,False
SARAF,0,1,0,0,False
SARNP,0,1,0,0,False
SARS1,0,1,0,0,False
SARS2,0,1,0,0,False
SART1,0,1,0,0,False
SART3,0,1,0,0,False
SASH1,0,1,0,0,False
SASH3,0,1,0,0,False
SASS6,0,1,0,0,False
SAT1,0,1,0,0,False
SAT2,0,1,0,0,False
SATB1,0,1,0,0,False
SATB1-AS1,1,1,0,0,False
SATB2,1,1,0,0,False
SAV1,0,1,0,0,False
SAXO1,0,1,0,0,False
SAXO2,0,1,0,0,False
SAXO4,0,1,0,0,False
SAYSD1,0,1,0,0,False
SBDS,0,1,0,0,False
SBF1,0,1,0,0,False
SBF2,0,1,0,0,False
SBF2-AS1,0,1,0,0,False
SBK1,0,1,0,0,False
SBK3,0,1,0,0,False
SBNO1,0,1,0,0,False
SBNO1-AS1,0,1,0,0,False
SBNO2,0,1,0,0,False
SBSN,0,1,0,0,False
SBSPON,0,1,0,0,False
SC5D,0,1,0,0,False
SCAF1,0,1,0,0,False
SCAF11,0,1,0,0,False
SCAF4,0,1,0,0,False
SCAF8,0,1,0,0,False
SCAI,0,1,0,0,False
SCAMP1,0,1,0,0,False
SCAMP1-AS1,0,1,0,0,False
SCAMP2,0,1,0,0,False
SCAMP3,0,1,0,0,False
SCAMP4,0,1,0,0,False
SCAMP5,0,1,0,0,False
SCAND1,0,1,0,0,False
SCAND3,0,1,0,0,False
SCAP,0,1,0,0,False
SCAPER,0,1,0,0,False
SCARA3,0,1,0,0,False
SCARA5,1,1,0,1,False
SCARB1,0,1,0,0,False
SCARB2,0,1,0,0,False
SCARF1,0,1,0,0,False
SCARF2,0,1,0,0,False
SCARNA5,0,1,0,0,False
SCARNA9,0,1,0,0,False
SCART1,1,1,0,0,False
SCAT1,0,1,0,0,False
SCAT2,0,1,0,0,False
SCCPDH,0,1,0,0,False
SCD,0,1,0,0,False
SCD5,0,1,0,0,False
SCEL,1,1,0,1,False
SCFD1,0,1,0,0,False
SCFD2,0,1,0,0,False
SCG2,1,1,0,1,False
SCG3,0,1,0,1,False
SCG5,0,1,0,0,False
SCGB1A1,1,1,0,0,False
SCGB1B2P,0,1,0,0,False
SCGB1C2,0,1,0,0,False
SCGB1D2,0,1,0,0,False
SCGB2A1,0,1,0,0,False
SCGB2A2,1,1,0,0,False
SCGB2B2,0,1,0,0,False
SCGB3A1,1,1,0,0,False
SCGB3A2,1,1,0,1,False
SCGN,1,1,0,0,False
SCHIP1,0,1,0,0,False
SCHLAP1,1,1,0,0,False
SCIMP,0,1,0,0,False
SCIN,1,1,0,0,False
SCLT1,0,1,0,0,False
SCLY,0,1,0,0,False
SCMH1,0,1,0,0,False
SCML1,0,1,0,0,False
SCML2,0,1,0,0,False
SCML4,0,1,0,0,False
SCN11A,1,1,0,0,False
SCN1A,1,1,0,0,False
SCN1A-AS1,0,1,0,0,False
SCN1B,0,1,0,0,False
SCN2A,1,1,1,0,False
SCN3A,0,1,0,1,False
SCN3B,0,1,0,0,False
SCN4B,0,1,0,0,False
SCN5A,1,1,0,0,False
SCN7A,0,1,0,0,False
SCN9A,1,1,0,0,False
SCNM1,0,1,0,0,False
SCNN1A,0,1,0,0,False
SCNN1B,0,1,0,0,False
SCNN1G,1,1,1,0,False
SCO1,0,1,0,0,False
SCO2,0,1,0,0,False
SCOC,0,1,0,0,False
SCOC-AS1,0,1,0,0,False
SCP2,0,1,0,0,False
SCPEP1,0,1,0,0,False
SCRG1,0,1,0,0,False
SCRN1,0,1,0,0,False
SCRN2,0,1,0,0,False
SCRN3,0,1,0,0,False
SCT,0,1,0,0,False
SCTR,1,1,0,0,False
SCUBE1,0,1,0,0,False
SCUBE2,0,1,0,0,False
SCX,1,1,0,0,False
SCYL1,0,1,0,0,False
SCYL2,0,1,0,0,False
SCYL3,0,1,0,0,False
SDAD1,0,1,0,0,False
SDAD1-AS1,0,1,0,0,False
SDC1,1,1,0,1,False
SDC2,0,1,0,0,False
SDC3,0,1,0,0,False
SDC4,0,1,0,0,False
SDCBP,0,1,0,0,False
SDCBP2,0,1,0,0,False
SDCCAG8,0,1,0,0,False
SDE2,0,1,0,0,False
SDF2,0,1,0,0,False
SDF2L1,0,1,0,0,False
SDF4,0,1,0,0,False
SDHA,0,1,0,0,False
SDHAF1,0,1,0,0,False
SDHAF2,0,1,0,0,False
SDHAF3,0,1,0,0,False
SDHAF4,0,1,0,0,False
SDHAP1,0,1,0,0,False
SDHAP3,0,1,0,0,False
SDHB,0,1,0,0,False
SDHC,0,1,0,0,False
SDHD,0,1,0,0,False
SDK1,0,1,0,0,False
SDK2,0,1,0,0,False
SDR16C5,0,1,0,0,False
SDR39U1,0,1,0,0,False
SDR42E1,0,1,0,0,False
SDR42E2,0,1,0,0,False
SDS,0,1,0,0,False
SDSL,0,1,0,0,False
SEC11A,0,1,0,0,False
SEC11C,1,1,0,0,False
SEC13,0,1,0,0,False
SEC14L1,0,1,0,0,False
SEC14L5,0,1,0,0,False
SEC16A,0,1,0,0,False
SEC16B,1,0,0,0,False
SEC1P,0,1,0,0,False
SEC22A,0,1,0,0,False
SEC22B,0,1,0,0,False
SEC22C,0,1,0,0,False
SEC23A,0,1,0,0,False
SEC23B,0,1,0,0,False
SEC23IP,0,1,0,0,False
SEC24A,0,1,0,0,False
SEC24B,0,1,0,0,False
SEC24B-AS1,0,1,0,0,False
SEC24C,0,1,0,0,False
SEC24D,0,1,0,0,False
SEC31A,0,1,0,0,False
SEC31B,0,1,0,0,False
SEC61A1,0,1,0,0,False
SEC61B,0,1,0,0,False
SEC61G,0,1,0,0,False
SEC62,0,1,0,0,False
SEC63,0,1,0,0,False
SECISBP2,0,1,0,0,False
SECISBP2L,0,1,0,0,False
SECTM1,0,1,0,0,False
SEH1L,0,1,0,0,False
SEL1L,0,1,0,0,False
SEL1L3,0,1,1,0,False
SELE,1,1,0,0,False
SELENBP1,1,1,0,0,False
SELENOF,0,1,0,0,False
SELENOH,0,1,0,0,False
SELENOI,0,1,0,0,False
SELENOK,0,1,0,0,False
SELENOKP1,0,1,0,0,False
SELENOM,0,1,0,0,False
SELENON,0,1,0,0,False
SELENOO,0,1,0,0,False
SELENOP,1,1,0,0,False
SELENOS,0,1,0,0,False
SELENOT,0,1,0,0,False
SELENOTP1,0,1,0,0,False
SELENOW,0,1,0,0,False
SELL,1,1,0,1,False
SELP,1,1,0,0,False
SELPLG,0,1,0,0,False
SEM1,0,1,0,0,False
SEMA3A,1,1,0,0,False
SEMA3B,1,1,0,0,False
SEMA3B-AS1,0,1,0,0,False
SEMA3C,1,1,0,0,False
SEMA3D,1,1,0,0,False
SEMA3E,1,1,0,0,False
SEMA3F,0,1,0,0,False
SEMA3G,1,1,0,0,False
SEMA4A,0,1,0,0,False
SEMA4B,0,1,0,0,False
SEMA4D,0,1,0,0,False
SEMA5A,1,1,0,0,False
SEMA5A-AS1,0,1,0,0,False
SEMA5B,0,1,0,0,False
SEMA6A,0,1,0,0,False
SEMA6A-AS1,0,1,0,0,False
SEMA6B,0,1,0,0,False
SEMA6D,1,1,0,0,False
SEMA7A,0,1,0,0,False
SEMG1,0,1,0,0,False
SEMG2,0,1,0,0,False
SENCR,0,1,0,0,False
SENP1,0,1,0,0,False
SENP2,0,1,0,0,False
SENP3,0,1,0,0,False
SENP3-EIF4A1,0,1,0,0,False
SENP5,0,1,0,0,False
SENP6,0,1,0,0,False
SENP7,0,1,0,0,False
SENP8,0,1,0,0,False
SEPHS1,0,1,0,0,False
SEPHS2,0,1,0,0,False
SEPP1,1,0,0,0,False
SEPSECS,0,1,0,0,False
SEPSECS-AS1,0,1,0,0,False
SEPT9,0,1,0,0,False
SEPTIN1,0,1,0,0,False
SEPTIN10,0,1,0,0,False
SEPTIN11,0,1,0,0,False
SEPTIN14P19,0,1,0,0,False
SEPTIN14P23,0,1,0,0,False
SEPTIN14P6,0,1,0,0,False
SEPTIN2,0,1,0,0,False
SEPTIN3,0,1,0,0,False
SEPTIN4,0,1,0,0,False
SEPTIN5,0,1,0,0,False
SEPTIN6,0,1,0,0,False
SEPTIN7,0,1,0,0,False
SEPTIN7P2,0,1,0,0,False
SEPTIN7P7,0,1,0,0,False
SEPTIN8,0,1,0,0,False
SEPTIN9,0,1,0,0,False
SERAC1,0,1,0,0,False
SERBP1,0,1,0,0,False
SERF1B,0,1,0,0,False
SERF2,0,1,0,0,False
SERGEF,0,1,0,0,False
SERHL2,0,1,0,0,False
SERINC1,0,1,0,0,False
SERINC2,0,1,0,0,False
SERINC3,0,1,0,0,False
SERINC4,0,1,0,0,False
SERINC5,0,1,0,0,False
SERP1,0,1,0,0,False
SERPINA1,0,1,0,0,False
SERPINA11,0,1,0,0,False
SERPINA12,0,1,0,0,False
SERPINA3,0,1,0,0,False
SERPINA4,0,1,0,0,False
SERPINA5,0,1,0,0,False
SERPINA6,0,1,0,0,False
SERPINB1,1,1,0,0,False
SERPINB10,0,1,0,0,False
SERPINB11,0,1,0,0,False
SERPINB13,0,1,0,0,False
SERPINB2,0,1,0,0,False
SERPINB3,0,1,0,0,False
SERPINB4,0,1,0,0,False
SERPINB5,0,1,0,1,False
SERPINB6,0,1,0,0,False
SERPINB7,0,1,0,0,False
SERPINB8,0,1,0,0,False
SERPINB9,0,1,0,0,False
SERPINB9P1,0,1,0,0,False
SERPINC1,0,1,0,0,False
SERPIND1,0,1,0,0,False
SERPINE1,0,1,0,0,False
SERPINE2,1,1,0,0,False
SERPINE3,0,1,0,0,False
SERPINF1,1,1,0,0,False
SERPINF2,0,1,0,0,False
SERPING1,0,1,0,0,False
SERPINH1,0,1,0,0,False
SERPINI1,0,1,0,0,False
SERPINI2,0,1,0,0,False
SERTAD1,0,1,0,0,False
SERTAD2,0,1,0,0,False
SERTAD3,0,1,0,0,False
SERTAD4,0,1,0,0,False
SERTM1,0,1,0,0,False
SESN1,0,1,0,0,False
SESN2,0,1,0,0,False
SESN3,0,1,0,0,False
SESTD1,0,1,0,0,False
SET,0,1,0,0,False
SETBP1,0,1,0,0,False
SETBP1-DT,0,1,0,0,False
SETD1A,0,1,0,0,False
SETD1B,0,1,0,0,False
SETD2,0,1,0,0,False
SETD3,0,1,0,0,False
SETD4,0,1,0,0,False
SETD5,0,1,0,0,False
SETD6,0,1,0,0,False
SETD7,0,1,0,0,False
SETD9,0,1,0,0,False
SETDB1,0,1,0,0,False
SETDB2,0,1,0,0,False
SETMAR,0,1,0,0,False
SETP8,0,1,0,0,False
SETSIP,0,1,0,0,False
SETX,0,1,0,0,False
SEZ6,0,1,0,0,False
SEZ6L,0,1,0,0,False
SEZ6L2,0,1,0,0,False
SF1,0,1,0,0,False
SF3A1,0,1,0,0,False
SF3A2,0,1,0,0,False
SF3A3,0,1,0,0,False
SF3B1,0,1,0,0,False
SF3B2,0,1,0,0,False
SF3B3,0,1,0,0,False
SF3B4,0,1,0,0,False
SF3B5,0,1,0,0,False
SF3B6,0,1,0,0,False
SFI1,0,1,0,0,False
SFMBT1,0,1,0,0,False
SFMBT2,0,1,0,0,False
SFN,1,1,0,1,False
SFPQ,0,1,0,0,False
SFR1,0,1,0,0,False
SFRP1,1,1,0,1,False
SFRP2,0,1,0,1,False
SFRP4,0,1,0,0,False
SFRP5,0,1,0,0,False
SFSWAP,0,1,0,0,False
SFT2D1,0,1,0,0,False
SFT2D2,0,1,0,0,False
SFT2D3,0,1,0,0,False
SFTA1P,0,1,0,0,False
SFTA2,1,1,0,0,False
SFTA3,0,1,0,0,False
SFTPA1,0,1,0,0,False
SFTPA2,1,1,0,0,False
SFTPB,0,1,0,1,False
SFTPC,1,1,0,0,False
SFTPD,0,1,0,0,False
SFTPD-AS1,0,1,0,0,False
SFXN1,0,1,0,0,False
SFXN2,0,1,0,0,False
SFXN3,0,1,0,0,False
SFXN4,0,1,0,0,False
SFXN5,0,1,0,0,False
SGCA,0,1,0,0,False
SGCB,0,1,0,0,False
SGCD,0,1,0,0,False
SGCE,0,1,0,0,False
SGCG,0,1,0,0,False
SGCZ,0,1,0,0,False
SGF29,0,1,0,0,False
SGIP1,0,1,0,0,False
SGK1,0,1,0,0,False
SGK2,0,1,0,0,False
SGK3,0,1,0,0,False
SGMS1,0,1,0,0,False
SGMS1-AS1,0,1,0,0,False
SGMS2,1,1,0,0,False
SGO1,0,1,0,0,False
SGO1-AS1,1,1,0,0,False
SGO1P2,0,1,0,0,False
SGO2,0,1,0,0,False
SGPL1,0,1,0,0,False
SGPP1,0,1,0,0,False
SGPP2,0,1,0,0,False
SGSH,0,1,0,0,False
SGSM1,0,1,0,0,False
SGSM3,0,1,0,0,False
SGSM3-AS1,0,1,0,0,False
SGTA,0,1,0,0,False
SGTB,0,1,0,0,False
SH2B1,0,1,0,0,False
SH2B2,0,1,0,0,False
SH2B3,0,1,0,0,False
SH2D1A,0,1,0,1,False
SH2D1B,0,1,0,0,False
SH2D2A,0,1,0,0,False
SH2D3A,0,1,0,0,False
SH2D3C,0,1,0,0,False
SH2D4A,0,1,0,0,False
SH2D6,0,1,0,0,False
SH2D7,0,1,0,1,False
SH3BGR,0,1,0,0,False
SH3BGRL,0,1,0,0,False
SH3BGRL2,0,1,0,0,False
SH3BGRL3,0,1,0,0,False
SH3BP1,0,1,0,0,False
SH3BP2,0,1,0,0,False
SH3BP4,0,1,0,0,False
SH3BP5,1,1,0,0,False
SH3BP5-AS1,0,1,0,0,False
SH3BP5L,0,1,0,0,False
SH3D19,0,1,0,0,False
SH3D21,0,1,0,0,False
SH3GL1,0,1,0,0,False
SH3GL2,0,1,0,0,False
SH3GL3,1,1,0,0,False
SH3GLB1,0,1,0,0,False
SH3GLB2,0,1,0,0,False
SH3KBP1,0,1,0,0,False
SH3PXD2A,0,1,0,0,False
SH3PXD2A-AS1,0,1,0,0,False
SH3PXD2B,0,1,0,0,False
SH3RF1,0,1,0,0,False
SH3RF2,1,1,0,0,False
SH3RF3,0,1,0,0,False
SH3RF3-AS1,0,1,0,0,False
SH3TC1,1,1,0,1,False
SH3TC2,0,1,0,0,False
SH3YL1,0,1,0,0,False
SHANK1,0,1,0,0,False
SHANK2,0,1,0,0,False
SHANK3,0,1,0,0,False
SHARPIN,0,1,0,0,False
SHB,0,1,0,0,False
SHC1,0,1,0,0,False
SHC2,0,1,0,0,False
SHC3,0,1,0,1,False
SHC4,0,1,0,0,False
SHCBP1,0,1,0,0,False
SHCBP1L,0,1,0,0,False
SHD,0,1,0,0,False
SHE,0,1,0,0,False
SHF,0,1,0,0,False
SHFL,0,1,0,0,False
SHH,0,1,0,1,False
SHISA2,0,1,0,0,False
SHISA3,0,1,0,0,False
SHISA4,0,1,0,0,False
SHISA5,0,1,0,0,False
SHISA6,0,1,0,0,False
SHISA8,1,0,0,0,False
SHISA9,0,1,0,0,False
SHISAL1,0,1,0,0,False
SHISAL2A,0,1,0,0,False
SHKBP1,0,1,0,0,False
SHLD1,0,1,0,0,False
SHLD2,0,1,0,0,False
SHMT1,0,1,0,0,False
SHMT2,0,1,0,0,False
SHOC1,0,1,0,0,False
SHOC2,0,1,0,0,False
SHOX2,1,0,0,0,False
SHPK,0,1,0,0,False
SHPRH,0,1,0,0,False
SHQ1,0,1,0,0,False
SHROOM1,0,1,0,0,False
SHROOM2,0,1,0,0,False
SHROOM3,0,1,0,0,False
SHROOM3-AS1,0,1,0,0,False
SHROOM4,0,1,0,0,False
SHTN1,0,1,0,0,False
SI,1,1,0,0,False
SIAE,0,1,0,0,False
SIAH1,0,1,0,0,False
SIAH2,0,1,0,0,False
SIAH3,0,1,0,0,False
SIDT1,0,1,0,0,False
SIDT1-AS1,0,1,0,0,False
SIDT2,0,1,0,0,False
SIGIRR,0,1,0,0,False
SIGLEC1,1,1,0,1,False
SIGLEC10,0,1,0,0,False
SIGLEC14,0,1,0,0,False
SIGLEC15,0,1,0,0,False
SIGLEC5,0,1,0,0,False
SIGLEC6,1,1,1,0,False
SIGLEC7,0,1,0,0,False
SIGLEC8,0,1,0,0,False
SIGLEC9,0,1,0,0,False
SIGLECL1,0,1,0,0,False
SIGMAR1,0,1,0,0,False
SIK1,0,1,0,0,False
SIK2,0,1,0,0,False
SIK3,0,1,0,0,False
SIKE1,0,1,0,0,False
SIL1,0,1,0,0,False
SIM1,1,1,0,0,False
SIM2,0,1,0,1,False
SIMC1,0,1,0,0,False
SIN3A,0,1,0,0,False
SIN3B,0,1,0,0,False
SINHCAF,0,1,0,0,False
SIPA1,0,1,0,0,False
SIPA1L1,0,1,0,0,False
SIPA1L2,0,1,0,0,False
SIPA1L3,0,1,0,0,False
SIRLNT,0,1,0,0,False
SIRPA,1,1,0,0,False
SIRPB1,0,1,0,0,False
SIRPB2,0,1,0,0,False
SIRPG,0,1,0,0,False
SIRT1,0,1,0,1,False
SIRT2,0,1,0,0,False
SIRT3,0,1,0,0,False
SIRT4,0,1,0,0,False
SIRT5,0,1,0,0,False
SIRT6,0,1,0,0,False
SIRT7,0,1,0,0,False
SIT1,0,1,0,0,False
SIVA1,0,1,0,0,False
SIX1,0,1,0,0,False
SIX3,1,0,0,0,False
SIX4,0,1,0,0,False
SIX5,0,1,0,0,False
SKA1,0,1,0,0,False
SKA2,0,1,0,0,False
SKA3,0,1,0,0,False
SKAP1,0,1,1,0,False
SKAP1-AS1,0,1,0,0,False
SKAP2,0,1,0,0,False
SKI,0,1,0,0,False
SKIC2,0,1,0,0,False
SKIC3,0,1,0,0,False
SKIC8,0,1,0,0,False
SKIL,0,1,0,0,False
SKP1,0,1,0,0,False
SLA,0,1,0,0,False
SLA2,0,1,0,0,False
SLAIN1,0,1,0,0,False
SLAIN2,0,1,0,0,False
SLAMF1,0,1,0,0,False
SLAMF6,0,1,0,0,False
SLAMF7,0,1,0,0,False
SLAMF8,0,1,0,0,False
SLAMF9,0,1,0,0,False
SLBP,0,1,0,0,False
SLC10A1,0,1,0,0,False
SLC10A3,0,1,0,0,False
SLC10A6,0,1,0,0,False
SLC10A7,0,1,0,0,False
SLC11A1,0,1,0,0,False
SLC11A2,0,1,0,0,False
SLC12A1,1,1,1,0,False
SLC12A2,0,1,0,0,False
SLC12A2-DT,0,1,0,0,False
SLC12A3,1,1,1,0,False
SLC12A4,0,1,0,0,False
SLC12A5,0,1,0,0,False
SLC12A5-AS1,0,1,0,0,False
SLC12A6,0,1,0,0,False
SLC12A7,0,1,0,0,False
SLC12A8,0,1,0,0,False
SLC12A9,0,1,0,0,False
SLC12A9-AS1,0,1,0,0,False
SLC13A1,1,1,0,0,False
SLC13A2,0,1,0,0,False
SLC13A3,1,1,1,0,False
SLC13A5,0,1,0,0,False
SLC14A1,1,1,0,0,False
SLC14A2,1,1,1,0,False
SLC14A2-AS1,0,1,0,0,False
SLC15A1,0,1,0,1,False
SLC15A2,0,1,0,0,False
SLC15A3,0,1,0,0,False
SLC15A4,0,1,0,0,False
SLC15A5,0,1,0,0,False
SLC16A1,1,1,0,0,False
SLC16A1-AS1,0,1,0,0,False
SLC16A10,0,1,0,0,False
SLC16A11,0,1,0,0,False
SLC16A12,0,1,0,0,False
SLC16A14,0,1,0,0,False
SLC16A2,0,1,0,0,False
SLC16A3,0,1,0,0,False
SLC16A4,0,1,0,0,False
SLC16A5,0,1,0,0,False
SLC16A6,0,1,0,0,False
SLC16A7,0,1,0,0,False
SLC16A8,0,1,0,0,False
SLC16A9,0,1,1,0,False
SLC17A1,1,1,1,0,False
SLC17A3,0,1,0,0,False
SLC17A5,0,1,0,0,False
SLC17A6,1,0,0,0,False
SLC17A7,0,1,0,0,False
SLC17A8,1,0,0,0,False
SLC17A9,0,1,0,0,False
SLC18A2,1,1,1,0,False
SLC18A2-AS1,0,1,0,0,False
SLC18A3,1,0,0,0,False
SLC18B1,0,1,0,0,False
SLC19A1,1,1,0,0,False
SLC19A2,0,1,0,0,False
SLC19A3,0,1,0,0,False
SLC1A1,0,1,0,1,False
SLC1A2,1,1,0,0,False
SLC1A3,1,1,0,0,False
SLC1A3-AS1,0,1,0,0,False
SLC1A4,0,1,0,0,False
SLC1A5,0,1,0,0,False
SLC1A6,0,1,0,0,False
SLC1A7,0,1,0,0,False
SLC20A1,0,1,0,0,False
SLC20A2,0,1,0,0,False
SLC22A10,0,1,0,0,False
SLC22A11,0,1,0,0,False
SLC22A12,0,1,0,0,False
SLC22A15,0,1,0,0,False
SLC22A16,0,1,0,0,False
SLC22A17,0,1,0,0,False
SLC22A18,0,1,0,0,False
SLC22A2,0,1,0,0,False
SLC22A23,0,1,0,0,False
SLC22A24,0,1,0,0,False
SLC22A25,0,1,0,0,False
SLC22A3,1,1,0,0,False
SLC22A31,0,1,0,1,False
SLC22A4,0,1,0,0,False
SLC22A5,0,1,0,0,False
SLC22A6,1,1,0,0,False
SLC22A7,1,1,0,0,False
SLC22A8,1,1,0,0,False
SLC23A2,0,1,0,0,False
SLC24A1,0,1,0,0,False
SLC24A2,0,1,0,1,False
SLC24A3,0,1,1,0,False
SLC24A3-AS1,0,1,0,0,False
SLC24A4,0,1,0,0,False
SLC24A5,0,1,0,0,False
SLC25A1,0,1,0,0,False
SLC25A10,0,1,0,0,False
SLC25A11,0,1,0,0,False
SLC25A12,0,1,0,0,False
SLC25A13,0,1,0,0,False
SLC25A14,0,1,0,0,False
SLC25A15,0,1,0,0,False
SLC25A16,0,1,0,0,False
SLC25A17,0,1,0,0,False
SLC25A18,0,1,0,0,False
SLC25A19,0,1,0,0,False
SLC25A20,0,1,0,0,False
SLC25A21,0,1,0,0,False
SLC25A22,0,1,0,0,False
SLC25A23,0,1,0,0,False
SLC25A24,0,1,0,0,False
SLC25A25,0,1,0,0,False
SLC25A25-AS1,0,1,0,0,False
SLC25A26,0,1,0,0,False
SLC25A27,0,1,0,0,False
SLC25A28,0,1,0,0,False
SLC25A29,0,1,0,0,False
SLC25A3,0,1,0,0,False
SLC25A30,0,1,0,0,False
SLC25A30-AS1,0,1,0,0,False
SLC25A32,0,1,0,0,False
SLC25A33,0,1,0,0,False
SLC25A35,0,1,0,0,False
SLC25A36,0,1,0,0,False
SLC25A37,0,1,0,0,False
SLC25A38,0,1,0,0,False
SLC25A39,0,1,0,0,False
SLC25A4,0,1,0,0,False
SLC25A40,0,1,0,0,False
SLC25A41,0,1,0,0,False
SLC25A42,0,1,0,0,False
SLC25A43,0,1,0,0,False
SLC25A44,0,1,0,0,False
SLC25A45,0,1,0,0,False
SLC25A46,0,1,0,0,False
SLC25A48,0,1,0,0,False
SLC25A5,0,1,0,0,False
SLC25A5-AS1,0,1,0,0,False
SLC25A51,0,1,0,0,False
SLC25A53,0,1,0,0,False
SLC25A6,0,1,0,0,False
SLC26A1,0,1,0,0,False
SLC26A11,0,1,0,0,False
SLC26A2,1,1,0,0,False
SLC26A3,0,1,0,0,False
SLC26A4,1,1,0,0,False
SLC26A5,0,1,0,0,False
SLC26A6,0,1,0,0,False
SLC26A7,1,1,1,0,False
SLC26A8,0,1,0,0,False
SLC26A9,0,1,0,0,False
SLC27A1,0,1,0,0,False
SLC27A2,0,1,0,0,False
SLC27A3,0,1,0,0,False
SLC27A4,0,1,0,0,False
SLC27A5,0,1,0,0,False
SLC27A6,0,1,0,0,False
SLC28A1,0,1,0,0,False
SLC28A3,0,1,0,0,False
SLC29A1,0,1,0,0,False
SLC29A3,0,1,0,0,False
SLC29A4,0,1,0,0,False
SLC2A1,1,1,0,0,False
SLC2A10,0,1,0,0,False
SLC2A11,0,1,0,0,False
SLC2A12,0,1,0,0,False
SLC2A13,0,1,0,0,False
SLC2A14,0,1,0,0,False
SLC2A3,0,1,0,0,False
SLC2A4RG,0,1,0,0,False
SLC2A5,0,1,0,0,False
SLC2A6,0,1,0,0,False
SLC2A8,0,1,0,0,False
SLC2A9,0,1,1,0,False
SLC30A1,0,1,0,0,False
SLC30A10,0,1,0,0,False
SLC30A2,0,1,0,0,False
SLC30A3,0,1,0,0,False
SLC30A4-AS1,0,1,0,0,False
SLC30A5,0,1,0,0,False
SLC30A6,0,1,0,0,False
SLC30A6-DT,0,1,0,0,False
SLC30A7,0,1,0,0,False
SLC30A8,1,1,0,1,False
SLC30A9,0,1,0,0,False
SLC31A1,0,1,0,0,False
SLC31A2,0,1,0,0,False
SLC33A1,0,1,0,0,False
SLC34A1,1,1,0,0,False
SLC34A2,0,1,0,1,False
SLC35A1,0,1,0,0,False
SLC35A2,0,1,0,0,False
SLC35A3,0,1,0,0,False
SLC35A4,0,1,0,0,False
SLC35A5,0,1,0,0,False
SLC35B1,0,1,0,0,False
SLC35B2,0,1,0,0,False
SLC35B3,0,1,0,0,False
SLC35B4,0,1,0,0,False
SLC35C1,0,1,0,0,False
SLC35C2,0,1,0,0,False
SLC35D1,0,1,0,0,False
SLC35D2,0,1,0,0,False
SLC35E1,0,1,0,0,False
SLC35E2A,0,1,0,0,False
SLC35E2B,0,1,0,0,False
SLC35E3,0,1,0,0,False
SLC35E4,0,1,0,0,False
SLC35F1,0,1,0,0,False
SLC35F2,0,1,0,0,False
SLC35F3,1,1,0,0,False
SLC35F4,0,1,0,0,False
SLC35F5,0,1,0,0,False
SLC35F6,0,1,0,0,False
SLC35G1,0,1,0,0,False
SLC35G2,0,1,0,0,False
SLC36A1,0,1,0,0,False
SLC36A2,0,1,0,0,False
SLC36A4,0,1,0,0,False
SLC37A1,0,1,0,0,False
SLC37A2,0,1,0,0,False
SLC37A3,0,1,0,0,False
SLC37A4,0,1,0,0,False
SLC38A1,0,1,1,0,False
SLC38A10,0,1,0,0,False
SLC38A11,0,1,0,0,False
SLC38A2,0,1,0,0,False
SLC38A4,0,1,0,0,False
SLC38A4-AS1,0,1,0,0,False
SLC38A5,0,1,0,0,False
SLC38A6,0,1,0,0,False
SLC38A9,0,1,0,0,False
SLC39A1,0,1,0,0,False
SLC39A10,0,1,0,0,False
SLC39A11,0,1,0,0,False
SLC39A13,0,1,0,0,False
SLC39A13-AS1,0,1,0,0,False
SLC39A14,0,1,0,0,False
SLC39A3,0,1,0,0,False
SLC39A4,0,1,0,0,False
SLC39A5,0,1,0,0,False
SLC39A6,0,1,0,0,False
SLC39A7,0,1,0,0,False
SLC39A8,1,1,0,1,False
SLC39A9,0,1,0,0,False
SLC3A1,0,1,0,0,False
SLC3A2,0,1,0,0,False
SLC40A1,1,1,0,0,False
SLC41A1,0,1,0,0,False
SLC41A2,0,1,0,0,False
SLC41A3,0,1,0,0,False
SLC43A1,0,1,0,0,False
SLC43A2,0,1,0,0,False
SLC43A3,0,1,0,0,False
SLC44A1,0,1,0,0,False
SLC44A2,0,1,0,0,False
SLC44A3,0,1,0,0,False
SLC44A4,0,1,0,0,False
SLC44A5,1,1,0,0,False
SLC45A3,0,1,0,0,False
SLC45A4,0,1,0,0,False
SLC46A2,0,1,0,0,False
SLC46A3,0,1,0,0,False
SLC47A1,1,1,0,0,False
SLC48A1,0,1,0,0,False
SLC49A4,0,1,0,0,False
SLC4A1,1,1,0,1,False
SLC4A10,0,1,0,0,False
SLC4A11,1,1,0,0,False
SLC4A1AP,0,1,0,0,False
SLC4A2,0,1,0,0,False
SLC4A3,0,1,0,0,False
SLC4A4,0,1,0,0,False
SLC4A5,0,1,0,0,False
SLC4A7,0,1,0,0,False
SLC4A8,0,1,0,0,False
SLC4A9,1,1,1,0,False
SLC50A1,0,1,0,0,False
SLC51A,0,1,0,0,False
SLC51B,0,1,0,0,False
SLC52A2,0,1,0,0,False
SLC5A1,0,1,0,0,False
SLC5A10,0,1,0,0,False
SLC5A11,1,1,0,0,False
SLC5A12,1,1,1,1,True
SLC5A2,1,1,0,0,False
SLC5A3,0,1,0,0,False
SLC5A4,0,1,0,0,False
SLC5A4-AS1,0,1,0,0,False
SLC5A5,1,1,0,0,False
SLC5A6,0,1,0,0,False
SLC5A7,1,1,0,0,False
SLC5A8,0,1,0,1,False
SLC66A1,0,1,0,0,False
SLC66A1LP,0,1,0,0,False
SLC66A2,0,1,0,0,False
SLC66A3,0,1,0,0,False
SLC6A1,0,1,0,0,False
SLC6A1-AS1,0,1,0,0,False
SLC6A12,1,1,0,1,False
SLC6A13,1,1,0,0,False
SLC6A14,0,1,0,0,False
SLC6A16,0,1,0,0,False
SLC6A18,0,1,0,0,False
SLC6A19,0,1,0,0,False
SLC6A20,1,0,0,0,False
SLC6A3,1,0,0,0,False
SLC6A4,1,1,0,0,False
SLC6A5,1,0,0,0,False
SLC6A6,0,1,0,0,False
SLC6A8,0,1,0,0,False
SLC6A9,1,1,0,0,False
SLC7A1,0,1,0,0,False
SLC7A11,1,1,0,0,False
SLC7A13,0,1,0,0,False
SLC7A14,0,1,0,0,False
SLC7A2,0,1,0,0,False
SLC7A4,0,1,0,0,False
SLC7A5,0,1,0,0,False
SLC7A5P1,0,1,0,0,False
SLC7A6,0,1,0,0,False
SLC7A6OS,0,1,0,0,False
SLC7A7,0,1,0,0,False
SLC7A8,0,1,0,0,False
SLC8A1,1,1,1,0,False
SLC8A1-AS1,0,1,0,0,False
SLC8A3,0,1,1,0,False
SLC8B1,0,1,0,0,False
SLC9A1,0,1,0,0,False
SLC9A2,0,1,0,0,False
SLC9A3,1,1,0,0,False
SLC9A3-AS1,0,1,0,0,False
SLC9A4,0,1,0,0,False
SLC9A6,0,1,0,0,False
SLC9A7,0,1,0,1,False
SLC9A8,0,1,0,0,False
SLC9A9,0,1,1,0,False
SLC9A9-AS2,0,1,0,0,False
SLC9B2,0,1,0,0,False
SLC9C1,1,1,0,0,False
SLCO1A2,0,1,0,1,False
SLCO1C1,0,1,0,0,False
SLCO2A1,0,1,0,0,False
SLCO2B1,0,1,1,0,False
SLCO3A1,0,1,0,0,False
SLCO4A1,0,1,0,0,False
SLCO4A1-AS1,0,1,0,0,False
SLCO4C1,0,1,0,0,False
SLCO5A1,0,1,0,0,False
SLF1,0,1,0,0,False
SLF2,0,1,0,0,False
SLFN11,0,1,0,0,False
SLFN12,0,1,0,0,False
SLFN12L,0,1,0,0,False
SLFN13,0,1,0,0,False
SLFN14,0,1,0,0,False
SLFN5,0,1,0,0,False
SLFNL1,0,1,0,0,False
SLIRP,0,1,0,0,False
SLIT2,0,1,0,0,False
SLIT2-IT1,0,1,0,0,False
SLIT3,0,1,1,0,False
SLIT3-AS1,0,1,0,0,False
SLIT3-AS2,0,1,0,0,False
SLITRK2,0,1,0,0,False
SLITRK4,1,1,0,0,False
SLITRK5,0,1,0,0,False
SLITRK6,1,1,0,0,False
SLK,0,1,0,0,False
SLMAP,0,1,0,0,False
SLN,0,1,0,0,False
SLPI,1,1,0,0,False
SLTM,0,1,0,0,False
SLU7,0,1,0,0,False
SLURP1,0,1,0,0,False
SLURP2,0,1,0,0,False
SLX1A,0,1,0,0,False
SLX1A-SULT1A3,0,1,0,0,False
SLX4IP,0,1,0,0,False
SLX9,0,1,0,0,False
SMAD1,0,1,0,0,False
SMAD2,0,1,0,0,False
SMAD3,0,1,0,0,False
SMAD3-DT,0,1,0,0,False
SMAD4,0,1,0,0,False
SMAD5,0,1,0,0,False
SMAD6,0,1,0,0,False
SMAD7,0,1,0,0,False
SMAD9,0,1,0,0,False
SMAGP,0,1,0,0,False
SMAP1,0,1,0,0,False
SMAP2,0,1,0,0,False
SMARCA1,0,1,0,0,False
SMARCA2,0,1,0,0,False
SMARCA2-AS1,0,1,0,0,False
SMARCA4,0,1,0,0,False
SMARCA5,0,1,0,0,False
SMARCA5-AS1,0,1,0,0,False
SMARCAD1,0,1,0,0,False
SMARCAD1-DT,0,1,0,0,False
SMARCAL1,0,1,0,0,False
SMARCB1,0,1,0,0,False
SMARCC1,0,1,0,0,False
SMARCC2,0,1,0,0,False
SMARCD1,0,1,0,0,False
SMARCD2,0,1,0,0,False
SMARCD3,0,1,0,0,False
SMARCE1,0,1,0,0,False
SMASR,0,1,0,0,False
SMC1A,0,1,0,0,False
SMC1B,0,1,0,0,False
SMC2,0,1,0,0,False
SMC3,0,1,0,0,False
SMC4,1,1,0,0,False
SMC5,0,1,0,0,False
SMC5-DT,0,1,0,0,False
SMC6,0,1,0,0,False
SMCHD1,0,1,1,0,False
SMCO4,0,1,0,0,False
SMCR5,0,1,0,0,False
SMDT1,0,1,0,0,False
SMG1,0,1,0,0,False
SMG1P1,0,1,0,0,False
SMG1P2,0,1,0,0,False
SMG1P3,0,1,0,0,False
SMG1P4,0,1,0,0,False
SMG1P6,0,1,0,0,False
SMG5,0,1,0,0,False
SMG6,0,1,0,0,False
SMG7,0,1,0,0,False
SMIM1,0,1,0,0,False
SMIM10,0,1,0,0,False
SMIM10L1,0,1,0,0,False
SMIM11,0,1,0,0,False
SMIM12,0,1,0,0,False
SMIM13,0,1,0,0,False
SMIM14,0,1,0,0,False
SMIM15,0,1,0,0,False
SMIM15-AS1,0,1,0,0,False
SMIM18,0,1,0,0,False
SMIM19,0,1,0,0,False
SMIM2-AS1,0,1,0,0,False
SMIM20,0,1,0,0,False
SMIM22,0,1,0,0,False
SMIM23,0,1,0,0,False
SMIM24,1,1,0,1,False
SMIM25,0,0,0,1,False
SMIM26,0,1,0,0,False
SMIM27,0,1,0,0,False
SMIM29,0,1,0,0,False
SMIM3,0,1,0,0,False
SMIM30,0,1,0,0,False
SMIM31,0,1,0,0,False
SMIM32,0,1,0,0,False
SMIM33,0,1,0,0,False
SMIM43,0,1,0,0,False
SMIM5,0,1,0,0,False
SMIM6,0,1,0,0,False
SMIM7,0,1,0,0,False
SMIM8,0,1,0,0,False
SMIM9,0,1,0,0,False
SMKR1,0,1,0,0,False
SMN1,0,1,0,0,False
SMN2,0,1,0,0,False
SMNDC1,0,1,0,0,False
SMO,0,1,0,0,False
SMOC1,1,1,0,0,False
SMOC2,1,1,0,0,False
SMOX,0,1,0,0,False
SMPD1,0,1,0,0,False
SMPD2,0,1,0,0,False
SMPD3,1,1,0,1,False
SMPD4,0,1,0,0,False
SMPD5,0,1,0,0,False
SMPDL3A,0,1,0,0,False
SMPDL3B,0,1,0,0,False
SMPX,0,1,0,0,False
SMR3A,0,1,0,0,False
SMS,0,1,0,0,False
SMTN,1,1,0,0,False
SMTNL2,0,1,0,0,False
SMU1,0,1,0,0,False
SMUG1,0,1,0,0,False
SMURF1,0,1,0,0,False
SMURF2,0,1,0,0,False
SMYD1,0,1,0,0,False
SMYD2,0,1,0,0,False
SMYD3,0,1,0,0,False
SMYD4,0,1,0,0,False
SNAI1,0,1,0,0,False
SNAI2,0,1,0,0,False
SNAI3,0,1,0,0,False
SNAP23,0,1,0,0,False
SNAP25,1,1,0,0,False
SNAP25-AS1,0,1,0,0,False
SNAP29,0,1,0,0,False
SNAP47,0,1,0,0,False
SNAP91,0,1,0,0,False
SNAPC1,0,1,0,0,False
SNAPC2,0,1,0,0,False
SNAPC3,0,1,0,0,False
SNAPC4,0,1,0,0,False
SNAPC5,0,1,0,0,False
SNAPIN,0,1,0,0,False
SNCA,0,1,0,0,False
SNCAIP,0,1,0,0,False
SNCG,1,1,0,0,False
SND1,0,1,0,0,False
SND1-IT1,0,1,0,0,False
SNED1,0,1,0,1,False
SNF8,0,1,0,0,False
SNHG1,0,1,0,0,False
SNHG10,0,1,0,0,False
SNHG11,0,1,0,0,False
SNHG12,0,1,0,0,False
SNHG14,1,1,0,0,False
SNHG15,0,1,0,0,False
SNHG16,0,1,0,0,False
SNHG17,0,1,0,0,False
SNHG18,0,1,0,0,False
SNHG19,0,1,0,0,False
SNHG20,0,1,0,0,False
SNHG25,0,1,0,0,False
SNHG28,0,1,0,0,False
SNHG29,0,1,0,0,False
SNHG3,0,1,0,0,False
SNHG30,0,1,0,0,False
SNHG31,0,1,0,0,False
SNHG32,0,1,0,0,False
SNHG5,0,1,0,0,False
SNHG6,0,1,0,0,False
SNHG7,0,1,0,0,False
SNHG8,0,1,0,0,False
SNHG9,0,1,0,0,False
SNIP1,0,1,0,0,False
SNN,0,1,0,0,False
SNORA50C,0,1,0,0,False
SNORA52,0,1,0,0,False
SNORA67,0,1,0,0,False
SNORA70C,0,1,0,0,False
SNORA7A,0,1,0,0,False
SNORC,0,1,0,0,False
SNORD100,0,1,0,0,False
SNORD14D,0,1,0,0,False
SNORD14E,0,1,0,0,False
SNORD17,0,1,0,0,False
SNORD21,0,1,0,0,False
SNORD25,0,1,0,0,False
SNORD35A,0,1,0,0,False
SNORD3A,0,1,0,0,False
SNORD3B-1,0,1,0,0,False
SNORD3B-2,0,1,0,0,False
SNORD49A,0,1,0,0,False
SNORD55,0,1,0,0,False
SNORD58A,0,1,0,0,False
SNORD68,0,1,0,0,False
SNORD72,0,1,0,0,False
SNORD83A,0,1,0,0,False
SNRK,0,1,0,0,False
SNRNP200,0,1,0,0,False
SNRNP25,0,1,0,0,False
SNRNP27,0,1,0,0,False
SNRNP35,0,1,0,0,False
SNRNP40,0,1,0,0,False
SNRNP48,0,1,0,0,False
SNRNP70,0,1,0,0,False
SNRPA,0,1,0,0,False
SNRPA1,0,1,0,0,False
SNRPB,0,1,0,0,False
SNRPB2,0,1,0,0,False
SNRPC,0,1,0,0,False
SNRPD1,0,1,0,0,False
SNRPD2,0,1,0,0,False
SNRPD3,0,1,0,0,False
SNRPE,0,1,0,0,False
SNRPEP2,0,1,0,0,False
SNRPEP4,0,1,0,0,False
SNRPF,0,1,0,0,False
SNRPF-DT,0,1,0,0,False
SNRPG,0,1,0,0,False
SNRPGP2,0,1,0,0,False
SNRPN,0,1,0,0,False
SNTA1,0,1,0,0,False
SNTB1,0,1,1,0,False
SNTB2,0,1,0,0,False
SNTG1,0,1,0,0,False
SNTG2,1,1,0,0,False
SNTN,0,1,0,0,False
SNU13,0,1,0,0,False
SNUPN,0,1,0,0,False
SNURF,0,1,0,0,False
SNW1,0,1,0,0,False
SNX1,0,1,0,0,False
SNX10,0,1,0,0,False
SNX10-AS1,0,1,0,0,False
SNX11,0,1,0,0,False
SNX12,0,1,0,0,False
SNX13,0,1,0,0,False
SNX14,0,1,0,0,False
SNX15,0,1,0,0,False
SNX16,0,1,0,0,False
SNX17,0,1,0,0,False
SNX18,0,1,0,0,False
SNX19,0,1,0,0,False
SNX2,0,1,0,0,False
SNX20,0,1,0,0,False
SNX22,0,1,0,0,False
SNX24,0,1,0,0,False
SNX25,0,1,0,0,False
SNX27,0,1,0,0,False
SNX29,0,1,0,0,False
SNX3,0,1,0,0,False
SNX30,0,1,0,0,False
SNX31,0,1,0,0,False
SNX32,0,1,0,0,False
SNX33,0,1,0,0,False
SNX4,0,1,0,0,False
SNX5,0,1,0,0,False
SNX6,0,1,0,0,False
SNX7,0,1,0,0,False
SNX8,0,1,0,0,False
SNX9,0,1,0,0,False
SNX9-AS1,0,1,0,0,False
SOAT1,0,1,0,0,False
SOAT2,0,1,0,0,False
SOBP,0,1,0,0,False
SOCS1,1,1,0,0,False
SOCS2,0,1,0,1,False
SOCS2-AS1,0,1,0,0,False
SOCS3,0,1,0,0,False
SOCS3-DT,0,1,0,0,False
SOCS4,0,1,0,0,False
SOCS5,0,1,0,0,False
SOCS5P2,0,1,0,0,False
SOCS6,0,1,0,0,False
SOCS7,0,1,0,0,False
SOD1,0,1,0,0,False
SOD2,0,1,0,0,False
SOD3,0,1,0,0,False
SON,0,1,0,0,False
SORBS1,0,1,0,0,False
SORBS2,0,1,0,0,False
SORBS3,0,1,0,0,False
SORCS1,0,1,0,0,False
SORCS2,0,1,0,0,False
SORCS3,0,1,0,0,False
SORD,0,1,0,0,False
SORD2P,0,1,0,0,False
SORL1,1,1,1,0,False
SORT1,0,1,0,0,False
SOS1,0,1,0,0,False
SOS2,0,1,0,0,False
SOST,0,1,0,0,False
SOSTDC1,0,1,0,0,False
SOWAHC,0,1,0,0,False
SOX1,0,1,0,0,False
SOX10,1,1,0,1,False
SOX11,1,1,0,0,False
SOX12,0,1,0,0,False
SOX13,0,1,0,0,False
SOX15,0,1,0,0,False
SOX17,1,1,0,1,False
SOX18,0,1,0,1,False
SOX2,1,1,0,1,False
SOX2-OT,1,1,0,0,False
SOX21-AS1,0,1,0,0,False
SOX4,1,1,0,1,False
SOX5,1,1,0,0,False
SOX5-AS1,0,1,0,0,False
SOX6,1,1,0,0,False
SOX7,0,1,0,0,False
SOX8,0,1,0,0,False
SOX9,1,1,0,1,False
SP1,0,1,0,0,False
SP100,0,1,0,0,False
SP110,0,1,0,0,False
SP140,0,1,0,0,False
SP140L,0,1,0,0,False
SP2,0,1,0,0,False
SP2-AS1,0,1,0,0,False
SP2-DT,0,1,0,0,False
SP3,0,1,0,0,False
SP4,0,1,0,0,False
SP6,0,1,0,0,False
SPA17,0,1,0,0,False
SPACA3,0,1,0,0,False
SPACA6,0,1,0,0,False
SPACA9,0,1,0,0,False
SPAG1,0,1,0,0,False
SPAG11B,0,1,0,0,False
SPAG16,0,1,0,0,False
SPAG17,0,1,0,0,False
SPAG4,0,1,0,0,False
SPAG5,0,1,0,0,False
SPAG5-AS1,0,1,0,0,False
SPAG6,0,1,0,0,False
SPAG7,0,1,0,0,False
SPAG8,0,1,0,0,False
SPAG9,0,1,0,0,False
SPANXA2-OT1,0,1,0,0,False
SPARC,1,1,0,0,False
SPARCL1,1,1,1,0,False
SPART,0,1,0,0,False
SPAST,0,1,0,0,False
SPATA1,0,1,0,0,False
SPATA13,0,1,0,0,False
SPATA16,0,1,0,0,False
SPATA17,0,1,0,0,False
SPATA18,0,1,0,0,False
SPATA2,0,1,0,0,False
SPATA20,0,1,0,0,False
SPATA21,0,1,0,0,False
SPATA24,0,1,0,0,False
SPATA25,0,1,0,0,False
SPATA2L,0,1,0,0,False
SPATA31H1,0,1,0,0,False
SPATA33,0,1,0,0,False
SPATA4,0,1,0,0,False
SPATA45,0,1,0,0,False
SPATA6,0,1,0,0,False
SPATA6L,0,1,0,0,False
SPATA7,0,1,0,0,False
SPATC1,0,1,0,0,False
SPATC1L,0,1,0,0,False
SPATS2,0,1,1,0,False
SPATS2L,0,1,0,0,False
SPC24,0,1,0,0,False
SPC25,0,1,0,1,False
SPCS1,0,1,0,0,False
SPCS2,0,1,0,0,False
SPCS3,0,1,0,0,False
SPCS3-AS1,0,1,0,0,False
SPDEF,1,1,0,1,False
SPDL1,0,1,0,0,False
SPDYA,0,1,0,0,False
SPDYC,0,1,0,0,False
SPDYE1,0,1,0,0,False
SPDYE1-AS1,0,1,0,0,False
SPDYE16,0,1,0,0,False
SPDYE18,0,1,0,0,False
SPDYE2,0,1,0,0,False
SPDYE2B,0,1,0,0,False
SPDYE3,0,1,0,0,False
SPDYE5,0,1,0,0,False
SPDYE6,0,1,0,0,False
SPECC1,0,1,0,0,False
SPECC1L,0,1,0,0,False
SPECC1L-ADORA2A,0,1,0,0,False
SPECC1P1,0,1,0,0,False
SPEF1,0,1,0,0,False
SPEF2,0,1,0,0,False
SPEG,0,1,0,0,False
SPEN,0,1,0,0,False
SPEN-AS1,0,1,0,0,False
SPESP1,0,1,0,0,False
SPG11,0,1,0,0,False
SPG21,0,1,0,0,False
SPG7,0,1,0,0,False
SPHK1,0,1,0,0,False
SPHK2,0,1,0,0,False
SPHKAP,1,1,0,0,False
SPI1,1,1,0,0,False
SPIB,0,1,0,0,False
SPIC,0,1,0,0,False
SPICE1,0,1,0,0,False
SPIDR,0,1,0,0,False
SPIN1,0,1,0,0,False
SPIN2A,0,1,0,0,False
SPIN2B,0,1,0,0,False
SPIN3,0,1,0,0,False
SPIN4,0,1,0,0,False
SPINDOC,0,1,0,0,False
SPINK1,0,1,1,0,False
SPINK2,1,1,0,1,False
SPINK4,0,1,0,0,False
SPINK5,1,1,0,0,False
SPINK7,0,1,0,0,False
SPINK8,0,1,0,0,False
SPINK9,0,1,0,0,False
SPINT1,0,1,0,0,False
SPINT1-AS1,0,1,0,0,False
SPINT2,0,1,0,0,False
SPIRE1,0,1,0,0,False
SPIRE2,0,1,0,0,False
SPMAP2L,0,1,0,0,False
SPMIP1,0,1,0,0,False
SPMIP2,0,1,0,0,False
SPMIP4,0,1,0,0,False
SPMIP5,0,1,0,0,False
SPMIP6,0,1,0,0,False
SPN,1,1,0,0,False
SPNS1,0,1,0,0,False
SPNS2,0,1,0,0,False
SPNS2-AS1,0,1,0,0,False
SPNS3,0,1,0,0,False
SPOCD1,0,1,0,0,False
SPOCK1,0,1,1,0,False
SPOCK2,0,1,0,0,False
SPOCK3,0,1,0,0,False
SPON1,1,1,0,0,False
SPON2,0,1,0,0,False
SPOP,0,1,0,0,False
SPOPL,0,1,0,0,False
SPOPL-DT,0,1,0,0,False
SPOUT1,0,1,0,0,False
SPP1,1,1,1,1,True
SPP2,0,1,0,0,False
SPPL2A,0,1,0,0,False
SPPL2B,0,1,0,0,False
SPPL3,0,1,0,0,False
SPR,0,1,0,0,False
SPRED1,0,1,0,0,False
SPRED2,0,1,0,0,False
SPRED3,0,1,0,0,False
SPRING1,0,1,0,0,False
SPRR1A,0,1,0,0,False
SPRR1B,0,1,0,0,False
SPRR2A,0,1,0,0,False
SPRR2B,0,1,0,0,False
SPRR2D,0,1,0,0,False
SPRR2E,0,1,0,0,False
SPRR2F,0,1,0,0,False
SPRR2G,0,1,0,0,False
SPRR3,0,1,0,0,False
SPRR4,0,1,0,0,False
SPRTN,0,1,0,0,False
SPRY1,0,1,0,0,False
SPRY2,0,1,0,0,False
SPRY4,0,1,0,0,False
SPRY4-AS1,0,1,0,0,False
SPRYD3,0,1,0,0,False
SPRYD4,0,1,0,0,False
SPRYD7,0,1,0,0,False
SPSB1,0,1,0,0,False
SPSB2,0,1,0,0,False
SPSB3,0,1,0,0,False
SPSB4,0,1,0,0,False
SPTA1,1,1,0,0,False
SPTAN1,0,1,0,0,False
SPTB,0,1,0,0,False
SPTBN1,0,1,0,0,False
SPTBN1-AS1,0,1,0,0,False
SPTBN1-AS2,0,1,0,0,False
SPTBN2,0,1,1,0,False
SPTBN4,0,1,0,0,False
SPTBN5,0,1,0,0,False
SPTLC1,0,1,0,0,False
SPTLC2,0,1,0,0,False
SPTLC3,0,1,0,0,False
SPTSSA,0,1,0,0,False
SPTSSB,1,1,0,0,False
SPTY2D1,0,1,0,0,False
SPX,0,1,0,0,False
SQLE,0,1,0,0,False
SQOR,0,1,0,0,False
SQSTM1,0,1,0,0,False
SRA1,0,1,0,0,False
SRBD1,0,1,0,0,False
SRC,0,1,0,0,False
SRCAP,0,1,0,0,False
SRD5A1,0,1,0,0,False
SRD5A3,0,1,0,0,False
SRD5A3-AS1,0,1,0,0,False
SREBF1,0,1,0,0,False
SREBF2,0,1,0,0,False
SREK1,0,1,0,0,False
SREK1IP1,0,1,0,0,False
SRF,0,1,0,0,False
SRFBP1,0,1,0,0,False
SRGAP1,1,1,0,0,False
SRGAP2,0,1,0,0,False
SRGAP2B,0,1,0,0,False
SRGAP2C,0,1,0,0,False
SRGAP2D,0,1,0,0,False
SRGAP3,0,1,0,0,False
SRGN,1,1,1,0,False
SRI,0,1,0,0,False
SRL,0,1,0,0,False
SRM,0,1,0,0,False
SRP14,0,1,0,0,False
SRP14-DT,0,1,0,0,False
SRP14P2,0,1,0,0,False
SRP14P3,0,1,0,0,False
SRP19,0,1,0,0,False
SRP54,0,1,0,0,False
SRP68,0,1,0,0,False
SRP72,0,1,0,0,False
SRP9,0,1,0,0,False
SRPK1,0,1,0,0,False
SRPK2,0,1,0,0,False
SRPK3,0,1,0,0,False
SRPRA,0,1,0,0,False
SRPRB,0,1,0,0,False
SRPX,1,1,0,1,False
SRPX2,0,1,0,0,False
SRR,0,1,0,0,False
SRRD,0,1,0,0,False
SRRM1,0,1,0,0,False
SRRM2,0,1,0,0,False
SRRM3,0,1,0,0,False
SRRM4,0,1,0,0,False
SRRM5,0,1,0,0,False
SRRT,0,1,0,0,False
SRSF1,0,1,0,0,False
SRSF10,0,1,0,0,False
SRSF11,0,1,0,0,False
SRSF2,0,1,0,0,False
SRSF3,0,1,0,0,False
SRSF4,0,1,0,0,False
SRSF5,0,1,0,0,False
SRSF6,0,1,0,0,False
SRSF7,0,1,0,0,False
SRSF8,0,1,0,0,False
SRSF9,0,1,0,0,False
SS18,0,1,0,0,False
SS18L1,0,1,0,0,False
SS18L2,0,1,0,0,False
SSB,0,1,0,0,False
SSBP1,0,1,0,0,False
SSBP2,0,1,0,0,False
SSBP3,0,1,0,0,False
SSBP3-AS1,0,1,0,0,False
SSBP4,0,1,0,0,False
SSC4D,0,1,0,0,False
SSH1,0,1,0,0,False
SSH2,0,1,0,0,False
SSH3,0,1,0,0,False
SSNA1,0,1,0,0,False
SSPN,0,1,0,0,False
SSPOP,0,1,0,0,False
SSR1,0,1,0,0,False
SSR2,0,1,0,0,False
SSR3,0,1,0,0,False
SSR4,1,1,0,0,False
SSRP1,0,1,0,0,False
SST,1,1,0,0,False
SSTR1,0,1,0,0,False
SSTR2,0,1,0,0,False
SSU72,0,1,0,0,False
SSU72-AS1,0,1,0,0,False
SSU72L2,0,1,0,0,False
SSU72L3,0,1,0,0,False
SSUH2,0,1,0,0,False
SSX14P,0,1,0,0,False
SSX2IP,0,1,0,0,False
ST13,0,1,0,0,False
ST13P11,0,1,0,0,False
ST13P13,0,1,0,0,False
ST14,0,1,0,0,False
ST18,1,1,0,0,False
ST20,0,1,0,0,False
ST3GAL1,0,1,0,0,False
ST3GAL1-DT,0,1,0,0,False
ST3GAL2,0,1,0,0,False
ST3GAL3,0,1,0,0,False
ST3GAL3-AS1,0,1,0,0,False
ST3GAL4,0,1,0,0,False
ST3GAL5,0,1,0,0,False
ST3GAL6,0,1,0,0,False
ST3GAL6-AS1,0,1,0,0,False
ST6GAL1,0,1,1,0,False
ST6GAL2,0,1,0,0,False
ST6GALNAC1,0,1,0,0,False
ST6GALNAC2,0,1,0,0,False
ST6GALNAC3,0,1,1,0,False
ST6GALNAC4,0,1,0,0,False
ST6GALNAC5,0,1,0,1,False
ST6GALNAC6,0,1,0,0,False
ST7,0,1,0,0,False
ST7-AS1,0,1,0,0,False
ST7L,0,1,0,0,False
ST8SIA1,0,1,0,0,False
ST8SIA4,0,1,0,0,False
ST8SIA5,0,1,0,0,False
ST8SIA6,1,1,0,0,False
ST8SIA6-AS1,0,1,0,0,False
STAB1,1,1,1,0,False
STAB2,1,1,0,0,False
STAC,1,1,0,0,False
STAC2,0,1,0,0,False
STAC3,0,1,0,0,False
STAG1,0,1,0,0,False
STAG2,0,1,0,0,False
STAG3,0,1,0,0,False
STAG3L1,0,1,0,0,False
STAG3L2,0,1,0,0,False
STAG3L3,0,1,0,0,False
STAG3L4,0,1,0,0,False
STAG3L5P-PVRIG2P-PILRB,0,1,0,0,False
STAM,0,1,0,0,False
STAM2,0,1,0,0,False
STAMBP,0,1,0,0,False
STAMBPL1,0,1,0,0,False
STAP1,0,1,0,0,False
STAP2,0,1,0,0,False
STAR,0,1,0,0,False
STARD10,0,1,0,0,False
STARD13,0,1,0,1,False
STARD13-AS,0,1,0,0,False
STARD3,0,1,0,0,False
STARD3NL,0,1,0,0,False
STARD4,0,1,0,0,False
STARD4-AS1,0,1,0,0,False
STARD5,0,1,0,0,False
STARD7,0,1,0,0,False
STARD7-AS1,0,1,0,0,False
STARD8,0,1,0,0,False
STARD9,0,1,0,0,False
STAT1,1,1,0,0,False
STAT2,0,1,0,0,False
STAT3,0,1,0,0,False
STAT4,0,1,0,0,False
STAT5A,0,1,0,0,False
STAT5B,0,1,0,0,False
STAT6,0,1,0,0,False
STAU1,0,1,0,0,False
STAU2,0,1,0,0,False
STAU2-AS1,0,1,0,0,False
STC1,1,1,0,0,False
STC2,1,1,0,0,False
STEAP1,0,1,0,0,False
STEAP1B,0,1,0,0,False
STEAP2,0,1,0,0,False
STEAP3,0,1,0,0,False
STEAP3-AS1,0,1,0,0,False
STEAP4,0,1,0,0,False
STEEP1,0,1,0,0,False
STIL,0,1,0,0,False
STIM1,0,1,0,0,False
STIM2,0,1,0,0,False
STIM2-AS1,0,1,0,0,False
STIMATE,0,1,0,0,False
STING1,0,1,0,0,False
STIP1,0,1,0,0,False
STK10,0,1,0,0,False
STK11,0,1,0,0,False
STK11IP,0,1,0,0,False
STK16,0,1,0,0,False
STK17A,1,1,0,0,False
STK17B,0,1,0,0,False
STK19,0,1,0,0,False
STK24,0,1,0,0,False
STK25,0,1,0,0,False
STK26,0,1,0,0,False
STK3,0,1,0,0,False
STK32A,1,1,0,0,False
STK32B,1,1,0,0,False
STK32C,0,1,0,0,False
STK33,0,1,0,0,False
STK35,0,1,0,0,False
STK36,0,1,0,0,False
STK38,0,1,0,0,False
STK38L,0,1,0,0,False
STK39,0,1,0,0,False
STK4,0,1,0,0,False
STK40,0,1,0,0,False
STMN1,0,1,0,0,False
STMN2,0,1,0,0,False
STMN3,0,1,0,0,False
STMN4,0,1,0,1,False
STMND1,0,1,0,0,False
STMP1,0,1,0,0,False
STN1,0,1,0,0,False
STOM,1,1,0,0,False
STOML1,0,1,0,0,False
STOML2,0,1,0,0,False
STON1,0,1,0,0,False
STON1-GTF2A1L,0,1,0,0,False
STON2,1,1,0,0,False
STOX1,0,1,0,0,False
STOX2,0,1,0,0,False
STPG1,0,1,0,0,False
STPG2,0,1,0,0,False
STPG4,0,1,0,0,False
STRA6,0,1,0,0,False
STRADA,0,1,0,0,False
STRADB,0,1,0,0,False
STRAP,0,1,0,0,False
STRBP,0,1,0,0,False
STRIP1,0,1,0,0,False
STRIP2,0,1,0,0,False
STRIT1,0,1,0,0,False
STRN,0,1,0,0,False
STRN3,0,1,0,0,False
STRN4,0,1,0,0,False
STS,0,1,0,0,False
STT3A,0,1,0,0,False
STT3B,0,1,0,0,False
STUB1,0,1,0,0,False
STUM,0,1,0,0,False
STX10,0,1,0,0,False
STX11,0,1,0,0,False
STX12,0,1,0,0,False
STX16,0,1,0,0,False
STX17,0,1,0,0,False
STX18,0,1,0,0,False
STX18-AS1,0,1,0,0,False
STX1A,0,1,0,0,False
STX1B,0,1,0,0,False
STX2,0,1,0,0,False
STX3,0,1,0,0,False
STX4,0,1,0,0,False
STX5,0,1,0,0,False
STX5-DT,0,1,0,0,False
STX6,0,1,0,0,False
STX7,0,1,0,0,False
STX8,0,1,0,0,False
STXBP1,0,1,0,0,False
STXBP2,0,1,0,0,False
STXBP3,0,1,0,0,False
STXBP4,0,1,0,0,False
STXBP5,0,1,0,0,False
STXBP5-AS1,0,1,0,0,False
STXBP5L,0,1,0,1,False
STXBP6,0,1,0,0,False
STYK1,0,1,0,0,False
STYX,0,1,0,0,False
STYXL1,0,1,0,0,False
SUB1,0,1,0,0,False
SUCLA2,0,1,0,0,False
SUCLG1,0,1,0,0,False
SUCLG2,0,1,0,0,False
SUCNR1,0,1,0,0,False
SUCO,1,1,0,0,False
SUDS3,0,1,0,0,False
SUFU,0,1,0,0,False
SUGCT,0,1,0,0,False
SUGP1,0,1,0,0,False
SUGP2,0,1,0,0,False
SUGT1,0,1,0,0,False
SULF1,1,1,0,0,False
SULF2,0,1,0,0,False
SULT1A1,0,1,0,0,False
SULT1A2,0,1,0,0,False
SULT1A3,0,1,0,0,False
SULT1A4,0,1,0,0,False
SULT1B1,0,1,0,0,False
SULT1C2,0,1,0,0,False
SULT1C4,0,1,0,0,False
SULT1E1,0,1,0,0,False
SULT2A1,0,1,0,0,False
SULT2B1,0,1,0,0,False
SUMF1,0,1,0,0,False
SUMF2,0,1,0,0,False
SUMO1,0,1,0,0,False
SUMO2,0,1,0,0,False
SUMO3,0,1,0,0,False
SUMO4,0,1,0,0,False
SUN1,0,1,0,0,False
SUN2,0,1,0,0,False
SUN3,0,1,0,0,False
SUNO1,0,1,0,0,False
SUOX,0,1,0,0,False
SUPT16H,0,1,0,0,False
SUPT16HP1,0,1,0,0,False
SUPT20H,0,1,0,0,False
SUPT3H,0,1,0,0,False
SUPT4H1,0,1,0,0,False
SUPT5H,0,1,0,0,False
SUPT6H,0,1,0,0,False
SUPT7L,0,1,0,0,False
SUPV3L1,0,1,0,0,False
SURF1,0,1,0,0,False
SURF2,0,1,0,0,False
SURF4,0,1,0,0,False
SURF6,0,1,0,0,False
SUSD1,0,1,0,0,False
SUSD2,0,1,0,0,False
SUSD3,0,1,0,0,False
SUSD4,0,1,0,0,False
SUSD5,0,1,0,0,False
SUSD6,0,1,0,0,False
SUV39H2,0,1,0,0,False
SUV39H2-DT,0,1,0,0,False
SUZ12,0,1,0,0,False
SUZ12P1,0,1,0,0,False
SV2A,0,1,0,0,False
SV2B,0,1,0,0,False
SV2C,1,1,0,0,False
SVBP,0,1,0,0,False
SVEP1,1,1,1,0,False
SVIL,1,1,0,0,False
SVIL-AS1,0,1,0,0,False
SVIL2P,0,1,0,0,False
SVIP,0,1,0,0,False
SVOP,0,1,0,0,False
SVOPL,0,1,0,0,False
SWAP70,0,1,0,0,False
SWI5,0,1,0,0,False
SWSAP1,0,1,0,0,False
SWT1,0,1,0,0,False
SYAP1,0,1,0,0,False
SYBU,0,1,0,0,False
SYCE1L,0,1,0,0,False
SYCN,0,1,0,0,False
SYCP2,0,1,0,0,False
SYCP2L,0,1,0,0,False
SYDE1,0,1,0,0,False
SYDE2,0,1,0,0,False
SYF2,0,1,0,0,False
SYK,1,1,0,0,False
SYMPK,0,1,0,0,False
SYN1,0,1,0,0,False
SYN2,0,1,0,0,False
SYN3,0,1,0,0,False
SYNC,0,1,0,0,False
SYNCRIP,0,1,0,0,False
SYNCRIPP1,0,1,0,0,False
SYNDIG1,0,1,0,0,False
SYNE1,0,1,1,0,False
SYNE2,0,1,0,0,False
SYNE3,0,1,0,0,False
SYNE3-AS1,0,1,0,0,False
SYNGAP1,0,1,0,0,False
SYNGAP1-AS1,0,1,0,0,False
SYNGR1,0,1,0,0,False
SYNGR2,0,1,0,0,False
SYNJ1,0,1,0,0,False
SYNJ2,0,1,0,0,False
SYNJ2BP,0,1,0,0,False
SYNM,0,1,0,0,False
SYNPO,0,1,0,0,False
SYNPO2,1,1,1,0,False
SYNPO2L,0,1,0,0,False
SYNPO2L-AS1,0,1,0,0,False
SYNPR,0,1,0,0,False
SYNRG,0,1,0,0,False
SYP,1,1,0,0,False
SYP-AS1,0,1,0,0,False
SYPL1,0,1,0,0,False
SYPL2,0,1,0,0,False
SYS1,0,1,0,0,False
SYS1-DBNDD2,0,1,0,0,False
SYT1,1,1,0,0,False
SYT10,1,1,0,0,False
SYT11,0,1,0,0,False
SYT12,0,1,0,0,False
SYT13,0,1,0,0,False
SYT14,0,1,0,0,False
SYT15,0,1,0,0,False
SYT15B,0,1,0,0,False
SYT16,0,1,0,0,False
SYT17,0,1,0,0,False
SYT2,1,1,0,0,False
SYT4,0,1,0,0,False
SYT5,0,1,0,0,False
SYT6,1,0,0,0,False
SYT7,0,1,0,0,False
SYT8,0,1,0,0,False
SYT9,1,0,0,0,False
SYTL1,0,1,0,0,False
SYTL2,0,1,0,0,False
SYTL3,0,1,0,0,False
SYTL4,0,1,0,0,False
SYVN1,0,1,0,0,False
SZRD1,0,1,0,0,False
SZT2,0,1,0,0,False
Synaptophysin,1,0,0,0,False
TAB1,0,1,0,0,False
TAB2,0,1,0,0,False
TAC1,1,1,0,0,False
TAC3,1,1,0,0,False
TACC1,0,1,0,0,False
TACC2,0,1,0,0,False
TACC3,0,1,0,0,False
TACO1,0,1,0,0,False
TACR1,1,1,0,0,False
TACR2,0,1,0,0,False
TACR3,1,0,0,0,False
TACR3-AS1,0,1,0,0,False
TACSTD2,1,1,0,0,False
TADA1,0,1,0,0,False
TADA2A,0,1,0,0,False
TADA2B,0,1,0,0,False
TADA3,0,1,0,0,False
TAF1,0,1,0,0,False
TAF10,0,1,0,0,False
TAF11,0,1,0,0,False
TAF11L13,0,1,0,0,False
TAF11L2,0,1,0,0,False
TAF11L4,0,1,0,0,False
TAF12,0,1,0,0,False
TAF13,0,1,0,0,False
TAF15,0,1,0,0,False
TAF1B,0,1,0,0,False
TAF1C,0,1,0,0,False
TAF1D,0,1,0,0,False
TAF2,0,1,0,0,False
TAF3,0,1,0,0,False
TAF4,0,1,0,0,False
TAF4B,0,1,0,0,False
TAF5,0,1,0,0,False
TAF5L,0,1,0,0,False
TAF6,0,1,0,0,False
TAF6L,0,1,0,0,False
TAF7,0,1,0,0,False
TAF7L,0,1,0,0,False
TAF8,0,1,0,0,False
TAF9,0,1,0,0,False
TAF9B,0,1,0,0,False
TAFA1,1,1,0,0,False
TAFA2,0,1,0,0,False
TAFA4,1,0,0,0,False
TAFA5,0,1,0,0,False
TAFAZZIN,0,1,0,0,False
TAGAP,0,1,0,0,False
TAGAP-AS1,0,1,0,0,False
TAGLN,1,1,1,0,False
TAGLN2,0,1,0,0,False
TAGLN3,0,1,0,0,False
TAL1,0,1,0,0,False
TALAM1,0,1,0,0,False
TALDO1,0,1,0,0,False
TAMALIN,0,1,0,0,False
TAMM41,0,1,0,0,False
TANC1,0,1,0,0,False
TANC2,0,1,0,0,False
TANGO2,0,1,0,0,False
TANGO6,0,1,0,0,False
TANK,0,1,0,0,False
TANK-AS1,0,1,0,0,False
TAOK1,0,1,0,0,False
TAOK3,0,1,0,0,False
TAP1,0,1,0,0,False
TAP2,0,1,0,0,False
TAPBP,0,1,0,0,False
TAPBPL,0,1,0,0,False
TAPT1,0,1,0,0,False
TAPT1-AS1,0,1,0,0,False
TARBP1,0,1,0,0,False
TARBP2,0,1,0,0,False
TARDBP,0,1,0,0,False
TARID,0,1,0,0,False
TARS1,0,1,0,0,False
TARS2,0,1,0,0,False
TARS3,0,1,0,0,False
TAS2R1,0,1,0,0,False
TAS2R14,0,1,0,0,False
TAS2R19,0,1,0,0,False
TAS2R31,0,1,0,0,False
TAS2R5,0,1,0,0,False
TASL,0,1,0,0,False
TASOR,0,1,0,0,False
TASOR2,0,1,0,0,False
TASP1,0,1,0,0,False
TAT,0,1,0,0,False
TATDN1,0,1,0,0,False
TATDN2,0,1,0,0,False
TATDN2P2,0,1,0,0,False
TATDN3,0,1,0,0,False
TAX1BP1,0,1,0,0,False
TAX1BP3,0,1,0,0,False
TBC1D1,0,1,0,0,False
TBC1D10A,0,1,0,0,False
TBC1D10B,0,1,0,0,False
TBC1D10C,0,1,0,0,False
TBC1D12,0,1,0,0,False
TBC1D14,0,1,0,0,False
TBC1D15,0,1,0,0,False
TBC1D16,0,1,0,0,False
TBC1D17,0,1,0,0,False
TBC1D19,0,1,0,0,False
TBC1D2,0,1,0,0,False
TBC1D20,0,1,0,0,False
TBC1D22A,0,1,0,0,False
TBC1D22A-DT,0,1,0,0,False
TBC1D22B,0,1,0,0,False
TBC1D23,0,1,0,0,False
TBC1D24,0,1,0,0,False
TBC1D25,0,1,0,0,False
TBC1D2B,0,1,0,0,False
TBC1D30,0,1,0,0,False
TBC1D31,0,1,0,0,False
TBC1D32,0,1,0,0,False
TBC1D3P1-DHX40P1,0,1,0,0,False
TBC1D3P7,0,1,0,0,False
TBC1D4,0,1,0,0,False
TBC1D5,0,1,0,0,False
TBC1D7,0,1,0,0,False
TBC1D8,0,1,0,0,False
TBC1D8B,0,1,0,0,False
TBC1D9,0,1,0,0,False
TBC1D9B,0,1,0,0,False
TBCA,0,1,0,0,False
TBCB,0,1,0,0,False
TBCC,0,1,0,0,False
TBCCD1,0,1,0,0,False
TBCD,0,1,0,0,False
TBCE,0,1,0,0,False
TBCEL,0,1,0,0,False
TBCEL-TECTA,0,1,0,0,False
TBCK,0,1,0,0,False
TBILA,0,1,0,0,False
TBK1,0,1,0,0,False
TBKBP1,0,1,0,0,False
TBL1X,0,1,0,0,False
TBL1XR1,0,1,0,0,False
TBL1Y,0,1,0,0,False
TBL2,0,1,0,0,False
TBL3,0,1,0,0,False
TBP,0,1,0,0,False
TBPL1,0,1,0,0,False
TBR1,0,1,0,0,False
TBRG1,0,1,0,0,False
TBRG4,0,1,0,0,False
TBX1,1,1,0,0,False
TBX18,1,1,0,0,False
TBX19,0,1,0,0,False
TBX2,0,1,0,0,False
TBX2-AS1,0,1,0,0,False
TBX20,0,1,0,0,False
TBX21,1,1,0,0,False
TBX3,1,1,0,0,False
TBX4,0,1,0,0,False
TBX5,0,1,0,0,False
TBX5-AS1,0,1,0,0,False
TBXA2R,0,1,0,0,False
TBXAS1,0,1,1,0,False
TC2N,0,1,0,0,False
TCAF1,0,1,0,0,False
TCAF1P1,0,1,0,0,False
TCAF2,0,1,0,0,False
TCAIM,0,1,0,0,False
TCAP,0,1,0,0,False
TCEA1,0,1,0,0,False
TCEA1P2,0,1,0,0,False
TCEA2,0,1,0,0,False
TCEA3,0,1,0,0,False
TCEAL1,0,1,0,0,False
TCEAL2,0,1,0,0,False
TCEAL3,0,1,0,0,False
TCEAL4,0,1,0,0,False
TCEAL6,0,1,0,0,False
TCEAL7,0,1,0,0,False
TCEAL8,0,1,0,0,False
TCEAL9,0,1,0,0,False
TCEANC,0,1,0,0,False
TCEANC2,0,1,0,0,False
TCERG1,0,1,0,0,False
TCF12,0,1,0,0,False
TCF15,0,1,0,0,False
TCF19,0,1,0,0,False
TCF20,0,1,0,0,False
TCF21,1,1,0,0,False
TCF23,0,1,0,0,False
TCF24,0,1,0,0,False
TCF25,0,1,0,0,False
TCF3,0,1,0,0,False
TCF4,1,1,0,0,False
TCF4-AS1,0,1,0,0,False
TCF4-AS2,0,1,0,0,False
TCF7,1,1,0,1,False
TCF7L1,0,1,0,0,False
TCF7L2,1,1,0,0,False
TCHH,0,1,0,0,False
TCHP,0,1,0,0,False
TCIM,0,1,0,0,False
TCIRG1,0,1,0,0,False
TCL1A,1,1,0,1,False
TCL1B,0,1,0,0,False
TCL6,0,1,0,0,False
TCN1,0,1,0,0,False
TCN2,0,1,0,0,False
TCOF1,0,1,0,0,False
TCP1,0,1,0,0,False
TCP10L,0,1,0,0,False
TCP10L3,0,1,0,0,False
TCP11L1,0,1,0,0,False
TCP11L2,0,1,0,0,False
TCP1P1,0,1,0,0,False
TCRab,1,0,0,0,False
TCTA,0,1,0,0,False
TCTE1,0,1,0,0,False
TCTN1,0,1,0,0,False
TCTN2,0,1,0,0,False
TCTN3,0,1,0,0,False
TDG,0,1,0,0,False
TDO2,0,1,0,0,False
TDP1,0,1,0,0,False
TDP2,0,1,0,0,False
TDRD1,0,1,0,0,False
TDRD10,0,1,0,0,False
TDRD12,0,1,0,0,False
TDRD3,0,1,0,0,False
TDRD7,0,1,0,0,False
TDRKH,0,1,0,0,False
TDRKH-AS1,0,1,0,0,False
TDRP,0,1,0,0,False
TEAD1,0,1,0,0,False
TEAD2,0,1,0,0,False
TEAD4,0,1,0,0,False
TEC,0,1,0,0,False
TECPR1,0,1,0,0,False
TECPR2,0,1,0,0,False
TECR,0,1,0,0,False
TECRL,0,1,0,1,False
TECRP1,0,1,0,0,False
TEDC1,0,1,0,0,False
TEDC2,0,1,0,0,False
TEF,0,1,0,0,False
TEFM,0,1,0,0,False
TEK,1,1,0,0,False
TEKT1,0,1,0,0,False
TEKT2,0,1,0,0,False
TEKT3,0,1,0,0,False
TEKT4,0,1,0,0,False
TEKT5,0,1,0,0,False
TEKTL1,0,1,0,0,False
TELO2,0,1,0,0,False
TEN1,0,1,0,0,False
TENM1,0,1,0,0,False
TENM2,0,1,0,1,False
TENM3,0,1,1,0,False
TENM3-AS1,0,1,0,0,False
TENM4,0,1,0,0,False
TENT2,0,1,0,0,False
TENT4A,0,1,0,0,False
TENT4B,0,1,0,0,False
TENT5A,1,1,0,0,False
TENT5B,0,1,0,0,False
TENT5C,0,1,1,0,False
TEP1,0,1,0,0,False
TEPSIN,0,1,0,0,False
TERB1,0,1,0,0,False
TERF1,0,1,0,0,False
TERF2,0,1,0,0,False
TERF2IP,0,1,0,0,False
TERLR1,0,1,0,0,False
TERT,0,1,0,0,False
TES,0,1,0,0,False
TESC,0,1,0,0,False
TESK1,0,1,0,0,False
TESK2,0,1,0,0,False
TESMIN,0,1,0,0,False
TESPA1,1,1,0,0,False
TET1,0,1,0,0,False
TET2,0,1,0,0,False
TET2-AS1,0,1,0,0,False
TET3,0,1,0,0,False
TEX10,0,1,0,0,False
TEX101,0,1,0,0,False
TEX11,0,1,0,0,False
TEX12,0,1,0,0,False
TEX13D,0,1,0,0,False
TEX14,0,1,0,0,False
TEX2,0,1,0,0,False
TEX22,0,1,0,0,False
TEX26,0,1,0,0,False
TEX264,0,1,0,0,False
TEX29,0,1,0,0,False
TEX30,0,1,0,0,False
TEX36,0,1,0,0,False
TEX41,0,1,1,0,False
TEX44,0,1,0,0,False
TEX48,0,1,0,0,False
TEX53,0,1,0,0,False
TEX9,0,1,0,0,False
TF,1,1,0,0,False
TFAM,0,1,0,0,False
TFAP2A,1,1,0,0,False
TFAP2A-AS1,0,1,0,0,False
TFAP2B,1,1,0,0,False
TFAP2C,1,1,0,0,False
TFAP2D,1,0,0,0,False
TFAP2E,0,1,0,0,False
TFAP2E-AS1,0,1,0,0,False
TFAP4,0,1,0,0,False
TFB1M,0,1,0,0,False
TFB2M,0,1,0,0,False
TFCP2,0,1,0,0,False
TFCP2L1,0,1,1,0,False
TFDP1,0,1,0,0,False
TFDP2,0,1,0,1,False
TFE3,0,1,0,0,False
TFEB,0,1,0,0,False
TFEC,0,1,0,0,False
TFF1,0,1,0,0,False
TFF2,1,1,0,0,False
TFF3,1,1,0,0,False
TFG,0,1,0,0,False
TFIP11,0,1,0,0,False
TFPI,1,1,0,0,False
TFPI2,1,1,0,0,False
TFPT,0,1,0,0,False
TFR2,0,1,0,0,False
TFRC,1,1,0,1,False
TG,1,1,0,0,False
TGDS,0,1,0,0,False
TGF-��-RI,1,0,0,0,False
TGF-��-RII,1,0,0,0,False
TGFA,1,1,0,0,False
TGFB1,0,1,0,1,False
TGFB1I1,0,1,0,0,False
TGFB2,0,1,0,0,False
TGFB3,0,1,0,0,False
TGFBI,0,1,0,0,False
TGFBR1,0,1,0,0,False
TGFBR2,1,1,0,0,False
TGFBR3,0,1,1,0,False
TGFBRAP1,0,1,0,0,False
TGIF1,0,1,0,0,False
TGIF2,0,1,0,0,False
TGM1,0,1,0,0,False
TGM2,0,1,0,0,False
TGM5,0,1,0,0,False
TGM6,0,1,0,0,False
TGOLN2,0,1,0,0,False
TGS1,0,1,0,0,False
TH,1,1,0,1,False
TH2LCRR,0,1,0,0,False
THADA,0,1,0,0,False
THAP1,0,1,0,0,False
THAP11,0,1,0,0,False
THAP12,0,1,0,0,False
THAP2,0,1,0,0,False
THAP3,0,1,0,0,False
THAP4,0,1,0,0,False
THAP5,0,1,0,0,False
THAP5P2,0,1,0,0,False
THAP6,0,1,0,0,False
THAP7,0,1,0,0,False
THAP7-AS1,0,1,0,0,False
THAP8,0,1,0,0,False
THAP9,0,1,0,0,False
THAP9-AS1,0,1,0,0,False
THBD,1,1,0,1,False
THBS1,0,1,0,0,False
THBS1-IT1,0,1,0,0,False
THBS2,0,1,0,0,False
THBS2-AS1,0,1,0,0,False
THBS3,0,1,0,0,False
THBS4,0,1,0,0,False
THBS4-AS1,0,1,0,0,False
THEM4,0,1,0,0,False
THEM5,0,1,0,0,False
THEM6,0,1,0,0,False
THEM7P,0,1,0,0,False
THEMIS,1,1,1,1,True
THEMIS2,0,1,0,0,False
THG1L,0,1,0,0,False
THNSL2,0,1,0,0,False
THOC1,0,1,0,0,False
THOC2,0,1,0,0,False
THOC3,0,1,0,0,False
THOC5,0,1,0,0,False
THOC6,0,1,0,0,False
THOC7,0,1,0,0,False
THOP1,0,1,0,0,False
THPO,0,1,0,0,False
THRA,0,1,0,0,False
THRAP3,0,1,0,0,False
THRB,0,1,0,0,False
THRB-AS1,0,1,0,0,False
THRB-IT1,0,1,0,0,False
THRIL,0,1,0,0,False
THRSP,0,1,0,0,False
THSD1,0,1,0,0,False
THSD4,0,1,0,0,False
THSD4-AS1,0,1,0,0,False
THSD7A,0,1,0,0,False
THSD7B,1,1,0,0,False
THSD8,0,1,0,0,False
THUMPD1,0,1,0,0,False
THUMPD2,0,1,0,0,False
THUMPD3,0,1,0,0,False
THUMPD3-AS1,0,1,0,0,False
THY1,1,1,0,1,False
THY1-AS1,0,1,0,0,False
THYN1,0,1,0,0,False
TIA1,1,1,0,0,False
TIAL1,0,1,0,0,False
TIAM1,0,1,0,0,False
TIAM2,0,1,0,0,False
TICAM1,0,1,0,0,False
TICAM2,0,1,0,0,False
TICAM2-AS1,0,1,0,0,False
TICRR,0,1,0,0,False
TIE1,1,1,0,0,False
TIFA,0,1,0,0,False
TIFAB,0,1,0,0,False
TIGAR,0,1,0,0,False
TIGD1,0,1,0,0,False
TIGD2,0,1,0,0,False
TIGD4,0,1,0,0,False
TIGD5,0,1,0,0,False
TIGD7,0,1,0,0,False
TIGIT,1,1,0,0,False
TIMD4,0,1,0,0,False
TIMELESS,0,1,0,0,False
TIMM10,0,1,0,0,False
TIMM10B,0,1,0,0,False
TIMM13,0,1,0,0,False
TIMM17A,0,1,0,0,False
TIMM17B,0,1,0,0,False
TIMM21,0,1,0,0,False
TIMM22,0,1,0,0,False
TIMM23,0,1,0,0,False
TIMM23B,0,1,0,0,False
TIMM23B-AGAP6,0,1,0,0,False
TIMM29,0,1,0,0,False
TIMM44,0,1,0,0,False
TIMM50,0,1,0,0,False
TIMM8A,0,1,0,0,False
TIMM8B,0,1,0,0,False
TIMM9,0,1,0,0,False
TIMMDC1,0,1,0,0,False
TIMP1,0,1,0,0,False
TIMP2,0,1,0,0,False
TIMP3,0,1,0,0,False
TIMP4,0,1,0,0,False
TINAG,1,1,0,0,False
TINAG-AS1,0,1,0,0,False
TINAGL1,0,1,0,0,False
TINF2,0,1,0,0,False
TIPARP,0,1,0,0,False
TIPARP-AS1,0,1,0,0,False
TIPIN,0,1,0,0,False
TIPRL,0,1,0,0,False
TIRAP,0,1,0,0,False
TIRAP-AS1,0,1,0,0,False
TJAP1,0,1,0,0,False
TJP1,0,1,0,0,False
TJP2,0,1,0,0,False
TJP3,0,1,0,0,False
TK1,0,1,0,0,False
TK2,0,1,0,0,False
TKFC,0,1,0,0,False
TKT,0,1,0,0,False
TKTL1,0,1,0,0,False
TLCD1,0,1,0,0,False
TLCD3A,0,1,0,0,False
TLCD4,0,1,0,0,False
TLCD5,0,1,0,0,False
TLDC2,1,1,0,0,False
TLE1,0,1,0,0,False
TLE1-DT,0,1,0,0,False
TLE2,0,1,0,0,False
TLE3,0,1,0,0,False
TLE4,0,1,0,0,False
TLE5,1,1,0,0,False
TLE6,0,1,0,0,False
TLK1,0,1,0,0,False
TLK2,0,1,0,0,False
TLL1,1,1,0,0,False
TLN1,0,1,0,0,False
TLN2,0,1,0,0,False
TLNRD1,0,1,0,0,False
TLR1,0,1,0,0,False
TLR10,0,1,0,0,False
TLR2,0,1,0,0,False
TLR4,0,1,0,0,False
TLR5,0,1,0,0,False
TLR6,0,1,0,0,False
TLR7,0,1,0,0,False
TLR9,0,1,0,0,False
TLX2,0,0,0,1,False
TM2D1,0,1,0,0,False
TM2D2,0,1,0,0,False
TM2D3,0,1,0,0,False
TM4SF1,1,1,0,0,False
TM4SF1-AS1,0,1,0,0,False
TM4SF18,0,1,0,1,False
TM4SF19,0,1,0,0,False
TM4SF20,0,1,0,0,False
TM4SF4,0,1,0,0,False
TM4SF5,0,1,0,0,False
TM6SF1,0,1,0,0,False
TM6SF2,0,1,0,0,False
TM7SF2,0,1,0,0,False
TM7SF3,0,1,0,0,False
TM9SF1,0,1,0,0,False
TM9SF2,0,1,0,0,False
TM9SF3,0,1,0,0,False
TM9SF4,0,1,0,0,False
TMA16,0,1,0,0,False
TMA7,0,1,0,0,False
TMA7B,0,1,0,0,False
TMBIM1,0,1,0,0,False
TMBIM4,0,1,0,0,False
TMBIM6,0,1,0,0,False
TMC1,0,1,0,0,False
TMC3-AS1,0,1,0,0,False
TMC4,0,1,0,0,False
TMC5,0,1,0,0,False
TMC6,0,1,0,0,False
TMC7,0,1,0,0,False
TMC8,0,1,0,0,False
TMCC1,0,1,0,0,False
TMCC1-DT,0,1,0,0,False
TMCC2,0,1,0,0,False
TMCC3,0,1,0,0,False
TMCO1,0,1,0,0,False
TMCO3,0,1,0,0,False
TMCO4,0,1,0,0,False
TMCO6,0,1,0,0,False
TMED1,0,1,0,0,False
TMED10,0,1,0,0,False
TMED2,0,1,0,0,False
TMED2-DT,0,1,0,0,False
TMED3,0,1,0,0,False
TMED4,0,1,0,0,False
TMED5,0,1,0,0,False
TMED7,0,1,0,0,False
TMED8,0,1,0,0,False
TMED9,0,1,0,0,False
TMEFF1,0,1,0,0,False
TMEFF2,0,1,0,0,False
TMEM100,0,1,0,0,False
TMEM101,0,1,0,0,False
TMEM102,0,1,0,0,False
TMEM104,0,1,0,0,False
TMEM106A,0,1,0,0,False
TMEM106B,0,1,0,0,False
TMEM106C,0,1,0,0,False
TMEM107,0,1,0,0,False
TMEM108,0,1,0,0,False
TMEM109,0,1,0,0,False
TMEM11,0,1,0,0,False
TMEM114,0,1,0,0,False
TMEM115,0,1,0,0,False
TMEM116,0,1,0,0,False
TMEM117,0,1,1,0,False
TMEM119,0,1,0,0,False
TMEM120A,0,1,0,0,False
TMEM120B,0,1,0,0,False
TMEM123,0,1,0,0,False
TMEM125,0,1,0,0,False
TMEM126A,0,1,0,0,False
TMEM126B,0,1,0,0,False
TMEM127,0,1,0,0,False
TMEM128,0,1,0,0,False
TMEM129,0,1,0,0,False
TMEM130,0,1,0,0,False
TMEM131,0,1,0,0,False
TMEM131L,0,1,0,0,False
TMEM132A,0,1,0,0,False
TMEM132B,0,1,0,0,False
TMEM132C,1,1,0,0,False
TMEM132D,0,1,0,0,False
TMEM134,0,1,0,0,False
TMEM135,0,1,0,0,False
TMEM138,0,1,0,0,False
TMEM139,0,1,0,0,False
TMEM139-AS1,0,1,0,0,False
TMEM140,0,1,0,0,False
TMEM141,0,1,0,0,False
TMEM143,0,1,0,0,False
TMEM144,0,1,0,0,False
TMEM145,0,1,0,0,False
TMEM147,0,1,0,0,False
TMEM14A,0,1,0,0,False
TMEM14B,0,1,0,0,False
TMEM14B-DT,0,1,0,0,False
TMEM14C,0,1,0,0,False
TMEM14EP,0,1,0,0,False
TMEM150A,0,1,0,0,False
TMEM150B,0,1,0,0,False
TMEM150C,0,1,0,0,False
TMEM151A,0,1,0,0,False
TMEM154,0,1,0,0,False
TMEM156,0,1,0,0,False
TMEM158,0,1,0,0,False
TMEM160,0,1,0,0,False
TMEM161A,0,1,0,0,False
TMEM161B,0,1,0,0,False
TMEM161B-DT,0,1,0,0,False
TMEM163,0,1,0,0,False
TMEM164,0,1,0,0,False
TMEM165,0,1,0,0,False
TMEM167A,0,1,0,0,False
TMEM167B,0,1,0,0,False
TMEM168,0,1,0,0,False
TMEM169,0,1,0,0,False
TMEM17,0,1,0,0,False
TMEM170A,0,1,0,0,False
TMEM170B,0,1,0,0,False
TMEM171,0,1,0,0,False
TMEM175,0,1,0,0,False
TMEM176A,0,1,0,0,False
TMEM176B,0,1,0,0,False
TMEM177,0,1,0,0,False
TMEM178A,0,1,0,0,False
TMEM178B,0,1,0,0,False
TMEM179B,0,1,0,0,False
TMEM18,0,1,0,0,False
TMEM181,0,1,0,0,False
TMEM183A,0,1,0,0,False
TMEM183BP,0,1,0,0,False
TMEM184A,0,1,0,0,False
TMEM184B,0,1,0,0,False
TMEM184C,0,1,0,0,False
TMEM185A,0,1,0,0,False
TMEM185B,0,1,0,0,False
TMEM187,0,1,0,0,False
TMEM19,0,1,0,0,False
TMEM190,0,1,0,0,False
TMEM191B,0,1,0,0,False
TMEM191C,0,1,0,0,False
TMEM192,0,1,0,0,False
TMEM196,0,1,0,0,False
TMEM198,0,1,0,0,False
TMEM199,0,1,0,0,False
TMEM2,0,1,0,0,False
TMEM200A,0,1,0,0,False
TMEM201,0,1,0,0,False
TMEM202-AS1,0,1,0,0,False
TMEM203,0,1,0,0,False
TMEM204,0,1,0,0,False
TMEM205,0,1,0,0,False
TMEM207,1,1,0,0,False
TMEM208,0,1,0,0,False
TMEM209,0,1,0,0,False
TMEM212,0,1,0,0,False
TMEM213,1,1,1,0,False
TMEM214,0,1,0,0,False
TMEM215,0,1,0,0,False
TMEM216,0,1,0,0,False
TMEM218,0,1,0,0,False
TMEM219,0,1,0,0,False
TMEM220,0,1,0,0,False
TMEM220-AS1,0,1,0,0,False
TMEM222,0,1,0,0,False
TMEM223,0,1,0,0,False
TMEM225B,0,1,0,0,False
TMEM229A,0,1,0,0,False
TMEM229B,0,1,0,0,False
TMEM230,0,1,0,0,False
TMEM231,0,1,0,0,False
TMEM232,0,1,0,0,False
TMEM233,1,1,0,0,False
TMEM234,0,1,0,0,False
TMEM235,0,1,0,0,False
TMEM237,0,1,0,0,False
TMEM238,0,1,0,0,False
TMEM241,0,1,0,0,False
TMEM242,0,1,0,0,False
TMEM243,0,1,0,0,False
TMEM245,0,1,0,0,False
TMEM248,0,1,0,0,False
TMEM25,0,1,0,0,False
TMEM250,0,1,0,0,False
TMEM252-DT,0,1,0,0,False
TMEM253,0,1,0,0,False
TMEM254,0,1,0,0,False
TMEM255A,1,1,0,0,False
TMEM255B,0,1,0,0,False
TMEM256,0,1,0,0,False
TMEM258,0,1,0,0,False
TMEM259,0,1,0,0,False
TMEM26,0,1,0,0,False
TMEM26-AS1,0,1,0,0,False
TMEM260,0,1,0,0,False
TMEM263,0,1,0,0,False
TMEM265,0,1,0,0,False
TMEM266,0,1,0,0,False
TMEM267,0,1,0,0,False
TMEM268,0,1,0,0,False
TMEM270,0,1,0,0,False
TMEM273,0,1,0,0,False
TMEM30A,0,1,0,0,False
TMEM30B,0,1,0,0,False
TMEM33,0,1,0,0,False
TMEM35A,0,1,0,0,False
TMEM35B,0,1,0,0,False
TMEM37,0,1,0,0,False
TMEM38B,0,1,0,0,False
TMEM39A,0,1,0,0,False
TMEM39B,0,1,0,0,False
TMEM40,0,1,0,0,False
TMEM41A,0,1,0,0,False
TMEM41B,0,1,0,0,False
TMEM42,0,1,0,0,False
TMEM43,0,1,0,0,False
TMEM44,0,1,0,0,False
TMEM44-AS1,0,1,0,0,False
TMEM44-AS2,0,1,0,0,False
TMEM45A,0,1,0,0,False
TMEM45B,0,1,0,0,False
TMEM47,0,1,0,0,False
TMEM50A,0,1,0,0,False
TMEM50B,0,1,0,0,False
TMEM51,0,1,0,0,False
TMEM51-AS2,0,1,0,0,False
TMEM52B,0,1,1,0,False
TMEM53,0,1,0,0,False
TMEM54,0,1,0,0,False
TMEM59,0,1,0,0,False
TMEM59L,0,1,0,0,False
TMEM60,0,1,0,0,False
TMEM61,0,1,0,0,False
TMEM62,0,1,0,0,False
TMEM63A,0,1,0,0,False
TMEM63B,0,1,0,0,False
TMEM63C,0,1,0,0,False
TMEM64,0,1,0,0,False
TMEM65,0,1,0,0,False
TMEM67,0,1,0,0,False
TMEM68,0,1,0,0,False
TMEM69,0,1,0,0,False
TMEM70,0,1,0,0,False
TMEM71,0,1,0,0,False
TMEM72,0,1,0,0,False
TMEM72-AS1,0,1,0,0,False
TMEM74B,0,1,0,0,False
TMEM79,0,1,0,0,False
TMEM80,0,1,0,0,False
TMEM86A,0,1,0,0,False
TMEM86B,0,1,0,0,False
TMEM87A,0,1,0,0,False
TMEM87B,0,1,0,0,False
TMEM88,0,1,0,0,False
TMEM8B,0,1,0,0,False
TMEM9,0,1,0,0,False
TMEM91,0,1,0,0,False
TMEM92,0,1,0,0,False
TMEM94,0,1,0,0,False
TMEM97,0,1,0,0,False
TMEM98,0,1,0,0,False
TMEM9B,0,1,0,0,False
TMEM9B-AS1,0,1,0,0,False
TMF1,0,1,0,0,False
TMIGD2,1,1,0,1,False
TMIGD3,0,1,0,0,False
TMLHE,0,1,0,0,False
TMLHE-AS1,0,1,0,0,False
TMOD1,0,1,0,0,False
TMOD2,0,1,0,0,False
TMOD3,0,1,0,0,False
TMPO,0,1,0,0,False
TMPO-AS1,0,1,0,0,False
TMPPE,0,1,0,0,False
TMPRSS11A,0,1,0,0,False
TMPRSS11E,0,1,0,0,False
TMPRSS12,0,1,0,0,False
TMPRSS2,0,1,0,0,False
TMPRSS4,0,1,0,0,False
TMPRSS9,0,1,0,0,False
TMSB10,0,1,0,0,False
TMSB15A,0,1,0,0,False
TMSB15B,0,1,0,0,False
TMSB15B-AS1,0,1,0,0,False
TMSB4X,1,1,0,0,False
TMSB4XP1,0,1,0,0,False
TMSB4XP2,0,1,0,0,False
TMSB4XP4,0,1,0,0,False
TMSB4XP6,0,1,0,0,False
TMSB4XP8,0,1,0,0,False
TMSB4Y,0,1,0,0,False
TMT1A,0,1,0,0,False
TMT1B,0,1,0,0,False
TMTC1,0,1,0,0,False
TMTC2,0,1,0,0,False
TMTC3,0,1,0,0,False
TMTC4,0,1,0,0,False
TMUB1,0,1,0,0,False
TMUB2,0,1,0,0,False
TMX1,0,1,0,0,False
TMX2,0,1,0,0,False
TMX2P1,0,1,0,0,False
TMX3,0,1,0,0,False
TMX4,0,1,0,0,False
TNC,1,1,0,0,False
TNF,1,1,0,0,False
TNFAIP1,0,1,0,0,False
TNFAIP2,0,1,0,0,False
TNFAIP3,0,1,0,0,False
TNFAIP6,0,1,0,0,False
TNFAIP8,0,1,0,0,False
TNFAIP8L1,0,1,0,0,False
TNFAIP8L2,0,1,0,0,False
TNFAIP8L3,0,1,0,0,False
TNFRSF10A,0,1,0,0,False
TNFRSF10B,0,1,0,0,False
TNFRSF10D,0,1,0,0,False
TNFRSF11A,0,1,0,0,False
TNFRSF11B,0,1,0,0,False
TNFRSF12A,0,1,0,0,False
TNFRSF13B,1,1,0,1,False
TNFRSF13C,0,1,0,1,False
TNFRSF14,0,1,0,0,False
TNFRSF14-AS1,0,1,0,0,False
TNFRSF17,1,1,0,1,False
TNFRSF18,0,1,0,0,False
TNFRSF19,0,1,0,0,False
TNFRSF1A,0,1,0,0,False
TNFRSF1B,0,1,1,0,False
TNFRSF21,0,1,0,0,False
TNFRSF25,1,1,0,0,False
TNFRSF4,1,1,0,0,False
TNFRSF6B,0,1,0,0,False
TNFRSF8,0,1,0,0,False
TNFRSF9,1,1,0,0,False
TNFSF10,1,1,0,0,False
TNFSF11,1,1,0,1,False
TNFSF12,0,1,0,0,False
TNFSF12-TNFSF13,0,1,0,0,False
TNFSF13,0,1,0,0,False
TNFSF13B,0,1,0,0,False
TNFSF14,0,1,0,0,False
TNFSF15,0,1,0,0,False
TNFSF4,0,1,0,0,False
TNFSF8,0,1,0,0,False
TNFSF9,0,1,0,0,False
TNIK,0,1,0,0,False
TNIP1,0,1,0,0,False
TNIP2,0,1,0,0,False
TNIP3,0,1,0,0,False
TNK1,0,1,0,0,False
TNK2,0,1,0,0,False
TNKS,0,1,0,0,False
TNKS1BP1,0,1,0,0,False
TNKS2,0,1,0,0,False
TNKS2-DT,0,1,0,0,False
TNMD,0,1,0,0,False
TNN,0,1,0,0,False
TNNC1,0,1,0,1,False
TNNC2,0,1,0,0,False
TNNI1,0,1,0,1,False
TNNI2,1,1,0,0,False
TNNI3,0,1,0,1,False
TNNI3K,0,1,0,0,False
TNNT1,0,1,0,0,False
TNNT2,0,1,0,1,False
TNNT3,1,1,0,0,False
TNPO1,0,1,0,0,False
TNPO2,0,1,0,0,False
TNPO3,0,1,0,0,False
TNR,0,1,0,0,False
TNRC18,0,1,0,0,False
TNRC6A,0,1,0,0,False
TNRC6B,0,1,0,0,False
TNRC6C,0,1,0,0,False
TNS1,0,1,0,0,False
TNS1-AS1,0,1,0,0,False
TNS2,0,1,0,0,False
TNS2-AS1,0,1,0,0,False
TNS3,0,1,0,0,False
TNS4,0,1,0,1,False
TNXA,0,1,0,0,False
TNXB,0,1,0,0,False
TOB1,0,1,0,0,False
TOB1-AS1,0,1,0,0,False
TOB2,0,1,0,0,False
TOE1,0,1,0,0,False
TOGARAM1,0,1,0,0,False
TOGARAM2,0,1,0,0,False
TOLLIP,0,1,0,0,False
TOM1,0,1,0,0,False
TOM1L1,0,1,0,0,False
TOM1L2,0,1,0,0,False
TOMM20,0,1,0,0,False
TOMM20P2,0,1,0,0,False
TOMM22,0,1,0,0,False
TOMM22-DT,0,1,0,0,False
TOMM34,0,1,0,0,False
TOMM40,0,1,0,0,False
TOMM40L,0,1,0,0,False
TOMM5,0,1,0,0,False
TOMM6,0,1,0,0,False
TOMM7,0,1,0,0,False
TOMM70,0,1,0,0,False
TOP1,0,1,0,0,False
TOP1MT,0,1,0,0,False
TOP2A,0,1,0,1,False
TOP2B,0,1,0,0,False
TOP3A,0,1,0,0,False
TOP3B,0,1,0,0,False
TOP6BL,0,1,0,0,False
TOPBP1,0,1,0,0,False
TOPORS,0,1,0,0,False
TOR1A,0,1,0,0,False
TOR1AIP1,0,1,0,0,False
TOR1AIP2,0,1,0,0,False
TOR1B,0,1,0,0,False
TOR1BP1,0,1,0,0,False
TOR2A,0,1,0,0,False
TOR3A,0,1,0,0,False
TOR4A,0,1,0,0,False
TOX,0,1,0,0,False
TOX-DT,0,1,0,0,False
TOX2,0,1,0,0,False
TOX3,0,1,1,0,False
TOX4,0,1,0,0,False
TOX4P1,0,1,0,0,False
TP53,1,1,0,1,False
TP53BP1,0,1,0,0,False
TP53BP2,0,1,0,0,False
TP53I11,0,1,0,0,False
TP53I13,0,1,0,0,False
TP53I3,1,1,0,0,False
TP53INP1,0,1,0,0,False
TP53INP2,0,1,0,0,False
TP53RK,0,1,0,0,False
TP53TG1,0,1,0,0,False
TP53TG3D,0,1,0,0,False
TP63,1,1,0,1,False
TP73,0,1,0,0,False
TPBG,0,1,0,0,False
TPCN1,0,1,0,0,False
TPCN2,0,1,0,0,False
TPD52,0,1,0,0,False
TPD52L1,0,1,0,0,False
TPD52L2,0,1,0,0,False
TPGS1,0,1,0,0,False
TPGS2,0,1,0,0,False
TPH1,1,1,0,0,False
TPH2,1,1,0,0,False
TPI1,0,1,0,0,False
TPI1P1,0,1,0,0,False
TPK1,0,1,0,0,False
TPM1,0,1,1,0,False
TPM1-AS,0,1,0,0,False
TPM2,1,1,1,0,False
TPM3,0,1,0,0,False
TPM3P9,0,1,0,0,False
TPM4,0,1,0,0,False
TPMT,0,1,0,0,False
TPMTP2,0,1,0,0,False
TPO,0,1,0,0,False
TPP1,0,1,0,0,False
TPP2,0,1,0,0,False
TPPP,0,1,0,0,False
TPPP3,1,1,0,0,False
TPR,0,1,0,0,False
TPRA1,0,1,0,0,False
TPRG1,0,1,0,0,False
TPRG1L,0,1,0,0,False
TPRKB,0,1,0,0,False
TPRN,0,1,0,0,False
TPRXL,0,1,0,0,False
TPSAB1,1,1,1,1,True
TPSB2,1,1,1,1,True
TPSD1,0,1,0,0,False
TPSG1,0,1,0,0,False
TPST1,0,1,0,0,False
TPST2,0,1,0,0,False
TPT1,0,1,0,0,False
TPT1-AS1,0,1,0,0,False
TPT1P6,0,1,0,0,False
TPT1P9,0,1,0,0,False
TPTE,0,1,0,0,False
TPTE2,0,1,0,0,False
TPTE2-AS1,0,1,0,0,False
TPTE2P5,0,1,0,0,False
TPTE2P6,0,1,0,0,False
TPTEP2,0,1,0,0,False
TPTEP2-CSNK1E,0,1,0,0,False
TPX2,0,1,0,0,False
TRA2A,0,1,0,0,False
TRA2B,0,1,0,0,False
TRABD,0,1,0,0,False
TRABD2A,1,1,0,0,False
TRABD2B,0,1,0,1,False
TRAC,1,1,0,0,False
TRADD,0,1,0,0,False
TRAF1,0,1,0,0,False
TRAF2,0,1,0,0,False
TRAF3,0,1,0,0,False
TRAF3IP1,0,1,0,0,False
TRAF3IP2,0,1,0,0,False
TRAF3IP2-AS1,0,1,0,0,False
TRAF3IP3,0,1,0,0,False
TRAF4,0,1,0,0,False
TRAF5,0,1,0,0,False
TRAF6,0,1,0,0,False
TRAF7,0,1,0,0,False
TRAFD1,0,1,0,0,False
TRAJ18,1,0,0,0,False
TRAJ24,1,0,0,0,False
TRAK1,0,1,0,0,False
TRAK2,0,1,0,0,False
TRAM1,0,1,0,0,False
TRAM2,0,1,0,0,False
TRAM2-AS1,0,1,0,0,False
TRANK1,0,1,0,0,False
TRAP1,0,1,0,0,False
TRAPPC1,0,1,0,0,False
TRAPPC10,0,1,0,0,False
TRAPPC11,0,1,0,0,False
TRAPPC12,0,1,0,0,False
TRAPPC12-AS1,0,1,0,0,False
TRAPPC13,0,1,0,0,False
TRAPPC14,0,1,0,0,False
TRAPPC2,0,1,0,0,False
TRAPPC2B,0,1,0,0,False
TRAPPC2L,0,1,0,0,False
TRAPPC3,0,1,0,0,False
TRAPPC3L,0,1,0,0,False
TRAPPC4,0,1,0,0,False
TRAPPC5,0,1,0,0,False
TRAPPC6A,0,1,0,0,False
TRAPPC6B,0,1,0,0,False
TRAPPC8,0,1,0,0,False
TRAPPC9,0,1,0,0,False
TRARG1,0,1,0,0,False
TRAT1,1,1,0,1,False
TRAV1-2,0,1,0,0,False
TRAV11,1,0,0,0,False
TRAV12-2,0,1,0,0,False
TRAV13-1,0,1,0,0,False
TRAV13-2,0,1,0,0,False
TRAV14DV4,0,1,0,0,False
TRAV22,0,1,0,0,False
TRAV3,0,1,0,0,False
TRAV30,0,1,0,0,False
TRAV38-2DV8,0,1,0,0,False
TRAV4,0,1,0,0,False
TRAV6,0,1,0,0,False
TRAV8-2,0,1,0,0,False
TRAV9-2,0,1,0,0,False
TRBC1,1,1,0,0,False
TRBC2,0,1,0,0,False
TRBV10-2,0,1,0,0,False
TRBV10-3,0,1,0,0,False
TRBV19,0,1,0,0,False
TRBV20-1,0,1,0,0,False
TRBV24-1,0,1,0,0,False
TRBV27,0,1,0,0,False
TRBV28,0,1,0,0,False
TRBV29-1,0,1,0,0,False
TRBV3-1,0,1,0,0,False
TRBV30,0,1,0,0,False
TRBV5-1,0,1,0,0,False
TRBV6-1,0,1,0,0,False
TRBV6-2,0,1,0,0,False
TRBV6-4,0,1,0,0,False
TRBV6-5,0,1,0,0,False
TRBV6-6,0,1,0,0,False
TRBV7-3,0,1,0,0,False
TRBV7-6,0,1,0,0,False
TRD,1,0,0,0,False
TRD-AS1,0,1,0,0,False
TRDC,1,1,0,0,False
TRDMT1,0,1,0,0,False
TRDN,1,1,0,1,False
TRDN-AS1,0,1,0,0,False
TRDV1,0,1,0,0,False
TRDV2,0,1,0,0,False
TRDV3,0,1,0,0,False
TREH,0,1,0,0,False
TREM1,0,1,0,0,False
TREM2,0,1,0,0,False
TREML1,0,1,0,1,False
TREML2,0,1,0,0,False
TREML4,0,1,0,0,False
TRERF1,0,1,0,0,False
TREX2,0,1,0,0,False
TRG,1,0,0,0,False
TRG-AS1,0,1,0,0,False
TRGC1,0,1,0,0,False
TRGC2,1,1,0,0,False
TRGV11,0,1,0,0,False
TRGV2,1,1,0,0,False
TRGV4,0,1,0,0,False
TRGV9,0,1,0,0,False
TRH,0,1,0,0,False
TRHDE,1,1,0,0,False
TRHDE-AS1,0,1,0,0,False
TRIAP1,0,1,0,0,False
TRIB1,0,1,0,0,False
TRIB2,0,1,0,0,False
TRIB3,0,1,0,0,False
TRIM10,0,1,0,0,False
TRIM11,0,1,0,0,False
TRIM13,0,1,0,0,False
TRIM14,0,1,0,0,False
TRIM16,0,1,0,0,False
TRIM17,0,1,0,0,False
TRIM2,0,1,0,0,False
TRIM21,0,1,0,0,False
TRIM22,1,1,0,0,False
TRIM23,0,1,0,0,False
TRIM24,0,1,0,0,False
TRIM25,0,1,0,0,False
TRIM26,0,1,0,0,False
TRIM27,0,1,0,0,False
TRIM28,0,1,0,0,False
TRIM29,0,1,0,0,False
TRIM31,0,1,0,0,False
TRIM32,0,1,0,0,False
TRIM33,0,1,0,0,False
TRIM34,0,1,0,0,False
TRIM35,0,1,0,0,False
TRIM36,0,1,0,0,False
TRIM37,0,1,0,0,False
TRIM38,0,1,0,0,False
TRIM39,0,1,0,0,False
TRIM4,0,1,0,0,False
TRIM41,0,1,0,0,False
TRIM44,0,1,0,0,False
TRIM45,0,1,0,0,False
TRIM47,0,1,0,0,False
TRIM5,0,1,0,0,False
TRIM50,0,1,0,1,False
TRIM52,0,1,0,0,False
TRIM52-AS1,0,1,0,0,False
TRIM54,0,1,0,0,False
TRIM55,0,1,0,0,False
TRIM56,0,1,0,0,False
TRIM58,0,1,0,0,False
TRIM59,0,1,0,0,False
TRIM59-IFT80,0,1,0,0,False
TRIM61,0,1,0,0,False
TRIM63,0,1,0,1,False
TRIM65,0,1,0,0,False
TRIM66,0,1,0,0,False
TRIM67,0,1,0,0,False
TRIM68,0,1,0,0,False
TRIM69,0,1,0,0,False
TRIM7,0,1,0,0,False
TRIM7-AS2,0,1,0,0,False
TRIM73,0,1,0,0,False
TRIM8,0,1,0,0,False
TRIM8-DT,0,1,0,0,False
TRIM9,0,1,0,0,False
TRIML2,0,1,0,0,False
TRIO,0,1,0,0,False
TRIOBP,0,1,0,0,False
TRIP10,0,1,0,0,False
TRIP11,0,1,0,0,False
TRIP12,0,1,0,0,False
TRIP13,0,1,0,0,False
TRIP4,0,1,0,0,False
TRIP6,0,1,0,0,False
TRIQK,0,1,0,0,False
TRIR,0,1,0,0,False
TRIT1,0,1,0,0,False
TRMO,0,1,0,0,False
TRMT1,0,1,0,0,False
TRMT10A,0,1,0,0,False
TRMT10B,0,1,0,0,False
TRMT10C,0,1,0,0,False
TRMT11,0,1,0,0,False
TRMT112,0,1,0,0,False
TRMT112P6,0,1,0,0,False
TRMT12,0,1,0,0,False
TRMT13,0,1,0,0,False
TRMT1L,0,1,0,0,False
TRMT2A,0,1,0,0,False
TRMT2B,0,1,0,0,False
TRMT2B-AS1,0,1,0,0,False
TRMT44,0,1,0,0,False
TRMT5,0,1,0,0,False
TRMT6,0,1,0,0,False
TRMT61A,0,1,0,0,False
TRMT61B,0,1,0,0,False
TRMT9B,0,1,0,0,False
TRMU,0,1,0,0,False
TRNAU1AP,0,1,0,0,False
TRNP1,0,1,0,0,False
TRNT1,0,1,0,0,False
TRO,0,1,0,0,False
TROAP,0,1,0,0,False
TROAP-AS1,0,1,0,0,False
TRP,1,0,0,0,False
TRPA1,0,1,0,0,False
TRPC1,0,1,0,0,False
TRPC3,1,0,0,0,False
TRPC4,0,1,0,0,False
TRPC4AP,0,1,0,0,False
TRPC5,1,0,0,0,False
TRPC6,1,1,0,0,False
TRPC7,1,1,0,0,False
TRPM1,1,1,0,0,False
TRPM2,1,1,0,0,False
TRPM3,1,1,1,0,False
TRPM4,0,1,0,0,False
TRPM5,1,1,0,1,False
TRPM6,1,1,1,0,False
TRPM7,0,1,1,0,False
TRPS1,0,1,0,0,False
TRPT1,0,1,0,0,False
TRPV1,1,1,0,1,False
TRPV2,1,1,0,0,False
TRPV4,1,1,0,0,False
TRPV5,1,1,0,0,False
TRRAP,0,1,0,0,False
TRUB1,0,1,0,0,False
TRUB2,0,1,0,0,False
TSACC,0,1,0,0,False
TSBP1,0,1,0,0,False
TSBP1-AS1,0,1,0,0,False
TSC1,0,1,0,0,False
TSC2,0,1,0,0,False
TSC22D1,0,1,0,0,False
TSC22D2,0,1,0,0,False
TSC22D3,0,1,0,0,False
TSC22D4,0,1,0,0,False
TSEN15,0,1,0,0,False
TSEN2,0,1,0,0,False
TSEN34,0,1,0,0,False
TSEN54,0,1,0,0,False
TSFM,0,1,0,0,False
TSG101,0,1,0,0,False
TSGA10,0,1,0,0,False
TSHR,0,1,0,0,False
TSHZ1,1,1,0,0,False
TSHZ2,1,1,1,0,False
TSHZ3,0,1,0,0,False
TSIX,0,1,0,0,False
TSKU,0,1,0,0,False
TSLP,1,1,0,0,False
TSN,0,1,0,0,False
TSNARE1,0,1,0,0,False
TSNAX,0,1,0,0,False
TSNAXIP1,0,1,0,0,False
TSPAN1,1,1,0,0,False
TSPAN10,0,1,0,0,False
TSPAN11,0,1,0,0,False
TSPAN12,1,1,0,0,False
TSPAN13,0,1,0,0,False
TSPAN14,0,1,0,0,False
TSPAN15,0,1,0,0,False
TSPAN16,0,1,0,0,False
TSPAN17,0,1,0,0,False
TSPAN18,1,1,0,0,False
TSPAN18-AS1,0,1,0,0,False
TSPAN19,0,1,0,0,False
TSPAN2,0,1,0,0,False
TSPAN3,0,1,0,0,False
TSPAN31,0,1,0,0,False
TSPAN32,0,1,0,0,False
TSPAN33,0,1,0,0,False
TSPAN4,0,1,0,0,False
TSPAN5,0,1,0,0,False
TSPAN6,0,1,0,0,False
TSPAN7,0,1,0,0,False
TSPAN8,0,1,0,1,False
TSPAN9,0,1,0,0,False
TSPEAR,0,1,0,1,False
TSPO,0,1,0,0,False
TSPO2,1,1,0,0,False
TSPOAP1-AS1,0,1,0,0,False
TSPY26P,0,1,0,0,False
TSPYL1,0,1,0,0,False
TSPYL2,0,1,0,0,False
TSPYL4,0,1,0,0,False
TSPYL5,0,1,0,0,False
TSR1,0,1,0,0,False
TSR2,0,1,0,0,False
TSR3,0,1,0,0,False
TSSC4,0,1,0,0,False
TSSK6,0,1,0,0,False
TST,0,1,0,0,False
TSTD1,0,1,0,0,False
TSTD2,0,1,0,0,False
TTBK1,0,1,0,0,False
TTBK2,0,1,0,0,False
TTC1,0,1,0,0,False
TTC12,0,1,0,0,False
TTC13,0,1,0,0,False
TTC14,0,1,0,0,False
TTC16,0,1,0,0,False
TTC17,0,1,0,0,False
TTC19,0,1,0,0,False
TTC21A,0,1,0,0,False
TTC21B,0,1,0,0,False
TTC22,0,1,0,0,False
TTC23,0,1,0,0,False
TTC23L-AS1,0,1,0,0,False
TTC24,0,1,0,0,False
TTC27,0,1,0,0,False
TTC28,0,1,0,0,False
TTC28-AS1,0,1,0,0,False
TTC29,0,1,0,0,False
TTC3,0,1,0,0,False
TTC3-AS1,0,1,0,0,False
TTC31,0,1,0,0,False
TTC32,0,1,0,0,False
TTC33,0,1,0,0,False
TTC34,0,1,0,0,False
TTC36-AS1,0,1,0,0,False
TTC38,0,1,0,0,False
TTC39A,0,1,0,0,False
TTC39B,0,1,0,0,False
TTC39C,0,1,0,0,False
TTC39C-AS1,0,1,0,0,False
TTC5,0,1,0,0,False
TTC6,1,1,0,0,False
TTC7A,0,1,0,0,False
TTC7B,0,1,0,0,False
TTC8,0,1,0,0,False
TTC9,0,1,0,0,False
TTC9B,0,1,0,1,False
TTC9C,0,1,0,0,False
TTF1,0,1,0,0,False
TTF2,0,1,0,0,False
TTI1,0,1,0,0,False
TTI2,0,1,0,0,False
TTK,0,1,0,0,False
TTL,0,1,0,0,False
TTLL1,0,1,0,0,False
TTLL10,0,1,0,0,False
TTLL11,0,1,0,0,False
TTLL12,0,1,0,0,False
TTLL13,0,1,0,0,False
TTLL2,0,1,0,0,False
TTLL3,0,1,0,0,False
TTLL4,0,1,0,0,False
TTLL5,0,1,0,0,False
TTLL6,0,1,0,0,False
TTLL7,0,1,0,0,False
TTN,1,1,0,0,False
TTN-AS1,0,1,0,0,False
TTPAL,0,1,0,0,False
TTR,1,1,0,0,False
TTTY10,0,1,0,0,False
TTTY14,0,1,0,0,False
TTTY4,0,1,0,0,False
TTYH1,0,1,0,1,False
TTYH2,0,1,0,0,False
TTYH3,0,1,0,0,False
TUB,0,1,0,0,False
TUBA1A,1,1,0,0,False
TUBA1B,0,1,0,0,False
TUBA1B-AS1,0,1,0,0,False
TUBA1C,0,1,0,0,False
TUBA3D,0,1,0,0,False
TUBA4A,0,1,0,0,False
TUBA4B,0,1,0,0,False
TUBA8,0,1,0,0,False
TUBB,1,1,0,0,False
TUBB1,0,1,0,1,False
TUBB2A,0,1,0,0,False
TUBB2B,0,1,0,0,False
TUBB2BP1,0,1,0,0,False
TUBB3,1,1,0,1,False
TUBB4B,1,1,0,0,False
TUBB6,0,1,0,0,False
TUBBP9,0,1,0,0,False
TUBD1,0,1,0,0,False
TUBE1,0,1,0,0,False
TUBG1,0,1,0,0,False
TUBG2,0,1,0,0,False
TUBGCP2,0,1,0,0,False
TUBGCP3,0,1,0,0,False
TUBGCP4,0,1,0,0,False
TUBGCP5,0,1,0,0,False
TUBGCP6,0,1,0,0,False
TUFM,0,1,0,0,False
TUG1,0,1,0,0,False
TULP1,0,1,0,0,False
TULP2,0,1,0,0,False
TULP3,0,1,0,0,False
TULP4,0,1,0,0,False
TUSC1,0,1,0,0,False
TUSC2,0,1,0,0,False
TUSC3,0,1,0,0,False
TUT1,0,1,0,0,False
TUT4,0,1,0,0,False
TUT7,0,1,0,0,False
TVP23A,0,1,0,1,False
TVP23B,0,1,0,0,False
TVP23C,0,1,0,0,False
TVP23C-CDRT4,0,1,0,0,False
TWF1,0,1,0,0,False
TWF2,0,1,0,0,False
TWIST1,0,1,0,0,False
TWIST2,0,1,0,0,False
TWSG1,0,1,0,0,False
TXK,0,1,0,0,False
TXLNA,0,1,0,0,False
TXLNB,0,1,0,0,False
TXLNG,0,1,0,0,False
TXN,0,1,0,0,False
TXN2,0,1,0,0,False
TXNDC11,0,1,0,0,False
TXNDC11-AS1,0,1,0,0,False
TXNDC12,0,1,0,0,False
TXNDC15,0,1,0,0,False
TXNDC16,0,1,0,0,False
TXNDC17,0,1,0,0,False
TXNDC5,0,1,1,0,False
TXNDC8,0,1,0,0,False
TXNDC9,0,1,0,0,False
TXNIP,0,1,0,0,False
TXNL1,0,1,0,0,False
TXNL4A,0,1,0,0,False
TXNL4B,0,1,0,0,False
TXNP6,0,1,0,0,False
TXNRD1,0,1,0,0,False
TXNRD2,0,1,0,0,False
TXNRD3,0,1,0,0,False
TYK2,0,1,0,0,False
TYMP,0,1,0,0,False
TYMS,1,1,0,0,False
TYMSOS,0,1,0,0,False
TYR,0,1,0,0,False
TYRO3,0,1,0,0,False
TYROBP,1,1,0,0,False
TYRP1,0,1,0,1,False
TYSND1,0,1,0,0,False
TYW1,0,1,0,0,False
TYW1B,0,1,0,0,False
TYW3,1,1,0,0,False
TYW5,0,1,0,0,False
Transferrin-R CD71,1,0,0,0,False
U2AF1,0,1,0,0,False
U2AF1L4,0,1,0,0,False
U2AF2,0,1,0,0,False
U2SURP,0,1,0,0,False
UACA,0,1,0,0,False
UAP1,0,1,0,0,False
UBA1,0,1,0,0,False
UBA2,0,1,0,0,False
UBA3,0,1,0,0,False
UBA5,0,1,0,0,False
UBA52,0,1,0,0,False
UBA52P6,0,1,0,0,False
UBA6,0,1,0,0,False
UBA6-DT,0,1,0,0,False
UBA7,0,1,0,0,False
UBAC1,0,1,0,0,False
UBAC2,0,1,0,0,False
UBALD1,0,1,0,0,False
UBALD2,0,1,0,0,False
UBAP1,0,1,0,0,False
UBAP1L,0,1,0,0,False
UBAP2,0,1,0,0,False
UBAP2L,0,1,0,0,False
UBASH3A,0,1,0,0,False
UBASH3B,0,1,0,0,False
UBB,0,1,0,0,False
UBBP1,0,1,0,0,False
UBBP4,0,1,0,0,False
UBC,0,1,0,0,False
UBD,0,1,0,0,False
UBE2A,0,1,0,0,False
UBE2B,0,1,0,0,False
UBE2C,0,1,0,0,False
UBE2D1,0,1,0,0,False
UBE2D2,0,1,0,0,False
UBE2D3,0,1,0,0,False
UBE2D4,0,1,0,0,False
UBE2E1,0,1,0,0,False
UBE2E2,0,1,0,0,False
UBE2E3,0,1,0,0,False
UBE2F,0,1,0,0,False
UBE2G1,0,1,0,0,False
UBE2G2,0,1,0,0,False
UBE2H,0,1,0,0,False
UBE2H-DT,0,1,0,0,False
UBE2I,0,1,0,0,False
UBE2J1,0,1,0,0,False
UBE2J2,0,1,0,0,False
UBE2K,0,1,0,0,False
UBE2L3,0,1,0,0,False
UBE2L6,0,1,0,0,False
UBE2M,0,1,0,0,False
UBE2N,0,1,0,0,False
UBE2O,0,1,0,0,False
UBE2Q1,0,1,0,0,False
UBE2Q2,0,1,0,0,False
UBE2Q2P2,0,1,0,0,False
UBE2QL1,0,1,0,0,False
UBE2R2,0,1,0,0,False
UBE2S,0,1,0,0,False
UBE2T,0,1,0,0,False
UBE2U,0,1,0,0,False
UBE2V1,0,1,0,0,False
UBE2V2,0,1,0,0,False
UBE2W,0,1,0,0,False
UBE2Z,0,1,0,0,False
UBE3A,0,1,0,0,False
UBE3B,0,1,0,0,False
UBE3C,0,1,0,0,False
UBE3D,0,1,0,0,False
UBE4A,0,1,0,0,False
UBE4B,0,1,0,0,False
UBFD1,0,1,0,0,False
UBIAD1,0,1,0,0,False
UBL3,0,1,0,0,False
UBL4A,0,1,0,0,False
UBL5,0,1,0,0,False
UBL7,0,1,0,0,False
UBL7-DT,0,1,0,0,False
UBLCP1,0,1,0,0,False
UBN1,0,1,0,0,False
UBN2,0,1,0,0,False
UBOX5,0,1,0,0,False
UBOX5-AS1,0,1,0,0,False
UBP1,0,1,0,0,False
UBQLN1,0,1,0,0,False
UBQLN2,0,1,0,0,False
UBQLN4,0,1,0,0,False
UBR1,0,1,0,0,False
UBR2,0,1,0,0,False
UBR3,0,1,0,0,False
UBR4,0,1,0,0,False
UBR5,0,1,0,0,False
UBR5-DT,0,1,0,0,False
UBR7,0,1,0,0,False
UBTD1,0,1,0,0,False
UBTD2,0,1,0,0,False
UBTF,0,1,0,0,False
UBXN1,0,1,0,0,False
UBXN10,0,1,0,0,False
UBXN11,0,1,0,0,False
UBXN2A,0,1,0,0,False
UBXN2B,0,1,0,0,False
UBXN4,0,1,0,0,False
UBXN6,0,1,0,0,False
UBXN7,0,1,0,0,False
UBXN8,0,1,0,0,False
UCA1,0,1,0,0,False
UCHL1,1,1,0,0,False
UCHL3,0,1,0,0,False
UCHL5,0,1,0,0,False
UCK1,0,1,0,0,False
UCK2,0,1,0,0,False
UCKL1,0,1,0,0,False
UCP2,0,1,0,0,False
UCP3,0,1,0,0,False
UEVLD,0,1,0,0,False
UFC1,0,1,0,0,False
UFD1,0,1,0,0,False
UFD1-AS1,0,1,0,0,False
UFL1,0,1,0,0,False
UFL1-AS1,0,1,0,0,False
UFM1,0,1,0,0,False
UFSP2,0,1,0,0,False
UGCG,1,1,0,0,False
UGDH,0,1,0,0,False
UGDH-AS1,0,1,0,0,False
UGGT1,0,1,0,0,False
UGGT2,0,1,0,0,False
UGP2,0,1,0,0,False
UGT1A1,0,1,0,0,False
UGT1A10,0,1,0,0,False
UGT1A4,0,1,0,0,False
UGT1A6,0,1,0,0,False
UGT1A7,0,1,0,0,False
UGT1A8,0,1,0,0,False
UGT1A9,0,1,0,0,False
UGT2A1,0,1,0,0,False
UGT2A3,0,1,0,0,False
UGT2B11,0,1,0,0,False
UGT2B17,0,1,0,0,False
UGT2B4,0,1,0,0,False
UGT2B7,0,1,0,1,False
UGT3A1,0,1,0,0,False
UGT3A2,0,1,0,1,False
UGT8,0,1,0,0,False
UHMK1,0,1,0,0,False
UHRF1,1,1,0,0,False
UHRF2,0,1,0,0,False
UICLM,0,1,0,0,False
UIMC1,0,1,0,0,False
ULBP1,0,1,0,0,False
ULK1,0,1,0,0,False
ULK2,0,1,0,0,False
ULK3,0,1,0,0,False
ULK4,0,1,0,0,False
UMAD1,0,1,0,0,False
UMOD,1,1,0,0,False
UMODL1,1,1,0,0,False
UMPS,0,1,0,0,False
UNC119,0,1,0,0,False
UNC119B,0,1,0,0,False
UNC13A,0,1,0,0,False
UNC13B,0,1,0,0,False
UNC13C,0,1,0,0,False
UNC13D,0,1,0,0,False
UNC45A,0,1,0,0,False
UNC45B,0,1,0,0,False
UNC50,0,1,0,0,False
UNC5B,1,1,0,0,False
UNC5B-AS1,0,1,0,0,False
UNC5C,0,1,0,0,False
UNC5D,0,1,0,0,False
UNC79,0,1,0,0,False
UNC80,0,1,0,0,False
UNC93B1,0,1,0,0,False
UNG,0,1,0,0,False
UNK,0,1,0,0,False
UNKL,0,1,0,0,False
UPB1,0,1,0,0,False
UPF1,0,1,0,0,False
UPF2,0,1,0,0,False
UPF3A,0,1,0,0,False
UPF3B,0,1,0,0,False
UPK1A,1,1,0,0,False
UPK1A-AS1,1,0,0,0,False
UPK1B,1,1,0,1,False
UPK2,0,1,0,0,False
UPK3A,1,1,0,1,False
UPK3B,1,1,0,0,False
UPK3BL1,0,1,0,0,False
UPP1,0,1,0,0,False
UPP2,0,1,0,0,False
UPRT,0,1,0,0,False
UQCC1,0,1,0,0,False
UQCC2,0,1,0,0,False
UQCC3,0,1,0,0,False
UQCC4,0,1,0,0,False
UQCC5,0,1,0,0,False
UQCC6,0,1,0,0,False
UQCR10,0,1,0,0,False
UQCR11,0,1,0,0,False
UQCRB,0,1,0,0,False
UQCRB-AS1,0,1,0,0,False
UQCRC1,0,1,0,0,False
UQCRC2,0,1,0,0,False
UQCRFS1,0,1,0,0,False
UQCRH,0,1,0,0,False
UQCRHL,0,1,0,0,False
UQCRQ,0,1,0,0,False
URAD,0,1,0,0,False
URB1,0,1,0,0,False
URB1-AS1,0,1,0,0,False
URB2,0,1,0,0,False
URGCP,0,1,0,0,False
URI1,0,1,0,0,False
URM1,0,1,0,0,False
UROD,0,1,0,0,False
UROS,0,1,0,0,False
USB1,0,1,0,0,False
USE1,0,1,0,0,False
USF1,0,1,0,0,False
USF2,0,1,0,0,False
USF3,0,1,0,0,False
USH1C,0,1,0,0,False
USH2A,0,1,0,0,False
USHBP1,0,1,0,0,False
USO1,0,1,0,0,False
USP1,0,1,0,0,False
USP10,0,1,0,0,False
USP11,0,1,0,0,False
USP12,0,1,0,0,False
USP12-AS1,0,1,0,0,False
USP13,0,1,0,0,False
USP14,0,1,0,0,False
USP15,0,1,0,0,False
USP16,0,1,0,0,False
USP17L10,0,1,0,0,False
USP2,0,1,0,0,False
USP2-AS1,0,1,0,0,False
USP20,0,1,0,0,False
USP21,0,1,0,0,False
USP22,0,1,0,0,False
USP24,0,1,0,0,False
USP25,0,1,0,0,False
USP27X,0,1,0,0,False
USP27X-DT,0,1,0,0,False
USP28,0,1,0,0,False
USP3,0,1,0,0,False
USP3-AS1,0,1,0,0,False
USP30,0,1,0,0,False
USP30-AS1,0,1,0,0,False
USP31,0,1,0,0,False
USP32,0,1,0,0,False
USP32P1,0,1,0,0,False
USP33,0,1,0,0,False
USP34,0,1,0,0,False
USP34-DT,0,1,0,0,False
USP35,0,1,0,0,False
USP36,0,1,0,0,False
USP37,0,1,0,0,False
USP38,0,1,0,0,False
USP38-DT,0,1,0,0,False
USP39,0,1,0,0,False
USP4,0,1,0,0,False
USP40,0,1,0,0,False
USP42,0,1,0,0,False
USP44,0,1,0,0,False
USP45,0,1,0,0,False
USP46,0,1,0,0,False
USP47,0,1,0,0,False
USP48,0,1,0,0,False
USP5,0,1,0,0,False
USP50,0,1,0,0,False
USP51,0,1,0,0,False
USP53,0,1,0,0,False
USP54,0,1,0,0,False
USP6NL,0,1,0,0,False
USP7,0,1,0,0,False
USP7-AS1,0,1,0,0,False
USP8,0,1,0,0,False
USP9X,0,1,0,0,False
USP9Y,0,1,0,0,False
USPL1,0,1,0,0,False
UST,0,1,0,0,False
UTF1,0,1,0,0,False
UTP11,0,1,0,0,False
UTP14A,0,1,0,0,False
UTP15,0,1,0,0,False
UTP18,0,1,0,0,False
UTP20,0,1,0,0,False
UTP23,0,1,0,0,False
UTP25,0,1,0,0,False
UTP3,0,1,0,0,False
UTP4,0,1,0,0,False
UTP6,0,1,0,0,False
UTRN,0,1,1,0,False
UTS2,0,1,0,0,False
UTY,0,1,0,0,False
UVRAG,0,1,0,0,False
UVRAG-DT,0,1,0,0,False
UVSSA,0,1,0,0,False
UXS1,0,1,0,0,False
UXT,0,1,0,0,False
Ulex+,1,0,0,0,False
VAC14,0,1,0,0,False
VAMP1,0,1,0,0,False
VAMP2,0,1,0,0,False
VAMP3,0,1,0,0,False
VAMP4,0,1,0,0,False
VAMP5,0,1,0,0,False
VAMP7,0,1,0,0,False
VAMP8,0,1,0,0,False
VANGL1,0,1,0,0,False
VANGL2,0,1,0,0,False
VAPA,0,1,0,0,False
VAPB,0,1,0,0,False
VARS1,0,1,0,0,False
VARS2,0,1,0,0,False
VASH1,0,1,0,0,False
VASH1-AS1,0,1,0,0,False
VASH1-DT,0,1,0,0,False
VASH2,1,1,0,0,False
VASN,0,1,0,0,False
VASP,0,1,0,0,False
VAT1,0,1,0,0,False
VAT1L,1,1,0,0,False
VAV1,0,1,0,0,False
VAV2,0,1,0,0,False
VAV3,1,1,0,0,False
VAX2,0,1,0,0,False
VBP1,0,1,0,0,False
VCAM1,1,1,0,0,False
VCAN,1,1,0,1,False
VCAN-AS1,0,1,0,0,False
VCF1,0,1,0,0,False
VCL,0,1,0,0,False
VCP,0,1,0,0,False
VCPIP1,0,1,0,0,False
VCPKMT,0,1,0,0,False
VCX3A,0,1,0,0,False
VDAC1,0,1,0,0,False
VDAC1P4,0,1,0,0,False
VDAC2,0,1,0,0,False
VDAC3,0,1,0,0,False
VDR,0,1,0,0,False
VEGFA,1,1,1,1,True
VEGFB,0,1,0,0,False
VEGFC,0,1,0,0,False
VEGFD,1,1,0,0,False
VEPH1,1,1,0,0,False
VEZF1,0,1,0,0,False
VEZT,0,1,0,0,False
VGF,0,1,0,0,False
VGLL3,1,1,0,0,False
VGLL4,0,1,0,0,False
VHL,0,1,0,0,False
VIL1,0,1,0,0,False
VILL,0,1,0,0,False
VIM,1,1,0,1,False
VIM-AS1,0,1,0,0,False
VIP,1,0,0,0,False
VIPAS39,0,1,0,0,False
VIPR1,0,1,0,0,False
VIPR1-AS1,0,1,0,0,False
VIPR2,1,1,0,0,False
VIRMA,0,1,0,0,False
VIT,0,1,0,0,False
VKORC1,0,1,0,0,False
VKORC1L1,0,1,0,0,False
VLDLR,0,1,0,0,False
VLDLR-AS1,0,1,0,0,False
VMA21,0,1,0,0,False
VMO1,0,1,0,0,False
VMP1,0,1,0,0,False
VN2R1P,0,1,0,0,False
VNN1,0,1,0,0,False
VNN2,0,1,0,0,False
VNN3P,0,1,0,0,False
VOPP1,0,1,0,0,False
VPREB1,1,1,0,0,False
VPREB3,0,1,0,1,False
VPS11,0,1,0,0,False
VPS11-DT,0,1,0,0,False
VPS13A,0,1,0,0,False
VPS13B,0,1,0,0,False
VPS13B-DT,0,1,0,0,False
VPS13C,0,1,0,0,False
VPS13D,0,1,0,0,False
VPS16,0,1,0,0,False
VPS18,0,1,0,0,False
VPS25,0,1,0,0,False
VPS26A,0,1,0,0,False
VPS26B,0,1,0,0,False
VPS26C,0,1,0,0,False
VPS28,0,1,0,0,False
VPS29,0,1,0,0,False
VPS33A,0,1,0,0,False
VPS33B,0,1,0,0,False
VPS35,0,1,0,0,False
VPS35L,0,1,0,0,False
VPS36,0,1,0,0,False
VPS37A,0,1,0,0,False
VPS37B,0,1,0,0,False
VPS39,0,1,0,0,False
VPS39-DT,0,1,0,0,False
VPS41,0,1,0,0,False
VPS45,0,1,0,0,False
VPS4A,0,1,0,0,False
VPS4B,0,1,0,0,False
VPS50,0,1,0,0,False
VPS51,0,1,0,0,False
VPS52,0,1,0,0,False
VPS53,0,1,0,0,False
VPS54,0,1,0,0,False
VPS72,0,1,0,0,False
VPS8,0,1,0,0,False
VPS9D1,0,1,0,0,False
VRK1,0,1,0,0,False
VRK2,0,1,0,0,False
VRK3,0,1,0,0,False
VRTN,0,1,0,0,False
VSIG1,0,1,0,0,False
VSIG10,0,1,0,0,False
VSIG2,0,1,0,1,False
VSIG4,0,1,0,0,False
VSIG8,0,1,0,0,False
VSIR,0,1,0,0,False
VSNL1,0,1,0,0,False
VSTM1,0,1,0,0,False
VSTM2L,0,1,0,0,False
VSTM4,0,1,0,0,False
VSX1,1,1,0,0,False
VSX2,1,1,0,0,False
VTA1,0,1,0,0,False
VTCN1,0,1,0,0,False
VTI1A,0,1,0,0,False
VTI1B,0,1,0,0,False
VTN,0,1,0,0,False
VWA1,0,1,0,0,False
VWA2,0,1,0,0,False
VWA3A,0,1,0,0,False
VWA3B,0,1,0,0,False
VWA5A,0,1,0,0,False
VWA5B1,0,1,0,0,False
VWA5B2,0,1,0,0,False
VWA8,0,1,0,0,False
VWC2,0,1,0,0,False
VWC2L,1,1,0,0,False
VWDE,0,1,0,0,False
VWF,1,1,0,0,False
VXN,0,1,0,0,False
WAC,0,1,0,0,False
WAC-AS1,0,1,0,0,False
WAKMAR2,0,1,0,0,False
WAPL,0,1,0,0,False
WAPL-DT,0,1,0,0,False
WARS1,1,1,0,0,False
WARS2,0,1,0,0,False
WARS2-AS1,0,1,0,0,False
WAS,0,1,0,0,False
WASF1,0,1,0,0,False
WASF2,0,1,0,0,False
WASF3,0,1,0,0,False
WASH2P,0,1,0,0,False
WASH4P,0,1,0,0,False
WASH6P,0,1,0,0,False
WASHC1,0,1,0,0,False
WASHC2A,0,1,0,0,False
WASHC2C,0,1,0,0,False
WASHC3,0,1,0,0,False
WASHC4,0,1,0,0,False
WASHC5,0,1,0,0,False
WASIR2,0,1,0,0,False
WASL,0,1,0,0,False
WASL-DT,0,1,0,0,False
WBP1,0,1,0,0,False
WBP11,0,1,0,0,False
WBP11P1,0,1,0,0,False
WBP1L,0,1,0,0,False
WBP2,0,1,0,0,False
WBP4,0,1,0,0,False
WDCP,0,1,0,0,False
WDFY1,0,1,0,0,False
WDFY2,0,1,0,0,False
WDFY3,0,1,0,0,False
WDFY4,0,1,0,0,False
WDHD1,0,1,0,0,False
WDPCP,0,1,0,0,False
WDR1,0,1,0,0,False
WDR11,0,1,0,0,False
WDR11-DT,0,1,0,0,False
WDR12,0,1,0,0,False
WDR13,0,1,0,0,False
WDR18,0,1,0,0,False
WDR19,0,1,0,0,False
WDR20,0,1,0,0,False
WDR24,0,1,0,0,False
WDR25,0,1,0,0,False
WDR26,0,1,0,0,False
WDR27,0,1,0,0,False
WDR3,0,1,0,0,False
WDR33,0,1,0,0,False
WDR36,0,1,0,0,False
WDR37,0,1,0,0,False
WDR38,0,1,0,0,False
WDR4,0,1,0,0,False
WDR41,0,1,0,0,False
WDR43,0,1,0,0,False
WDR44,0,1,0,0,False
WDR45,0,1,0,0,False
WDR45B,0,1,0,0,False
WDR46,0,1,0,0,False
WDR47,0,1,0,0,False
WDR48,0,1,0,0,False
WDR49,1,1,0,0,False
WDR5,0,1,0,0,False
WDR53,0,1,0,0,False
WDR54,0,1,0,0,False
WDR55,0,1,0,0,False
WDR59,0,1,0,0,False
WDR5B-DT,0,1,0,0,False
WDR6,0,1,0,0,False
WDR62,0,1,0,0,False
WDR64,0,1,0,0,False
WDR7,0,1,0,0,False
WDR70,0,1,0,0,False
WDR72,0,1,0,0,False
WDR73,0,1,0,0,False
WDR74,0,1,0,0,False
WDR75,0,1,0,0,False
WDR76,0,1,0,0,False
WDR77,0,1,0,0,False
WDR81,0,1,0,0,False
WDR82,0,1,0,0,False
WDR83,0,1,0,0,False
WDR83OS,0,1,0,0,False
WDR86,1,0,0,0,False
WDR86-AS1,0,1,0,0,False
WDR89,0,1,0,0,False
WDR90,0,1,0,0,False
WDR91,0,1,0,0,False
WDR93,0,1,0,0,False
WDSUB1,0,1,0,0,False
WDTC1,0,1,0,0,False
WDTC1-DT,0,1,0,0,False
WEE1,0,1,0,0,False
WFDC1,0,1,0,0,False
WFDC2,0,1,0,0,False
WFDC21P,0,1,0,0,False
WFDC3,0,1,0,0,False
WFDC5,0,1,0,0,False
WFIKKN1,0,1,0,0,False
WFIKKN2,0,1,0,0,False
WFS1,0,1,0,0,False
WHAMM,0,1,0,0,False
WHRN,0,1,0,0,False
WIF1,1,1,0,1,False
WIPF1,0,1,0,0,False
WIPF2,0,1,0,0,False
WIPF3,0,1,0,0,False
WIPI1,0,1,0,0,False
WIPI2,0,1,0,0,False
WIZ,0,1,0,0,False
WLS,0,1,0,0,False
WNK1,0,1,1,0,False
WNK2,0,1,0,0,False
WNK3,0,1,0,0,False
WNK4,0,1,1,0,False
WNT10A,0,1,0,0,False
WNT11,0,1,0,0,False
WNT16,1,0,0,0,False
WNT2,1,1,0,0,False
WNT2B,1,1,0,0,False
WNT3,0,1,0,0,False
WNT5A,0,1,0,0,False
WNT5B,0,1,0,0,False
WNT6,0,1,0,0,False
WNT7B,0,1,0,0,False
WNT9A,0,1,0,0,False
WNT9B,0,1,0,0,False
WRAP53,0,1,0,0,False
WRAP73,0,1,0,0,False
WRN,0,1,0,0,False
WRNIP1,0,1,0,0,False
WSB1,0,1,1,0,False
WSB2,0,1,0,0,False
WSCD2,0,1,0,1,False
WT1,1,1,0,1,False
WT1-AS,0,1,0,0,False
WTAP,0,1,0,0,False
WTAPP1,0,1,0,0,False
WTIP,0,1,0,0,False
WWC1,0,1,0,1,False
WWC2,0,1,0,0,False
WWC3,0,1,0,0,False
WWOX,0,1,1,0,False
WWP1,0,1,0,0,False
WWP2,0,1,0,0,False
WWTR1,0,1,0,0,False
WWTR1-AS1,0,1,0,0,False
XAB2,0,1,0,0,False
XACT,1,1,0,0,False
XAF1,0,1,0,0,False
XAGE1A,0,1,0,0,False
XAGE1B,0,1,0,0,False
XBP1,1,1,0,0,False
XCL1,1,1,0,1,False
XCL2,1,1,0,1,False
XCR1,1,1,0,0,False
XDH,0,1,0,0,False
XG,0,1,0,0,False
XIAP,0,1,0,0,False
XIRP1,0,1,0,0,False
XIRP2,0,1,0,0,False
XIST,1,1,0,0,False
XK,0,1,0,0,False
XKR4,0,1,0,0,False
XKR6,0,1,0,0,False
XKR8,0,1,0,0,False
XKR9,0,1,0,0,False
XKRX,0,1,0,0,False
XNDC1N,0,1,0,0,False
XPA,0,1,0,0,False
XPC,0,1,0,0,False
XPNPEP1,0,1,0,0,False
XPNPEP2,0,1,0,0,False
XPNPEP3,0,1,0,0,False
XPO1,0,1,0,0,False
XPO4,0,1,0,0,False
XPO5,0,1,0,0,False
XPO6,0,1,0,0,False
XPO7,0,1,0,0,False
XPOT,0,1,0,0,False
XPR1,0,1,0,0,False
XRCC1,0,1,0,0,False
XRCC2,0,1,0,0,False
XRCC3,0,1,0,0,False
XRCC4,0,1,0,0,False
XRCC5,0,1,0,0,False
XRCC6,0,1,0,0,False
XRCC6P2,0,1,0,0,False
XRN1,0,1,0,0,False
XRN2,0,1,0,0,False
XRRA1,0,1,0,0,False
XXYLT1,0,1,0,0,False
XYLB,0,1,0,0,False
XYLT1,0,1,0,0,False
XYLT2,0,1,0,0,False
YAE1,0,1,0,0,False
YAF2,0,1,0,0,False
YAP1,0,1,0,0,False
YARS1,0,1,0,0,False
YARS2,0,1,0,0,False
YBEY,0,1,0,0,False
YBX1,0,1,0,0,False
YBX1P1,0,1,0,0,False
YBX1P10,0,1,0,0,False
YBX1P2,0,1,0,0,False
YBX1P6,0,1,0,0,False
YBX2,0,1,0,0,False
YBX3,1,1,0,0,False
YDJC,0,1,0,0,False
YEATS2,0,1,0,0,False
YEATS4,0,1,0,0,False
YES1,0,1,0,0,False
YIF1A,0,1,0,0,False
YIF1B,0,1,0,0,False
YIPF1,0,1,0,0,False
YIPF2,0,1,0,0,False
YIPF3,0,1,0,0,False
YIPF4,0,1,0,0,False
YIPF5,0,1,0,0,False
YIPF6,0,1,0,0,False
YIPF7,0,1,0,0,False
YJU2,0,1,0,0,False
YJU2B,0,1,0,0,False
YKT6,0,1,0,0,False
YLPM1,0,1,0,0,False
YME1L1,0,1,0,0,False
YOD1,0,1,0,0,False
YPEL1,0,1,0,0,False
YPEL2,0,1,0,0,False
YPEL3,0,1,0,0,False
YPEL4,0,1,0,0,False
YPEL5,0,1,0,0,False
YRDC,0,1,0,0,False
YTHDC1,0,1,0,0,False
YTHDC2,0,1,0,0,False
YTHDF1,0,1,0,0,False
YTHDF2,0,1,0,0,False
YTHDF3,0,1,0,0,False
YTHDF3-DT,0,1,0,0,False
YWHAB,0,1,0,0,False
YWHAE,0,1,0,0,False
YWHAG,0,1,0,0,False
YWHAH,0,1,0,0,False
YWHAQ,0,1,0,0,False
YWHAZ,0,1,0,0,False
YWHAZP2,0,1,0,0,False
YWHAZP3,0,1,0,0,False
YWHAZP4,0,1,0,0,False
YY1,0,1,0,0,False
YY1AP1,0,1,0,0,False
ZACN,0,1,0,0,False
ZAN,0,1,0,0,False
ZAP70,0,1,0,0,False
ZBBX,0,1,0,0,False
ZBED1,0,1,0,0,False
ZBED2,0,1,0,0,False
ZBED3,0,1,0,0,False
ZBED4,0,1,0,0,False
ZBED5,0,1,0,0,False
ZBED5-AS1,0,1,0,0,False
ZBED6,0,1,0,0,False
ZBP1,0,1,0,0,False
ZBTB1,0,1,0,0,False
ZBTB10,0,1,0,0,False
ZBTB11,0,1,0,0,False
ZBTB11-AS1,0,1,0,0,False
ZBTB14,0,1,0,0,False
ZBTB16,1,1,0,0,False
ZBTB17,0,1,0,0,False
ZBTB18,0,1,0,0,False
ZBTB2,0,1,0,0,False
ZBTB20,0,1,0,0,False
ZBTB20-AS1,0,1,0,0,False
ZBTB20-AS2,0,1,0,0,False
ZBTB20-AS3,0,1,0,0,False
ZBTB20-AS5,0,1,0,0,False
ZBTB21,0,1,0,0,False
ZBTB24,0,1,0,0,False
ZBTB24-DT,0,1,0,0,False
ZBTB25,0,1,0,0,False
ZBTB26,0,1,0,0,False
ZBTB32,0,1,0,0,False
ZBTB33,0,1,0,0,False
ZBTB34,0,1,0,0,False
ZBTB37,0,1,0,0,False
ZBTB38,0,1,0,0,False
ZBTB4,0,1,0,0,False
ZBTB40,0,1,0,0,False
ZBTB42,0,1,0,0,False
ZBTB43,0,1,0,0,False
ZBTB44,0,1,0,0,False
ZBTB44-DT,0,1,0,0,False
ZBTB45,0,1,0,0,False
ZBTB46,0,1,0,0,False
ZBTB46-AS2,0,1,0,0,False
ZBTB47-AS1,0,1,0,0,False
ZBTB48,0,1,0,0,False
ZBTB49,0,1,0,0,False
ZBTB5,0,1,0,0,False
ZBTB7A,0,1,0,0,False
ZBTB7B,0,1,0,0,False
ZBTB7C,1,1,0,0,False
ZBTB8A,0,1,0,0,False
ZBTB8OS,0,1,0,0,False
ZBTB8OSP1,0,1,0,0,False
ZBTB8OSP2,0,1,0,0,False
ZBTB9,0,1,0,0,False
ZC2HC1A,0,1,0,0,False
ZC2HC1B,0,1,0,0,False
ZC2HC1C,0,1,0,0,False
ZC3H10,0,1,0,0,False
ZC3H11A,0,1,0,0,False
ZC3H11B,0,1,0,0,False
ZC3H11C,0,1,0,0,False
ZC3H12A,0,1,0,0,False
ZC3H12B,0,1,0,0,False
ZC3H12C,0,1,0,0,False
ZC3H12D,0,1,0,0,False
ZC3H13,0,1,0,0,False
ZC3H14,0,1,0,0,False
ZC3H15,0,1,0,0,False
ZC3H18,0,1,0,0,False
ZC3H3,0,1,0,0,False
ZC3H4,0,1,0,0,False
ZC3H6,0,1,0,0,False
ZC3H7A,0,1,0,0,False
ZC3H7B,0,1,0,0,False
ZC3H8,0,1,0,0,False
ZC3HAV1,0,1,0,0,False
ZC4H2,0,1,0,0,False
ZCCHC10,0,1,0,0,False
ZCCHC12,0,1,0,0,False
ZCCHC14,0,1,0,0,False
ZCCHC17,0,1,0,0,False
ZCCHC18,0,1,0,0,False
ZCCHC2,0,1,0,0,False
ZCCHC24,0,1,0,0,False
ZCCHC3,0,1,0,0,False
ZCCHC4,0,1,0,0,False
ZCCHC7,0,1,0,0,False
ZCCHC8,0,1,0,0,False
ZCCHC9,0,1,0,0,False
ZCRB1,0,1,0,0,False
ZCWPW1,0,1,0,0,False
ZCWPW2,0,1,0,0,False
ZDBF2,0,1,0,0,False
ZDHHC1,0,1,0,0,False
ZDHHC11,0,1,0,0,False
ZDHHC11B,0,1,0,0,False
ZDHHC12,0,1,0,0,False
ZDHHC12-DT,0,1,0,0,False
ZDHHC13,0,1,0,0,False
ZDHHC14,0,1,0,0,False
ZDHHC16,0,1,0,0,False
ZDHHC17,0,1,0,0,False
ZDHHC18,0,1,0,0,False
ZDHHC19,0,1,0,0,False
ZDHHC2,0,1,0,0,False
ZDHHC20,0,1,0,0,False
ZDHHC21,0,1,0,0,False
ZDHHC23,0,1,0,0,False
ZDHHC24,0,1,0,0,False
ZDHHC3,0,1,0,0,False
ZDHHC4,0,1,0,0,False
ZDHHC5,0,1,0,0,False
ZDHHC6,0,1,0,0,False
ZDHHC7,0,1,0,0,False
ZDHHC8,0,1,0,0,False
ZDHHC9,0,1,0,0,False
ZEB1,0,1,1,0,False
ZEB1-AS1,0,1,0,0,False
ZEB2,1,1,1,0,False
ZEB2-AS1,0,1,0,0,False
ZER1,0,1,0,0,False
ZFAND1,0,1,0,0,False
ZFAND2A,0,1,0,0,False
ZFAND2A-DT,0,1,0,0,False
ZFAND2B,0,1,0,0,False
ZFAND3,0,1,0,0,False
ZFAND4,0,1,0,0,False
ZFAND5,0,1,0,0,False
ZFAND6,0,1,0,0,False
ZFAS1,0,1,0,0,False
ZFAT,0,1,0,0,False
ZFC3H1,0,1,0,0,False
ZFHX2-AS1,0,1,0,0,False
ZFHX3,1,1,0,0,False
ZFHX3-AS1,0,1,0,0,False
ZFHX4,0,1,0,0,False
ZFP1,0,1,0,0,False
ZFP14,0,1,0,0,False
ZFP28,0,1,0,0,False
ZFP3,0,1,0,0,False
ZFP30,0,1,0,0,False
ZFP36,0,1,0,0,False
ZFP36L1,0,1,0,0,False
ZFP36L2,0,1,0,0,False
ZFP37,0,1,0,0,False
ZFP57,0,1,0,0,False
ZFP62,0,1,0,0,False
ZFP64,0,1,0,0,False
ZFP82,0,1,0,0,False
ZFP90,0,1,0,0,False
ZFP91,0,1,0,0,False
ZFP91-CNTF,0,1,0,0,False
ZFPL1,0,1,0,0,False
ZFPM1,0,1,0,0,False
ZFPM1-AS1,0,1,0,0,False
ZFPM2,0,1,1,0,False
ZFPM2-AS1,1,1,0,0,False
ZFR,0,1,0,0,False
ZFTA,0,1,0,0,False
ZFTRAF1,0,1,0,0,False
ZFX,0,1,0,0,False
ZFY,0,1,0,0,False
ZFY-AS1,0,1,0,0,False
ZFYVE16,0,1,0,0,False
ZFYVE19,0,1,0,0,False
ZFYVE21,0,1,0,0,False
ZFYVE26,0,1,0,0,False
ZFYVE27,0,1,0,0,False
ZFYVE28,0,1,0,0,False
ZFYVE9,0,1,0,0,False
ZG16,0,1,0,0,False
ZG16B,0,1,0,0,False
ZGLP1,0,1,0,0,False
ZGPAT,0,1,0,0,False
ZGRF1,0,1,0,0,False
ZHX1,0,1,0,0,False
ZHX1-C8orf76,0,1,0,0,False
ZHX2,0,1,0,0,False
ZHX3,0,1,0,0,False
ZIC1,1,1,0,0,False
ZIC2,1,0,0,0,False
ZIK1,0,1,0,0,False
ZIM2-AS1,0,1,0,0,False
ZKSCAN1,0,1,0,0,False
ZKSCAN2-DT,0,1,0,0,False
ZKSCAN3,0,1,0,0,False
ZKSCAN5,0,1,0,0,False
ZKSCAN7,0,1,0,0,False
ZKSCAN7-AS1,0,1,0,0,False
ZKSCAN8,0,1,0,0,False
ZMAT1,0,1,0,0,False
ZMAT2,0,1,0,0,False
ZMAT3,0,1,0,0,False
ZMAT4,0,1,0,0,False
ZMAT5,0,1,0,0,False
ZMIZ1,0,1,0,0,False
ZMIZ1-AS1,0,1,0,0,False
ZMIZ2,0,1,0,0,False
ZMPSTE24,0,1,0,0,False
ZMPSTE24-DT,0,1,0,0,False
ZMYM1,0,1,0,0,False
ZMYM2,0,1,0,0,False
ZMYM4,0,1,0,0,False
ZMYM5,0,1,0,0,False
ZMYM6,0,1,0,0,False
ZMYND10,0,1,0,1,False
ZMYND10-AS1,0,1,0,0,False
ZMYND11,0,1,0,0,False
ZMYND12,0,1,0,0,False
ZMYND15,0,1,0,0,False
ZMYND19,0,1,0,0,False
ZMYND8,0,1,0,0,False
ZNF10,0,1,0,0,False
ZNF100,0,1,0,0,False
ZNF101,0,1,0,0,False
ZNF106,0,1,0,0,False
ZNF107,0,1,0,0,False
ZNF112,0,1,0,0,False
ZNF114,0,1,0,0,False
ZNF114-AS1,0,1,0,0,False
ZNF117,0,1,0,0,False
ZNF12,0,1,0,0,False
ZNF121,0,1,0,0,False
ZNF124,0,1,0,0,False
ZNF131,0,1,0,0,False
ZNF132,0,1,0,0,False
ZNF133,0,1,0,0,False
ZNF134,0,1,0,0,False
ZNF135,0,1,0,0,False
ZNF136,0,1,0,0,False
ZNF138,0,1,0,0,False
ZNF140,0,1,0,0,False
ZNF141,0,1,0,0,False
ZNF142,0,1,0,0,False
ZNF143,0,1,0,0,False
ZNF146,0,1,0,0,False
ZNF148,0,1,0,0,False
ZNF154,0,1,0,0,False
ZNF155,0,1,0,0,False
ZNF157,0,1,0,0,False
ZNF16,0,1,0,0,False
ZNF160,0,1,0,0,False
ZNF165,0,1,0,0,False
ZNF169,0,1,0,0,False
ZNF17,0,1,0,0,False
ZNF175,0,1,0,0,False
ZNF18,0,1,0,0,False
ZNF180,0,1,0,0,False
ZNF181,0,1,0,0,False
ZNF182,0,1,0,0,False
ZNF185,0,1,0,0,False
ZNF189,0,1,0,0,False
ZNF19,0,1,0,0,False
ZNF195,0,1,0,0,False
ZNF197,0,1,0,0,False
ZNF20,0,1,0,0,False
ZNF200,0,1,0,0,False
ZNF202,0,1,0,0,False
ZNF205,0,1,0,0,False
ZNF207,0,1,0,0,False
ZNF208,0,1,0,0,False
ZNF211,0,1,0,0,False
ZNF212,0,1,0,0,False
ZNF213,0,1,0,0,False
ZNF213-AS1,0,1,0,0,False
ZNF215,0,1,0,0,False
ZNF217,0,1,0,0,False
ZNF219,0,1,0,0,False
ZNF22,0,1,0,0,False
ZNF222,0,1,0,0,False
ZNF224,0,1,0,0,False
ZNF225-AS1,0,1,0,0,False
ZNF226,0,1,0,0,False
ZNF227,0,1,0,0,False
ZNF23,0,1,0,0,False
ZNF232,0,1,0,0,False
ZNF232-AS1,0,1,0,0,False
ZNF234,0,1,0,0,False
ZNF236,0,1,0,0,False
ZNF24,0,1,0,0,False
ZNF248,0,1,0,0,False
ZNF248-AS1,0,1,0,0,False
ZNF24TR,0,1,0,0,False
ZNF25,0,1,0,0,False
ZNF25-DT,0,1,0,0,False
ZNF250,0,1,0,0,False
ZNF251,0,1,0,0,False
ZNF252P,0,1,0,0,False
ZNF253,0,1,0,0,False
ZNF254,0,1,0,0,False
ZNF256,0,1,0,0,False
ZNF257,0,1,0,0,False
ZNF26,0,1,0,0,False
ZNF260,0,1,0,0,False
ZNF263,0,1,0,0,False
ZNF264,0,1,0,0,False
ZNF266,0,1,0,0,False
ZNF267,0,1,0,0,False
ZNF271P,0,1,0,0,False
ZNF273,0,1,0,0,False
ZNF274,0,1,0,0,False
ZNF275,0,1,0,0,False
ZNF276,0,1,0,0,False
ZNF277,0,1,0,0,False
ZNF280B,0,1,0,0,False
ZNF280C,0,1,0,0,False
ZNF280D,0,1,0,0,False
ZNF281,0,1,0,0,False
ZNF282,0,1,0,0,False
ZNF283,0,1,0,0,False
ZNF285,0,1,0,0,False
ZNF286A,0,1,0,0,False
ZNF286B,0,1,0,0,False
ZNF292,0,1,0,0,False
ZNF295-AS1,0,1,0,0,False
ZNF296,0,1,0,0,False
ZNF3,0,1,0,0,False
ZNF300,0,1,0,0,False
ZNF302,0,1,0,0,False
ZNF311,0,1,0,0,False
ZNF316,0,1,0,0,False
ZNF317,0,1,0,0,False
ZNF318,0,1,0,0,False
ZNF32,0,1,0,0,False
ZNF32-AS2,0,1,0,0,False
ZNF322,0,1,0,0,False
ZNF324,0,1,0,0,False
ZNF326,0,1,0,0,False
ZNF330,0,1,0,0,False
ZNF331,0,1,0,0,False
ZNF333,0,1,0,0,False
ZNF334,0,1,0,0,False
ZNF335,0,1,0,0,False
ZNF337,0,1,0,0,False
ZNF33A,0,1,0,0,False
ZNF33B,0,1,0,0,False
ZNF34,0,1,0,0,False
ZNF341,0,1,0,0,False
ZNF343,0,1,0,0,False
ZNF345,0,1,0,0,False
ZNF346,0,1,0,0,False
ZNF346-IT1,0,1,0,0,False
ZNF347,0,1,0,0,False
ZNF35,0,1,0,0,False
ZNF350,0,1,0,0,False
ZNF354A,0,1,0,0,False
ZNF354B,0,1,0,0,False
ZNF358,0,1,0,0,False
ZNF362,0,1,0,0,False
ZNF365,0,1,0,0,False
ZNF366,0,1,0,0,False
ZNF367,0,1,0,0,False
ZNF37A,0,1,0,0,False
ZNF37BP,0,1,0,0,False
ZNF382,0,1,0,0,False
ZNF384,0,1,0,0,False
ZNF385A,0,1,0,0,False
ZNF385B,0,1,0,1,False
ZNF385C,0,1,0,1,False
ZNF385D,0,1,0,0,False
ZNF385D-AS1,0,1,0,0,False
ZNF385D-AS2,0,1,0,0,False
ZNF394,0,1,0,0,False
ZNF395,0,1,0,0,False
ZNF396,0,1,0,0,False
ZNF397,0,1,0,0,False
ZNF398,0,1,0,0,False
ZNF407,0,1,0,0,False
ZNF407-AS1,0,1,0,0,False
ZNF410,0,1,0,0,False
ZNF414,0,1,0,0,False
ZNF417,0,1,0,0,False
ZNF418,0,1,0,0,False
ZNF419,0,1,0,0,False
ZNF420,0,1,0,0,False
ZNF423,0,1,0,0,False
ZNF425,0,1,0,0,False
ZNF426,0,1,0,0,False
ZNF428,0,1,0,0,False
ZNF429,0,1,0,0,False
ZNF43,0,1,0,0,False
ZNF430,0,1,0,0,False
ZNF431,0,1,0,0,False
ZNF432,0,1,0,0,False
ZNF433-AS1,0,1,0,0,False
ZNF436-AS1,0,1,0,0,False
ZNF438,0,1,0,0,False
ZNF439,0,1,0,0,False
ZNF44,0,1,0,0,False
ZNF440,0,1,0,0,False
ZNF441,0,1,0,0,False
ZNF442,0,1,0,0,False
ZNF443,0,1,0,0,False
ZNF444,0,1,0,0,False
ZNF445,0,1,0,0,False
ZNF449,0,1,0,0,False
ZNF451,0,1,0,0,False
ZNF451-AS1,0,1,0,0,False
ZNF454-DT,0,1,0,0,False
ZNF460,0,1,0,0,False
ZNF461,0,1,0,0,False
ZNF462,0,1,0,0,False
ZNF467,0,1,0,0,False
ZNF468,0,1,0,0,False
ZNF470-DT,0,1,0,0,False
ZNF471,0,1,0,0,False
ZNF474,0,1,0,0,False
ZNF48,0,1,0,0,False
ZNF480,0,1,0,0,False
ZNF483,0,1,0,0,False
ZNF484,0,1,0,0,False
ZNF487,0,1,0,0,False
ZNF490,0,1,0,0,False
ZNF493,0,1,0,0,False
ZNF496,0,1,0,0,False
ZNF497-AS1,0,1,0,0,False
ZNF500,0,1,0,0,False
ZNF501,0,1,0,0,False
ZNF502,0,1,0,0,False
ZNF503,0,1,0,0,False
ZNF503-AS1,0,1,0,0,False
ZNF503-AS2,0,1,0,0,False
ZNF506,0,1,0,0,False
ZNF507,0,1,0,0,False
ZNF510,0,1,0,0,False
ZNF511,0,1,0,0,False
ZNF512,0,1,0,0,False
ZNF512B,0,1,0,0,False
ZNF513,0,1,0,0,False
ZNF514,0,1,0,0,False
ZNF516,0,1,0,0,False
ZNF516-AS1,0,1,0,0,False
ZNF518A,0,1,0,0,False
ZNF518B,0,1,0,0,False
ZNF519,0,1,0,0,False
ZNF521,0,1,0,0,False
ZNF524,0,1,0,0,False
ZNF526,0,1,0,0,False
ZNF528,0,1,0,0,False
ZNF528-AS1,0,1,0,0,False
ZNF529,0,1,0,0,False
ZNF529-AS1,0,1,0,0,False
ZNF532,0,1,0,0,False
ZNF536,0,1,0,0,False
ZNF540,0,1,0,0,False
ZNF541,0,1,0,0,False
ZNF543,0,1,0,0,False
ZNF544,0,1,0,0,False
ZNF546,0,1,0,0,False
ZNF547,0,1,0,0,False
ZNF548,0,1,0,0,False
ZNF549,0,1,0,0,False
ZNF550,0,1,0,0,False
ZNF551,0,1,0,0,False
ZNF552,0,1,0,0,False
ZNF554,0,1,0,0,False
ZNF555,0,1,0,0,False
ZNF557,0,1,0,0,False
ZNF559,0,1,0,0,False
ZNF561,0,1,0,0,False
ZNF561-AS1,0,1,0,0,False
ZNF562,0,1,0,0,False
ZNF563,0,1,0,0,False
ZNF564,0,1,0,0,False
ZNF565,0,1,0,0,False
ZNF566,0,1,0,0,False
ZNF567,0,1,0,0,False
ZNF568,0,1,0,0,False
ZNF569,0,1,0,0,False
ZNF56P,0,1,0,0,False
ZNF57,0,1,0,0,False
ZNF573,0,1,0,0,False
ZNF574,0,1,0,0,False
ZNF576,0,1,0,0,False
ZNF577,0,1,0,0,False
ZNF579,0,1,0,0,False
ZNF580,0,1,0,0,False
ZNF581,0,1,0,0,False
ZNF582,0,1,0,0,False
ZNF583,0,1,0,0,False
ZNF584,0,1,0,0,False
ZNF584-DT,0,1,0,0,False
ZNF585A,0,1,0,0,False
ZNF585B,0,1,0,0,False
ZNF586,0,1,0,0,False
ZNF587,0,1,0,0,False
ZNF587B,0,1,0,0,False
ZNF589,0,1,0,0,False
ZNF592,0,1,0,0,False
ZNF593,0,1,0,0,False
ZNF594,0,1,0,0,False
ZNF594-DT,0,1,0,0,False
ZNF595,0,1,0,0,False
ZNF596,0,1,0,0,False
ZNF598,0,1,0,0,False
ZNF600,0,1,0,0,False
ZNF605,0,1,0,0,False
ZNF606,0,1,0,0,False
ZNF606-AS1,0,1,0,0,False
ZNF608,0,1,0,0,False
ZNF609,0,1,0,0,False
ZNF610,0,1,0,0,False
ZNF611,0,1,0,0,False
ZNF618,0,1,0,0,False
ZNF619,0,1,0,0,False
ZNF620,0,1,0,0,False
ZNF621,0,1,0,0,False
ZNF622,0,1,0,0,False
ZNF624,0,1,0,0,False
ZNF625-ZNF20,0,1,0,0,False
ZNF626,0,1,0,0,False
ZNF627,0,1,0,0,False
ZNF628,0,1,0,0,False
ZNF638,0,1,0,0,False
ZNF639,0,1,0,0,False
ZNF641,0,1,0,0,False
ZNF644,0,1,0,0,False
ZNF646,0,1,0,0,False
ZNF649,0,1,0,0,False
ZNF649-AS1,0,1,0,0,False
ZNF652,0,1,0,0,False
ZNF654,0,1,0,0,False
ZNF655,0,1,0,0,False
ZNF66,0,1,0,0,False
ZNF660,0,1,0,0,False
ZNF662,0,1,0,0,False
ZNF664,0,1,0,0,False
ZNF665,0,1,0,0,False
ZNF667,0,1,0,0,False
ZNF667-AS1,0,1,0,0,False
ZNF668,0,1,0,0,False
ZNF669,0,1,0,0,False
ZNF670-ZNF695,0,1,0,0,False
ZNF671,0,1,0,0,False
ZNF672,0,1,0,0,False
ZNF674,0,1,0,0,False
ZNF674-AS1,0,1,0,0,False
ZNF675,0,1,0,0,False
ZNF676,0,1,0,0,False
ZNF677,0,1,0,0,False
ZNF678,0,1,0,0,False
ZNF679,0,1,0,0,False
ZNF680,0,1,0,0,False
ZNF681,0,1,0,0,False
ZNF682,0,1,0,0,False
ZNF683,1,1,0,1,False
ZNF684,0,1,0,0,False
ZNF687,0,1,0,0,False
ZNF687-AS1,0,1,0,0,False
ZNF688,0,1,0,0,False
ZNF689,0,1,0,0,False
ZNF69,0,1,0,0,False
ZNF692,0,1,0,0,False
ZNF696,0,1,0,0,False
ZNF697,0,1,0,0,False
ZNF699,0,1,0,0,False
ZNF7,0,1,0,0,False
ZNF70,0,1,0,0,False
ZNF700,0,1,0,0,False
ZNF701,0,1,0,0,False
ZNF702P,0,1,0,0,False
ZNF703,0,1,0,0,False
ZNF704,0,1,0,0,False
ZNF706,0,1,0,0,False
ZNF707,0,1,0,0,False
ZNF708,0,1,0,0,False
ZNF71,0,1,0,0,False
ZNF710,0,1,0,0,False
ZNF710-AS1,0,1,0,0,False
ZNF711,0,1,0,0,False
ZNF714,0,1,0,0,False
ZNF717,0,1,0,0,False
ZNF718,0,1,0,0,False
ZNF721,0,1,0,0,False
ZNF724,0,1,0,0,False
ZNF726,0,1,0,0,False
ZNF727,0,1,0,0,False
ZNF730,0,1,0,0,False
ZNF733P,0,1,0,0,False
ZNF736,0,1,0,0,False
ZNF736P9Y,1,1,0,0,False
ZNF737,0,1,0,0,False
ZNF738,0,1,0,0,False
ZNF74,0,1,0,0,False
ZNF740,0,1,0,0,False
ZNF746,0,1,0,0,False
ZNF747-DT,0,1,0,0,False
ZNF749,0,1,0,0,False
ZNF750,0,1,0,1,False
ZNF75A,0,1,0,0,False
ZNF75D,0,1,0,0,False
ZNF76,0,1,0,0,False
ZNF763,0,1,0,0,False
ZNF764,0,1,0,0,False
ZNF765,0,1,0,0,False
ZNF766,0,1,0,0,False
ZNF768,0,1,0,0,False
ZNF77,0,1,0,0,False
ZNF770,0,1,0,0,False
ZNF771,0,1,0,0,False
ZNF773,0,1,0,0,False
ZNF774,0,1,0,0,False
ZNF775,0,1,0,0,False
ZNF776,0,1,0,0,False
ZNF777,0,1,0,0,False
ZNF778,0,1,0,0,False
ZNF778-DT,0,1,0,0,False
ZNF780A,0,1,0,0,False
ZNF780B,0,1,0,0,False
ZNF781,0,1,0,0,False
ZNF782,0,1,0,0,False
ZNF783,0,1,0,0,False
ZNF784,0,1,0,0,False
ZNF785,0,1,0,0,False
ZNF786,0,1,0,0,False
ZNF787,0,1,0,0,False
ZNF788P,0,1,0,0,False
ZNF789,0,1,0,0,False
ZNF790,0,1,0,0,False
ZNF790-AS1,0,1,0,0,False
ZNF791,0,1,0,0,False
ZNF793,0,1,0,0,False
ZNF799,0,1,0,0,False
ZNF8,0,1,0,0,False
ZNF8-DT,0,1,0,0,False
ZNF800,0,1,0,0,False
ZNF804A,0,1,0,1,False
ZNF804B,0,1,0,0,False
ZNF808,0,1,0,0,False
ZNF81,0,1,0,0,False
ZNF813,0,1,0,0,False
ZNF814,0,1,0,0,False
ZNF815P,0,1,0,0,False
ZNF816,0,1,0,0,False
ZNF821,0,1,0,0,False
ZNF827,0,1,0,0,False
ZNF83,0,1,0,0,False
ZNF830,0,1,0,0,False
ZNF831,0,1,0,1,False
ZNF836,0,1,0,0,False
ZNF84,0,1,0,0,False
ZNF84-DT,0,1,0,0,False
ZNF844,0,1,0,0,False
ZNF846,0,1,0,0,False
ZNF850,0,1,0,0,False
ZNF852,0,1,0,0,False
ZNF853,0,1,0,0,False
ZNF860,0,1,0,0,False
ZNF862,0,1,0,0,False
ZNF865,0,1,0,0,False
ZNF875,0,1,0,0,False
ZNF880,0,1,0,0,False
ZNF888,0,1,0,0,False
ZNF891,0,1,0,0,False
ZNF90,0,1,0,0,False
ZNF91,0,1,0,0,False
ZNF92,0,1,0,0,False
ZNF93,0,1,0,0,False
ZNF99,0,1,0,0,False
ZNFX1,0,1,0,0,False
ZNG1A,0,1,0,0,False
ZNG1B,0,1,0,0,False
ZNG1C,0,1,0,0,False
ZNG1DP,0,1,0,0,False
ZNG1E,0,1,0,0,False
ZNG1F,0,1,0,0,False
ZNHIT1,0,1,0,0,False
ZNHIT2,0,1,0,0,False
ZNHIT3,0,1,0,0,False
ZNHIT6,0,1,0,0,False
ZNRD2,0,1,0,0,False
ZNRF1,0,1,0,0,False
ZNRF2,0,1,0,0,False
ZNRF2P1,0,1,0,0,False
ZNRF3,0,1,0,0,False
ZNRF3-IT1,0,1,0,0,False
ZP3,0,1,0,0,False
ZPLD1,0,1,0,0,False
ZPR1,0,1,0,0,False
ZRANB1,0,1,0,0,False
ZRANB2,0,1,0,0,False
ZRANB2-AS1,0,1,0,0,False
ZRANB3,0,1,0,0,False
ZRSR2,0,1,0,0,False
ZSCAN10,0,1,0,0,False
ZSCAN16,0,1,0,0,False
ZSCAN16-AS1,0,1,0,0,False
ZSCAN18,0,1,0,0,False
ZSCAN2,0,1,0,0,False
ZSCAN2-AS1,0,1,0,0,False
ZSCAN21,0,1,0,0,False
ZSCAN23,0,1,0,0,False
ZSCAN29,0,1,0,0,False
ZSCAN30,0,1,0,0,False
ZSCAN31,0,1,0,0,False
ZSCAN5A,0,1,0,0,False
ZSCAN5C,0,1,0,0,False
ZSCAN9,0,1,0,0,False
ZSWIM1,0,1,0,0,False
ZSWIM3,0,1,0,0,False
ZSWIM4,0,1,0,0,False
ZSWIM5,0,1,0,0,False
ZSWIM6,0,1,0,0,False
ZSWIM7,0,1,0,0,False
ZSWIM8,0,1,0,0,False
ZSWIM9,0,1,0,0,False
ZUP1,0,1,0,0,False
ZWILCH,0,1,0,0,False
ZWINT,0,1,0,0,False
ZXDB,0,1,0,0,False
ZXDC,0,1,0,0,False
ZYG11A,0,1,0,0,False
ZYG11B,0,1,0,0,False
ZYX,0,1,0,0,False
ZZEF1,0,1,0,0,False
ZZZ3,0,1,0,0,False
[Leu5]- and [Met5]-enkephalin,1,0,0,0,False
a smooth muscle actin,1,0,0,0,False
aSMA,1,0,0,0,False
acid phosphatase,1,0,0,0,False
alkaline phosphatase,1,0,0,0,False
alpha Defensin 5a,1,0,0,0,False
bP-21201H5.1,1,0,0,0,False
caldesmon,1,0,0,0,False
calponin,1,0,0,0,False
carbohydrate epitope 15 (3-fucosyl-N-acetyl-lactosamine),1,0,0,0,False
cholesterol esters,1,0,0,0,False
chromogranin A,1,0,0,0,False
guanylin,1,0,0,0,False
keratin 19,1,0,0,0,False
keratin K3/K12,1,0,0,0,False
keratin K5/K14,1,0,0,0,False
langerin,1,0,0,0,False
m/z 769.5598,1,0,0,0,False
m/z 788.6153,1,0,0,0,False
m/z 851.6397,1,0,0,0,False
melanA,1,0,0,0,False
myristoylated filensin,1,0,0,0,False
non-specific esterase,1,0,0,0,False
p60,1,0,0,0,False
peptide histidine-isoleucine (PHI),1,0,0,0,False
receptor tyrosine kinase RET,1,0,0,0,False
sialyl lewis a antigen,1,0,0,0,False
substance P (SP),1,0,0,0,False
synaptophysin,1,0,0,0,False
tropomyosin,1,0,0,0,False
truncated/phosphorylated forms of AQP0,1,0,0,0,False
uroguanylin,1,0,0,0,False
