organ,organ_id,as,as_label,sex,tool,modality,cell_id,cell_label,cell_count,cell_percentage,dataset_count,anatomical_structure_of,source_spatial_entity,node_name,label,OntologyID,node_type,glb file of single organs,Ref/1,Ref/1/ID,combo,color
Left kidney,http://purl.obolibrary.org/obo/UBERON_0004538,http://purl.obolibrary.org/obo/UBERON_0001228,renal papilla,Male,azimuth,sc_transcriptomics,http://purl.obolibrary.org/obo/CL_0000084,T cell,14.406,0.001890946741352456,3,#VHMLeftKidney,#VHMaleOrgans,VH_M_renal_papilla_L,renal papilla,UBERON:0001228,organizational,VH_M_Kidney_L,,,Left kidney_renal papilla_T cell,#77762b
Left kidney,http://purl.obolibrary.org/obo/UBERON_0004538,http://purl.obolibrary.org/obo/UBERON_0001228,renal papilla,Male,azimuth,sc_transcriptomics,http://purl.obolibrary.org/obo/CL_0000097,mast cell,0.686,9.004508292154553e-05,3,#VHMLeftKidney,#VHMaleOrgans,VH_M_renal_papilla_L,renal papilla,UBERON:0001228,organizational,VH_M_Kidney_L,,,Left kidney_renal papilla_mast cell,#44537d
Left kidney,http://purl.obolibrary.org/obo/UBERON_0004538,http://purl.obolibrary.org/obo/UBERON_0001228,renal papilla,Male,azimuth,sc_transcriptomics,http://purl.obolibrary.org/obo/CL_0000236,B cell,0.15,1.968915807322424e-05,3,#VHMLeftKidney,#VHMaleOrgans,VH_M_renal_papilla_L,renal papilla,UBERON:0001228,organizational,VH_M_Kidney_L,,,Left kidney_renal papilla_B cell,#ced833
Left kidney,http://purl.obolibrary.org/obo/UBERON_0004538,http://purl.obolibrary.org/obo/UBERON_0001228,renal papilla,Male,azimuth,sc_transcriptomics,http://purl.obolibrary.org/obo/CL_0000786,plasma cell,4.952000000000001,0.0006500047385240431,3,#VHMLeftKidney,#VHMaleOrgans,VH_M_renal_papilla_L,renal papilla,UBERON:0001228,organizational,VH_M_Kidney_L,,,Left kidney_renal papilla_plasma cell,#a6d5f7
Left kidney,http://purl.obolibrary.org/obo/UBERON_0004538,http://purl.obolibrary.org/obo/UBERON_0001228,renal papilla,Male,azimuth,sc_transcriptomics,http://purl.obolibrary.org/obo/CL_0000814,mature NK T cell,0.15,1.968915807322424e-05,3,#VHMLeftKidney,#VHMaleOrgans,VH_M_renal_papilla_L,renal papilla,UBERON:0001228,organizational,VH_M_Kidney_L,,,Left kidney_renal papilla_mature NK T cell,#896492
Left kidney,http://purl.obolibrary.org/obo/UBERON_0004538,http://purl.obolibrary.org/obo/UBERON_0001228,renal papilla,Male,azimuth,sc_transcriptomics,http://purl.obolibrary.org/obo/CL_0000875,non-classical monocyte,0.3,3.937831614644848e-05,3,#VHMLeftKidney,#VHMaleOrgans,VH_M_renal_papilla_L,renal papilla,UBERON:0001228,organizational,VH_M_Kidney_L,,,Left kidney_renal papilla_non-classical monocyte,#5a0b7f
Left kidney,http://purl.obolibrary.org/obo/UBERON_0004538,http://purl.obolibrary.org/obo/UBERON_0001228,renal papilla,Male,azimuth,sc_transcriptomics,http://purl.obolibrary.org/obo/CL_0000890,M2 macrophage,101.528,0.01332667227238874,3,#VHMLeftKidney,#VHMaleOrgans,VH_M_renal_papilla_L,renal papilla,UBERON:0001228,organizational,VH_M_Kidney_L,,,Left kidney_renal papilla_M2 macrophage,#c6e8bc
Left kidney,http://purl.obolibrary.org/obo/UBERON_0004538,http://purl.obolibrary.org/obo/UBERON_0001228,renal papilla,Male,azimuth,sc_transcriptomics,http://purl.obolibrary.org/obo/CL_0002201,renal beta-intercalated cell,2.55,0.0003347156872448121,3,#VHMLeftKidney,#VHMaleOrgans,VH_M_renal_papilla_L,renal papilla,UBERON:0001228,organizational,VH_M_Kidney_L,,,Left kidney_renal papilla_renal beta-intercalated cell,#994b4f
Left kidney,http://purl.obolibrary.org/obo/UBERON_0004538,http://purl.obolibrary.org/obo/UBERON_0001228,renal papilla,Male,azimuth,sc_transcriptomics,http://purl.obolibrary.org/obo/CL_0011031,monocyte-derived dendritic cell,6.624,0.0008694732205135825,3,#VHMLeftKidney,#VHMaleOrgans,VH_M_renal_papilla_L,renal papilla,UBERON:0001228,organizational,VH_M_Kidney_L,,,Left kidney_renal papilla_monocyte-derived dendritic cell,#11860b
Left kidney,http://purl.obolibrary.org/obo/UBERON_0004538,http://purl.obolibrary.org/obo/UBERON_0001228,renal papilla,Male,azimuth,sc_transcriptomics,http://purl.obolibrary.org/obo/CL_1000597,papillary tips cell,0.15,1.968915807322424e-05,3,#VHMLeftKidney,#VHMaleOrgans,VH_M_renal_papilla_L,renal papilla,UBERON:0001228,organizational,VH_M_Kidney_L,,,Left kidney_renal papilla_papillary tips cell,#18b8d1
Left kidney,http://purl.obolibrary.org/obo/UBERON_0004538,http://purl.obolibrary.org/obo/UBERON_0001228,renal papilla,Male,azimuth,sc_transcriptomics,http://purl.obolibrary.org/obo/CL_1000692,kidney interstitial fibroblast,2.058,0.0002701352487646366,3,#VHMLeftKidney,#VHMaleOrgans,VH_M_renal_papilla_L,renal papilla,UBERON:0001228,organizational,VH_M_Kidney_L,,,Left kidney_renal papilla_kidney interstitial fibroblast,#d47e96
Left kidney,http://purl.obolibrary.org/obo/UBERON_0004538,http://purl.obolibrary.org/obo/UBERON_0001228,renal papilla,Male,azimuth,sc_transcriptomics,http://purl.obolibrary.org/obo/CL_1000714,kidney cortex collecting duct principal cell,13.138,0.0017245077251068,3,#VHMLeftKidney,#VHMaleOrgans,VH_M_renal_papilla_L,renal papilla,UBERON:0001228,organizational,VH_M_Kidney_L,,,Left kidney_renal papilla_kidney cortex collecting duct principal cell,#7062c8
Left kidney,http://purl.obolibrary.org/obo/UBERON_0004538,http://purl.obolibrary.org/obo/UBERON_0001228,renal papilla,Male,azimuth,sc_transcriptomics,http://purl.obolibrary.org/obo/CL_1000716,kidney outer medulla collecting duct principal cell,254.506,0.0334067257638934,3,#VHMLeftKidney,#VHMaleOrgans,VH_M_renal_papilla_L,renal papilla,UBERON:0001228,organizational,VH_M_Kidney_L,,,Left kidney_renal papilla_kidney outer medulla collecting duct principal cell,#83e987
Left kidney,http://purl.obolibrary.org/obo/UBERON_0004538,http://purl.obolibrary.org/obo/UBERON_0001228,renal papilla,Male,azimuth,sc_transcriptomics,http://purl.obolibrary.org/obo/CL_1000717,kidney outer medulla collecting duct intercalated cell,5.7,0.0007481880067825212,3,#VHMLeftKidney,#VHMaleOrgans,VH_M_renal_papilla_L,renal papilla,UBERON:0001228,organizational,VH_M_Kidney_L,,,Left kidney_renal papilla_kidney outer medulla collecting duct intercalated cell,#33f19b
Left kidney,http://purl.obolibrary.org/obo/UBERON_0004538,http://purl.obolibrary.org/obo/UBERON_0001228,renal papilla,Male,azimuth,sc_transcriptomics,http://purl.obolibrary.org/obo/CL_1000718,kidney inner medulla collecting duct principal cell,2747.700000000001,0.3606659975853218,3,#VHMLeftKidney,#VHMaleOrgans,VH_M_renal_papilla_L,renal papilla,UBERON:0001228,organizational,VH_M_Kidney_L,,,Left kidney_renal papilla_kidney inner medulla collecting duct principal cell,#7840e6
Left kidney,http://purl.obolibrary.org/obo/UBERON_0004538,http://purl.obolibrary.org/obo/UBERON_0001228,renal papilla,Male,azimuth,sc_transcriptomics,http://purl.obolibrary.org/obo/CL_1000768,kidney connecting tubule epithelial cell,125.836,0.01651736596868164,3,#VHMLeftKidney,#VHMaleOrgans,VH_M_renal_papilla_L,renal papilla,UBERON:0001228,organizational,VH_M_Kidney_L,,,Left kidney_renal papilla_kidney connecting tubule epithelial cell,#e8684a
Left kidney,http://purl.obolibrary.org/obo/UBERON_0004538,http://purl.obolibrary.org/obo/UBERON_0001228,renal papilla,Male,azimuth,sc_transcriptomics,http://purl.obolibrary.org/obo/CL_1000850,macula densa epithelial cell,1.95,0.0002559590549519151,3,#VHMLeftKidney,#VHMaleOrgans,VH_M_renal_papilla_L,renal papilla,UBERON:0001228,organizational,VH_M_Kidney_L,,,Left kidney_renal papilla_macula densa epithelial cell,#b8ba33
Left kidney,http://purl.obolibrary.org/obo/UBERON_0004538,http://purl.obolibrary.org/obo/UBERON_0001228,renal papilla,Male,azimuth,sc_transcriptomics,http://purl.obolibrary.org/obo/CL_1001107,kidney loop of Henle thin ascending limb epithelial cell,353.116,0.04635037828123102,3,#VHMLeftKidney,#VHMaleOrgans,VH_M_renal_papilla_L,renal papilla,UBERON:0001228,organizational,VH_M_Kidney_L,,,Left kidney_renal papilla_kidney loop of Henle thin ascending limb epithelial cell,#321b4c
Left kidney,http://purl.obolibrary.org/obo/UBERON_0004538,http://purl.obolibrary.org/obo/UBERON_0001228,renal papilla,Male,azimuth,sc_transcriptomics,http://purl.obolibrary.org/obo/CL_1001108,kidney loop of Henle medullary thick ascending limb epithelial cell,3.580000000000001,0.000469914572680952,3,#VHMLeftKidney,#VHMaleOrgans,VH_M_renal_papilla_L,renal papilla,UBERON:0001228,organizational,VH_M_Kidney_L,,,Left kidney_renal papilla_kidney loop of Henle medullary thick ascending limb epithelial cell,#3f00e5
Left kidney,http://purl.obolibrary.org/obo/UBERON_0004538,http://purl.obolibrary.org/obo/UBERON_0001228,renal papilla,Male,azimuth,sc_transcriptomics,http://purl.obolibrary.org/obo/CL_1001131,vasa recta ascending limb cell,652.45,0.08564127456583438,3,#VHMLeftKidney,#VHMaleOrgans,VH_M_renal_papilla_L,renal papilla,UBERON:0001228,organizational,VH_M_Kidney_L,,,Left kidney_renal papilla_vasa recta ascending limb cell,#853d9f
Left kidney,http://purl.obolibrary.org/obo/UBERON_0004538,http://purl.obolibrary.org/obo/UBERON_0001228,renal papilla,Male,azimuth,sc_transcriptomics,http://purl.obolibrary.org/obo/CL_1001318,renal interstitial pericyte,39.788,0.005222614809449641,3,#VHMLeftKidney,#VHMaleOrgans,VH_M_renal_papilla_L,renal papilla,UBERON:0001228,organizational,VH_M_Kidney_L,,,Left kidney_renal papilla_renal interstitial pericyte,#1efe3e
Left kidney,http://purl.obolibrary.org/obo/UBERON_0004538,http://purl.obolibrary.org/obo/UBERON_0001228,renal papilla,Male,azimuth,sc_transcriptomics,http://purl.obolibrary.org/obo/CL_4030012,kidney loop of Henle short descending thin limb epithelial cell,139.746,0.01834320722733863,3,#VHMLeftKidney,#VHMaleOrgans,VH_M_renal_papilla_L,renal papilla,UBERON:0001228,organizational,VH_M_Kidney_L,,,Left kidney_renal papilla_kidney loop of Henle short descending thin limb epithelial cell,#ed29c7
Left kidney,http://purl.obolibrary.org/obo/UBERON_0004538,http://purl.obolibrary.org/obo/UBERON_0001228,renal papilla,Male,azimuth,sc_transcriptomics,http://purl.obolibrary.org/obo/CL_4030013,kidney loop of Henle long descending thin limb outer medulla epithelial cell,0.686,9.004508292154553e-05,3,#VHMLeftKidney,#VHMaleOrgans,VH_M_renal_papilla_L,renal papilla,UBERON:0001228,organizational,VH_M_Kidney_L,,,Left kidney_renal papilla_kidney loop of Henle long descending thin limb outer medulla epithelial cell,#3d109f
Left kidney,http://purl.obolibrary.org/obo/UBERON_0004538,http://purl.obolibrary.org/obo/UBERON_0001228,renal papilla,Male,azimuth,sc_transcriptomics,http://purl.obolibrary.org/obo/CL_4030014,kidney loop of Henle long descending thin limb inner medulla epithelial cell,469.844,0.06167221857170647,3,#VHMLeftKidney,#VHMaleOrgans,VH_M_renal_papilla_L,renal papilla,UBERON:0001228,organizational,VH_M_Kidney_L,,,Left kidney_renal papilla_kidney loop of Henle long descending thin limb inner medulla epithelial cell,#c8de15
Left kidney,http://purl.obolibrary.org/obo/UBERON_0004538,http://purl.obolibrary.org/obo/UBERON_0001228,renal papilla,Male,azimuth,sc_transcriptomics,http://purl.obolibrary.org/obo/CL_4030016,epithelial cell of early distal convoluted tubule,0.45,5.906747421967272e-05,3,#VHMLeftKidney,#VHMaleOrgans,VH_M_renal_papilla_L,renal papilla,UBERON:0001228,organizational,VH_M_Kidney_L,,,Left kidney_renal papilla_epithelial cell of early distal convoluted tubule,#4e0355
Left kidney,http://purl.obolibrary.org/obo/UBERON_0004538,http://purl.obolibrary.org/obo/UBERON_0001228,renal papilla,Male,azimuth,sc_transcriptomics,http://purl.obolibrary.org/obo/CL_4030022,renal medullary fibroblast,2559.828,0.3360057208817698,3,#VHMLeftKidney,#VHMaleOrgans,VH_M_renal_papilla_L,renal papilla,UBERON:0001228,organizational,VH_M_Kidney_L,,,Left kidney_renal papilla_renal medullary fibroblast,#6529c9
Left kidney,http://purl.obolibrary.org/obo/UBERON_0004538,http://purl.obolibrary.org/obo/UBERON_0001228,renal papilla,Male,azimuth,sc_transcriptomics,https://purl.org/ccf/ASCTB-TEMP_descending-vasa-recta-endothelial,Descending Vasa Recta Endothelial ,116.234,0.01525699732988765,3,#VHMLeftKidney,#VHMaleOrgans,VH_M_renal_papilla_L,renal papilla,UBERON:0001228,organizational,VH_M_Kidney_L,,,Left kidney_renal papilla_Descending Vasa Recta Endothelial ,#36a1b7
Left kidney,http://purl.obolibrary.org/obo/UBERON_0004538,http://purl.obolibrary.org/obo/UBERON_0001228,renal papilla,Male,azimuth,sc_transcriptomics,https://purl.org/ccf/ASCTB-TEMP_peritubular-capilary-endothelial,Peritubular Capilary Endothelial ,0.3,3.937831614644848e-05,3,#VHMLeftKidney,#VHMaleOrgans,VH_M_renal_papilla_L,renal papilla,UBERON:0001228,organizational,VH_M_Kidney_L,,,Left kidney_renal papilla_Peritubular Capilary Endothelial ,#04e129
Left kidney,http://purl.obolibrary.org/obo/UBERON_0004538,http://purl.obolibrary.org/obo/UBERON_0001284,renal column,Male,azimuth,sc_transcriptomics,http://purl.obolibrary.org/obo/CL_0000084,T cell,2.694,0.0003596259889714696,2,#VHMLeftKidney,#VHMaleOrgans,VH_M_renal_column_L,renal column,UBERON:0001284,surface,VH_M_Kidney_L,,,Left kidney_renal column_T cell,#7b3731
Left kidney,http://purl.obolibrary.org/obo/UBERON_0004538,http://purl.obolibrary.org/obo/UBERON_0001284,renal column,Male,azimuth,sc_transcriptomics,http://purl.obolibrary.org/obo/CL_0000650,mesangial cell,3.592,0.0004795013186286262,2,#VHMLeftKidney,#VHMaleOrgans,VH_M_renal_column_L,renal column,UBERON:0001284,surface,VH_M_Kidney_L,,,Left kidney_renal column_mesangial cell,#0cfbc4
Left kidney,http://purl.obolibrary.org/obo/UBERON_0004538,http://purl.obolibrary.org/obo/UBERON_0001284,renal column,Male,azimuth,sc_transcriptomics,http://purl.obolibrary.org/obo/CL_0000653,podocyte,8.98,0.001198753296571566,2,#VHMLeftKidney,#VHMaleOrgans,VH_M_renal_column_L,renal column,UBERON:0001284,surface,VH_M_Kidney_L,,,Left kidney_renal column_podocyte,#2d3b8e
Left kidney,http://purl.obolibrary.org/obo/UBERON_0004538,http://purl.obolibrary.org/obo/UBERON_0001284,renal column,Male,azimuth,sc_transcriptomics,http://purl.obolibrary.org/obo/CL_0000814,mature NK T cell,1.796,0.0002397506593143131,2,#VHMLeftKidney,#VHMaleOrgans,VH_M_renal_column_L,renal column,UBERON:0001284,surface,VH_M_Kidney_L,,,Left kidney_renal column_mature NK T cell,#d622e0
Left kidney,http://purl.obolibrary.org/obo/UBERON_0004538,http://purl.obolibrary.org/obo/UBERON_0001284,renal column,Male,azimuth,sc_transcriptomics,http://purl.obolibrary.org/obo/CL_0000890,M2 macrophage,22.45,0.002996883241428913,2,#VHMLeftKidney,#VHMaleOrgans,VH_M_renal_column_L,renal column,UBERON:0001284,surface,VH_M_Kidney_L,,,Left kidney_renal column_M2 macrophage,#caabb7
Left kidney,http://purl.obolibrary.org/obo/UBERON_0004538,http://purl.obolibrary.org/obo/UBERON_0001284,renal column,Male,azimuth,sc_transcriptomics,http://purl.obolibrary.org/obo/CL_0002138,endothelial cell of lymphatic vessel,12.572,0.001678254615200192,2,#VHMLeftKidney,#VHMaleOrgans,VH_M_renal_column_L,renal column,UBERON:0001284,surface,VH_M_Kidney_L,,,Left kidney_renal column_endothelial cell of lymphatic vessel,#c7cf0e
Left kidney,http://purl.obolibrary.org/obo/UBERON_0004538,http://purl.obolibrary.org/obo/UBERON_0001284,renal column,Male,azimuth,sc_transcriptomics,http://purl.obolibrary.org/obo/CL_0002201,renal beta-intercalated cell,1.796,0.0002397506593143131,2,#VHMLeftKidney,#VHMaleOrgans,VH_M_renal_column_L,renal column,UBERON:0001284,surface,VH_M_Kidney_L,,,Left kidney_renal column_renal beta-intercalated cell,#f9db4c
Left kidney,http://purl.obolibrary.org/obo/UBERON_0004538,http://purl.obolibrary.org/obo/UBERON_0001284,renal column,Male,azimuth,sc_transcriptomics,http://purl.obolibrary.org/obo/CL_0002573,Schwann cell,2.694,0.0003596259889714696,2,#VHMLeftKidney,#VHMaleOrgans,VH_M_renal_column_L,renal column,UBERON:0001284,surface,VH_M_Kidney_L,,,Left kidney_renal column_Schwann cell,#987f76
Left kidney,http://purl.obolibrary.org/obo/UBERON_0004538,http://purl.obolibrary.org/obo/UBERON_0001284,renal column,Male,azimuth,sc_transcriptomics,http://purl.obolibrary.org/obo/CL_0011031,monocyte-derived dendritic cell,0.898,0.0001198753296571565,2,#VHMLeftKidney,#VHMaleOrgans,VH_M_renal_column_L,renal column,UBERON:0001284,surface,VH_M_Kidney_L,,,Left kidney_renal column_monocyte-derived dendritic cell,#fd6d54
Left kidney,http://purl.obolibrary.org/obo/UBERON_0004538,http://purl.obolibrary.org/obo/UBERON_0001284,renal column,Male,azimuth,sc_transcriptomics,http://purl.obolibrary.org/obo/CL_1000412,endothelial cell of arteriole,8.082,0.001078877966914409,2,#VHMLeftKidney,#VHMaleOrgans,VH_M_renal_column_L,renal column,UBERON:0001284,surface,VH_M_Kidney_L,,,Left kidney_renal column_endothelial cell of arteriole,#09c40c
Left kidney,http://purl.obolibrary.org/obo/UBERON_0004538,http://purl.obolibrary.org/obo/UBERON_0001284,renal column,Male,azimuth,sc_transcriptomics,http://purl.obolibrary.org/obo/CL_1000452,parietal epithelial cell,3.592,0.0004795013186286262,2,#VHMLeftKidney,#VHMaleOrgans,VH_M_renal_column_L,renal column,UBERON:0001284,surface,VH_M_Kidney_L,,,Left kidney_renal column_parietal epithelial cell,#2d9513
Left kidney,http://purl.obolibrary.org/obo/UBERON_0004538,http://purl.obolibrary.org/obo/UBERON_0001284,renal column,Male,azimuth,sc_transcriptomics,http://purl.obolibrary.org/obo/CL_1000692,kidney interstitial fibroblast,44.9,0.005993766482857827,2,#VHMLeftKidney,#VHMaleOrgans,VH_M_renal_column_L,renal column,UBERON:0001284,surface,VH_M_Kidney_L,,,Left kidney_renal column_kidney interstitial fibroblast,#c873ae
Left kidney,http://purl.obolibrary.org/obo/UBERON_0004538,http://purl.obolibrary.org/obo/UBERON_0001284,renal column,Male,azimuth,sc_transcriptomics,http://purl.obolibrary.org/obo/CL_1000714,kidney cortex collecting duct principal cell,10.776,0.001438503955885879,2,#VHMLeftKidney,#VHMaleOrgans,VH_M_renal_column_L,renal column,UBERON:0001284,surface,VH_M_Kidney_L,,,Left kidney_renal column_kidney cortex collecting duct principal cell,#75604e
Left kidney,http://purl.obolibrary.org/obo/UBERON_0004538,http://purl.obolibrary.org/obo/UBERON_0001284,renal column,Male,azimuth,sc_transcriptomics,http://purl.obolibrary.org/obo/CL_1000715,kidney cortex collecting duct intercalated cell,78.126,0.01042915368017262,2,#VHMLeftKidney,#VHMaleOrgans,VH_M_renal_column_L,renal column,UBERON:0001284,surface,VH_M_Kidney_L,,,Left kidney_renal column_kidney cortex collecting duct intercalated cell,#b22932
Left kidney,http://purl.obolibrary.org/obo/UBERON_0004538,http://purl.obolibrary.org/obo/UBERON_0001284,renal column,Male,azimuth,sc_transcriptomics,http://purl.obolibrary.org/obo/CL_1000716,kidney outer medulla collecting duct principal cell,713.91,0.09530088707743944,2,#VHMLeftKidney,#VHMaleOrgans,VH_M_renal_column_L,renal column,UBERON:0001284,surface,VH_M_Kidney_L,,,Left kidney_renal column_kidney outer medulla collecting duct principal cell,#c4d3df
Left kidney,http://purl.obolibrary.org/obo/UBERON_0004538,http://purl.obolibrary.org/obo/UBERON_0001284,renal column,Male,azimuth,sc_transcriptomics,http://purl.obolibrary.org/obo/CL_1000717,kidney outer medulla collecting duct intercalated cell,38.614,0.005154639175257732,2,#VHMLeftKidney,#VHMaleOrgans,VH_M_renal_column_L,renal column,UBERON:0001284,surface,VH_M_Kidney_L,,,Left kidney_renal column_kidney outer medulla collecting duct intercalated cell,#94a82d
Left kidney,http://purl.obolibrary.org/obo/UBERON_0004538,http://purl.obolibrary.org/obo/UBERON_0001284,renal column,Male,azimuth,sc_transcriptomics,http://purl.obolibrary.org/obo/CL_1000768,kidney connecting tubule epithelial cell,37.716,0.005034763845600575,2,#VHMLeftKidney,#VHMaleOrgans,VH_M_renal_column_L,renal column,UBERON:0001284,surface,VH_M_Kidney_L,,,Left kidney_renal column_kidney connecting tubule epithelial cell,#30eb4b
Left kidney,http://purl.obolibrary.org/obo/UBERON_0004538,http://purl.obolibrary.org/obo/UBERON_0001284,renal column,Male,azimuth,sc_transcriptomics,http://purl.obolibrary.org/obo/CL_1000850,macula densa epithelial cell,47.594,0.006353392471829297,2,#VHMLeftKidney,#VHMaleOrgans,VH_M_renal_column_L,renal column,UBERON:0001284,surface,VH_M_Kidney_L,,,Left kidney_renal column_macula densa epithelial cell,#527d01
Left kidney,http://purl.obolibrary.org/obo/UBERON_0004538,http://purl.obolibrary.org/obo/UBERON_0001284,renal column,Male,azimuth,sc_transcriptomics,http://purl.obolibrary.org/obo/CL_1001005,glomerular capillary endothelial cell,5.388,0.0007192519779429393,2,#VHMLeftKidney,#VHMaleOrgans,VH_M_renal_column_L,renal column,UBERON:0001284,surface,VH_M_Kidney_L,,,Left kidney_renal column_glomerular capillary endothelial cell,#b18a60
Left kidney,http://purl.obolibrary.org/obo/UBERON_0004538,http://purl.obolibrary.org/obo/UBERON_0001284,renal column,Male,azimuth,sc_transcriptomics,http://purl.obolibrary.org/obo/CL_1001107,kidney loop of Henle thin ascending limb epithelial cell,1.796,0.0002397506593143131,2,#VHMLeftKidney,#VHMaleOrgans,VH_M_renal_column_L,renal column,UBERON:0001284,surface,VH_M_Kidney_L,,,Left kidney_renal column_kidney loop of Henle thin ascending limb epithelial cell,#a002e2
Left kidney,http://purl.obolibrary.org/obo/UBERON_0004538,http://purl.obolibrary.org/obo/UBERON_0001284,renal column,Male,azimuth,sc_transcriptomics,http://purl.obolibrary.org/obo/CL_1001108,kidney loop of Henle medullary thick ascending limb epithelial cell,2261.164,0.3018460800767202,2,#VHMLeftKidney,#VHMaleOrgans,VH_M_renal_column_L,renal column,UBERON:0001284,surface,VH_M_Kidney_L,,,Left kidney_renal column_kidney loop of Henle medullary thick ascending limb epithelial cell,#bb50ee
Left kidney,http://purl.obolibrary.org/obo/UBERON_0004538,http://purl.obolibrary.org/obo/UBERON_0001284,renal column,Male,azimuth,sc_transcriptomics,http://purl.obolibrary.org/obo/CL_1001109,kidney loop of Henle cortical thick ascending limb epithelial cell,2023.194,0.2700791177175737,2,#VHMLeftKidney,#VHMaleOrgans,VH_M_renal_column_L,renal column,UBERON:0001284,surface,VH_M_Kidney_L,,,Left kidney_renal column_kidney loop of Henle cortical thick ascending limb epithelial cell,#bf35a9
Left kidney,http://purl.obolibrary.org/obo/UBERON_0004538,http://purl.obolibrary.org/obo/UBERON_0001284,renal column,Male,azimuth,sc_transcriptomics,http://purl.obolibrary.org/obo/CL_1001131,vasa recta ascending limb cell,212.826,0.0284104531287461,2,#VHMLeftKidney,#VHMaleOrgans,VH_M_renal_column_L,renal column,UBERON:0001284,surface,VH_M_Kidney_L,,,Left kidney_renal column_vasa recta ascending limb cell,#e508fc
Left kidney,http://purl.obolibrary.org/obo/UBERON_0004538,http://purl.obolibrary.org/obo/UBERON_0001284,renal column,Male,azimuth,sc_transcriptomics,http://purl.obolibrary.org/obo/CL_1001318,renal interstitial pericyte,120.332,0.01606329417405898,2,#VHMLeftKidney,#VHMaleOrgans,VH_M_renal_column_L,renal column,UBERON:0001284,surface,VH_M_Kidney_L,,,Left kidney_renal column_renal interstitial pericyte,#1525c5
Left kidney,http://purl.obolibrary.org/obo/UBERON_0004538,http://purl.obolibrary.org/obo/UBERON_0001284,renal column,Male,azimuth,sc_transcriptomics,http://purl.obolibrary.org/obo/CL_4030011,epithelial cell of proximal tubule segment 3,115.842,0.01546391752577319,2,#VHMLeftKidney,#VHMaleOrgans,VH_M_renal_column_L,renal column,UBERON:0001284,surface,VH_M_Kidney_L,,,Left kidney_renal column_epithelial cell of proximal tubule segment 3,#c59941
Left kidney,http://purl.obolibrary.org/obo/UBERON_0004538,http://purl.obolibrary.org/obo/UBERON_0001284,renal column,Male,azimuth,sc_transcriptomics,http://purl.obolibrary.org/obo/CL_4030012,kidney loop of Henle short descending thin limb epithelial cell,485.818,0.06485255334452168,2,#VHMLeftKidney,#VHMaleOrgans,VH_M_renal_column_L,renal column,UBERON:0001284,surface,VH_M_Kidney_L,,,Left kidney_renal column_kidney loop of Henle short descending thin limb epithelial cell,#2fc9f2
Left kidney,http://purl.obolibrary.org/obo/UBERON_0004538,http://purl.obolibrary.org/obo/UBERON_0001284,renal column,Male,azimuth,sc_transcriptomics,http://purl.obolibrary.org/obo/CL_4030013,kidney loop of Henle long descending thin limb outer medulla epithelial cell,299.932,0.04003836010549029,2,#VHMLeftKidney,#VHMaleOrgans,VH_M_renal_column_L,renal column,UBERON:0001284,surface,VH_M_Kidney_L,,,Left kidney_renal column_kidney loop of Henle long descending thin limb outer medulla epithelial cell,#24f011
Left kidney,http://purl.obolibrary.org/obo/UBERON_0004538,http://purl.obolibrary.org/obo/UBERON_0001284,renal column,Male,azimuth,sc_transcriptomics,http://purl.obolibrary.org/obo/CL_4030014,kidney loop of Henle long descending thin limb inner medulla epithelial cell,0.898,0.0001198753296571565,2,#VHMLeftKidney,#VHMaleOrgans,VH_M_renal_column_L,renal column,UBERON:0001284,surface,VH_M_Kidney_L,,,Left kidney_renal column_kidney loop of Henle long descending thin limb inner medulla epithelial cell,#d0b58a
Left kidney,http://purl.obolibrary.org/obo/UBERON_0004538,http://purl.obolibrary.org/obo/UBERON_0001284,renal column,Male,azimuth,sc_transcriptomics,http://purl.obolibrary.org/obo/CL_4030016,epithelial cell of early distal convoluted tubule,12.572,0.001678254615200192,2,#VHMLeftKidney,#VHMaleOrgans,VH_M_renal_column_L,renal column,UBERON:0001284,surface,VH_M_Kidney_L,,,Left kidney_renal column_epithelial cell of early distal convoluted tubule,#7cd8e9
Left kidney,http://purl.obolibrary.org/obo/UBERON_0004538,http://purl.obolibrary.org/obo/UBERON_0001284,renal column,Male,azimuth,sc_transcriptomics,http://purl.obolibrary.org/obo/CL_4030018,kidney connecting tubule principal cell,271.196,0.03620234955646128,2,#VHMLeftKidney,#VHMaleOrgans,VH_M_renal_column_L,renal column,UBERON:0001284,surface,VH_M_Kidney_L,,,Left kidney_renal column_kidney connecting tubule principal cell,#36874a
Left kidney,http://purl.obolibrary.org/obo/UBERON_0004538,http://purl.obolibrary.org/obo/UBERON_0001284,renal column,Male,azimuth,sc_transcriptomics,http://purl.obolibrary.org/obo/CL_4030022,renal medullary fibroblast,174.212,0.02325581395348837,2,#VHMLeftKidney,#VHMaleOrgans,VH_M_renal_column_L,renal column,UBERON:0001284,surface,VH_M_Kidney_L,,,Left kidney_renal column_renal medullary fibroblast,#44ab07
Left kidney,http://purl.obolibrary.org/obo/UBERON_0004538,http://purl.obolibrary.org/obo/UBERON_0001284,renal column,Male,azimuth,sc_transcriptomics,https://purl.org/ccf/ASCTB-TEMP_descending-vasa-recta-endothelial,Descending Vasa Recta Endothelial ,367.282,0.04902900982977702,2,#VHMLeftKidney,#VHMaleOrgans,VH_M_renal_column_L,renal column,UBERON:0001284,surface,VH_M_Kidney_L,,,Left kidney_renal column_Descending Vasa Recta Endothelial ,#fff3eb
Left kidney,http://purl.obolibrary.org/obo/UBERON_0004538,http://purl.obolibrary.org/obo/UBERON_0001284,renal column,Male,azimuth,sc_transcriptomics,https://purl.org/ccf/ASCTB-TEMP_peritubular-capilary-endothelial,Peritubular Capilary Endothelial ,97.882,0.01306641093263006,2,#VHMLeftKidney,#VHMaleOrgans,VH_M_renal_column_L,renal column,UBERON:0001284,surface,VH_M_Kidney_L,,,Left kidney_renal column_Peritubular Capilary Endothelial ,#57781a
Left kidney,http://purl.obolibrary.org/obo/UBERON_0004538,http://purl.obolibrary.org/obo/UBERON_0002015,kidney capsule,Male,azimuth,sc_transcriptomics,http://purl.obolibrary.org/obo/CL_0000084,T cell,3.268,0.002287227639340315,2,#VHMLeftKidney,#VHMaleOrgans,VH_M_kidney_capsule_L,kidney capsule,UBERON:0002015,mesh,VH_M_Kidney_L,,,Left kidney_kidney capsule_T cell,#5bd81f
Left kidney,http://purl.obolibrary.org/obo/UBERON_0004538,http://purl.obolibrary.org/obo/UBERON_0002015,kidney capsule,Male,azimuth,sc_transcriptomics,http://purl.obolibrary.org/obo/CL_0000653,podocyte,0.258,0.0001805706031058143,2,#VHMLeftKidney,#VHMaleOrgans,VH_M_kidney_capsule_L,kidney capsule,UBERON:0002015,mesh,VH_M_Kidney_L,,,Left kidney_kidney capsule_podocyte,#8f79ea
Left kidney,http://purl.obolibrary.org/obo/UBERON_0004538,http://purl.obolibrary.org/obo/UBERON_0002015,kidney capsule,Male,azimuth,sc_transcriptomics,http://purl.obolibrary.org/obo/CL_0000814,mature NK T cell,0.516,0.0003611412062116287,2,#VHMLeftKidney,#VHMaleOrgans,VH_M_kidney_capsule_L,kidney capsule,UBERON:0002015,mesh,VH_M_Kidney_L,,,Left kidney_kidney capsule_mature NK T cell,#9a1e86
Left kidney,http://purl.obolibrary.org/obo/UBERON_0004538,http://purl.obolibrary.org/obo/UBERON_0002015,kidney capsule,Male,azimuth,sc_transcriptomics,http://purl.obolibrary.org/obo/CL_0000875,non-classical monocyte,0.6019999999999999,0.0004213314072469,2,#VHMLeftKidney,#VHMaleOrgans,VH_M_kidney_capsule_L,kidney capsule,UBERON:0002015,mesh,VH_M_Kidney_L,,,Left kidney_kidney capsule_non-classical monocyte,#bb8ccf
Left kidney,http://purl.obolibrary.org/obo/UBERON_0004538,http://purl.obolibrary.org/obo/UBERON_0002015,kidney capsule,Male,azimuth,sc_transcriptomics,http://purl.obolibrary.org/obo/CL_0000890,M2 macrophage,15.91,0.01113518719152522,2,#VHMLeftKidney,#VHMaleOrgans,VH_M_kidney_capsule_L,kidney capsule,UBERON:0002015,mesh,VH_M_Kidney_L,,,Left kidney_kidney capsule_M2 macrophage,#8de8be
Left kidney,http://purl.obolibrary.org/obo/UBERON_0004538,http://purl.obolibrary.org/obo/UBERON_0002015,kidney capsule,Male,azimuth,sc_transcriptomics,http://purl.obolibrary.org/obo/CL_0011031,monocyte-derived dendritic cell,7.739999999999999,0.005417118093174429,2,#VHMLeftKidney,#VHMaleOrgans,VH_M_kidney_capsule_L,kidney capsule,UBERON:0002015,mesh,VH_M_Kidney_L,,,Left kidney_kidney capsule_monocyte-derived dendritic cell,#0802cb
Left kidney,http://purl.obolibrary.org/obo/UBERON_0004538,http://purl.obolibrary.org/obo/UBERON_0002015,kidney capsule,Male,azimuth,sc_transcriptomics,http://purl.obolibrary.org/obo/CL_1000412,endothelial cell of arteriole,0.258,0.0001805706031058143,2,#VHMLeftKidney,#VHMaleOrgans,VH_M_kidney_capsule_L,kidney capsule,UBERON:0002015,mesh,VH_M_Kidney_L,,,Left kidney_kidney capsule_endothelial cell of arteriole,#6ff220
Left kidney,http://purl.obolibrary.org/obo/UBERON_0004538,http://purl.obolibrary.org/obo/UBERON_0002015,kidney capsule,Male,azimuth,sc_transcriptomics,http://purl.obolibrary.org/obo/CL_1000452,parietal epithelial cell,0.258,0.0001805706031058143,2,#VHMLeftKidney,#VHMaleOrgans,VH_M_kidney_capsule_L,kidney capsule,UBERON:0002015,mesh,VH_M_Kidney_L,,,Left kidney_kidney capsule_parietal epithelial cell,#1f20f7
Left kidney,http://purl.obolibrary.org/obo/UBERON_0004538,http://purl.obolibrary.org/obo/UBERON_0002015,kidney capsule,Male,azimuth,sc_transcriptomics,http://purl.obolibrary.org/obo/CL_1000597,papillary tips cell,9.803999999999998,0.006861682918020944,2,#VHMLeftKidney,#VHMaleOrgans,VH_M_kidney_capsule_L,kidney capsule,UBERON:0002015,mesh,VH_M_Kidney_L,,,Left kidney_kidney capsule_papillary tips cell,#055d29
Left kidney,http://purl.obolibrary.org/obo/UBERON_0004538,http://purl.obolibrary.org/obo/UBERON_0002015,kidney capsule,Male,azimuth,sc_transcriptomics,http://purl.obolibrary.org/obo/CL_1000692,kidney interstitial fibroblast,12.298,0.008607198748043816,2,#VHMLeftKidney,#VHMaleOrgans,VH_M_kidney_capsule_L,kidney capsule,UBERON:0002015,mesh,VH_M_Kidney_L,,,Left kidney_kidney capsule_kidney interstitial fibroblast,#900797
Left kidney,http://purl.obolibrary.org/obo/UBERON_0004538,http://purl.obolibrary.org/obo/UBERON_0002015,kidney capsule,Male,azimuth,sc_transcriptomics,http://purl.obolibrary.org/obo/CL_1000714,kidney cortex collecting duct principal cell,83.24799999999999,0.05826411460214275,2,#VHMLeftKidney,#VHMaleOrgans,VH_M_kidney_capsule_L,kidney capsule,UBERON:0002015,mesh,VH_M_Kidney_L,,,Left kidney_kidney capsule_kidney cortex collecting duct principal cell,#3857b0
Left kidney,http://purl.obolibrary.org/obo/UBERON_0004538,http://purl.obolibrary.org/obo/UBERON_0002015,kidney capsule,Male,azimuth,sc_transcriptomics,http://purl.obolibrary.org/obo/CL_1000715,kidney cortex collecting duct intercalated cell,0.086,6.019020103527144e-05,2,#VHMLeftKidney,#VHMaleOrgans,VH_M_kidney_capsule_L,kidney capsule,UBERON:0002015,mesh,VH_M_Kidney_L,,,Left kidney_kidney capsule_kidney cortex collecting duct intercalated cell,#334202
Left kidney,http://purl.obolibrary.org/obo/UBERON_0004538,http://purl.obolibrary.org/obo/UBERON_0002015,kidney capsule,Male,azimuth,sc_transcriptomics,http://purl.obolibrary.org/obo/CL_1000716,kidney outer medulla collecting duct principal cell,3.612,0.002527988443481401,2,#VHMLeftKidney,#VHMaleOrgans,VH_M_kidney_capsule_L,kidney capsule,UBERON:0002015,mesh,VH_M_Kidney_L,,,Left kidney_kidney capsule_kidney outer medulla collecting duct principal cell,#16468e
Left kidney,http://purl.obolibrary.org/obo/UBERON_0004538,http://purl.obolibrary.org/obo/UBERON_0002015,kidney capsule,Male,azimuth,sc_transcriptomics,http://purl.obolibrary.org/obo/CL_1000717,kidney outer medulla collecting duct intercalated cell,10.062,0.007042253521126757,2,#VHMLeftKidney,#VHMaleOrgans,VH_M_kidney_capsule_L,kidney capsule,UBERON:0002015,mesh,VH_M_Kidney_L,,,Left kidney_kidney capsule_kidney outer medulla collecting duct intercalated cell,#8ed5c2
Left kidney,http://purl.obolibrary.org/obo/UBERON_0004538,http://purl.obolibrary.org/obo/UBERON_0002015,kidney capsule,Male,azimuth,sc_transcriptomics,http://purl.obolibrary.org/obo/CL_1000718,kidney inner medulla collecting duct principal cell,301.602,0.211087035030697,2,#VHMLeftKidney,#VHMaleOrgans,VH_M_kidney_capsule_L,kidney capsule,UBERON:0002015,mesh,VH_M_Kidney_L,,,Left kidney_kidney capsule_kidney inner medulla collecting duct principal cell,#fed92f
Left kidney,http://purl.obolibrary.org/obo/UBERON_0004538,http://purl.obolibrary.org/obo/UBERON_0002015,kidney capsule,Male,azimuth,sc_transcriptomics,http://purl.obolibrary.org/obo/CL_1000768,kidney connecting tubule epithelial cell,112.746,0.07890935355724085,2,#VHMLeftKidney,#VHMaleOrgans,VH_M_kidney_capsule_L,kidney capsule,UBERON:0002015,mesh,VH_M_Kidney_L,,,Left kidney_kidney capsule_kidney connecting tubule epithelial cell,#a95c21
Left kidney,http://purl.obolibrary.org/obo/UBERON_0004538,http://purl.obolibrary.org/obo/UBERON_0002015,kidney capsule,Male,azimuth,sc_transcriptomics,http://purl.obolibrary.org/obo/CL_1000850,macula densa epithelial cell,0.086,6.019020103527144e-05,2,#VHMLeftKidney,#VHMaleOrgans,VH_M_kidney_capsule_L,kidney capsule,UBERON:0002015,mesh,VH_M_Kidney_L,,,Left kidney_kidney capsule_macula densa epithelial cell,#3e10e7
Left kidney,http://purl.obolibrary.org/obo/UBERON_0004538,http://purl.obolibrary.org/obo/UBERON_0002015,kidney capsule,Male,azimuth,sc_transcriptomics,http://purl.obolibrary.org/obo/CL_1001107,kidney loop of Henle thin ascending limb epithelial cell,163.486,0.114421572168051,2,#VHMLeftKidney,#VHMaleOrgans,VH_M_kidney_capsule_L,kidney capsule,UBERON:0002015,mesh,VH_M_Kidney_L,,,Left kidney_kidney capsule_kidney loop of Henle thin ascending limb epithelial cell,#d53f07
Left kidney,http://purl.obolibrary.org/obo/UBERON_0004538,http://purl.obolibrary.org/obo/UBERON_0002015,kidney capsule,Male,azimuth,sc_transcriptomics,http://purl.obolibrary.org/obo/CL_1001108,kidney loop of Henle medullary thick ascending limb epithelial cell,2.666,0.001865896232093415,2,#VHMLeftKidney,#VHMaleOrgans,VH_M_kidney_capsule_L,kidney capsule,UBERON:0002015,mesh,VH_M_Kidney_L,,,Left kidney_kidney capsule_kidney loop of Henle medullary thick ascending limb epithelial cell,#3d2252
Left kidney,http://purl.obolibrary.org/obo/UBERON_0004538,http://purl.obolibrary.org/obo/UBERON_0002015,kidney capsule,Male,azimuth,sc_transcriptomics,http://purl.obolibrary.org/obo/CL_1001109,kidney loop of Henle cortical thick ascending limb epithelial cell,0.086,6.019020103527144e-05,2,#VHMLeftKidney,#VHMaleOrgans,VH_M_kidney_capsule_L,kidney capsule,UBERON:0002015,mesh,VH_M_Kidney_L,,,Left kidney_kidney capsule_kidney loop of Henle cortical thick ascending limb epithelial cell,#438196
Left kidney,http://purl.obolibrary.org/obo/UBERON_0004538,http://purl.obolibrary.org/obo/UBERON_0002015,kidney capsule,Male,azimuth,sc_transcriptomics,http://purl.obolibrary.org/obo/CL_1001131,vasa recta ascending limb cell,84.108,0.05886601661249548,2,#VHMLeftKidney,#VHMaleOrgans,VH_M_kidney_capsule_L,kidney capsule,UBERON:0002015,mesh,VH_M_Kidney_L,,,Left kidney_kidney capsule_vasa recta ascending limb cell,#b235b1
Left kidney,http://purl.obolibrary.org/obo/UBERON_0004538,http://purl.obolibrary.org/obo/UBERON_0002015,kidney capsule,Male,azimuth,sc_transcriptomics,http://purl.obolibrary.org/obo/CL_1001318,renal interstitial pericyte,15.738,0.01101480678945467,2,#VHMLeftKidney,#VHMaleOrgans,VH_M_kidney_capsule_L,kidney capsule,UBERON:0002015,mesh,VH_M_Kidney_L,,,Left kidney_kidney capsule_renal interstitial pericyte,#94c5cd
Left kidney,http://purl.obolibrary.org/obo/UBERON_0004538,http://purl.obolibrary.org/obo/UBERON_0002015,kidney capsule,Male,azimuth,sc_transcriptomics,http://purl.obolibrary.org/obo/CL_4030012,kidney loop of Henle short descending thin limb epithelial cell,53.23399999999999,0.03725773444083302,2,#VHMLeftKidney,#VHMaleOrgans,VH_M_kidney_capsule_L,kidney capsule,UBERON:0002015,mesh,VH_M_Kidney_L,,,Left kidney_kidney capsule_kidney loop of Henle short descending thin limb epithelial cell,#ee08a1
Left kidney,http://purl.obolibrary.org/obo/UBERON_0004538,http://purl.obolibrary.org/obo/UBERON_0002015,kidney capsule,Male,azimuth,sc_transcriptomics,http://purl.obolibrary.org/obo/CL_4030013,kidney loop of Henle long descending thin limb outer medulla epithelial cell,10.664,0.007463584928373659,2,#VHMLeftKidney,#VHMaleOrgans,VH_M_kidney_capsule_L,kidney capsule,UBERON:0002015,mesh,VH_M_Kidney_L,,,Left kidney_kidney capsule_kidney loop of Henle long descending thin limb outer medulla epithelial cell,#9a25f5
Left kidney,http://purl.obolibrary.org/obo/UBERON_0004538,http://purl.obolibrary.org/obo/UBERON_0002015,kidney capsule,Male,azimuth,sc_transcriptomics,http://purl.obolibrary.org/obo/CL_4030014,kidney loop of Henle long descending thin limb inner medulla epithelial cell,138.976,0.09726736487299864,2,#VHMLeftKidney,#VHMaleOrgans,VH_M_kidney_capsule_L,kidney capsule,UBERON:0002015,mesh,VH_M_Kidney_L,,,Left kidney_kidney capsule_kidney loop of Henle long descending thin limb inner medulla epithelial cell,#e619bb
Left kidney,http://purl.obolibrary.org/obo/UBERON_0004538,http://purl.obolibrary.org/obo/UBERON_0002015,kidney capsule,Male,azimuth,sc_transcriptomics,http://purl.obolibrary.org/obo/CL_4030016,epithelial cell of early distal convoluted tubule,0.086,6.019020103527144e-05,2,#VHMLeftKidney,#VHMaleOrgans,VH_M_kidney_capsule_L,kidney capsule,UBERON:0002015,mesh,VH_M_Kidney_L,,,Left kidney_kidney capsule_epithelial cell of early distal convoluted tubule,#5db1e0
Left kidney,http://purl.obolibrary.org/obo/UBERON_0004538,http://purl.obolibrary.org/obo/UBERON_0002015,kidney capsule,Male,azimuth,sc_transcriptomics,http://purl.obolibrary.org/obo/CL_4030018,kidney connecting tubule principal cell,3.01,0.0021066570362345,2,#VHMLeftKidney,#VHMaleOrgans,VH_M_kidney_capsule_L,kidney capsule,UBERON:0002015,mesh,VH_M_Kidney_L,,,Left kidney_kidney capsule_kidney connecting tubule principal cell,#c703d7
Left kidney,http://purl.obolibrary.org/obo/UBERON_0004538,http://purl.obolibrary.org/obo/UBERON_0002015,kidney capsule,Male,azimuth,sc_transcriptomics,http://purl.obolibrary.org/obo/CL_4030022,renal medullary fibroblast,336.518,0.2355242566510171,2,#VHMLeftKidney,#VHMaleOrgans,VH_M_kidney_capsule_L,kidney capsule,UBERON:0002015,mesh,VH_M_Kidney_L,,,Left kidney_kidney capsule_renal medullary fibroblast,#eb4436
Left kidney,http://purl.obolibrary.org/obo/UBERON_0004538,http://purl.obolibrary.org/obo/UBERON_0002015,kidney capsule,Male,azimuth,sc_transcriptomics,https://purl.org/ccf/ASCTB-TEMP_descending-vasa-recta-endothelial,Descending Vasa Recta Endothelial ,57.19,0.04002648368845551,2,#VHMLeftKidney,#VHMaleOrgans,VH_M_kidney_capsule_L,kidney capsule,UBERON:0002015,mesh,VH_M_Kidney_L,,,Left kidney_kidney capsule_Descending Vasa Recta Endothelial ,#588cbd
Left kidney,http://purl.obolibrary.org/obo/UBERON_0004538,http://purl.obolibrary.org/obo/UBERON_0002015,kidney capsule,Male,azimuth,sc_transcriptomics,https://purl.org/ccf/ASCTB-TEMP_peritubular-capilary-endothelial,Peritubular Capilary Endothelial ,0.688,0.0004815216082821715,2,#VHMLeftKidney,#VHMaleOrgans,VH_M_kidney_capsule_L,kidney capsule,UBERON:0002015,mesh,VH_M_Kidney_L,,,Left kidney_kidney capsule_Peritubular Capilary Endothelial ,#a2f2e6
Left kidney,http://purl.obolibrary.org/obo/UBERON_0004538,http://purl.obolibrary.org/obo/UBERON_0002189,outer cortex of kidney,Male,azimuth,sc_transcriptomics,http://purl.obolibrary.org/obo/CL_0000084,T cell,2282.61,0.0007872226391818021,94,#VHMLeftKidney,#VHMaleOrgans,VH_M_outer_cortex_of_kidney_L,outer cortex of kidney,UBERON:0002189,mesh,VH_M_Kidney_L,,,Left kidney_outer cortex of kidney_T cell,#73fce4
Left kidney,http://purl.obolibrary.org/obo/UBERON_0004538,http://purl.obolibrary.org/obo/UBERON_0002189,outer cortex of kidney,Male,azimuth,sc_transcriptomics,http://purl.obolibrary.org/obo/CL_0000097,mast cell,1103.0,0.0003804007565977227,94,#VHMLeftKidney,#VHMaleOrgans,VH_M_outer_cortex_of_kidney_L,outer cortex of kidney,UBERON:0002189,mesh,VH_M_Kidney_L,,,Left kidney_outer cortex of kidney_mast cell,#050bcb
Left kidney,http://purl.obolibrary.org/obo/UBERON_0004538,http://purl.obolibrary.org/obo/UBERON_0002189,outer cortex of kidney,Male,azimuth,sc_transcriptomics,http://purl.obolibrary.org/obo/CL_0000236,B cell,3092.0,0.001066363680326526,94,#VHMLeftKidney,#VHMaleOrgans,VH_M_outer_cortex_of_kidney_L,outer cortex of kidney,UBERON:0002189,mesh,VH_M_Kidney_L,,,Left kidney_outer cortex of kidney_B cell,#cd6808
Left kidney,http://purl.obolibrary.org/obo/UBERON_0004538,http://purl.obolibrary.org/obo/UBERON_0002189,outer cortex of kidney,Male,azimuth,sc_transcriptomics,http://purl.obolibrary.org/obo/CL_0000648,kidney granular cell,286.551,9.882521958643156e-05,94,#VHMLeftKidney,#VHMaleOrgans,VH_M_outer_cortex_of_kidney_L,outer cortex of kidney,UBERON:0002189,mesh,VH_M_Kidney_L,,,Left kidney_outer cortex of kidney_kidney granular cell,#b3ba97
Left kidney,http://purl.obolibrary.org/obo/UBERON_0004538,http://purl.obolibrary.org/obo/UBERON_0002189,outer cortex of kidney,Male,azimuth,sc_transcriptomics,http://purl.obolibrary.org/obo/CL_0000650,mesangial cell,11310.348,0.003900693505515448,94,#VHMLeftKidney,#VHMaleOrgans,VH_M_outer_cortex_of_kidney_L,outer cortex of kidney,UBERON:0002189,mesh,VH_M_Kidney_L,,,Left kidney_outer cortex of kidney_mesangial cell,#f55698
Left kidney,http://purl.obolibrary.org/obo/UBERON_0004538,http://purl.obolibrary.org/obo/UBERON_0002189,outer cortex of kidney,Male,azimuth,sc_transcriptomics,http://purl.obolibrary.org/obo/CL_0000653,podocyte,24100.924,0.008311885516141622,94,#VHMLeftKidney,#VHMaleOrgans,VH_M_outer_cortex_of_kidney_L,outer cortex of kidney,UBERON:0002189,mesh,VH_M_Kidney_L,,,Left kidney_outer cortex of kidney_podocyte,#a31129
Left kidney,http://purl.obolibrary.org/obo/UBERON_0004538,http://purl.obolibrary.org/obo/UBERON_0002189,outer cortex of kidney,Male,azimuth,sc_transcriptomics,http://purl.obolibrary.org/obo/CL_0000775,neutrophil,22.0,7.587322434406073e-06,94,#VHMLeftKidney,#VHMaleOrgans,VH_M_outer_cortex_of_kidney_L,outer cortex of kidney,UBERON:0002189,mesh,VH_M_Kidney_L,,,Left kidney_outer cortex of kidney_neutrophil,#7331d7
Left kidney,http://purl.obolibrary.org/obo/UBERON_0004538,http://purl.obolibrary.org/obo/UBERON_0002189,outer cortex of kidney,Male,azimuth,sc_transcriptomics,http://purl.obolibrary.org/obo/CL_0000786,plasma cell,946.0,0.0003262548646794611,94,#VHMLeftKidney,#VHMaleOrgans,VH_M_outer_cortex_of_kidney_L,outer cortex of kidney,UBERON:0002189,mesh,VH_M_Kidney_L,,,Left kidney_outer cortex of kidney_plasma cell,#cee165
Left kidney,http://purl.obolibrary.org/obo/UBERON_0004538,http://purl.obolibrary.org/obo/UBERON_0002189,outer cortex of kidney,Male,azimuth,sc_transcriptomics,http://purl.obolibrary.org/obo/CL_0000814,mature NK T cell,393.418,0.000135681328068144,94,#VHMLeftKidney,#VHMaleOrgans,VH_M_outer_cortex_of_kidney_L,outer cortex of kidney,UBERON:0002189,mesh,VH_M_Kidney_L,,,Left kidney_outer cortex of kidney_mature NK T cell,#96f8f5
Left kidney,http://purl.obolibrary.org/obo/UBERON_0004538,http://purl.obolibrary.org/obo/UBERON_0002189,outer cortex of kidney,Male,azimuth,sc_transcriptomics,http://purl.obolibrary.org/obo/CL_0000875,non-classical monocyte,291.725,0.0001006096198716869,94,#VHMLeftKidney,#VHMaleOrgans,VH_M_outer_cortex_of_kidney_L,outer cortex of kidney,UBERON:0002189,mesh,VH_M_Kidney_L,,,Left kidney_outer cortex of kidney_non-classical monocyte,#3d1578
Left kidney,http://purl.obolibrary.org/obo/UBERON_0004538,http://purl.obolibrary.org/obo/UBERON_0002189,outer cortex of kidney,Male,azimuth,sc_transcriptomics,http://purl.obolibrary.org/obo/CL_0000890,M2 macrophage,6845.492,0.002360861592097604,94,#VHMLeftKidney,#VHMaleOrgans,VH_M_outer_cortex_of_kidney_L,outer cortex of kidney,UBERON:0002189,mesh,VH_M_Kidney_L,,,Left kidney_outer cortex of kidney_M2 macrophage,#bb0672
Left kidney,http://purl.obolibrary.org/obo/UBERON_0004538,http://purl.obolibrary.org/obo/UBERON_0002189,outer cortex of kidney,Male,azimuth,sc_transcriptomics,http://purl.obolibrary.org/obo/CL_0000990,conventional dendritic cell,8991.0,0.003100800727624772,94,#VHMLeftKidney,#VHMaleOrgans,VH_M_outer_cortex_of_kidney_L,outer cortex of kidney,UBERON:0002189,mesh,VH_M_Kidney_L,,,Left kidney_outer cortex of kidney_conventional dendritic cell,#a4ab06
Left kidney,http://purl.obolibrary.org/obo/UBERON_0004538,http://purl.obolibrary.org/obo/UBERON_0002189,outer cortex of kidney,Male,azimuth,sc_transcriptomics,http://purl.obolibrary.org/obo/CL_0001058,"plasmacytoid dendritic cell, human",40.0,1.379513169892013e-05,94,#VHMLeftKidney,#VHMaleOrgans,VH_M_outer_cortex_of_kidney_L,outer cortex of kidney,UBERON:0002189,mesh,VH_M_Kidney_L,,,"Left kidney_outer cortex of kidney_plasmacytoid dendritic cell, human",#d9fb4f
Left kidney,http://purl.obolibrary.org/obo/UBERON_0004538,http://purl.obolibrary.org/obo/UBERON_0002189,outer cortex of kidney,Male,azimuth,sc_transcriptomics,http://purl.obolibrary.org/obo/CL_0002138,endothelial cell of lymphatic vessel,863.576,0.0002978286163006663,94,#VHMLeftKidney,#VHMaleOrgans,VH_M_outer_cortex_of_kidney_L,outer cortex of kidney,UBERON:0002189,mesh,VH_M_Kidney_L,,,Left kidney_outer cortex of kidney_endothelial cell of lymphatic vessel,#c07bb3
Left kidney,http://purl.obolibrary.org/obo/UBERON_0004538,http://purl.obolibrary.org/obo/UBERON_0002189,outer cortex of kidney,Male,azimuth,sc_transcriptomics,http://purl.obolibrary.org/obo/CL_0002201,renal beta-intercalated cell,21017.041,0.007248321212915103,94,#VHMLeftKidney,#VHMaleOrgans,VH_M_outer_cortex_of_kidney_L,outer cortex of kidney,UBERON:0002189,mesh,VH_M_Kidney_L,,,Left kidney_outer cortex of kidney_renal beta-intercalated cell,#d4c07b
Left kidney,http://purl.obolibrary.org/obo/UBERON_0004538,http://purl.obolibrary.org/obo/UBERON_0002189,outer cortex of kidney,Male,azimuth,sc_transcriptomics,http://purl.obolibrary.org/obo/CL_0002573,Schwann cell,637.5919999999999,0.0002198916402544471,94,#VHMLeftKidney,#VHMaleOrgans,VH_M_outer_cortex_of_kidney_L,outer cortex of kidney,UBERON:0002189,mesh,VH_M_Kidney_L,,,Left kidney_outer cortex of kidney_Schwann cell,#f01ba1
Left kidney,http://purl.obolibrary.org/obo/UBERON_0004538,http://purl.obolibrary.org/obo/UBERON_0002189,outer cortex of kidney,Male,azimuth,sc_transcriptomics,http://purl.obolibrary.org/obo/CL_0011031,monocyte-derived dendritic cell,2351.076,0.0008108350763542587,94,#VHMLeftKidney,#VHMaleOrgans,VH_M_outer_cortex_of_kidney_L,outer cortex of kidney,UBERON:0002189,mesh,VH_M_Kidney_L,,,Left kidney_outer cortex of kidney_monocyte-derived dendritic cell,#f519f1
Left kidney,http://purl.obolibrary.org/obo/UBERON_0004538,http://purl.obolibrary.org/obo/UBERON_0002189,outer cortex of kidney,Male,azimuth,sc_transcriptomics,http://purl.obolibrary.org/obo/CL_1000412,endothelial cell of arteriole,4348.415000000002,0.001499673940163995,94,#VHMLeftKidney,#VHMaleOrgans,VH_M_outer_cortex_of_kidney_L,outer cortex of kidney,UBERON:0002189,mesh,VH_M_Kidney_L,,,Left kidney_outer cortex of kidney_endothelial cell of arteriole,#3bbe30
Left kidney,http://purl.obolibrary.org/obo/UBERON_0004538,http://purl.obolibrary.org/obo/UBERON_0002189,outer cortex of kidney,Male,azimuth,sc_transcriptomics,http://purl.obolibrary.org/obo/CL_1000452,parietal epithelial cell,16547.964,0.00570703356822473,94,#VHMLeftKidney,#VHMaleOrgans,VH_M_outer_cortex_of_kidney_L,outer cortex of kidney,UBERON:0002189,mesh,VH_M_Kidney_L,,,Left kidney_outer cortex of kidney_parietal epithelial cell,#1b4170
Left kidney,http://purl.obolibrary.org/obo/UBERON_0004538,http://purl.obolibrary.org/obo/UBERON_0002189,outer cortex of kidney,Male,azimuth,sc_transcriptomics,http://purl.obolibrary.org/obo/CL_1000597,papillary tips cell,678.9499999999999,0.0002341551166745456,94,#VHMLeftKidney,#VHMaleOrgans,VH_M_outer_cortex_of_kidney_L,outer cortex of kidney,UBERON:0002189,mesh,VH_M_Kidney_L,,,Left kidney_outer cortex of kidney_papillary tips cell,#eef335
Left kidney,http://purl.obolibrary.org/obo/UBERON_0004538,http://purl.obolibrary.org/obo/UBERON_0002189,outer cortex of kidney,Male,azimuth,sc_transcriptomics,http://purl.obolibrary.org/obo/CL_1000692,kidney interstitial fibroblast,95930.486,0.03308434220778535,94,#VHMLeftKidney,#VHMaleOrgans,VH_M_outer_cortex_of_kidney_L,outer cortex of kidney,UBERON:0002189,mesh,VH_M_Kidney_L,,,Left kidney_outer cortex of kidney_kidney interstitial fibroblast,#58f1af
Left kidney,http://purl.obolibrary.org/obo/UBERON_0004538,http://purl.obolibrary.org/obo/UBERON_0002189,outer cortex of kidney,Male,azimuth,sc_transcriptomics,http://purl.obolibrary.org/obo/CL_1000714,kidney cortex collecting duct principal cell,67972.674,0.02344229974394411,94,#VHMLeftKidney,#VHMaleOrgans,VH_M_outer_cortex_of_kidney_L,outer cortex of kidney,UBERON:0002189,mesh,VH_M_Kidney_L,,,Left kidney_outer cortex of kidney_kidney cortex collecting duct principal cell,#ab3407
Left kidney,http://purl.obolibrary.org/obo/UBERON_0004538,http://purl.obolibrary.org/obo/UBERON_0002189,outer cortex of kidney,Male,azimuth,sc_transcriptomics,http://purl.obolibrary.org/obo/CL_1000715,kidney cortex collecting duct intercalated cell,21700.233,0.007483939303306318,94,#VHMLeftKidney,#VHMaleOrgans,VH_M_outer_cortex_of_kidney_L,outer cortex of kidney,UBERON:0002189,mesh,VH_M_Kidney_L,,,Left kidney_outer cortex of kidney_kidney cortex collecting duct intercalated cell,#4f9cd3
Left kidney,http://purl.obolibrary.org/obo/UBERON_0004538,http://purl.obolibrary.org/obo/UBERON_0002189,outer cortex of kidney,Male,azimuth,sc_transcriptomics,http://purl.obolibrary.org/obo/CL_1000716,kidney outer medulla collecting duct principal cell,18888.844,0.006514352265508933,94,#VHMLeftKidney,#VHMaleOrgans,VH_M_outer_cortex_of_kidney_L,outer cortex of kidney,UBERON:0002189,mesh,VH_M_Kidney_L,,,Left kidney_outer cortex of kidney_kidney outer medulla collecting duct principal cell,#981fd9
Left kidney,http://purl.obolibrary.org/obo/UBERON_0004538,http://purl.obolibrary.org/obo/UBERON_0002189,outer cortex of kidney,Male,azimuth,sc_transcriptomics,http://purl.obolibrary.org/obo/CL_1000717,kidney outer medulla collecting duct intercalated cell,16285.383,0.005616475081308876,94,#VHMLeftKidney,#VHMaleOrgans,VH_M_outer_cortex_of_kidney_L,outer cortex of kidney,UBERON:0002189,mesh,VH_M_Kidney_L,,,Left kidney_outer cortex of kidney_kidney outer medulla collecting duct intercalated cell,#bd7337
Left kidney,http://purl.obolibrary.org/obo/UBERON_0004538,http://purl.obolibrary.org/obo/UBERON_0002189,outer cortex of kidney,Male,azimuth,sc_transcriptomics,http://purl.obolibrary.org/obo/CL_1000718,kidney inner medulla collecting duct principal cell,414410.865,0.1429213115034603,94,#VHMLeftKidney,#VHMaleOrgans,VH_M_outer_cortex_of_kidney_L,outer cortex of kidney,UBERON:0002189,mesh,VH_M_Kidney_L,,,Left kidney_outer cortex of kidney_kidney inner medulla collecting duct principal cell,#ea0209
Left kidney,http://purl.obolibrary.org/obo/UBERON_0004538,http://purl.obolibrary.org/obo/UBERON_0002189,outer cortex of kidney,Male,azimuth,sc_transcriptomics,http://purl.obolibrary.org/obo/CL_1000768,kidney connecting tubule epithelial cell,163799.689,0.05649095704992897,94,#VHMLeftKidney,#VHMaleOrgans,VH_M_outer_cortex_of_kidney_L,outer cortex of kidney,UBERON:0002189,mesh,VH_M_Kidney_L,,,Left kidney_outer cortex of kidney_kidney connecting tubule epithelial cell,#bc0b71
Left kidney,http://purl.obolibrary.org/obo/UBERON_0004538,http://purl.obolibrary.org/obo/UBERON_0002189,outer cortex of kidney,Male,azimuth,sc_transcriptomics,http://purl.obolibrary.org/obo/CL_1000850,macula densa epithelial cell,63566.649,0.02192275736535074,94,#VHMLeftKidney,#VHMaleOrgans,VH_M_outer_cortex_of_kidney_L,outer cortex of kidney,UBERON:0002189,mesh,VH_M_Kidney_L,,,Left kidney_outer cortex of kidney_macula densa epithelial cell,#7d1971
Left kidney,http://purl.obolibrary.org/obo/UBERON_0004538,http://purl.obolibrary.org/obo/UBERON_0002189,outer cortex of kidney,Male,azimuth,sc_transcriptomics,http://purl.obolibrary.org/obo/CL_1001005,glomerular capillary endothelial cell,13569.756,0.004679914278555291,94,#VHMLeftKidney,#VHMaleOrgans,VH_M_outer_cortex_of_kidney_L,outer cortex of kidney,UBERON:0002189,mesh,VH_M_Kidney_L,,,Left kidney_outer cortex of kidney_glomerular capillary endothelial cell,#4816c2
Left kidney,http://purl.obolibrary.org/obo/UBERON_0004538,http://purl.obolibrary.org/obo/UBERON_0002189,outer cortex of kidney,Male,azimuth,sc_transcriptomics,http://purl.obolibrary.org/obo/CL_1001107,kidney loop of Henle thin ascending limb epithelial cell,196203.561,0.06766634909480275,94,#VHMLeftKidney,#VHMaleOrgans,VH_M_outer_cortex_of_kidney_L,outer cortex of kidney,UBERON:0002189,mesh,VH_M_Kidney_L,,,Left kidney_outer cortex of kidney_kidney loop of Henle thin ascending limb epithelial cell,#2eef42
Left kidney,http://purl.obolibrary.org/obo/UBERON_0004538,http://purl.obolibrary.org/obo/UBERON_0002189,outer cortex of kidney,Male,azimuth,sc_transcriptomics,http://purl.obolibrary.org/obo/CL_1001108,kidney loop of Henle medullary thick ascending limb epithelial cell,90703.701,0.03128173752186184,94,#VHMLeftKidney,#VHMaleOrgans,VH_M_outer_cortex_of_kidney_L,outer cortex of kidney,UBERON:0002189,mesh,VH_M_Kidney_L,,,Left kidney_outer cortex of kidney_kidney loop of Henle medullary thick ascending limb epithelial cell,#da0642
Left kidney,http://purl.obolibrary.org/obo/UBERON_0004538,http://purl.obolibrary.org/obo/UBERON_0002189,outer cortex of kidney,Male,azimuth,sc_transcriptomics,http://purl.obolibrary.org/obo/CL_1001109,kidney loop of Henle cortical thick ascending limb epithelial cell,544209.754,0.1876861307066732,94,#VHMLeftKidney,#VHMaleOrgans,VH_M_outer_cortex_of_kidney_L,outer cortex of kidney,UBERON:0002189,mesh,VH_M_Kidney_L,,,Left kidney_outer cortex of kidney_kidney loop of Henle cortical thick ascending limb epithelial cell,#a9f307
Left kidney,http://purl.obolibrary.org/obo/UBERON_0004538,http://purl.obolibrary.org/obo/UBERON_0002189,outer cortex of kidney,Male,azimuth,sc_transcriptomics,http://purl.obolibrary.org/obo/CL_1001131,vasa recta ascending limb cell,17473.928,0.006026378451436202,94,#VHMLeftKidney,#VHMaleOrgans,VH_M_outer_cortex_of_kidney_L,outer cortex of kidney,UBERON:0002189,mesh,VH_M_Kidney_L,,,Left kidney_outer cortex of kidney_vasa recta ascending limb cell,#a65000
Left kidney,http://purl.obolibrary.org/obo/UBERON_0004538,http://purl.obolibrary.org/obo/UBERON_0002189,outer cortex of kidney,Male,azimuth,sc_transcriptomics,http://purl.obolibrary.org/obo/CL_1001318,renal interstitial pericyte,18252.273,0.006294812745991102,94,#VHMLeftKidney,#VHMaleOrgans,VH_M_outer_cortex_of_kidney_L,outer cortex of kidney,UBERON:0002189,mesh,VH_M_Kidney_L,,,Left kidney_outer cortex of kidney_renal interstitial pericyte,#6108e9
Left kidney,http://purl.obolibrary.org/obo/UBERON_0004538,http://purl.obolibrary.org/obo/UBERON_0002189,outer cortex of kidney,Male,azimuth,sc_transcriptomics,http://purl.obolibrary.org/obo/CL_4030009,epithelial cell of proximal tubule segment 1,275410.094,0.09498296294854933,94,#VHMLeftKidney,#VHMaleOrgans,VH_M_outer_cortex_of_kidney_L,outer cortex of kidney,UBERON:0002189,mesh,VH_M_Kidney_L,,,Left kidney_outer cortex of kidney_epithelial cell of proximal tubule segment 1,#5dd71f
Left kidney,http://purl.obolibrary.org/obo/UBERON_0004538,http://purl.obolibrary.org/obo/UBERON_0002189,outer cortex of kidney,Male,azimuth,sc_transcriptomics,http://purl.obolibrary.org/obo/CL_4030010,epithelial cell of proximal tubule segment 2,3346.303,0.001154067264737288,94,#VHMLeftKidney,#VHMaleOrgans,VH_M_outer_cortex_of_kidney_L,outer cortex of kidney,UBERON:0002189,mesh,VH_M_Kidney_L,,,Left kidney_outer cortex of kidney_epithelial cell of proximal tubule segment 2,#6a5d29
Left kidney,http://purl.obolibrary.org/obo/UBERON_0004538,http://purl.obolibrary.org/obo/UBERON_0002189,outer cortex of kidney,Male,azimuth,sc_transcriptomics,http://purl.obolibrary.org/obo/CL_4030011,epithelial cell of proximal tubule segment 3,161711.157,0.05577066769999375,94,#VHMLeftKidney,#VHMaleOrgans,VH_M_outer_cortex_of_kidney_L,outer cortex of kidney,UBERON:0002189,mesh,VH_M_Kidney_L,,,Left kidney_outer cortex of kidney_epithelial cell of proximal tubule segment 3,#fd5913
Left kidney,http://purl.obolibrary.org/obo/UBERON_0004538,http://purl.obolibrary.org/obo/UBERON_0002189,outer cortex of kidney,Male,azimuth,sc_transcriptomics,http://purl.obolibrary.org/obo/CL_4030012,kidney loop of Henle short descending thin limb epithelial cell,97498.005,0.03362494548392434,94,#VHMLeftKidney,#VHMaleOrgans,VH_M_outer_cortex_of_kidney_L,outer cortex of kidney,UBERON:0002189,mesh,VH_M_Kidney_L,,,Left kidney_outer cortex of kidney_kidney loop of Henle short descending thin limb epithelial cell,#670846
Left kidney,http://purl.obolibrary.org/obo/UBERON_0004538,http://purl.obolibrary.org/obo/UBERON_0002189,outer cortex of kidney,Male,azimuth,sc_transcriptomics,http://purl.obolibrary.org/obo/CL_4030013,kidney loop of Henle long descending thin limb outer medulla epithelial cell,152826.748,0.05270662789444197,94,#VHMLeftKidney,#VHMaleOrgans,VH_M_outer_cortex_of_kidney_L,outer cortex of kidney,UBERON:0002189,mesh,VH_M_Kidney_L,,,Left kidney_outer cortex of kidney_kidney loop of Henle long descending thin limb outer medulla epithelial cell,#33984e
Left kidney,http://purl.obolibrary.org/obo/UBERON_0004538,http://purl.obolibrary.org/obo/UBERON_0002189,outer cortex of kidney,Male,azimuth,sc_transcriptomics,http://purl.obolibrary.org/obo/CL_4030014,kidney loop of Henle long descending thin limb inner medulla epithelial cell,38253.41,0.01319277072206971,94,#VHMLeftKidney,#VHMaleOrgans,VH_M_outer_cortex_of_kidney_L,outer cortex of kidney,UBERON:0002189,mesh,VH_M_Kidney_L,,,Left kidney_outer cortex of kidney_kidney loop of Henle long descending thin limb inner medulla epithelial cell,#8d09db
Left kidney,http://purl.obolibrary.org/obo/UBERON_0004538,http://purl.obolibrary.org/obo/UBERON_0002189,outer cortex of kidney,Male,azimuth,sc_transcriptomics,http://purl.obolibrary.org/obo/CL_4030016,epithelial cell of early distal convoluted tubule,207833.574,0.07167728811968158,94,#VHMLeftKidney,#VHMaleOrgans,VH_M_outer_cortex_of_kidney_L,outer cortex of kidney,UBERON:0002189,mesh,VH_M_Kidney_L,,,Left kidney_outer cortex of kidney_epithelial cell of early distal convoluted tubule,#8061dc
Left kidney,http://purl.obolibrary.org/obo/UBERON_0004538,http://purl.obolibrary.org/obo/UBERON_0002189,outer cortex of kidney,Male,azimuth,sc_transcriptomics,http://purl.obolibrary.org/obo/CL_4030017,epithelial cell of late distal convoluted tubule,5220.755,0.001800525069819894,94,#VHMLeftKidney,#VHMaleOrgans,VH_M_outer_cortex_of_kidney_L,outer cortex of kidney,UBERON:0002189,mesh,VH_M_Kidney_L,,,Left kidney_outer cortex of kidney_epithelial cell of late distal convoluted tubule,#fe16dc
Left kidney,http://purl.obolibrary.org/obo/UBERON_0004538,http://purl.obolibrary.org/obo/UBERON_0002189,outer cortex of kidney,Male,azimuth,sc_transcriptomics,http://purl.obolibrary.org/obo/CL_4030018,kidney connecting tubule principal cell,11213.274,0.003867214790151923,94,#VHMLeftKidney,#VHMaleOrgans,VH_M_outer_cortex_of_kidney_L,outer cortex of kidney,UBERON:0002189,mesh,VH_M_Kidney_L,,,Left kidney_outer cortex of kidney_kidney connecting tubule principal cell,#274c69
Left kidney,http://purl.obolibrary.org/obo/UBERON_0004538,http://purl.obolibrary.org/obo/UBERON_0002189,outer cortex of kidney,Male,azimuth,sc_transcriptomics,http://purl.obolibrary.org/obo/CL_4030020,kidney connecting tubule alpha-intercalated cell,666.0,0.0002296889427870202,94,#VHMLeftKidney,#VHMaleOrgans,VH_M_outer_cortex_of_kidney_L,outer cortex of kidney,UBERON:0002189,mesh,VH_M_Kidney_L,,,Left kidney_outer cortex of kidney_kidney connecting tubule alpha-intercalated cell,#49c57a
Left kidney,http://purl.obolibrary.org/obo/UBERON_0004538,http://purl.obolibrary.org/obo/UBERON_0002189,outer cortex of kidney,Male,azimuth,sc_transcriptomics,http://purl.obolibrary.org/obo/CL_4030022,renal medullary fibroblast,40603.482,0.01400325954061832,94,#VHMLeftKidney,#VHMaleOrgans,VH_M_outer_cortex_of_kidney_L,outer cortex of kidney,UBERON:0002189,mesh,VH_M_Kidney_L,,,Left kidney_outer cortex of kidney_renal medullary fibroblast,#3f2a23
Left kidney,http://purl.obolibrary.org/obo/UBERON_0004538,http://purl.obolibrary.org/obo/UBERON_0002189,outer cortex of kidney,Male,azimuth,sc_transcriptomics,http://purl.obolibrary.org/obo/CL_4033078,cycling mononuclear phagocyte,6.0,2.06926975483802e-06,94,#VHMLeftKidney,#VHMaleOrgans,VH_M_outer_cortex_of_kidney_L,outer cortex of kidney,UBERON:0002189,mesh,VH_M_Kidney_L,,,Left kidney_outer cortex of kidney_cycling mononuclear phagocyte,#399ff8
Left kidney,http://purl.obolibrary.org/obo/UBERON_0004538,http://purl.obolibrary.org/obo/UBERON_0002189,outer cortex of kidney,Male,azimuth,sc_transcriptomics,https://purl.org/ccf/ASCTB-TEMP_descending-vasa-recta-endothelial,Descending Vasa Recta Endothelial ,32499.288,0.01120829895202837,94,#VHMLeftKidney,#VHMaleOrgans,VH_M_outer_cortex_of_kidney_L,outer cortex of kidney,UBERON:0002189,mesh,VH_M_Kidney_L,,,Left kidney_outer cortex of kidney_Descending Vasa Recta Endothelial ,#9d1d49
Left kidney,http://purl.obolibrary.org/obo/UBERON_0004538,http://purl.obolibrary.org/obo/UBERON_0002189,outer cortex of kidney,Male,azimuth,sc_transcriptomics,https://purl.org/ccf/ASCTB-TEMP_peritubular-capilary-endothelial,Peritubular Capilary Endothelial ,23368.055,0.008059134906815228,94,#VHMLeftKidney,#VHMaleOrgans,VH_M_outer_cortex_of_kidney_L,outer cortex of kidney,UBERON:0002189,mesh,VH_M_Kidney_L,,,Left kidney_outer cortex of kidney_Peritubular Capilary Endothelial ,#a44d8c
Left kidney,http://purl.obolibrary.org/obo/UBERON_0004538,http://purl.obolibrary.org/obo/UBERON_0004200,renal pyramid,Male,azimuth,sc_transcriptomics,http://purl.obolibrary.org/obo/CL_0000084,T cell,2249.235000000001,0.004870792523215079,31,#VHMLeftKidney,#VHMaleOrgans,VH_M_renal_pyramid_L,renal pyramid,UBERON:0004200,organizational,VH_M_Kidney_L,,,Left kidney_renal pyramid_T cell,#2971b7
Left kidney,http://purl.obolibrary.org/obo/UBERON_0004538,http://purl.obolibrary.org/obo/UBERON_0004200,renal pyramid,Male,azimuth,sc_transcriptomics,http://purl.obolibrary.org/obo/CL_0000097,mast cell,34.0,7.362812057846896e-05,31,#VHMLeftKidney,#VHMaleOrgans,VH_M_renal_pyramid_L,renal pyramid,UBERON:0004200,organizational,VH_M_Kidney_L,,,Left kidney_renal pyramid_mast cell,#1f138b
Left kidney,http://purl.obolibrary.org/obo/UBERON_0004538,http://purl.obolibrary.org/obo/UBERON_0004200,renal pyramid,Male,azimuth,sc_transcriptomics,http://purl.obolibrary.org/obo/CL_0000236,B cell,152.012,0.0003291869960404183,31,#VHMLeftKidney,#VHMaleOrgans,VH_M_renal_pyramid_L,renal pyramid,UBERON:0004200,organizational,VH_M_Kidney_L,,,Left kidney_renal pyramid_B cell,#dbe7a9
Left kidney,http://purl.obolibrary.org/obo/UBERON_0004538,http://purl.obolibrary.org/obo/UBERON_0004200,renal pyramid,Male,azimuth,sc_transcriptomics,http://purl.obolibrary.org/obo/CL_0000648,kidney granular cell,38.547,8.347479893936007e-05,31,#VHMLeftKidney,#VHMaleOrgans,VH_M_renal_pyramid_L,renal pyramid,UBERON:0004200,organizational,VH_M_Kidney_L,,,Left kidney_renal pyramid_kidney granular cell,#82b75f
Left kidney,http://purl.obolibrary.org/obo/UBERON_0004538,http://purl.obolibrary.org/obo/UBERON_0004200,renal pyramid,Male,azimuth,sc_transcriptomics,http://purl.obolibrary.org/obo/CL_0000650,mesangial cell,432.708,0.0009370434352725924,31,#VHMLeftKidney,#VHMaleOrgans,VH_M_renal_pyramid_L,renal pyramid,UBERON:0004200,organizational,VH_M_Kidney_L,,,Left kidney_renal pyramid_mesangial cell,#ac37d3
Left kidney,http://purl.obolibrary.org/obo/UBERON_0004538,http://purl.obolibrary.org/obo/UBERON_0004200,renal pyramid,Male,azimuth,sc_transcriptomics,http://purl.obolibrary.org/obo/CL_0000653,podocyte,1047.483,0.002268358959644012,31,#VHMLeftKidney,#VHMaleOrgans,VH_M_renal_pyramid_L,renal pyramid,UBERON:0004200,organizational,VH_M_Kidney_L,,,Left kidney_renal pyramid_podocyte,#50f408
Left kidney,http://purl.obolibrary.org/obo/UBERON_0004538,http://purl.obolibrary.org/obo/UBERON_0004200,renal pyramid,Male,azimuth,sc_transcriptomics,http://purl.obolibrary.org/obo/CL_0000775,neutrophil,6.0,1.299319774914158e-05,31,#VHMLeftKidney,#VHMaleOrgans,VH_M_renal_pyramid_L,renal pyramid,UBERON:0004200,organizational,VH_M_Kidney_L,,,Left kidney_renal pyramid_neutrophil,#db1f27
Left kidney,http://purl.obolibrary.org/obo/UBERON_0004538,http://purl.obolibrary.org/obo/UBERON_0004200,renal pyramid,Male,azimuth,sc_transcriptomics,http://purl.obolibrary.org/obo/CL_0000786,plasma cell,6.012,1.301918414463986e-05,31,#VHMLeftKidney,#VHMaleOrgans,VH_M_renal_pyramid_L,renal pyramid,UBERON:0004200,organizational,VH_M_Kidney_L,,,Left kidney_renal pyramid_plasma cell,#a36a76
Left kidney,http://purl.obolibrary.org/obo/UBERON_0004538,http://purl.obolibrary.org/obo/UBERON_0004200,renal pyramid,Male,azimuth,sc_transcriptomics,http://purl.obolibrary.org/obo/CL_0000814,mature NK T cell,14.589,3.159296032703775e-05,31,#VHMLeftKidney,#VHMaleOrgans,VH_M_renal_pyramid_L,renal pyramid,UBERON:0004200,organizational,VH_M_Kidney_L,,,Left kidney_renal pyramid_mature NK T cell,#8b9f0d
Left kidney,http://purl.obolibrary.org/obo/UBERON_0004538,http://purl.obolibrary.org/obo/UBERON_0004200,renal pyramid,Male,azimuth,sc_transcriptomics,http://purl.obolibrary.org/obo/CL_0000875,non-classical monocyte,4.027,8.72060122263219e-06,31,#VHMLeftKidney,#VHMaleOrgans,VH_M_renal_pyramid_L,renal pyramid,UBERON:0004200,organizational,VH_M_Kidney_L,,,Left kidney_renal pyramid_non-classical monocyte,#3022cb
Left kidney,http://purl.obolibrary.org/obo/UBERON_0004538,http://purl.obolibrary.org/obo/UBERON_0004200,renal pyramid,Male,azimuth,sc_transcriptomics,http://purl.obolibrary.org/obo/CL_0000890,M2 macrophage,1463.011,0.003168198538694896,31,#VHMLeftKidney,#VHMaleOrgans,VH_M_renal_pyramid_L,renal pyramid,UBERON:0004200,organizational,VH_M_Kidney_L,,,Left kidney_renal pyramid_M2 macrophage,#3d1a18
Left kidney,http://purl.obolibrary.org/obo/UBERON_0004538,http://purl.obolibrary.org/obo/UBERON_0004200,renal pyramid,Male,azimuth,sc_transcriptomics,http://purl.obolibrary.org/obo/CL_0000990,conventional dendritic cell,358.0,0.0007752607990321143,31,#VHMLeftKidney,#VHMaleOrgans,VH_M_renal_pyramid_L,renal pyramid,UBERON:0004200,organizational,VH_M_Kidney_L,,,Left kidney_renal pyramid_conventional dendritic cell,#ac2d61
Left kidney,http://purl.obolibrary.org/obo/UBERON_0004538,http://purl.obolibrary.org/obo/UBERON_0004200,renal pyramid,Male,azimuth,sc_transcriptomics,http://purl.obolibrary.org/obo/CL_0002138,endothelial cell of lymphatic vessel,34.004,7.363678271030171e-05,31,#VHMLeftKidney,#VHMaleOrgans,VH_M_renal_pyramid_L,renal pyramid,UBERON:0004200,organizational,VH_M_Kidney_L,,,Left kidney_renal pyramid_endothelial cell of lymphatic vessel,#201ff4
Left kidney,http://purl.obolibrary.org/obo/UBERON_0004538,http://purl.obolibrary.org/obo/UBERON_0004200,renal pyramid,Male,azimuth,sc_transcriptomics,http://purl.obolibrary.org/obo/CL_0002201,renal beta-intercalated cell,6841.483,0.0148154569193984,31,#VHMLeftKidney,#VHMaleOrgans,VH_M_renal_pyramid_L,renal pyramid,UBERON:0004200,organizational,VH_M_Kidney_L,,,Left kidney_renal pyramid_renal beta-intercalated cell,#43e116
Left kidney,http://purl.obolibrary.org/obo/UBERON_0004538,http://purl.obolibrary.org/obo/UBERON_0004200,renal pyramid,Male,azimuth,sc_transcriptomics,http://purl.obolibrary.org/obo/CL_0002573,Schwann cell,13.858,3.000995573460067e-05,31,#VHMLeftKidney,#VHMaleOrgans,VH_M_renal_pyramid_L,renal pyramid,UBERON:0004200,organizational,VH_M_Kidney_L,,,Left kidney_renal pyramid_Schwann cell,#17cc4a
Left kidney,http://purl.obolibrary.org/obo/UBERON_0004538,http://purl.obolibrary.org/obo/UBERON_0004200,renal pyramid,Male,azimuth,sc_transcriptomics,http://purl.obolibrary.org/obo/CL_0011031,monocyte-derived dendritic cell,2951.421,0.006391399448994866,31,#VHMLeftKidney,#VHMaleOrgans,VH_M_renal_pyramid_L,renal pyramid,UBERON:0004200,organizational,VH_M_Kidney_L,,,Left kidney_renal pyramid_monocyte-derived dendritic cell,#d61ef0
Left kidney,http://purl.obolibrary.org/obo/UBERON_0004538,http://purl.obolibrary.org/obo/UBERON_0004200,renal pyramid,Male,azimuth,sc_transcriptomics,http://purl.obolibrary.org/obo/CL_1000412,endothelial cell of arteriole,468.172,0.001013841896101852,31,#VHMLeftKidney,#VHMaleOrgans,VH_M_renal_pyramid_L,renal pyramid,UBERON:0004200,organizational,VH_M_Kidney_L,,,Left kidney_renal pyramid_endothelial cell of arteriole,#fadf1d
Left kidney,http://purl.obolibrary.org/obo/UBERON_0004538,http://purl.obolibrary.org/obo/UBERON_0004200,renal pyramid,Male,azimuth,sc_transcriptomics,http://purl.obolibrary.org/obo/CL_1000452,parietal epithelial cell,2146.141,0.00464753906842341,31,#VHMLeftKidney,#VHMaleOrgans,VH_M_renal_pyramid_L,renal pyramid,UBERON:0004200,organizational,VH_M_Kidney_L,,,Left kidney_renal pyramid_parietal epithelial cell,#d9081c
Left kidney,http://purl.obolibrary.org/obo/UBERON_0004538,http://purl.obolibrary.org/obo/UBERON_0004200,renal pyramid,Male,azimuth,sc_transcriptomics,http://purl.obolibrary.org/obo/CL_1000597,papillary tips cell,1084.013,0.002347465878606702,31,#VHMLeftKidney,#VHMaleOrgans,VH_M_renal_pyramid_L,renal pyramid,UBERON:0004200,organizational,VH_M_Kidney_L,,,Left kidney_renal pyramid_papillary tips cell,#75bd3d
Left kidney,http://purl.obolibrary.org/obo/UBERON_0004538,http://purl.obolibrary.org/obo/UBERON_0004200,renal pyramid,Male,azimuth,sc_transcriptomics,http://purl.obolibrary.org/obo/CL_1000692,kidney interstitial fibroblast,7688.019,0.01664865852769295,31,#VHMLeftKidney,#VHMaleOrgans,VH_M_renal_pyramid_L,renal pyramid,UBERON:0004200,organizational,VH_M_Kidney_L,,,Left kidney_renal pyramid_kidney interstitial fibroblast,#801329
Left kidney,http://purl.obolibrary.org/obo/UBERON_0004538,http://purl.obolibrary.org/obo/UBERON_0004200,renal pyramid,Male,azimuth,sc_transcriptomics,http://purl.obolibrary.org/obo/CL_1000714,kidney cortex collecting duct principal cell,47365.703,0.1025719909343514,31,#VHMLeftKidney,#VHMaleOrgans,VH_M_renal_pyramid_L,renal pyramid,UBERON:0004200,organizational,VH_M_Kidney_L,,,Left kidney_renal pyramid_kidney cortex collecting duct principal cell,#68d4f5
Left kidney,http://purl.obolibrary.org/obo/UBERON_0004538,http://purl.obolibrary.org/obo/UBERON_0004200,renal pyramid,Male,azimuth,sc_transcriptomics,http://purl.obolibrary.org/obo/CL_1000715,kidney cortex collecting duct intercalated cell,1426.233,0.003088554567558574,31,#VHMLeftKidney,#VHMaleOrgans,VH_M_renal_pyramid_L,renal pyramid,UBERON:0004200,organizational,VH_M_Kidney_L,,,Left kidney_renal pyramid_kidney cortex collecting duct intercalated cell,#9f99cf
Left kidney,http://purl.obolibrary.org/obo/UBERON_0004538,http://purl.obolibrary.org/obo/UBERON_0004200,renal pyramid,Male,azimuth,sc_transcriptomics,http://purl.obolibrary.org/obo/CL_1000716,kidney outer medulla collecting duct principal cell,3460.530000000001,0.007493891767806154,31,#VHMLeftKidney,#VHMaleOrgans,VH_M_renal_pyramid_L,renal pyramid,UBERON:0004200,organizational,VH_M_Kidney_L,,,Left kidney_renal pyramid_kidney outer medulla collecting duct principal cell,#8a3894
Left kidney,http://purl.obolibrary.org/obo/UBERON_0004538,http://purl.obolibrary.org/obo/UBERON_0004200,renal pyramid,Male,azimuth,sc_transcriptomics,http://purl.obolibrary.org/obo/CL_1000717,kidney outer medulla collecting duct intercalated cell,2971.651,0.006435208180739054,31,#VHMLeftKidney,#VHMaleOrgans,VH_M_renal_pyramid_L,renal pyramid,UBERON:0004200,organizational,VH_M_Kidney_L,,,Left kidney_renal pyramid_kidney outer medulla collecting duct intercalated cell,#06e4e7
Left kidney,http://purl.obolibrary.org/obo/UBERON_0004538,http://purl.obolibrary.org/obo/UBERON_0004200,renal pyramid,Male,azimuth,sc_transcriptomics,http://purl.obolibrary.org/obo/CL_1000718,kidney inner medulla collecting duct principal cell,13973.404,0.03025986690010765,31,#VHMLeftKidney,#VHMaleOrgans,VH_M_renal_pyramid_L,renal pyramid,UBERON:0004200,organizational,VH_M_Kidney_L,,,Left kidney_renal pyramid_kidney inner medulla collecting duct principal cell,#4d9b9a
Left kidney,http://purl.obolibrary.org/obo/UBERON_0004538,http://purl.obolibrary.org/obo/UBERON_0004200,renal pyramid,Male,azimuth,sc_transcriptomics,http://purl.obolibrary.org/obo/CL_1000768,kidney connecting tubule epithelial cell,36564.115,0.07918079611955897,31,#VHMLeftKidney,#VHMaleOrgans,VH_M_renal_pyramid_L,renal pyramid,UBERON:0004200,organizational,VH_M_Kidney_L,,,Left kidney_renal pyramid_kidney connecting tubule epithelial cell,#97053d
Left kidney,http://purl.obolibrary.org/obo/UBERON_0004538,http://purl.obolibrary.org/obo/UBERON_0004200,renal pyramid,Male,azimuth,sc_transcriptomics,http://purl.obolibrary.org/obo/CL_1000850,macula densa epithelial cell,6573.065,0.01423418889382688,31,#VHMLeftKidney,#VHMaleOrgans,VH_M_renal_pyramid_L,renal pyramid,UBERON:0004200,organizational,VH_M_Kidney_L,,,Left kidney_renal pyramid_macula densa epithelial cell,#267d97
Left kidney,http://purl.obolibrary.org/obo/UBERON_0004538,http://purl.obolibrary.org/obo/UBERON_0004200,renal pyramid,Male,azimuth,sc_transcriptomics,http://purl.obolibrary.org/obo/CL_1001005,glomerular capillary endothelial cell,1368.161,0.002962797737610549,31,#VHMLeftKidney,#VHMaleOrgans,VH_M_renal_pyramid_L,renal pyramid,UBERON:0004200,organizational,VH_M_Kidney_L,,,Left kidney_renal pyramid_glomerular capillary endothelial cell,#7294d3
Left kidney,http://purl.obolibrary.org/obo/UBERON_0004538,http://purl.obolibrary.org/obo/UBERON_0004200,renal pyramid,Male,azimuth,sc_transcriptomics,http://purl.obolibrary.org/obo/CL_1001107,kidney loop of Henle thin ascending limb epithelial cell,28549.937,0.06182582952775565,31,#VHMLeftKidney,#VHMaleOrgans,VH_M_renal_pyramid_L,renal pyramid,UBERON:0004200,organizational,VH_M_Kidney_L,,,Left kidney_renal pyramid_kidney loop of Henle thin ascending limb epithelial cell,#88a61d
Left kidney,http://purl.obolibrary.org/obo/UBERON_0004538,http://purl.obolibrary.org/obo/UBERON_0004200,renal pyramid,Male,azimuth,sc_transcriptomics,http://purl.obolibrary.org/obo/CL_1001108,kidney loop of Henle medullary thick ascending limb epithelial cell,37587.1,0.08139610385279325,31,#VHMLeftKidney,#VHMaleOrgans,VH_M_renal_pyramid_L,renal pyramid,UBERON:0004200,organizational,VH_M_Kidney_L,,,Left kidney_renal pyramid_kidney loop of Henle medullary thick ascending limb epithelial cell,#0aed4b
Left kidney,http://purl.obolibrary.org/obo/UBERON_0004538,http://purl.obolibrary.org/obo/UBERON_0004200,renal pyramid,Male,azimuth,sc_transcriptomics,http://purl.obolibrary.org/obo/CL_1001109,kidney loop of Henle cortical thick ascending limb epithelial cell,105493.791,0.2284502812949354,31,#VHMLeftKidney,#VHMaleOrgans,VH_M_renal_pyramid_L,renal pyramid,UBERON:0004200,organizational,VH_M_Kidney_L,,,Left kidney_renal pyramid_kidney loop of Henle cortical thick ascending limb epithelial cell,#f9fb8c
Left kidney,http://purl.obolibrary.org/obo/UBERON_0004538,http://purl.obolibrary.org/obo/UBERON_0004200,renal pyramid,Male,azimuth,sc_transcriptomics,http://purl.obolibrary.org/obo/CL_1001131,vasa recta ascending limb cell,6114.286,0.01324068784880131,31,#VHMLeftKidney,#VHMaleOrgans,VH_M_renal_pyramid_L,renal pyramid,UBERON:0004200,organizational,VH_M_Kidney_L,,,Left kidney_renal pyramid_vasa recta ascending limb cell,#fb684c
Left kidney,http://purl.obolibrary.org/obo/UBERON_0004538,http://purl.obolibrary.org/obo/UBERON_0004200,renal pyramid,Male,azimuth,sc_transcriptomics,http://purl.obolibrary.org/obo/CL_1001318,renal interstitial pericyte,3008.679,0.006515393535114923,31,#VHMLeftKidney,#VHMaleOrgans,VH_M_renal_pyramid_L,renal pyramid,UBERON:0004200,organizational,VH_M_Kidney_L,,,Left kidney_renal pyramid_renal interstitial pericyte,#3f4fbc
Left kidney,http://purl.obolibrary.org/obo/UBERON_0004538,http://purl.obolibrary.org/obo/UBERON_0004200,renal pyramid,Male,azimuth,sc_transcriptomics,http://purl.obolibrary.org/obo/CL_4030009,epithelial cell of proximal tubule segment 1,2203.518,0.004771790852965493,31,#VHMLeftKidney,#VHMaleOrgans,VH_M_renal_pyramid_L,renal pyramid,UBERON:0004200,organizational,VH_M_Kidney_L,,,Left kidney_renal pyramid_epithelial cell of proximal tubule segment 1,#ece47f
Left kidney,http://purl.obolibrary.org/obo/UBERON_0004538,http://purl.obolibrary.org/obo/UBERON_0004200,renal pyramid,Male,azimuth,sc_transcriptomics,http://purl.obolibrary.org/obo/CL_4030010,epithelial cell of proximal tubule segment 2,114.691,0.0002483671405077995,31,#VHMLeftKidney,#VHMaleOrgans,VH_M_renal_pyramid_L,renal pyramid,UBERON:0004200,organizational,VH_M_Kidney_L,,,Left kidney_renal pyramid_epithelial cell of proximal tubule segment 2,#39f5f8
Left kidney,http://purl.obolibrary.org/obo/UBERON_0004538,http://purl.obolibrary.org/obo/UBERON_0004200,renal pyramid,Male,azimuth,sc_transcriptomics,http://purl.obolibrary.org/obo/CL_4030011,epithelial cell of proximal tubule segment 3,636.392,0.001378127850328618,31,#VHMLeftKidney,#VHMaleOrgans,VH_M_renal_pyramid_L,renal pyramid,UBERON:0004200,organizational,VH_M_Kidney_L,,,Left kidney_renal pyramid_epithelial cell of proximal tubule segment 3,#677442
Left kidney,http://purl.obolibrary.org/obo/UBERON_0004538,http://purl.obolibrary.org/obo/UBERON_0004200,renal pyramid,Male,azimuth,sc_transcriptomics,http://purl.obolibrary.org/obo/CL_4030012,kidney loop of Henle short descending thin limb epithelial cell,48210.29,0.1044009719189105,31,#VHMLeftKidney,#VHMaleOrgans,VH_M_renal_pyramid_L,renal pyramid,UBERON:0004200,organizational,VH_M_Kidney_L,,,Left kidney_renal pyramid_kidney loop of Henle short descending thin limb epithelial cell,#d18377
Left kidney,http://purl.obolibrary.org/obo/UBERON_0004538,http://purl.obolibrary.org/obo/UBERON_0004200,renal pyramid,Male,azimuth,sc_transcriptomics,http://purl.obolibrary.org/obo/CL_4030013,kidney loop of Henle long descending thin limb outer medulla epithelial cell,6053.295999999999,0.01310861199368129,31,#VHMLeftKidney,#VHMaleOrgans,VH_M_renal_pyramid_L,renal pyramid,UBERON:0004200,organizational,VH_M_Kidney_L,,,Left kidney_renal pyramid_kidney loop of Henle long descending thin limb outer medulla epithelial cell,#2bac78
Left kidney,http://purl.obolibrary.org/obo/UBERON_0004538,http://purl.obolibrary.org/obo/UBERON_0004200,renal pyramid,Male,azimuth,sc_transcriptomics,http://purl.obolibrary.org/obo/CL_4030014,kidney loop of Henle long descending thin limb inner medulla epithelial cell,9374.074,0.02029986619951443,31,#VHMLeftKidney,#VHMaleOrgans,VH_M_renal_pyramid_L,renal pyramid,UBERON:0004200,organizational,VH_M_Kidney_L,,,Left kidney_renal pyramid_kidney loop of Henle long descending thin limb inner medulla epithelial cell,#7939ad
Left kidney,http://purl.obolibrary.org/obo/UBERON_0004538,http://purl.obolibrary.org/obo/UBERON_0004200,renal pyramid,Male,azimuth,sc_transcriptomics,http://purl.obolibrary.org/obo/CL_4030016,epithelial cell of early distal convoluted tubule,21950.691,0.04753494481555039,31,#VHMLeftKidney,#VHMaleOrgans,VH_M_renal_pyramid_L,renal pyramid,UBERON:0004200,organizational,VH_M_Kidney_L,,,Left kidney_renal pyramid_epithelial cell of early distal convoluted tubule,#db5471
Left kidney,http://purl.obolibrary.org/obo/UBERON_0004538,http://purl.obolibrary.org/obo/UBERON_0004200,renal pyramid,Male,azimuth,sc_transcriptomics,http://purl.obolibrary.org/obo/CL_4030017,epithelial cell of late distal convoluted tubule,38.735,8.388191913549985e-05,31,#VHMLeftKidney,#VHMaleOrgans,VH_M_renal_pyramid_L,renal pyramid,UBERON:0004200,organizational,VH_M_Kidney_L,,,Left kidney_renal pyramid_epithelial cell of late distal convoluted tubule,#494910
Left kidney,http://purl.obolibrary.org/obo/UBERON_0004538,http://purl.obolibrary.org/obo/UBERON_0004200,renal pyramid,Male,azimuth,sc_transcriptomics,http://purl.obolibrary.org/obo/CL_4030018,kidney connecting tubule principal cell,1745.379,0.003779675749033163,31,#VHMLeftKidney,#VHMaleOrgans,VH_M_renal_pyramid_L,renal pyramid,UBERON:0004200,organizational,VH_M_Kidney_L,,,Left kidney_renal pyramid_kidney connecting tubule principal cell,#1b351e
Left kidney,http://purl.obolibrary.org/obo/UBERON_0004538,http://purl.obolibrary.org/obo/UBERON_0004200,renal pyramid,Male,azimuth,sc_transcriptomics,http://purl.obolibrary.org/obo/CL_4030020,kidney connecting tubule alpha-intercalated cell,5.0,1.082766479095132e-05,31,#VHMLeftKidney,#VHMaleOrgans,VH_M_renal_pyramid_L,renal pyramid,UBERON:0004200,organizational,VH_M_Kidney_L,,,Left kidney_renal pyramid_kidney connecting tubule alpha-intercalated cell,#c5aeef
Left kidney,http://purl.obolibrary.org/obo/UBERON_0004538,http://purl.obolibrary.org/obo/UBERON_0004200,renal pyramid,Male,azimuth,sc_transcriptomics,http://purl.obolibrary.org/obo/CL_4030022,renal medullary fibroblast,28149.594,0.06095887356667489,31,#VHMLeftKidney,#VHMaleOrgans,VH_M_renal_pyramid_L,renal pyramid,UBERON:0004200,organizational,VH_M_Kidney_L,,,Left kidney_renal pyramid_renal medullary fibroblast,#0d5141
Left kidney,http://purl.obolibrary.org/obo/UBERON_0004538,http://purl.obolibrary.org/obo/UBERON_0004200,renal pyramid,Male,azimuth,sc_transcriptomics,http://purl.obolibrary.org/obo/CL_4033078,cycling mononuclear phagocyte,4.0,8.662131832761053e-06,31,#VHMLeftKidney,#VHMaleOrgans,VH_M_renal_pyramid_L,renal pyramid,UBERON:0004200,organizational,VH_M_Kidney_L,,,Left kidney_renal pyramid_cycling mononuclear phagocyte,#c17533
Left kidney,http://purl.obolibrary.org/obo/UBERON_0004538,http://purl.obolibrary.org/obo/UBERON_0004200,renal pyramid,Male,azimuth,sc_transcriptomics,https://purl.org/ccf/ASCTB-TEMP_descending-vasa-recta-endothelial,Descending Vasa Recta Endothelial ,19436.637,0.04209067801988033,31,#VHMLeftKidney,#VHMaleOrgans,VH_M_renal_pyramid_L,renal pyramid,UBERON:0004200,organizational,VH_M_Kidney_L,,,Left kidney_renal pyramid_Descending Vasa Recta Endothelial ,#fa3453
Left kidney,http://purl.obolibrary.org/obo/UBERON_0004538,http://purl.obolibrary.org/obo/UBERON_0004200,renal pyramid,Male,azimuth,sc_transcriptomics,https://purl.org/ccf/ASCTB-TEMP_peritubular-capilary-endothelial,Peritubular Capilary Endothelial ,2368.401,0.005128850423710777,31,#VHMLeftKidney,#VHMaleOrgans,VH_M_renal_pyramid_L,renal pyramid,UBERON:0004200,organizational,VH_M_Kidney_L,,,Left kidney_renal pyramid_Peritubular Capilary Endothelial ,#e5c93e
Left kidney,http://purl.obolibrary.org/obo/UBERON_0004538,http://purl.obolibrary.org/obo/UBERON_0008716,hilum of kidney,Male,azimuth,sc_transcriptomics,http://purl.obolibrary.org/obo/CL_0000084,T cell,1.986,0.0003596259889714697,2,#VHMLeftKidney,#VHMaleOrgans,VH_M_hilum_of_kidney_L,hilum of kidney,UBERON:0008716,surface,VH_M_Kidney_L,,,Left kidney_hilum of kidney_T cell,#f9d62f
Left kidney,http://purl.obolibrary.org/obo/UBERON_0004538,http://purl.obolibrary.org/obo/UBERON_0008716,hilum of kidney,Male,azimuth,sc_transcriptomics,http://purl.obolibrary.org/obo/CL_0000650,mesangial cell,2.648,0.0004795013186286262,2,#VHMLeftKidney,#VHMaleOrgans,VH_M_hilum_of_kidney_L,hilum of kidney,UBERON:0008716,surface,VH_M_Kidney_L,,,Left kidney_hilum of kidney_mesangial cell,#db78b0
Left kidney,http://purl.obolibrary.org/obo/UBERON_0004538,http://purl.obolibrary.org/obo/UBERON_0008716,hilum of kidney,Male,azimuth,sc_transcriptomics,http://purl.obolibrary.org/obo/CL_0000653,podocyte,6.62,0.001198753296571566,2,#VHMLeftKidney,#VHMaleOrgans,VH_M_hilum_of_kidney_L,hilum of kidney,UBERON:0008716,surface,VH_M_Kidney_L,,,Left kidney_hilum of kidney_podocyte,#0552ba
Left kidney,http://purl.obolibrary.org/obo/UBERON_0004538,http://purl.obolibrary.org/obo/UBERON_0008716,hilum of kidney,Male,azimuth,sc_transcriptomics,http://purl.obolibrary.org/obo/CL_0000814,mature NK T cell,1.324,0.0002397506593143131,2,#VHMLeftKidney,#VHMaleOrgans,VH_M_hilum_of_kidney_L,hilum of kidney,UBERON:0008716,surface,VH_M_Kidney_L,,,Left kidney_hilum of kidney_mature NK T cell,#cbcae7
Left kidney,http://purl.obolibrary.org/obo/UBERON_0004538,http://purl.obolibrary.org/obo/UBERON_0008716,hilum of kidney,Male,azimuth,sc_transcriptomics,http://purl.obolibrary.org/obo/CL_0000890,M2 macrophage,16.55,0.002996883241428914,2,#VHMLeftKidney,#VHMaleOrgans,VH_M_hilum_of_kidney_L,hilum of kidney,UBERON:0008716,surface,VH_M_Kidney_L,,,Left kidney_hilum of kidney_M2 macrophage,#8cec12
Left kidney,http://purl.obolibrary.org/obo/UBERON_0004538,http://purl.obolibrary.org/obo/UBERON_0008716,hilum of kidney,Male,azimuth,sc_transcriptomics,http://purl.obolibrary.org/obo/CL_0002138,endothelial cell of lymphatic vessel,9.268,0.001678254615200192,2,#VHMLeftKidney,#VHMaleOrgans,VH_M_hilum_of_kidney_L,hilum of kidney,UBERON:0008716,surface,VH_M_Kidney_L,,,Left kidney_hilum of kidney_endothelial cell of lymphatic vessel,#c6556c
Left kidney,http://purl.obolibrary.org/obo/UBERON_0004538,http://purl.obolibrary.org/obo/UBERON_0008716,hilum of kidney,Male,azimuth,sc_transcriptomics,http://purl.obolibrary.org/obo/CL_0002201,renal beta-intercalated cell,1.324,0.0002397506593143131,2,#VHMLeftKidney,#VHMaleOrgans,VH_M_hilum_of_kidney_L,hilum of kidney,UBERON:0008716,surface,VH_M_Kidney_L,,,Left kidney_hilum of kidney_renal beta-intercalated cell,#0f563e
Left kidney,http://purl.obolibrary.org/obo/UBERON_0004538,http://purl.obolibrary.org/obo/UBERON_0008716,hilum of kidney,Male,azimuth,sc_transcriptomics,http://purl.obolibrary.org/obo/CL_0002573,Schwann cell,1.986,0.0003596259889714697,2,#VHMLeftKidney,#VHMaleOrgans,VH_M_hilum_of_kidney_L,hilum of kidney,UBERON:0008716,surface,VH_M_Kidney_L,,,Left kidney_hilum of kidney_Schwann cell,#241155
Left kidney,http://purl.obolibrary.org/obo/UBERON_0004538,http://purl.obolibrary.org/obo/UBERON_0008716,hilum of kidney,Male,azimuth,sc_transcriptomics,http://purl.obolibrary.org/obo/CL_0011031,monocyte-derived dendritic cell,0.662,0.0001198753296571566,2,#VHMLeftKidney,#VHMaleOrgans,VH_M_hilum_of_kidney_L,hilum of kidney,UBERON:0008716,surface,VH_M_Kidney_L,,,Left kidney_hilum of kidney_monocyte-derived dendritic cell,#2ab39e
Left kidney,http://purl.obolibrary.org/obo/UBERON_0004538,http://purl.obolibrary.org/obo/UBERON_0008716,hilum of kidney,Male,azimuth,sc_transcriptomics,http://purl.obolibrary.org/obo/CL_1000412,endothelial cell of arteriole,5.958,0.001078877966914409,2,#VHMLeftKidney,#VHMaleOrgans,VH_M_hilum_of_kidney_L,hilum of kidney,UBERON:0008716,surface,VH_M_Kidney_L,,,Left kidney_hilum of kidney_endothelial cell of arteriole,#60bc2f
Left kidney,http://purl.obolibrary.org/obo/UBERON_0004538,http://purl.obolibrary.org/obo/UBERON_0008716,hilum of kidney,Male,azimuth,sc_transcriptomics,http://purl.obolibrary.org/obo/CL_1000452,parietal epithelial cell,2.648,0.0004795013186286262,2,#VHMLeftKidney,#VHMaleOrgans,VH_M_hilum_of_kidney_L,hilum of kidney,UBERON:0008716,surface,VH_M_Kidney_L,,,Left kidney_hilum of kidney_parietal epithelial cell,#7cc394
Left kidney,http://purl.obolibrary.org/obo/UBERON_0004538,http://purl.obolibrary.org/obo/UBERON_0008716,hilum of kidney,Male,azimuth,sc_transcriptomics,http://purl.obolibrary.org/obo/CL_1000692,kidney interstitial fibroblast,33.1,0.005993766482857828,2,#VHMLeftKidney,#VHMaleOrgans,VH_M_hilum_of_kidney_L,hilum of kidney,UBERON:0008716,surface,VH_M_Kidney_L,,,Left kidney_hilum of kidney_kidney interstitial fibroblast,#dc1faf
Left kidney,http://purl.obolibrary.org/obo/UBERON_0004538,http://purl.obolibrary.org/obo/UBERON_0008716,hilum of kidney,Male,azimuth,sc_transcriptomics,http://purl.obolibrary.org/obo/CL_1000714,kidney cortex collecting duct principal cell,7.944000000000001,0.001438503955885879,2,#VHMLeftKidney,#VHMaleOrgans,VH_M_hilum_of_kidney_L,hilum of kidney,UBERON:0008716,surface,VH_M_Kidney_L,,,Left kidney_hilum of kidney_kidney cortex collecting duct principal cell,#6d4d94
Left kidney,http://purl.obolibrary.org/obo/UBERON_0004538,http://purl.obolibrary.org/obo/UBERON_0008716,hilum of kidney,Male,azimuth,sc_transcriptomics,http://purl.obolibrary.org/obo/CL_1000715,kidney cortex collecting duct intercalated cell,57.594,0.01042915368017262,2,#VHMLeftKidney,#VHMaleOrgans,VH_M_hilum_of_kidney_L,hilum of kidney,UBERON:0008716,surface,VH_M_Kidney_L,,,Left kidney_hilum of kidney_kidney cortex collecting duct intercalated cell,#50837c
Left kidney,http://purl.obolibrary.org/obo/UBERON_0004538,http://purl.obolibrary.org/obo/UBERON_0008716,hilum of kidney,Male,azimuth,sc_transcriptomics,http://purl.obolibrary.org/obo/CL_1000716,kidney outer medulla collecting duct principal cell,526.2900000000001,0.09530088707743949,2,#VHMLeftKidney,#VHMaleOrgans,VH_M_hilum_of_kidney_L,hilum of kidney,UBERON:0008716,surface,VH_M_Kidney_L,,,Left kidney_hilum of kidney_kidney outer medulla collecting duct principal cell,#af5cd2
Left kidney,http://purl.obolibrary.org/obo/UBERON_0004538,http://purl.obolibrary.org/obo/UBERON_0008716,hilum of kidney,Male,azimuth,sc_transcriptomics,http://purl.obolibrary.org/obo/CL_1000717,kidney outer medulla collecting duct intercalated cell,28.466,0.005154639175257732,2,#VHMLeftKidney,#VHMaleOrgans,VH_M_hilum_of_kidney_L,hilum of kidney,UBERON:0008716,surface,VH_M_Kidney_L,,,Left kidney_hilum of kidney_kidney outer medulla collecting duct intercalated cell,#b72136
Left kidney,http://purl.obolibrary.org/obo/UBERON_0004538,http://purl.obolibrary.org/obo/UBERON_0008716,hilum of kidney,Male,azimuth,sc_transcriptomics,http://purl.obolibrary.org/obo/CL_1000768,kidney connecting tubule epithelial cell,27.804,0.005034763845600575,2,#VHMLeftKidney,#VHMaleOrgans,VH_M_hilum_of_kidney_L,hilum of kidney,UBERON:0008716,surface,VH_M_Kidney_L,,,Left kidney_hilum of kidney_kidney connecting tubule epithelial cell,#e80b7b
Left kidney,http://purl.obolibrary.org/obo/UBERON_0004538,http://purl.obolibrary.org/obo/UBERON_0008716,hilum of kidney,Male,azimuth,sc_transcriptomics,http://purl.obolibrary.org/obo/CL_1000850,macula densa epithelial cell,35.086,0.006353392471829296,2,#VHMLeftKidney,#VHMaleOrgans,VH_M_hilum_of_kidney_L,hilum of kidney,UBERON:0008716,surface,VH_M_Kidney_L,,,Left kidney_hilum of kidney_macula densa epithelial cell,#6ed084
Left kidney,http://purl.obolibrary.org/obo/UBERON_0004538,http://purl.obolibrary.org/obo/UBERON_0008716,hilum of kidney,Male,azimuth,sc_transcriptomics,http://purl.obolibrary.org/obo/CL_1001005,glomerular capillary endothelial cell,3.972,0.0007192519779429394,2,#VHMLeftKidney,#VHMaleOrgans,VH_M_hilum_of_kidney_L,hilum of kidney,UBERON:0008716,surface,VH_M_Kidney_L,,,Left kidney_hilum of kidney_glomerular capillary endothelial cell,#6466aa
Left kidney,http://purl.obolibrary.org/obo/UBERON_0004538,http://purl.obolibrary.org/obo/UBERON_0008716,hilum of kidney,Male,azimuth,sc_transcriptomics,http://purl.obolibrary.org/obo/CL_1001107,kidney loop of Henle thin ascending limb epithelial cell,1.324,0.0002397506593143131,2,#VHMLeftKidney,#VHMaleOrgans,VH_M_hilum_of_kidney_L,hilum of kidney,UBERON:0008716,surface,VH_M_Kidney_L,,,Left kidney_hilum of kidney_kidney loop of Henle thin ascending limb epithelial cell,#0e3872
Left kidney,http://purl.obolibrary.org/obo/UBERON_0004538,http://purl.obolibrary.org/obo/UBERON_0008716,hilum of kidney,Male,azimuth,sc_transcriptomics,http://purl.obolibrary.org/obo/CL_1001108,kidney loop of Henle medullary thick ascending limb epithelial cell,1666.916,0.3018460800767202,2,#VHMLeftKidney,#VHMaleOrgans,VH_M_hilum_of_kidney_L,hilum of kidney,UBERON:0008716,surface,VH_M_Kidney_L,,,Left kidney_hilum of kidney_kidney loop of Henle medullary thick ascending limb epithelial cell,#99d1ee
Left kidney,http://purl.obolibrary.org/obo/UBERON_0004538,http://purl.obolibrary.org/obo/UBERON_0008716,hilum of kidney,Male,azimuth,sc_transcriptomics,http://purl.obolibrary.org/obo/CL_1001109,kidney loop of Henle cortical thick ascending limb epithelial cell,1491.486,0.2700791177175737,2,#VHMLeftKidney,#VHMaleOrgans,VH_M_hilum_of_kidney_L,hilum of kidney,UBERON:0008716,surface,VH_M_Kidney_L,,,Left kidney_hilum of kidney_kidney loop of Henle cortical thick ascending limb epithelial cell,#32999a
Left kidney,http://purl.obolibrary.org/obo/UBERON_0004538,http://purl.obolibrary.org/obo/UBERON_0008716,hilum of kidney,Male,azimuth,sc_transcriptomics,http://purl.obolibrary.org/obo/CL_1001131,vasa recta ascending limb cell,156.894,0.0284104531287461,2,#VHMLeftKidney,#VHMaleOrgans,VH_M_hilum_of_kidney_L,hilum of kidney,UBERON:0008716,surface,VH_M_Kidney_L,,,Left kidney_hilum of kidney_vasa recta ascending limb cell,#1d2826
Left kidney,http://purl.obolibrary.org/obo/UBERON_0004538,http://purl.obolibrary.org/obo/UBERON_0008716,hilum of kidney,Male,azimuth,sc_transcriptomics,http://purl.obolibrary.org/obo/CL_1001318,renal interstitial pericyte,88.708,0.01606329417405898,2,#VHMLeftKidney,#VHMaleOrgans,VH_M_hilum_of_kidney_L,hilum of kidney,UBERON:0008716,surface,VH_M_Kidney_L,,,Left kidney_hilum of kidney_renal interstitial pericyte,#b127aa
Left kidney,http://purl.obolibrary.org/obo/UBERON_0004538,http://purl.obolibrary.org/obo/UBERON_0008716,hilum of kidney,Male,azimuth,sc_transcriptomics,http://purl.obolibrary.org/obo/CL_4030011,epithelial cell of proximal tubule segment 3,85.39800000000001,0.0154639175257732,2,#VHMLeftKidney,#VHMaleOrgans,VH_M_hilum_of_kidney_L,hilum of kidney,UBERON:0008716,surface,VH_M_Kidney_L,,,Left kidney_hilum of kidney_epithelial cell of proximal tubule segment 3,#50a364
Left kidney,http://purl.obolibrary.org/obo/UBERON_0004538,http://purl.obolibrary.org/obo/UBERON_0008716,hilum of kidney,Male,azimuth,sc_transcriptomics,http://purl.obolibrary.org/obo/CL_4030012,kidney loop of Henle short descending thin limb epithelial cell,358.142,0.0648525533445217,2,#VHMLeftKidney,#VHMaleOrgans,VH_M_hilum_of_kidney_L,hilum of kidney,UBERON:0008716,surface,VH_M_Kidney_L,,,Left kidney_hilum of kidney_kidney loop of Henle short descending thin limb epithelial cell,#2a0ff3
Left kidney,http://purl.obolibrary.org/obo/UBERON_0004538,http://purl.obolibrary.org/obo/UBERON_0008716,hilum of kidney,Male,azimuth,sc_transcriptomics,http://purl.obolibrary.org/obo/CL_4030013,kidney loop of Henle long descending thin limb outer medulla epithelial cell,221.108,0.04003836010549029,2,#VHMLeftKidney,#VHMaleOrgans,VH_M_hilum_of_kidney_L,hilum of kidney,UBERON:0008716,surface,VH_M_Kidney_L,,,Left kidney_hilum of kidney_kidney loop of Henle long descending thin limb outer medulla epithelial cell,#790a4f
Left kidney,http://purl.obolibrary.org/obo/UBERON_0004538,http://purl.obolibrary.org/obo/UBERON_0008716,hilum of kidney,Male,azimuth,sc_transcriptomics,http://purl.obolibrary.org/obo/CL_4030014,kidney loop of Henle long descending thin limb inner medulla epithelial cell,0.662,0.0001198753296571566,2,#VHMLeftKidney,#VHMaleOrgans,VH_M_hilum_of_kidney_L,hilum of kidney,UBERON:0008716,surface,VH_M_Kidney_L,,,Left kidney_hilum of kidney_kidney loop of Henle long descending thin limb inner medulla epithelial cell,#6c8a3d
Left kidney,http://purl.obolibrary.org/obo/UBERON_0004538,http://purl.obolibrary.org/obo/UBERON_0008716,hilum of kidney,Male,azimuth,sc_transcriptomics,http://purl.obolibrary.org/obo/CL_4030016,epithelial cell of early distal convoluted tubule,9.268,0.001678254615200192,2,#VHMLeftKidney,#VHMaleOrgans,VH_M_hilum_of_kidney_L,hilum of kidney,UBERON:0008716,surface,VH_M_Kidney_L,,,Left kidney_hilum of kidney_epithelial cell of early distal convoluted tubule,#0ee72e
Left kidney,http://purl.obolibrary.org/obo/UBERON_0004538,http://purl.obolibrary.org/obo/UBERON_0008716,hilum of kidney,Male,azimuth,sc_transcriptomics,http://purl.obolibrary.org/obo/CL_4030018,kidney connecting tubule principal cell,199.924,0.03620234955646128,2,#VHMLeftKidney,#VHMaleOrgans,VH_M_hilum_of_kidney_L,hilum of kidney,UBERON:0008716,surface,VH_M_Kidney_L,,,Left kidney_hilum of kidney_kidney connecting tubule principal cell,#d38e4a
Left kidney,http://purl.obolibrary.org/obo/UBERON_0004538,http://purl.obolibrary.org/obo/UBERON_0008716,hilum of kidney,Male,azimuth,sc_transcriptomics,http://purl.obolibrary.org/obo/CL_4030022,renal medullary fibroblast,128.428,0.02325581395348837,2,#VHMLeftKidney,#VHMaleOrgans,VH_M_hilum_of_kidney_L,hilum of kidney,UBERON:0008716,surface,VH_M_Kidney_L,,,Left kidney_hilum of kidney_renal medullary fibroblast,#766428
Left kidney,http://purl.obolibrary.org/obo/UBERON_0004538,http://purl.obolibrary.org/obo/UBERON_0008716,hilum of kidney,Male,azimuth,sc_transcriptomics,https://purl.org/ccf/ASCTB-TEMP_descending-vasa-recta-endothelial,Descending Vasa Recta Endothelial ,270.758,0.04902900982977704,2,#VHMLeftKidney,#VHMaleOrgans,VH_M_hilum_of_kidney_L,hilum of kidney,UBERON:0008716,surface,VH_M_Kidney_L,,,Left kidney_hilum of kidney_Descending Vasa Recta Endothelial ,#3a33b4
Left kidney,http://purl.obolibrary.org/obo/UBERON_0004538,http://purl.obolibrary.org/obo/UBERON_0008716,hilum of kidney,Male,azimuth,sc_transcriptomics,https://purl.org/ccf/ASCTB-TEMP_peritubular-capilary-endothelial,Peritubular Capilary Endothelial ,72.158,0.01306641093263006,2,#VHMLeftKidney,#VHMaleOrgans,VH_M_hilum_of_kidney_L,hilum of kidney,UBERON:0008716,surface,VH_M_Kidney_L,,,Left kidney_hilum of kidney_Peritubular Capilary Endothelial ,#360391
heart,http://purl.obolibrary.org/obo/UBERON_0000948,http://purl.obolibrary.org/obo/UBERON_0002078,right cardiac atrium,Male,azimuth,sc_transcriptomics,http://purl.obolibrary.org/obo/CL_0000057,fibroblast,7601.548000000001,0.2587151026110405,10,#VHMHeart,#VHMaleOrgans,VH_M_right_cardiac_atrium,right cardiac atrium,UBERON:0002078,mesh,VH_M_Heart,,,heart_right cardiac atrium_fibroblast,#28a2fe
heart,http://purl.obolibrary.org/obo/UBERON_0000948,http://purl.obolibrary.org/obo/UBERON_0002078,right cardiac atrium,Male,azimuth,sc_transcriptomics,http://purl.obolibrary.org/obo/CL_0000077,mesothelial cell,161.777,0.005506003929082116,10,#VHMHeart,#VHMaleOrgans,VH_M_right_cardiac_atrium,right cardiac atrium,UBERON:0002078,mesh,VH_M_Heart,,,heart_right cardiac atrium_mesothelial cell,#abc608
heart,http://purl.obolibrary.org/obo/UBERON_0000948,http://purl.obolibrary.org/obo/UBERON_0002078,right cardiac atrium,Male,azimuth,sc_transcriptomics,http://purl.obolibrary.org/obo/CL_0000084,T cell,734.288,0.02499114591739153,10,#VHMHeart,#VHMaleOrgans,VH_M_right_cardiac_atrium,right cardiac atrium,UBERON:0002078,mesh,VH_M_Heart,,,heart_right cardiac atrium_T cell,#0eb2d7
heart,http://purl.obolibrary.org/obo/UBERON_0000948,http://purl.obolibrary.org/obo/UBERON_0002078,right cardiac atrium,Male,azimuth,sc_transcriptomics,http://purl.obolibrary.org/obo/CL_0000097,mast cell,59.44800000000001,0.002023284654654702,10,#VHMHeart,#VHMaleOrgans,VH_M_right_cardiac_atrium,right cardiac atrium,UBERON:0002078,mesh,VH_M_Heart,,,heart_right cardiac atrium_mast cell,#e87e25
heart,http://purl.obolibrary.org/obo/UBERON_0000948,http://purl.obolibrary.org/obo/UBERON_0002078,right cardiac atrium,Male,azimuth,sc_transcriptomics,http://purl.obolibrary.org/obo/CL_0000115,endothelial cell,243.375,0.00828315339164628,10,#VHMHeart,#VHMaleOrgans,VH_M_right_cardiac_atrium,right cardiac atrium,UBERON:0002078,mesh,VH_M_Heart,,,heart_right cardiac atrium_endothelial cell,#8b9bc0
heart,http://purl.obolibrary.org/obo/UBERON_0000948,http://purl.obolibrary.org/obo/UBERON_0002078,right cardiac atrium,Male,azimuth,sc_transcriptomics,http://purl.obolibrary.org/obo/CL_0000136,adipocyte,161.383,0.005492594324824043,10,#VHMHeart,#VHMaleOrgans,VH_M_right_cardiac_atrium,right cardiac atrium,UBERON:0002078,mesh,VH_M_Heart,,,heart_right cardiac atrium_adipocyte,#e07d9b
heart,http://purl.obolibrary.org/obo/UBERON_0000948,http://purl.obolibrary.org/obo/UBERON_0002078,right cardiac atrium,Male,azimuth,sc_transcriptomics,http://purl.obolibrary.org/obo/CL_0000192,smooth muscle cell,682.8130000000001,0.02323921855905566,10,#VHMHeart,#VHMaleOrgans,VH_M_right_cardiac_atrium,right cardiac atrium,UBERON:0002078,mesh,VH_M_Heart,,,heart_right cardiac atrium_smooth muscle cell,#f7a69c
heart,http://purl.obolibrary.org/obo/UBERON_0000948,http://purl.obolibrary.org/obo/UBERON_0002078,right cardiac atrium,Male,azimuth,sc_transcriptomics,http://purl.obolibrary.org/obo/CL_0000235,macrophage,1543.813,0.05254294766108934,10,#VHMHeart,#VHMaleOrgans,VH_M_right_cardiac_atrium,right cardiac atrium,UBERON:0002078,mesh,VH_M_Heart,,,heart_right cardiac atrium_macrophage,#7d6635
heart,http://purl.obolibrary.org/obo/UBERON_0000948,http://purl.obolibrary.org/obo/UBERON_0002078,right cardiac atrium,Male,azimuth,sc_transcriptomics,http://purl.obolibrary.org/obo/CL_0000236,B cell,311.1689999999999,0.01059049022177783,10,#VHMHeart,#VHMaleOrgans,VH_M_right_cardiac_atrium,right cardiac atrium,UBERON:0002078,mesh,VH_M_Heart,,,heart_right cardiac atrium_B cell,#319c5d
heart,http://purl.obolibrary.org/obo/UBERON_0000948,http://purl.obolibrary.org/obo/UBERON_0002078,right cardiac atrium,Male,azimuth,sc_transcriptomics,http://purl.obolibrary.org/obo/CL_0000623,natural killer cell,590.7460000000001,0.02010576161685249,10,#VHMHeart,#VHMaleOrgans,VH_M_right_cardiac_atrium,right cardiac atrium,UBERON:0002078,mesh,VH_M_Heart,,,heart_right cardiac atrium_natural killer cell,#a7411d
heart,http://purl.obolibrary.org/obo/UBERON_0000948,http://purl.obolibrary.org/obo/UBERON_0002078,right cardiac atrium,Male,azimuth,sc_transcriptomics,http://purl.obolibrary.org/obo/CL_0000669,pericyte,1771.884,0.06030523662744232,10,#VHMHeart,#VHMaleOrgans,VH_M_right_cardiac_atrium,right cardiac atrium,UBERON:0002078,mesh,VH_M_Heart,,,heart_right cardiac atrium_pericyte,#dedd3c
heart,http://purl.obolibrary.org/obo/UBERON_0000948,http://purl.obolibrary.org/obo/UBERON_0002078,right cardiac atrium,Male,azimuth,sc_transcriptomics,http://purl.obolibrary.org/obo/CL_0002129,Atrial Cardiomyocyte,3374.383000000001,0.1148455346324131,10,#VHMHeart,#VHMaleOrgans,VH_M_right_cardiac_atrium,right cardiac atrium,UBERON:0002078,mesh,VH_M_Heart,,,heart_right cardiac atrium_Atrial Cardiomyocyte,#a76cd3
heart,http://purl.obolibrary.org/obo/UBERON_0000948,http://purl.obolibrary.org/obo/UBERON_0002078,right cardiac atrium,Male,azimuth,sc_transcriptomics,http://purl.obolibrary.org/obo/CL_0002131,Ventricular Cardiomycoyte,3599.087,0.1224932293410582,10,#VHMHeart,#VHMaleOrgans,VH_M_right_cardiac_atrium,right cardiac atrium,UBERON:0002078,mesh,VH_M_Heart,,,heart_right cardiac atrium_Ventricular Cardiomycoyte,#ca257b
heart,http://purl.obolibrary.org/obo/UBERON_0000948,http://purl.obolibrary.org/obo/UBERON_0002078,right cardiac atrium,Male,azimuth,sc_transcriptomics,http://purl.obolibrary.org/obo/CL_0002138,endothelial cell of lymphatic vessel,236.628,0.008053522427358914,10,#VHMHeart,#VHMaleOrgans,VH_M_right_cardiac_atrium,right cardiac atrium,UBERON:0002078,mesh,VH_M_Heart,,,heart_right cardiac atrium_endothelial cell of lymphatic vessel,#d6bbfe
heart,http://purl.obolibrary.org/obo/UBERON_0000948,http://purl.obolibrary.org/obo/UBERON_0002078,right cardiac atrium,Male,azimuth,sc_transcriptomics,http://purl.obolibrary.org/obo/CL_0002144,capillary endothelial cell,2715.874,0.09243349125581488,10,#VHMHeart,#VHMaleOrgans,VH_M_right_cardiac_atrium,right cardiac atrium,UBERON:0002078,mesh,VH_M_Heart,,,heart_right cardiac atrium_capillary endothelial cell,#5ab530
heart,http://purl.obolibrary.org/obo/UBERON_0000948,http://purl.obolibrary.org/obo/UBERON_0002078,right cardiac atrium,Male,azimuth,sc_transcriptomics,http://purl.obolibrary.org/obo/CL_0002350,endocardial cell,1043.312,0.03550863207537858,10,#VHMHeart,#VHMaleOrgans,VH_M_right_cardiac_atrium,right cardiac atrium,UBERON:0002078,mesh,VH_M_Heart,,,heart_right cardiac atrium_endocardial cell,#15f08a
heart,http://purl.obolibrary.org/obo/UBERON_0000948,http://purl.obolibrary.org/obo/UBERON_0002078,right cardiac atrium,Male,azimuth,sc_transcriptomics,http://purl.obolibrary.org/obo/CL_0002573,Schwann cell,403.735,0.01374093039373933,10,#VHMHeart,#VHMaleOrgans,VH_M_right_cardiac_atrium,right cardiac atrium,UBERON:0002078,mesh,VH_M_Heart,,,heart_right cardiac atrium_Schwann cell,#4846df
heart,http://purl.obolibrary.org/obo/UBERON_0000948,http://purl.obolibrary.org/obo/UBERON_0002078,right cardiac atrium,Male,azimuth,sc_transcriptomics,http://purl.obolibrary.org/obo/CL_0011031,monocyte-derived dendritic cell,2233.608,0.0760197952986472,10,#VHMHeart,#VHMaleOrgans,VH_M_right_cardiac_atrium,right cardiac atrium,UBERON:0002078,mesh,VH_M_Heart,,,heart_right cardiac atrium_monocyte-derived dendritic cell,#50379e
heart,http://purl.obolibrary.org/obo/UBERON_0000948,http://purl.obolibrary.org/obo/UBERON_0002078,right cardiac atrium,Male,azimuth,sc_transcriptomics,http://purl.obolibrary.org/obo/CL_1000413,endothelial cell of artery,831.299,0.02829286956886352,10,#VHMHeart,#VHMaleOrgans,VH_M_right_cardiac_atrium,right cardiac atrium,UBERON:0002078,mesh,VH_M_Heart,,,heart_right cardiac atrium_endothelial cell of artery,#e48659
heart,http://purl.obolibrary.org/obo/UBERON_0000948,http://purl.obolibrary.org/obo/UBERON_0002078,right cardiac atrium,Male,azimuth,sc_transcriptomics,http://purl.obolibrary.org/obo/CL_1000414,endothelial cell of venule,1081.756,0.03681705549186939,10,#VHMHeart,#VHMaleOrgans,VH_M_right_cardiac_atrium,right cardiac atrium,UBERON:0002078,mesh,VH_M_Heart,,,heart_right cardiac atrium_endothelial cell of venule,#cfb38c
heart,http://purl.obolibrary.org/obo/UBERON_0000948,http://purl.obolibrary.org/obo/UBERON_0002079,left cardiac atrium,Male,azimuth,sc_transcriptomics,http://purl.obolibrary.org/obo/CL_0000057,fibroblast,7674.304,0.1711423883947845,7,#VHMHeart,#VHMaleOrgans,VH_M_left_cardiac_atrium,left cardiac atrium,UBERON:0002079,mesh,VH_M_Heart,,,heart_left cardiac atrium_fibroblast,#9af692
heart,http://purl.obolibrary.org/obo/UBERON_0000948,http://purl.obolibrary.org/obo/UBERON_0002079,left cardiac atrium,Male,azimuth,sc_transcriptomics,http://purl.obolibrary.org/obo/CL_0000077,mesothelial cell,379.456,0.008462136257663413,7,#VHMHeart,#VHMaleOrgans,VH_M_left_cardiac_atrium,left cardiac atrium,UBERON:0002079,mesh,VH_M_Heart,,,heart_left cardiac atrium_mesothelial cell,#4fd013
heart,http://purl.obolibrary.org/obo/UBERON_0000948,http://purl.obolibrary.org/obo/UBERON_0002079,left cardiac atrium,Male,azimuth,sc_transcriptomics,http://purl.obolibrary.org/obo/CL_0000084,T cell,1454.904,0.0324453846818064,7,#VHMHeart,#VHMaleOrgans,VH_M_left_cardiac_atrium,left cardiac atrium,UBERON:0002079,mesh,VH_M_Heart,,,heart_left cardiac atrium_T cell,#a9a045
heart,http://purl.obolibrary.org/obo/UBERON_0000948,http://purl.obolibrary.org/obo/UBERON_0002079,left cardiac atrium,Male,azimuth,sc_transcriptomics,http://purl.obolibrary.org/obo/CL_0000097,mast cell,234.256,0.00522407391416976,7,#VHMHeart,#VHMaleOrgans,VH_M_left_cardiac_atrium,left cardiac atrium,UBERON:0002079,mesh,VH_M_Heart,,,heart_left cardiac atrium_mast cell,#345f0c
heart,http://purl.obolibrary.org/obo/UBERON_0000948,http://purl.obolibrary.org/obo/UBERON_0002079,left cardiac atrium,Male,azimuth,sc_transcriptomics,http://purl.obolibrary.org/obo/CL_0000115,endothelial cell,182.952,0.004079958552802003,7,#VHMHeart,#VHMaleOrgans,VH_M_left_cardiac_atrium,left cardiac atrium,UBERON:0002079,mesh,VH_M_Heart,,,heart_left cardiac atrium_endothelial cell,#9b9148
heart,http://purl.obolibrary.org/obo/UBERON_0000948,http://purl.obolibrary.org/obo/UBERON_0002079,left cardiac atrium,Male,azimuth,sc_transcriptomics,http://purl.obolibrary.org/obo/CL_0000136,adipocyte,894.4319999999999,0.0199464640359209,7,#VHMHeart,#VHMaleOrgans,VH_M_left_cardiac_atrium,left cardiac atrium,UBERON:0002079,mesh,VH_M_Heart,,,heart_left cardiac atrium_adipocyte,#ce7aa1
heart,http://purl.obolibrary.org/obo/UBERON_0000948,http://purl.obolibrary.org/obo/UBERON_0002079,left cardiac atrium,Male,azimuth,sc_transcriptomics,http://purl.obolibrary.org/obo/CL_0000192,smooth muscle cell,1827.584,0.04075641136344012,7,#VHMHeart,#VHMaleOrgans,VH_M_left_cardiac_atrium,left cardiac atrium,UBERON:0002079,mesh,VH_M_Heart,,,heart_left cardiac atrium_smooth muscle cell,#6d50a9
heart,http://purl.obolibrary.org/obo/UBERON_0000948,http://purl.obolibrary.org/obo/UBERON_0002079,left cardiac atrium,Male,azimuth,sc_transcriptomics,http://purl.obolibrary.org/obo/CL_0000235,macrophage,1411.344,0.03147396597875831,7,#VHMHeart,#VHMaleOrgans,VH_M_left_cardiac_atrium,left cardiac atrium,UBERON:0002079,mesh,VH_M_Heart,,,heart_left cardiac atrium_macrophage,#b890c1
heart,http://purl.obolibrary.org/obo/UBERON_0000948,http://purl.obolibrary.org/obo/UBERON_0002079,left cardiac atrium,Male,azimuth,sc_transcriptomics,http://purl.obolibrary.org/obo/CL_0000236,B cell,242.0,0.005396770572489423,7,#VHMHeart,#VHMaleOrgans,VH_M_left_cardiac_atrium,left cardiac atrium,UBERON:0002079,mesh,VH_M_Heart,,,heart_left cardiac atrium_B cell,#741b9b
heart,http://purl.obolibrary.org/obo/UBERON_0000948,http://purl.obolibrary.org/obo/UBERON_0002079,left cardiac atrium,Male,azimuth,sc_transcriptomics,http://purl.obolibrary.org/obo/CL_0000623,natural killer cell,1133.528,0.02527847336154045,7,#VHMHeart,#VHMaleOrgans,VH_M_left_cardiac_atrium,left cardiac atrium,UBERON:0002079,mesh,VH_M_Heart,,,heart_left cardiac atrium_natural killer cell,#ff95fe
heart,http://purl.obolibrary.org/obo/UBERON_0000948,http://purl.obolibrary.org/obo/UBERON_0002079,left cardiac atrium,Male,azimuth,sc_transcriptomics,http://purl.obolibrary.org/obo/CL_0000669,pericyte,7250.320000000001,0.1616872463517831,7,#VHMHeart,#VHMaleOrgans,VH_M_left_cardiac_atrium,left cardiac atrium,UBERON:0002079,mesh,VH_M_Heart,,,heart_left cardiac atrium_pericyte,#4ce0d3
heart,http://purl.obolibrary.org/obo/UBERON_0000948,http://purl.obolibrary.org/obo/UBERON_0002079,left cardiac atrium,Male,azimuth,sc_transcriptomics,http://purl.obolibrary.org/obo/CL_0001065,innate lymphoid cell,3.872,8.634832915983075e-05,7,#VHMHeart,#VHMaleOrgans,VH_M_left_cardiac_atrium,left cardiac atrium,UBERON:0002079,mesh,VH_M_Heart,,,heart_left cardiac atrium_innate lymphoid cell,#402340
heart,http://purl.obolibrary.org/obo/UBERON_0000948,http://purl.obolibrary.org/obo/UBERON_0002079,left cardiac atrium,Male,azimuth,sc_transcriptomics,http://purl.obolibrary.org/obo/CL_0002129,Atrial Cardiomyocyte,6896.032,0.1537863742336586,7,#VHMHeart,#VHMaleOrgans,VH_M_left_cardiac_atrium,left cardiac atrium,UBERON:0002079,mesh,VH_M_Heart,,,heart_left cardiac atrium_Atrial Cardiomyocyte,#6f58b8
heart,http://purl.obolibrary.org/obo/UBERON_0000948,http://purl.obolibrary.org/obo/UBERON_0002079,left cardiac atrium,Male,azimuth,sc_transcriptomics,http://purl.obolibrary.org/obo/CL_0002131,Ventricular Cardiomycoyte,332.0239999999999,0.007404369225455485,7,#VHMHeart,#VHMaleOrgans,VH_M_left_cardiac_atrium,left cardiac atrium,UBERON:0002079,mesh,VH_M_Heart,,,heart_left cardiac atrium_Ventricular Cardiomycoyte,#488e7c
heart,http://purl.obolibrary.org/obo/UBERON_0000948,http://purl.obolibrary.org/obo/UBERON_0002079,left cardiac atrium,Male,azimuth,sc_transcriptomics,http://purl.obolibrary.org/obo/CL_0002138,endothelial cell of lymphatic vessel,92.928,0.002072359899835938,7,#VHMHeart,#VHMaleOrgans,VH_M_left_cardiac_atrium,left cardiac atrium,UBERON:0002079,mesh,VH_M_Heart,,,heart_left cardiac atrium_endothelial cell of lymphatic vessel,#ea7eb2
heart,http://purl.obolibrary.org/obo/UBERON_0000948,http://purl.obolibrary.org/obo/UBERON_0002079,left cardiac atrium,Male,azimuth,sc_transcriptomics,http://purl.obolibrary.org/obo/CL_0002144,capillary endothelial cell,9261.824,0.2065452033503151,7,#VHMHeart,#VHMaleOrgans,VH_M_left_cardiac_atrium,left cardiac atrium,UBERON:0002079,mesh,VH_M_Heart,,,heart_left cardiac atrium_capillary endothelial cell,#eefef7
heart,http://purl.obolibrary.org/obo/UBERON_0000948,http://purl.obolibrary.org/obo/UBERON_0002079,left cardiac atrium,Male,azimuth,sc_transcriptomics,http://purl.obolibrary.org/obo/CL_0002350,endocardial cell,775.368,0.01729125291425611,7,#VHMHeart,#VHMaleOrgans,VH_M_left_cardiac_atrium,left cardiac atrium,UBERON:0002079,mesh,VH_M_Heart,,,heart_left cardiac atrium_endocardial cell,#84cb32
heart,http://purl.obolibrary.org/obo/UBERON_0000948,http://purl.obolibrary.org/obo/UBERON_0002079,left cardiac atrium,Male,azimuth,sc_transcriptomics,http://purl.obolibrary.org/obo/CL_0002573,Schwann cell,633.072,0.01411795181763233,7,#VHMHeart,#VHMaleOrgans,VH_M_left_cardiac_atrium,left cardiac atrium,UBERON:0002079,mesh,VH_M_Heart,,,heart_left cardiac atrium_Schwann cell,#792e45
heart,http://purl.obolibrary.org/obo/UBERON_0000948,http://purl.obolibrary.org/obo/UBERON_0002079,left cardiac atrium,Male,azimuth,sc_transcriptomics,http://purl.obolibrary.org/obo/CL_0011031,monocyte-derived dendritic cell,3069.528,0.06845263794145583,7,#VHMHeart,#VHMaleOrgans,VH_M_left_cardiac_atrium,left cardiac atrium,UBERON:0002079,mesh,VH_M_Heart,,,heart_left cardiac atrium_monocyte-derived dendritic cell,#ac5b62
heart,http://purl.obolibrary.org/obo/UBERON_0000948,http://purl.obolibrary.org/obo/UBERON_0002079,left cardiac atrium,Male,azimuth,sc_transcriptomics,http://purl.obolibrary.org/obo/CL_1000413,endothelial cell of artery,405.592,0.00904498747949227,7,#VHMHeart,#VHMaleOrgans,VH_M_left_cardiac_atrium,left cardiac atrium,UBERON:0002079,mesh,VH_M_Heart,,,heart_left cardiac atrium_endothelial cell of artery,#c52f1f
heart,http://purl.obolibrary.org/obo/UBERON_0000948,http://purl.obolibrary.org/obo/UBERON_0002079,left cardiac atrium,Male,azimuth,sc_transcriptomics,http://purl.obolibrary.org/obo/CL_1000414,endothelial cell of venule,686.3119999999999,0.01530524134358,7,#VHMHeart,#VHMaleOrgans,VH_M_left_cardiac_atrium,left cardiac atrium,UBERON:0002079,mesh,VH_M_Heart,,,heart_left cardiac atrium_endothelial cell of venule,#fffd9b
heart,http://purl.obolibrary.org/obo/UBERON_0000948,http://purl.obolibrary.org/obo/UBERON_0002080,heart right ventricle,Male,azimuth,sc_transcriptomics,http://purl.obolibrary.org/obo/CL_0000057,fibroblast,12502.628,0.1626401019073387,16,#VHMHeart,#VHMaleOrgans,VH_M_heart_right_ventricle,heart right ventricle,UBERON:0002080,mesh,VH_M_Heart,,,heart_heart right ventricle_fibroblast,#ed0440
heart,http://purl.obolibrary.org/obo/UBERON_0000948,http://purl.obolibrary.org/obo/UBERON_0002080,heart right ventricle,Male,azimuth,sc_transcriptomics,http://purl.obolibrary.org/obo/CL_0000077,mesothelial cell,320.573,0.004170165295547568,16,#VHMHeart,#VHMaleOrgans,VH_M_heart_right_ventricle,heart right ventricle,UBERON:0002080,mesh,VH_M_Heart,,,heart_heart right ventricle_mesothelial cell,#57b35e
heart,http://purl.obolibrary.org/obo/UBERON_0000948,http://purl.obolibrary.org/obo/UBERON_0002080,heart right ventricle,Male,azimuth,sc_transcriptomics,http://purl.obolibrary.org/obo/CL_0000084,T cell,1169.425,0.01521243383175038,16,#VHMHeart,#VHMaleOrgans,VH_M_heart_right_ventricle,heart right ventricle,UBERON:0002080,mesh,VH_M_Heart,,,heart_heart right ventricle_T cell,#c2a383
heart,http://purl.obolibrary.org/obo/UBERON_0000948,http://purl.obolibrary.org/obo/UBERON_0002080,heart right ventricle,Male,azimuth,sc_transcriptomics,http://purl.obolibrary.org/obo/CL_0000097,mast cell,367.775,0.004784191249949332,16,#VHMHeart,#VHMaleOrgans,VH_M_heart_right_ventricle,heart right ventricle,UBERON:0002080,mesh,VH_M_Heart,,,heart_heart right ventricle_mast cell,#4c5a9a
heart,http://purl.obolibrary.org/obo/UBERON_0000948,http://purl.obolibrary.org/obo/UBERON_0002080,heart right ventricle,Male,azimuth,sc_transcriptomics,http://purl.obolibrary.org/obo/CL_0000115,endothelial cell,6.012,7.82069411860387e-05,16,#VHMHeart,#VHMaleOrgans,VH_M_heart_right_ventricle,heart right ventricle,UBERON:0002080,mesh,VH_M_Heart,,,heart_heart right ventricle_endothelial cell,#25c41f
heart,http://purl.obolibrary.org/obo/UBERON_0000948,http://purl.obolibrary.org/obo/UBERON_0002080,heart right ventricle,Male,azimuth,sc_transcriptomics,http://purl.obolibrary.org/obo/CL_0000136,adipocyte,289.5869999999999,0.00376708474338679,16,#VHMHeart,#VHMaleOrgans,VH_M_heart_right_ventricle,heart right ventricle,UBERON:0002080,mesh,VH_M_Heart,,,heart_heart right ventricle_adipocyte,#75034f
heart,http://purl.obolibrary.org/obo/UBERON_0000948,http://purl.obolibrary.org/obo/UBERON_0002080,heart right ventricle,Male,azimuth,sc_transcriptomics,http://purl.obolibrary.org/obo/CL_0000192,smooth muscle cell,1420.506,0.01847861430412759,16,#VHMHeart,#VHMaleOrgans,VH_M_heart_right_ventricle,heart right ventricle,UBERON:0002080,mesh,VH_M_Heart,,,heart_heart right ventricle_smooth muscle cell,#97689f
heart,http://purl.obolibrary.org/obo/UBERON_0000948,http://purl.obolibrary.org/obo/UBERON_0002080,heart right ventricle,Male,azimuth,sc_transcriptomics,http://purl.obolibrary.org/obo/CL_0000235,macrophage,1570.62,0.02043136825775384,16,#VHMHeart,#VHMaleOrgans,VH_M_heart_right_ventricle,heart right ventricle,UBERON:0002080,mesh,VH_M_Heart,,,heart_heart right ventricle_macrophage,#fe7f36
heart,http://purl.obolibrary.org/obo/UBERON_0000948,http://purl.obolibrary.org/obo/UBERON_0002080,heart right ventricle,Male,azimuth,sc_transcriptomics,http://purl.obolibrary.org/obo/CL_0000236,B cell,1894.489,0.02464440948113727,16,#VHMHeart,#VHMaleOrgans,VH_M_heart_right_ventricle,heart right ventricle,UBERON:0002080,mesh,VH_M_Heart,,,heart_heart right ventricle_B cell,#fb7b27
heart,http://purl.obolibrary.org/obo/UBERON_0000948,http://purl.obolibrary.org/obo/UBERON_0002080,heart right ventricle,Male,azimuth,sc_transcriptomics,http://purl.obolibrary.org/obo/CL_0000623,natural killer cell,1057.982,0.01376273054722016,16,#VHMHeart,#VHMaleOrgans,VH_M_heart_right_ventricle,heart right ventricle,UBERON:0002080,mesh,VH_M_Heart,,,heart_heart right ventricle_natural killer cell,#010020
heart,http://purl.obolibrary.org/obo/UBERON_0000948,http://purl.obolibrary.org/obo/UBERON_0002080,heart right ventricle,Male,azimuth,sc_transcriptomics,http://purl.obolibrary.org/obo/CL_0000669,pericyte,7352.566,0.09564565813846768,16,#VHMHeart,#VHMaleOrgans,VH_M_heart_right_ventricle,heart right ventricle,UBERON:0002080,mesh,VH_M_Heart,,,heart_heart right ventricle_pericyte,#a9625d
heart,http://purl.obolibrary.org/obo/UBERON_0000948,http://purl.obolibrary.org/obo/UBERON_0002080,heart right ventricle,Male,azimuth,sc_transcriptomics,http://purl.obolibrary.org/obo/CL_0001065,innate lymphoid cell,1.966,2.557465841180174e-05,16,#VHMHeart,#VHMaleOrgans,VH_M_heart_right_ventricle,heart right ventricle,UBERON:0002080,mesh,VH_M_Heart,,,heart_heart right ventricle_innate lymphoid cell,#5b6de3
heart,http://purl.obolibrary.org/obo/UBERON_0000948,http://purl.obolibrary.org/obo/UBERON_0002080,heart right ventricle,Male,azimuth,sc_transcriptomics,http://purl.obolibrary.org/obo/CL_0002129,Atrial Cardiomyocyte,248.625,0.003234231662072334,16,#VHMHeart,#VHMaleOrgans,VH_M_heart_right_ventricle,heart right ventricle,UBERON:0002080,mesh,VH_M_Heart,,,heart_heart right ventricle_Atrial Cardiomyocyte,#18b9ba
heart,http://purl.obolibrary.org/obo/UBERON_0000948,http://purl.obolibrary.org/obo/UBERON_0002080,heart right ventricle,Male,azimuth,sc_transcriptomics,http://purl.obolibrary.org/obo/CL_0002131,Ventricular Cardiomycoyte,26233.693,0.341260293669926,16,#VHMHeart,#VHMaleOrgans,VH_M_heart_right_ventricle,heart right ventricle,UBERON:0002080,mesh,VH_M_Heart,,,heart_heart right ventricle_Ventricular Cardiomycoyte,#22da6b
heart,http://purl.obolibrary.org/obo/UBERON_0000948,http://purl.obolibrary.org/obo/UBERON_0002080,heart right ventricle,Male,azimuth,sc_transcriptomics,http://purl.obolibrary.org/obo/CL_0002138,endothelial cell of lymphatic vessel,217.157,0.002824881025804492,16,#VHMHeart,#VHMaleOrgans,VH_M_heart_right_ventricle,heart right ventricle,UBERON:0002080,mesh,VH_M_Heart,,,heart_heart right ventricle_endothelial cell of lymphatic vessel,#599dd9
heart,http://purl.obolibrary.org/obo/UBERON_0000948,http://purl.obolibrary.org/obo/UBERON_0002080,heart right ventricle,Male,azimuth,sc_transcriptomics,http://purl.obolibrary.org/obo/CL_0002144,capillary endothelial cell,10471.762,0.1362216358696265,16,#VHMHeart,#VHMaleOrgans,VH_M_heart_right_ventricle,heart right ventricle,UBERON:0002080,mesh,VH_M_Heart,,,heart_heart right ventricle_capillary endothelial cell,#5abfa0
heart,http://purl.obolibrary.org/obo/UBERON_0000948,http://purl.obolibrary.org/obo/UBERON_0002080,heart right ventricle,Male,azimuth,sc_transcriptomics,http://purl.obolibrary.org/obo/CL_0002350,endocardial cell,359.457,0.004675986769446093,16,#VHMHeart,#VHMaleOrgans,VH_M_heart_right_ventricle,heart right ventricle,UBERON:0002080,mesh,VH_M_Heart,,,heart_heart right ventricle_endocardial cell,#d0d261
heart,http://purl.obolibrary.org/obo/UBERON_0000948,http://purl.obolibrary.org/obo/UBERON_0002080,heart right ventricle,Male,azimuth,sc_transcriptomics,http://purl.obolibrary.org/obo/CL_0002573,Schwann cell,415.966,0.005411082584396502,16,#VHMHeart,#VHMaleOrgans,VH_M_heart_right_ventricle,heart right ventricle,UBERON:0002080,mesh,VH_M_Heart,,,heart_heart right ventricle_Schwann cell,#dd41a2
heart,http://purl.obolibrary.org/obo/UBERON_0000948,http://purl.obolibrary.org/obo/UBERON_0002080,heart right ventricle,Male,azimuth,sc_transcriptomics,http://purl.obolibrary.org/obo/CL_0011031,monocyte-derived dendritic cell,2302.671,0.02995423410974666,16,#VHMHeart,#VHMaleOrgans,VH_M_heart_right_ventricle,heart right ventricle,UBERON:0002080,mesh,VH_M_Heart,,,heart_heart right ventricle_monocyte-derived dendritic cell,#ae6540
heart,http://purl.obolibrary.org/obo/UBERON_0000948,http://purl.obolibrary.org/obo/UBERON_0002080,heart right ventricle,Male,azimuth,sc_transcriptomics,http://purl.obolibrary.org/obo/CL_1000413,endothelial cell of artery,7890.167,0.1026390263667704,16,#VHMHeart,#VHMaleOrgans,VH_M_heart_right_ventricle,heart right ventricle,UBERON:0002080,mesh,VH_M_Heart,,,heart_heart right ventricle_endothelial cell of artery,#c811b3
heart,http://purl.obolibrary.org/obo/UBERON_0000948,http://purl.obolibrary.org/obo/UBERON_0002080,heart right ventricle,Male,azimuth,sc_transcriptomics,http://purl.obolibrary.org/obo/CL_1000414,endothelial cell of venule,779.345,0.01013808858593369,16,#VHMHeart,#VHMaleOrgans,VH_M_heart_right_ventricle,heart right ventricle,UBERON:0002080,mesh,VH_M_Heart,,,heart_heart right ventricle_endothelial cell of venule,#c6f741
heart,http://purl.obolibrary.org/obo/UBERON_0000948,http://purl.obolibrary.org/obo/UBERON_0002084,heart left ventricle,Male,azimuth,sc_transcriptomics,http://purl.obolibrary.org/obo/CL_0000057,fibroblast,193215.091,0.2795555367257744,37,#VHMHeart,#VHMaleOrgans,VH_M_heart_left_ventricle,heart left ventricle,UBERON:0002084,mesh,VH_M_Heart,,,heart_heart left ventricle_fibroblast,#8599f5
heart,http://purl.obolibrary.org/obo/UBERON_0000948,http://purl.obolibrary.org/obo/UBERON_0002084,heart left ventricle,Male,azimuth,sc_transcriptomics,http://purl.obolibrary.org/obo/CL_0000077,mesothelial cell,4628.806999999999,0.006697244084754339,37,#VHMHeart,#VHMaleOrgans,VH_M_heart_left_ventricle,heart left ventricle,UBERON:0002084,mesh,VH_M_Heart,,,heart_heart left ventricle_mesothelial cell,#9a79e0
heart,http://purl.obolibrary.org/obo/UBERON_0000948,http://purl.obolibrary.org/obo/UBERON_0002084,heart left ventricle,Male,azimuth,sc_transcriptomics,http://purl.obolibrary.org/obo/CL_0000084,T cell,5745.548999999998,0.008313015438733178,37,#VHMHeart,#VHMaleOrgans,VH_M_heart_left_ventricle,heart left ventricle,UBERON:0002084,mesh,VH_M_Heart,,,heart_heart left ventricle_T cell,#c12684
heart,http://purl.obolibrary.org/obo/UBERON_0000948,http://purl.obolibrary.org/obo/UBERON_0002084,heart left ventricle,Male,azimuth,sc_transcriptomics,http://purl.obolibrary.org/obo/CL_0000097,mast cell,2998.311000000001,0.004338141687264964,37,#VHMHeart,#VHMaleOrgans,VH_M_heart_left_ventricle,heart left ventricle,UBERON:0002084,mesh,VH_M_Heart,,,heart_heart left ventricle_mast cell,#7b8ec7
heart,http://purl.obolibrary.org/obo/UBERON_0000948,http://purl.obolibrary.org/obo/UBERON_0002084,heart left ventricle,Male,azimuth,sc_transcriptomics,http://purl.obolibrary.org/obo/CL_0000115,endothelial cell,72.45499999999998,0.0001048323726093733,37,#VHMHeart,#VHMaleOrgans,VH_M_heart_left_ventricle,heart left ventricle,UBERON:0002084,mesh,VH_M_Heart,,,heart_heart left ventricle_endothelial cell,#1fa9de
heart,http://purl.obolibrary.org/obo/UBERON_0000948,http://purl.obolibrary.org/obo/UBERON_0002084,heart left ventricle,Male,azimuth,sc_transcriptomics,http://purl.obolibrary.org/obo/CL_0000136,adipocyte,3534.253999999999,0.005113577147528373,37,#VHMHeart,#VHMaleOrgans,VH_M_heart_left_ventricle,heart left ventricle,UBERON:0002084,mesh,VH_M_Heart,,,heart_heart left ventricle_adipocyte,#a79c7d
heart,http://purl.obolibrary.org/obo/UBERON_0000948,http://purl.obolibrary.org/obo/UBERON_0002084,heart left ventricle,Male,azimuth,sc_transcriptomics,http://purl.obolibrary.org/obo/CL_0000192,smooth muscle cell,9875.187,0.01428803095950921,37,#VHMHeart,#VHMaleOrgans,VH_M_heart_left_ventricle,heart left ventricle,UBERON:0002084,mesh,VH_M_Heart,,,heart_heart left ventricle_smooth muscle cell,#e4e96d
heart,http://purl.obolibrary.org/obo/UBERON_0000948,http://purl.obolibrary.org/obo/UBERON_0002084,heart left ventricle,Male,azimuth,sc_transcriptomics,http://purl.obolibrary.org/obo/CL_0000235,macrophage,16285.075,0.02356225312775641,37,#VHMHeart,#VHMaleOrgans,VH_M_heart_left_ventricle,heart left ventricle,UBERON:0002084,mesh,VH_M_Heart,,,heart_heart left ventricle_macrophage,#58bbe7
heart,http://purl.obolibrary.org/obo/UBERON_0000948,http://purl.obolibrary.org/obo/UBERON_0002084,heart left ventricle,Male,azimuth,sc_transcriptomics,http://purl.obolibrary.org/obo/CL_0000236,B cell,57665.73699999999,0.08343435274278005,37,#VHMHeart,#VHMaleOrgans,VH_M_heart_left_ventricle,heart left ventricle,UBERON:0002084,mesh,VH_M_Heart,,,heart_heart left ventricle_B cell,#7580d8
heart,http://purl.obolibrary.org/obo/UBERON_0000948,http://purl.obolibrary.org/obo/UBERON_0002084,heart left ventricle,Male,azimuth,sc_transcriptomics,http://purl.obolibrary.org/obo/CL_0000623,natural killer cell,5587.679,0.008084599364427172,37,#VHMHeart,#VHMaleOrgans,VH_M_heart_left_ventricle,heart left ventricle,UBERON:0002084,mesh,VH_M_Heart,,,heart_heart left ventricle_natural killer cell,#a87994
heart,http://purl.obolibrary.org/obo/UBERON_0000948,http://purl.obolibrary.org/obo/UBERON_0002084,heart left ventricle,Male,azimuth,sc_transcriptomics,http://purl.obolibrary.org/obo/CL_0000669,pericyte,33846.197,0.04897076993049831,37,#VHMHeart,#VHMaleOrgans,VH_M_heart_left_ventricle,heart left ventricle,UBERON:0002084,mesh,VH_M_Heart,,,heart_heart left ventricle_pericyte,#3d680c
heart,http://purl.obolibrary.org/obo/UBERON_0000948,http://purl.obolibrary.org/obo/UBERON_0002084,heart left ventricle,Male,azimuth,sc_transcriptomics,http://purl.obolibrary.org/obo/CL_0001065,innate lymphoid cell,30.95199999999999,4.478326681395796e-05,37,#VHMHeart,#VHMaleOrgans,VH_M_heart_left_ventricle,heart left ventricle,UBERON:0002084,mesh,VH_M_Heart,,,heart_heart left ventricle_innate lymphoid cell,#fd1ad1
heart,http://purl.obolibrary.org/obo/UBERON_0000948,http://purl.obolibrary.org/obo/UBERON_0002084,heart left ventricle,Male,azimuth,sc_transcriptomics,http://purl.obolibrary.org/obo/CL_0002129,Atrial Cardiomyocyte,1297.321,0.00187704421318011,37,#VHMHeart,#VHMaleOrgans,VH_M_heart_left_ventricle,heart left ventricle,UBERON:0002084,mesh,VH_M_Heart,,,heart_heart left ventricle_Atrial Cardiomyocyte,#840063
heart,http://purl.obolibrary.org/obo/UBERON_0000948,http://purl.obolibrary.org/obo/UBERON_0002084,heart left ventricle,Male,azimuth,sc_transcriptomics,http://purl.obolibrary.org/obo/CL_0002131,Ventricular Cardiomycoyte,280004.303,0.4051275332871974,37,#VHMHeart,#VHMaleOrgans,VH_M_heart_left_ventricle,heart left ventricle,UBERON:0002084,mesh,VH_M_Heart,,,heart_heart left ventricle_Ventricular Cardiomycoyte,#049471
heart,http://purl.obolibrary.org/obo/UBERON_0000948,http://purl.obolibrary.org/obo/UBERON_0002084,heart left ventricle,Male,azimuth,sc_transcriptomics,http://purl.obolibrary.org/obo/CL_0002138,endothelial cell of lymphatic vessel,1615.561,0.002337493516322847,37,#VHMHeart,#VHMaleOrgans,VH_M_heart_left_ventricle,heart left ventricle,UBERON:0002084,mesh,VH_M_Heart,,,heart_heart left ventricle_endothelial cell of lymphatic vessel,#9aa379
heart,http://purl.obolibrary.org/obo/UBERON_0000948,http://purl.obolibrary.org/obo/UBERON_0002084,heart left ventricle,Male,azimuth,sc_transcriptomics,http://purl.obolibrary.org/obo/CL_0002144,capillary endothelial cell,41602.60399999999,0.06019321901936659,37,#VHMHeart,#VHMaleOrgans,VH_M_heart_left_ventricle,heart left ventricle,UBERON:0002084,mesh,VH_M_Heart,,,heart_heart left ventricle_capillary endothelial cell,#04ca46
heart,http://purl.obolibrary.org/obo/UBERON_0000948,http://purl.obolibrary.org/obo/UBERON_0002084,heart left ventricle,Male,azimuth,sc_transcriptomics,http://purl.obolibrary.org/obo/CL_0002350,endocardial cell,4329.431999999998,0.006264089829700426,37,#VHMHeart,#VHMaleOrgans,VH_M_heart_left_ventricle,heart left ventricle,UBERON:0002084,mesh,VH_M_Heart,,,heart_heart left ventricle_endocardial cell,#2df89e
heart,http://purl.obolibrary.org/obo/UBERON_0000948,http://purl.obolibrary.org/obo/UBERON_0002084,heart left ventricle,Male,azimuth,sc_transcriptomics,http://purl.obolibrary.org/obo/CL_0002573,Schwann cell,3025.047999999999,0.004376826431540123,37,#VHMHeart,#VHMaleOrgans,VH_M_heart_left_ventricle,heart left ventricle,UBERON:0002084,mesh,VH_M_Heart,,,heart_heart left ventricle_Schwann cell,#1103e6
heart,http://purl.obolibrary.org/obo/UBERON_0000948,http://purl.obolibrary.org/obo/UBERON_0002084,heart left ventricle,Male,azimuth,sc_transcriptomics,http://purl.obolibrary.org/obo/CL_0011031,monocyte-derived dendritic cell,13390.83199999999,0.0193746834555727,37,#VHMHeart,#VHMaleOrgans,VH_M_heart_left_ventricle,heart left ventricle,UBERON:0002084,mesh,VH_M_Heart,,,heart_heart left ventricle_monocyte-derived dendritic cell,#df7f2a
heart,http://purl.obolibrary.org/obo/UBERON_0000948,http://purl.obolibrary.org/obo/UBERON_0002084,heart left ventricle,Male,azimuth,sc_transcriptomics,http://purl.obolibrary.org/obo/CL_1000413,endothelial cell of artery,6314.874999999998,0.00913675148687622,37,#VHMHeart,#VHMaleOrgans,VH_M_heart_left_ventricle,heart left ventricle,UBERON:0002084,mesh,VH_M_Heart,,,heart_heart left ventricle_endothelial cell of artery,#79ffb5
heart,http://purl.obolibrary.org/obo/UBERON_0000948,http://purl.obolibrary.org/obo/UBERON_0002084,heart left ventricle,Male,azimuth,sc_transcriptomics,http://purl.obolibrary.org/obo/CL_1000414,endothelial cell of venule,6085.738000000001,0.008805221911793842,37,#VHMHeart,#VHMaleOrgans,VH_M_heart_left_ventricle,heart left ventricle,UBERON:0002084,mesh,VH_M_Heart,,,heart_heart left ventricle_endothelial cell of venule,#f734bb
heart,http://purl.obolibrary.org/obo/UBERON_0000948,http://purl.obolibrary.org/obo/UBERON_0002094,interventricular septum,Male,azimuth,sc_transcriptomics,http://purl.obolibrary.org/obo/CL_0000057,fibroblast,6351.857999999999,0.1507942120791855,8,#VHMHeart,#VHMaleOrgans,VH_M_interventricular_septum,interventricular septum,UBERON:0002094,mesh,VH_M_Heart,,,heart_interventricular septum_fibroblast,#80328c
heart,http://purl.obolibrary.org/obo/UBERON_0000948,http://purl.obolibrary.org/obo/UBERON_0002094,interventricular septum,Male,azimuth,sc_transcriptomics,http://purl.obolibrary.org/obo/CL_0000077,mesothelial cell,103.212,0.00245027080534812,8,#VHMHeart,#VHMaleOrgans,VH_M_interventricular_septum,interventricular septum,UBERON:0002094,mesh,VH_M_Heart,,,heart_interventricular septum_mesothelial cell,#39c534
heart,http://purl.obolibrary.org/obo/UBERON_0000948,http://purl.obolibrary.org/obo/UBERON_0002094,interventricular septum,Male,azimuth,sc_transcriptomics,http://purl.obolibrary.org/obo/CL_0000084,T cell,532.7189999999999,0.01264684157999307,8,#VHMHeart,#VHMaleOrgans,VH_M_interventricular_septum,interventricular septum,UBERON:0002094,mesh,VH_M_Heart,,,heart_interventricular septum_T cell,#8d1247
heart,http://purl.obolibrary.org/obo/UBERON_0000948,http://purl.obolibrary.org/obo/UBERON_0002094,interventricular septum,Male,azimuth,sc_transcriptomics,http://purl.obolibrary.org/obo/CL_0000097,mast cell,193.563,0.004595219237061562,8,#VHMHeart,#VHMaleOrgans,VH_M_interventricular_septum,interventricular septum,UBERON:0002094,mesh,VH_M_Heart,,,heart_interventricular septum_mast cell,#6195c3
heart,http://purl.obolibrary.org/obo/UBERON_0000948,http://purl.obolibrary.org/obo/UBERON_0002094,interventricular septum,Male,azimuth,sc_transcriptomics,http://purl.obolibrary.org/obo/CL_0000115,endothelial cell,5.184,0.0001230690603314019,8,#VHMHeart,#VHMaleOrgans,VH_M_interventricular_septum,interventricular septum,UBERON:0002094,mesh,VH_M_Heart,,,heart_interventricular septum_endothelial cell,#bb62ad
heart,http://purl.obolibrary.org/obo/UBERON_0000948,http://purl.obolibrary.org/obo/UBERON_0002094,interventricular septum,Male,azimuth,sc_transcriptomics,http://purl.obolibrary.org/obo/CL_0000136,adipocyte,65.358,0.001551610271053195,8,#VHMHeart,#VHMaleOrgans,VH_M_interventricular_septum,interventricular septum,UBERON:0002094,mesh,VH_M_Heart,,,heart_interventricular septum_adipocyte,#6e3360
heart,http://purl.obolibrary.org/obo/UBERON_0000948,http://purl.obolibrary.org/obo/UBERON_0002094,interventricular septum,Male,azimuth,sc_transcriptomics,http://purl.obolibrary.org/obo/CL_0000192,smooth muscle cell,513.3870000000001,0.01218789654250722,8,#VHMHeart,#VHMaleOrgans,VH_M_interventricular_septum,interventricular septum,UBERON:0002094,mesh,VH_M_Heart,,,heart_interventricular septum_smooth muscle cell,#b757f4
heart,http://purl.obolibrary.org/obo/UBERON_0000948,http://purl.obolibrary.org/obo/UBERON_0002094,interventricular septum,Male,azimuth,sc_transcriptomics,http://purl.obolibrary.org/obo/CL_0000235,macrophage,754.2359999999999,0.01790569363196667,8,#VHMHeart,#VHMaleOrgans,VH_M_interventricular_septum,interventricular septum,UBERON:0002094,mesh,VH_M_Heart,,,heart_interventricular septum_macrophage,#ff51ca
heart,http://purl.obolibrary.org/obo/UBERON_0000948,http://purl.obolibrary.org/obo/UBERON_0002094,interventricular septum,Male,azimuth,sc_transcriptomics,http://purl.obolibrary.org/obo/CL_0000236,B cell,1328.175,0.03153110517084486,8,#VHMHeart,#VHMaleOrgans,VH_M_interventricular_septum,interventricular septum,UBERON:0002094,mesh,VH_M_Heart,,,heart_interventricular septum_B cell,#552627
heart,http://purl.obolibrary.org/obo/UBERON_0000948,http://purl.obolibrary.org/obo/UBERON_0002094,interventricular septum,Male,azimuth,sc_transcriptomics,http://purl.obolibrary.org/obo/CL_0000623,natural killer cell,559.8539999999999,0.01329103119266525,8,#VHMHeart,#VHMaleOrgans,VH_M_interventricular_septum,interventricular septum,UBERON:0002094,mesh,VH_M_Heart,,,heart_interventricular septum_natural killer cell,#f7b2e3
heart,http://purl.obolibrary.org/obo/UBERON_0000948,http://purl.obolibrary.org/obo/UBERON_0002094,interventricular septum,Male,azimuth,sc_transcriptomics,http://purl.obolibrary.org/obo/CL_0000669,pericyte,3614.931,0.0858190897632822,8,#VHMHeart,#VHMaleOrgans,VH_M_interventricular_septum,interventricular septum,UBERON:0002094,mesh,VH_M_Heart,,,heart_interventricular septum_pericyte,#f9ddd5
heart,http://purl.obolibrary.org/obo/UBERON_0000948,http://purl.obolibrary.org/obo/UBERON_0002094,interventricular septum,Male,azimuth,sc_transcriptomics,http://purl.obolibrary.org/obo/CL_0002129,Atrial Cardiomyocyte,227.484,0.00540050966829256,8,#VHMHeart,#VHMaleOrgans,VH_M_interventricular_septum,interventricular septum,UBERON:0002094,mesh,VH_M_Heart,,,heart_interventricular septum_Atrial Cardiomyocyte,#5d7b3a
heart,http://purl.obolibrary.org/obo/UBERON_0000948,http://purl.obolibrary.org/obo/UBERON_0002094,interventricular septum,Male,azimuth,sc_transcriptomics,http://purl.obolibrary.org/obo/CL_0002131,Ventricular Cardiomycoyte,19830.087,0.4707697093711321,8,#VHMHeart,#VHMaleOrgans,VH_M_interventricular_septum,interventricular septum,UBERON:0002094,mesh,VH_M_Heart,,,heart_interventricular septum_Ventricular Cardiomycoyte,#cac7b1
heart,http://purl.obolibrary.org/obo/UBERON_0000948,http://purl.obolibrary.org/obo/UBERON_0002094,interventricular septum,Male,azimuth,sc_transcriptomics,http://purl.obolibrary.org/obo/CL_0002138,endothelial cell of lymphatic vessel,131.616,0.003124586698413925,8,#VHMHeart,#VHMaleOrgans,VH_M_interventricular_septum,interventricular septum,UBERON:0002094,mesh,VH_M_Heart,,,heart_interventricular septum_endothelial cell of lymphatic vessel,#7d7970
heart,http://purl.obolibrary.org/obo/UBERON_0000948,http://purl.obolibrary.org/obo/UBERON_0002094,interventricular septum,Male,azimuth,sc_transcriptomics,http://purl.obolibrary.org/obo/CL_0002144,capillary endothelial cell,5313.276,0.1261380950234162,8,#VHMHeart,#VHMaleOrgans,VH_M_interventricular_septum,interventricular septum,UBERON:0002094,mesh,VH_M_Heart,,,heart_interventricular septum_capillary endothelial cell,#9a9b17
heart,http://purl.obolibrary.org/obo/UBERON_0000948,http://purl.obolibrary.org/obo/UBERON_0002094,interventricular septum,Male,azimuth,sc_transcriptomics,http://purl.obolibrary.org/obo/CL_0002350,endocardial cell,100.242,0.002379762489533253,8,#VHMHeart,#VHMaleOrgans,VH_M_interventricular_septum,interventricular septum,UBERON:0002094,mesh,VH_M_Heart,,,heart_interventricular septum_endocardial cell,#72cf07
heart,http://purl.obolibrary.org/obo/UBERON_0000948,http://purl.obolibrary.org/obo/UBERON_0002094,interventricular septum,Male,azimuth,sc_transcriptomics,http://purl.obolibrary.org/obo/CL_0002573,Schwann cell,167.013,0.00396491762598928,8,#VHMHeart,#VHMaleOrgans,VH_M_interventricular_septum,interventricular septum,UBERON:0002094,mesh,VH_M_Heart,,,heart_interventricular septum_Schwann cell,#5a1cd5
heart,http://purl.obolibrary.org/obo/UBERON_0000948,http://purl.obolibrary.org/obo/UBERON_0002094,interventricular septum,Male,azimuth,sc_transcriptomics,http://purl.obolibrary.org/obo/CL_0011031,monocyte-derived dendritic cell,1420.362,0.03371964056142567,8,#VHMHeart,#VHMaleOrgans,VH_M_interventricular_septum,interventricular septum,UBERON:0002094,mesh,VH_M_Heart,,,heart_interventricular septum_monocyte-derived dendritic cell,#05e490
heart,http://purl.obolibrary.org/obo/UBERON_0000948,http://purl.obolibrary.org/obo/UBERON_0002094,interventricular septum,Male,azimuth,sc_transcriptomics,http://purl.obolibrary.org/obo/CL_1000413,endothelial cell of artery,453.393,0.01076362856304693,8,#VHMHeart,#VHMaleOrgans,VH_M_interventricular_septum,interventricular septum,UBERON:0002094,mesh,VH_M_Heart,,,heart_interventricular septum_endothelial cell of artery,#dd46f5
heart,http://purl.obolibrary.org/obo/UBERON_0000948,http://purl.obolibrary.org/obo/UBERON_0002094,interventricular septum,Male,azimuth,sc_transcriptomics,http://purl.obolibrary.org/obo/CL_1000414,endothelial cell of venule,456.741,0.01084311066451096,8,#VHMHeart,#VHMaleOrgans,VH_M_interventricular_septum,interventricular septum,UBERON:0002094,mesh,VH_M_Heart,,,heart_interventricular septum_endothelial cell of venule,#52b7bd
prostate,http://purl.obolibrary.org/obo/UBERON_0000079,http://purl.obolibrary.org/obo/UBERON_0000998,seminal vesicle,Male,popv,sc_transcriptomics,http://purl.obolibrary.org/obo/CL_0000038,erythroid progenitor cell,2.73,0.005530390814284209,2,#VHMProstate,#VHMaleOrgans,VH_M_seminal_vesicle,seminal vesicle,UBERON:0000998,mesh,VH_M_Prostate,,,prostate_seminal vesicle_erythroid progenitor cell,#0f5606
prostate,http://purl.obolibrary.org/obo/UBERON_0000079,http://purl.obolibrary.org/obo/UBERON_0000998,seminal vesicle,Male,popv,sc_transcriptomics,http://purl.obolibrary.org/obo/CL_0000057,fibroblast,7.358,0.01490572000421363,2,#VHMProstate,#VHMaleOrgans,VH_M_seminal_vesicle,seminal vesicle,UBERON:0000998,mesh,VH_M_Prostate,,,prostate_seminal vesicle_fibroblast,#d97658
prostate,http://purl.obolibrary.org/obo/UBERON_0000079,http://purl.obolibrary.org/obo/UBERON_0000998,seminal vesicle,Male,popv,sc_transcriptomics,http://purl.obolibrary.org/obo/CL_0000066,epithelial cell,157.95,0.3199726113978721,2,#VHMProstate,#VHMaleOrgans,VH_M_seminal_vesicle,seminal vesicle,UBERON:0000998,mesh,VH_M_Prostate,,,prostate_seminal vesicle_epithelial cell,#842e87
prostate,http://purl.obolibrary.org/obo/UBERON_0000079,http://purl.obolibrary.org/obo/UBERON_0000998,seminal vesicle,Male,popv,sc_transcriptomics,http://purl.obolibrary.org/obo/CL_0000115,endothelial cell,21.372,0.04329505951753924,2,#VHMProstate,#VHMaleOrgans,VH_M_seminal_vesicle,seminal vesicle,UBERON:0000998,mesh,VH_M_Prostate,,,prostate_seminal vesicle_endothelial cell,#7b0874
prostate,http://purl.obolibrary.org/obo/UBERON_0000079,http://purl.obolibrary.org/obo/UBERON_0000998,seminal vesicle,Male,popv,sc_transcriptomics,http://purl.obolibrary.org/obo/CL_0000158,club cell,32.812,0.06647003054882546,2,#VHMProstate,#VHMaleOrgans,VH_M_seminal_vesicle,seminal vesicle,UBERON:0000998,mesh,VH_M_Prostate,,,prostate_seminal vesicle_club cell,#9c4df1
prostate,http://purl.obolibrary.org/obo/UBERON_0000079,http://purl.obolibrary.org/obo/UBERON_0000998,seminal vesicle,Male,popv,sc_transcriptomics,http://purl.obolibrary.org/obo/CL_0000192,smooth muscle cell,9.594,0.01943537343305594,2,#VHMProstate,#VHMaleOrgans,VH_M_seminal_vesicle,seminal vesicle,UBERON:0000998,mesh,VH_M_Prostate,,,prostate_seminal vesicle_smooth muscle cell,#4eccde
prostate,http://purl.obolibrary.org/obo/UBERON_0000079,http://purl.obolibrary.org/obo/UBERON_0000998,seminal vesicle,Male,popv,sc_transcriptomics,http://purl.obolibrary.org/obo/CL_0000235,macrophage,19.344,0.03918676919835669,2,#VHMProstate,#VHMaleOrgans,VH_M_seminal_vesicle,seminal vesicle,UBERON:0000998,mesh,VH_M_Prostate,,,prostate_seminal vesicle_macrophage,#4174cd
prostate,http://purl.obolibrary.org/obo/UBERON_0000079,http://purl.obolibrary.org/obo/UBERON_0000998,seminal vesicle,Male,popv,sc_transcriptomics,http://purl.obolibrary.org/obo/CL_0000499,stromal cell,1.222,0.002475508269251027,2,#VHMProstate,#VHMaleOrgans,VH_M_seminal_vesicle,seminal vesicle,UBERON:0000998,mesh,VH_M_Prostate,,,prostate_seminal vesicle_stromal cell,#f629c8
prostate,http://purl.obolibrary.org/obo/UBERON_0000079,http://purl.obolibrary.org/obo/UBERON_0000998,seminal vesicle,Male,popv,sc_transcriptomics,http://purl.obolibrary.org/obo/CL_0000576,monocyte,2.366,0.004793005372379647,2,#VHMProstate,#VHMaleOrgans,VH_M_seminal_vesicle,seminal vesicle,UBERON:0000998,mesh,VH_M_Prostate,,,prostate_seminal vesicle_monocyte,#c068de
prostate,http://purl.obolibrary.org/obo/UBERON_0000079,http://purl.obolibrary.org/obo/UBERON_0000998,seminal vesicle,Male,popv,sc_transcriptomics,http://purl.obolibrary.org/obo/CL_0000625,"CD8-positive, alpha-beta T cell",56.86199999999999,0.115190140103234,2,#VHMProstate,#VHMaleOrgans,VH_M_seminal_vesicle,seminal vesicle,UBERON:0000998,mesh,VH_M_Prostate,,,"prostate_seminal vesicle_CD8-positive, alpha-beta T cell",#00f2c2
prostate,http://purl.obolibrary.org/obo/UBERON_0000079,http://purl.obolibrary.org/obo/UBERON_0000998,seminal vesicle,Male,popv,sc_transcriptomics,http://purl.obolibrary.org/obo/CL_0000814,mature NK T cell,14.638,0.02965342884230486,2,#VHMProstate,#VHMaleOrgans,VH_M_seminal_vesicle,seminal vesicle,UBERON:0000998,mesh,VH_M_Prostate,,,prostate_seminal vesicle_mature NK T cell,#be3424
prostate,http://purl.obolibrary.org/obo/UBERON_0000079,http://purl.obolibrary.org/obo/UBERON_0000998,seminal vesicle,Male,popv,sc_transcriptomics,http://purl.obolibrary.org/obo/CL_0002340,luminal cell of prostate epithelium,38.688,0.07837353839671338,2,#VHMProstate,#VHMaleOrgans,VH_M_seminal_vesicle,seminal vesicle,UBERON:0000998,mesh,VH_M_Prostate,,,prostate_seminal vesicle_luminal cell of prostate epithelium,#be7345
prostate,http://purl.obolibrary.org/obo/UBERON_0000079,http://purl.obolibrary.org/obo/UBERON_0000998,seminal vesicle,Male,popv,sc_transcriptomics,http://purl.obolibrary.org/obo/CL_0002341,basal cell of prostate epithelium,128.7,0.2607184241019699,2,#VHMProstate,#VHMaleOrgans,VH_M_seminal_vesicle,seminal vesicle,UBERON:0000998,mesh,VH_M_Prostate,,,prostate_seminal vesicle_basal cell of prostate epithelium,#60cbf3
prostate,http://purl.obolibrary.org/obo/UBERON_0000079,http://purl.obolibrary.org/obo/UBERON_0035441,apex of prostate,Male,popv,sc_transcriptomics,http://purl.obolibrary.org/obo/CL_0000038,erythroid progenitor cell,0.735,0.00553039081428421,2,#VHMProstate,#VHMaleOrgans,VH_M_apex_of_prostate,apex of prostate,UBERON:0035441,surface,VH_M_Prostate,,,prostate_apex of prostate_erythroid progenitor cell,#4a951a
prostate,http://purl.obolibrary.org/obo/UBERON_0000079,http://purl.obolibrary.org/obo/UBERON_0035441,apex of prostate,Male,popv,sc_transcriptomics,http://purl.obolibrary.org/obo/CL_0000057,fibroblast,1.981,0.01490572000421363,2,#VHMProstate,#VHMaleOrgans,VH_M_apex_of_prostate,apex of prostate,UBERON:0035441,surface,VH_M_Prostate,,,prostate_apex of prostate_fibroblast,#45306a
prostate,http://purl.obolibrary.org/obo/UBERON_0000079,http://purl.obolibrary.org/obo/UBERON_0035441,apex of prostate,Male,popv,sc_transcriptomics,http://purl.obolibrary.org/obo/CL_0000066,epithelial cell,42.525,0.3199726113978721,2,#VHMProstate,#VHMaleOrgans,VH_M_apex_of_prostate,apex of prostate,UBERON:0035441,surface,VH_M_Prostate,,,prostate_apex of prostate_epithelial cell,#b248db
prostate,http://purl.obolibrary.org/obo/UBERON_0000079,http://purl.obolibrary.org/obo/UBERON_0035441,apex of prostate,Male,popv,sc_transcriptomics,http://purl.obolibrary.org/obo/CL_0000115,endothelial cell,5.754,0.04329505951753924,2,#VHMProstate,#VHMaleOrgans,VH_M_apex_of_prostate,apex of prostate,UBERON:0035441,surface,VH_M_Prostate,,,prostate_apex of prostate_endothelial cell,#ce0c2a
prostate,http://purl.obolibrary.org/obo/UBERON_0000079,http://purl.obolibrary.org/obo/UBERON_0035441,apex of prostate,Male,popv,sc_transcriptomics,http://purl.obolibrary.org/obo/CL_0000158,club cell,8.834,0.06647003054882546,2,#VHMProstate,#VHMaleOrgans,VH_M_apex_of_prostate,apex of prostate,UBERON:0035441,surface,VH_M_Prostate,,,prostate_apex of prostate_club cell,#31b5b7
prostate,http://purl.obolibrary.org/obo/UBERON_0000079,http://purl.obolibrary.org/obo/UBERON_0035441,apex of prostate,Male,popv,sc_transcriptomics,http://purl.obolibrary.org/obo/CL_0000192,smooth muscle cell,2.583,0.01943537343305594,2,#VHMProstate,#VHMaleOrgans,VH_M_apex_of_prostate,apex of prostate,UBERON:0035441,surface,VH_M_Prostate,,,prostate_apex of prostate_smooth muscle cell,#a2b66a
prostate,http://purl.obolibrary.org/obo/UBERON_0000079,http://purl.obolibrary.org/obo/UBERON_0035441,apex of prostate,Male,popv,sc_transcriptomics,http://purl.obolibrary.org/obo/CL_0000235,macrophage,5.208,0.03918676919835669,2,#VHMProstate,#VHMaleOrgans,VH_M_apex_of_prostate,apex of prostate,UBERON:0035441,surface,VH_M_Prostate,,,prostate_apex of prostate_macrophage,#8077d9
prostate,http://purl.obolibrary.org/obo/UBERON_0000079,http://purl.obolibrary.org/obo/UBERON_0035441,apex of prostate,Male,popv,sc_transcriptomics,http://purl.obolibrary.org/obo/CL_0000499,stromal cell,0.329,0.002475508269251027,2,#VHMProstate,#VHMaleOrgans,VH_M_apex_of_prostate,apex of prostate,UBERON:0035441,surface,VH_M_Prostate,,,prostate_apex of prostate_stromal cell,#2000e6
prostate,http://purl.obolibrary.org/obo/UBERON_0000079,http://purl.obolibrary.org/obo/UBERON_0035441,apex of prostate,Male,popv,sc_transcriptomics,http://purl.obolibrary.org/obo/CL_0000576,monocyte,0.637,0.004793005372379648,2,#VHMProstate,#VHMaleOrgans,VH_M_apex_of_prostate,apex of prostate,UBERON:0035441,surface,VH_M_Prostate,,,prostate_apex of prostate_monocyte,#943946
prostate,http://purl.obolibrary.org/obo/UBERON_0000079,http://purl.obolibrary.org/obo/UBERON_0035441,apex of prostate,Male,popv,sc_transcriptomics,http://purl.obolibrary.org/obo/CL_0000625,"CD8-positive, alpha-beta T cell",15.309,0.115190140103234,2,#VHMProstate,#VHMaleOrgans,VH_M_apex_of_prostate,apex of prostate,UBERON:0035441,surface,VH_M_Prostate,,,"prostate_apex of prostate_CD8-positive, alpha-beta T cell",#a6b680
prostate,http://purl.obolibrary.org/obo/UBERON_0000079,http://purl.obolibrary.org/obo/UBERON_0035441,apex of prostate,Male,popv,sc_transcriptomics,http://purl.obolibrary.org/obo/CL_0000814,mature NK T cell,3.941,0.02965342884230486,2,#VHMProstate,#VHMaleOrgans,VH_M_apex_of_prostate,apex of prostate,UBERON:0035441,surface,VH_M_Prostate,,,prostate_apex of prostate_mature NK T cell,#ccff94
prostate,http://purl.obolibrary.org/obo/UBERON_0000079,http://purl.obolibrary.org/obo/UBERON_0035441,apex of prostate,Male,popv,sc_transcriptomics,http://purl.obolibrary.org/obo/CL_0002340,luminal cell of prostate epithelium,10.416,0.07837353839671338,2,#VHMProstate,#VHMaleOrgans,VH_M_apex_of_prostate,apex of prostate,UBERON:0035441,surface,VH_M_Prostate,,,prostate_apex of prostate_luminal cell of prostate epithelium,#d3b839
prostate,http://purl.obolibrary.org/obo/UBERON_0000079,http://purl.obolibrary.org/obo/UBERON_0035441,apex of prostate,Male,popv,sc_transcriptomics,http://purl.obolibrary.org/obo/CL_0002341,basal cell of prostate epithelium,34.65,0.2607184241019699,2,#VHMProstate,#VHMaleOrgans,VH_M_apex_of_prostate,apex of prostate,UBERON:0035441,surface,VH_M_Prostate,,,prostate_apex of prostate_basal cell of prostate epithelium,#79292a
prostate,http://purl.obolibrary.org/obo/UBERON_0000079,http://purl.obolibrary.org/obo/UBERON_8410025,transition zone of prostate,Male,popv,sc_transcriptomics,http://purl.obolibrary.org/obo/CL_0000038,erythroid progenitor cell,3.465,0.005530390814284209,2,#VHMProstate,#VHMaleOrgans,VH_M_transition_zone__of_prostate_L,transition zone of prostate,UBERON:8410025,mesh,VH_M_Prostate,,,prostate_transition zone of prostate_erythroid progenitor cell,#439c01
prostate,http://purl.obolibrary.org/obo/UBERON_0000079,http://purl.obolibrary.org/obo/UBERON_8410025,transition zone of prostate,Male,popv,sc_transcriptomics,http://purl.obolibrary.org/obo/CL_0000057,fibroblast,9.339,0.01490572000421363,2,#VHMProstate,#VHMaleOrgans,VH_M_transition_zone__of_prostate_L,transition zone of prostate,UBERON:8410025,mesh,VH_M_Prostate,,,prostate_transition zone of prostate_fibroblast,#c9ea45
prostate,http://purl.obolibrary.org/obo/UBERON_0000079,http://purl.obolibrary.org/obo/UBERON_8410025,transition zone of prostate,Male,popv,sc_transcriptomics,http://purl.obolibrary.org/obo/CL_0000066,epithelial cell,200.475,0.3199726113978721,2,#VHMProstate,#VHMaleOrgans,VH_M_transition_zone__of_prostate_L,transition zone of prostate,UBERON:8410025,mesh,VH_M_Prostate,,,prostate_transition zone of prostate_epithelial cell,#8b944d
prostate,http://purl.obolibrary.org/obo/UBERON_0000079,http://purl.obolibrary.org/obo/UBERON_8410025,transition zone of prostate,Male,popv,sc_transcriptomics,http://purl.obolibrary.org/obo/CL_0000115,endothelial cell,27.126,0.04329505951753924,2,#VHMProstate,#VHMaleOrgans,VH_M_transition_zone__of_prostate_L,transition zone of prostate,UBERON:8410025,mesh,VH_M_Prostate,,,prostate_transition zone of prostate_endothelial cell,#744d1e
prostate,http://purl.obolibrary.org/obo/UBERON_0000079,http://purl.obolibrary.org/obo/UBERON_8410025,transition zone of prostate,Male,popv,sc_transcriptomics,http://purl.obolibrary.org/obo/CL_0000158,club cell,41.64599999999999,0.06647003054882544,2,#VHMProstate,#VHMaleOrgans,VH_M_transition_zone__of_prostate_L,transition zone of prostate,UBERON:8410025,mesh,VH_M_Prostate,,,prostate_transition zone of prostate_club cell,#984022
prostate,http://purl.obolibrary.org/obo/UBERON_0000079,http://purl.obolibrary.org/obo/UBERON_8410025,transition zone of prostate,Male,popv,sc_transcriptomics,http://purl.obolibrary.org/obo/CL_0000192,smooth muscle cell,12.177,0.01943537343305593,2,#VHMProstate,#VHMaleOrgans,VH_M_transition_zone__of_prostate_L,transition zone of prostate,UBERON:8410025,mesh,VH_M_Prostate,,,prostate_transition zone of prostate_smooth muscle cell,#7e3282
prostate,http://purl.obolibrary.org/obo/UBERON_0000079,http://purl.obolibrary.org/obo/UBERON_8410025,transition zone of prostate,Male,popv,sc_transcriptomics,http://purl.obolibrary.org/obo/CL_0000235,macrophage,24.552,0.03918676919835668,2,#VHMProstate,#VHMaleOrgans,VH_M_transition_zone__of_prostate_L,transition zone of prostate,UBERON:8410025,mesh,VH_M_Prostate,,,prostate_transition zone of prostate_macrophage,#c1169f
prostate,http://purl.obolibrary.org/obo/UBERON_0000079,http://purl.obolibrary.org/obo/UBERON_8410025,transition zone of prostate,Male,popv,sc_transcriptomics,http://purl.obolibrary.org/obo/CL_0000499,stromal cell,1.551,0.002475508269251027,2,#VHMProstate,#VHMaleOrgans,VH_M_transition_zone__of_prostate_L,transition zone of prostate,UBERON:8410025,mesh,VH_M_Prostate,,,prostate_transition zone of prostate_stromal cell,#271e9b
prostate,http://purl.obolibrary.org/obo/UBERON_0000079,http://purl.obolibrary.org/obo/UBERON_8410025,transition zone of prostate,Male,popv,sc_transcriptomics,http://purl.obolibrary.org/obo/CL_0000576,monocyte,3.003,0.004793005372379647,2,#VHMProstate,#VHMaleOrgans,VH_M_transition_zone__of_prostate_L,transition zone of prostate,UBERON:8410025,mesh,VH_M_Prostate,,,prostate_transition zone of prostate_monocyte,#85140c
prostate,http://purl.obolibrary.org/obo/UBERON_0000079,http://purl.obolibrary.org/obo/UBERON_8410025,transition zone of prostate,Male,popv,sc_transcriptomics,http://purl.obolibrary.org/obo/CL_0000625,"CD8-positive, alpha-beta T cell",72.17099999999999,0.1151901401032339,2,#VHMProstate,#VHMaleOrgans,VH_M_transition_zone__of_prostate_L,transition zone of prostate,UBERON:8410025,mesh,VH_M_Prostate,,,"prostate_transition zone of prostate_CD8-positive, alpha-beta T cell",#fde6fc
prostate,http://purl.obolibrary.org/obo/UBERON_0000079,http://purl.obolibrary.org/obo/UBERON_8410025,transition zone of prostate,Male,popv,sc_transcriptomics,http://purl.obolibrary.org/obo/CL_0000814,mature NK T cell,18.579,0.02965342884230486,2,#VHMProstate,#VHMaleOrgans,VH_M_transition_zone__of_prostate_L,transition zone of prostate,UBERON:8410025,mesh,VH_M_Prostate,,,prostate_transition zone of prostate_mature NK T cell,#da8a2e
prostate,http://purl.obolibrary.org/obo/UBERON_0000079,http://purl.obolibrary.org/obo/UBERON_8410025,transition zone of prostate,Male,popv,sc_transcriptomics,http://purl.obolibrary.org/obo/CL_0002340,luminal cell of prostate epithelium,49.10399999999999,0.07837353839671335,2,#VHMProstate,#VHMaleOrgans,VH_M_transition_zone__of_prostate_L,transition zone of prostate,UBERON:8410025,mesh,VH_M_Prostate,,,prostate_transition zone of prostate_luminal cell of prostate epithelium,#df7416
prostate,http://purl.obolibrary.org/obo/UBERON_0000079,http://purl.obolibrary.org/obo/UBERON_8410025,transition zone of prostate,Male,popv,sc_transcriptomics,http://purl.obolibrary.org/obo/CL_0002341,basal cell of prostate epithelium,163.35,0.2607184241019699,2,#VHMProstate,#VHMaleOrgans,VH_M_transition_zone__of_prostate_L,transition zone of prostate,UBERON:8410025,mesh,VH_M_Prostate,,,prostate_transition zone of prostate_basal cell of prostate epithelium,#4b60d9
prostate,http://purl.obolibrary.org/obo/UBERON_0000079,http://purl.obolibrary.org/obo/UBERON_8410026,peripheral zone of prostate,Male,popv,sc_transcriptomics,http://purl.obolibrary.org/obo/CL_0000038,erythroid progenitor cell,22.124,0.00068654928796423,6,#VHMProstate,#VHMaleOrgans,VH_M_peripheral_zone_of_prostate_R,peripheral zone of prostate,UBERON:8410026,mesh,VH_M_Prostate,,,prostate_peripheral zone of prostate_erythroid progenitor cell,#00b3de
prostate,http://purl.obolibrary.org/obo/UBERON_0000079,http://purl.obolibrary.org/obo/UBERON_8410026,peripheral zone of prostate,Male,popv,sc_transcriptomics,http://purl.obolibrary.org/obo/CL_0000057,fibroblast,902.616,0.0280098703717737,6,#VHMProstate,#VHMaleOrgans,VH_M_peripheral_zone_of_prostate_R,peripheral zone of prostate,UBERON:8410026,mesh,VH_M_Prostate,,,prostate_peripheral zone of prostate_fibroblast,#b09d42
prostate,http://purl.obolibrary.org/obo/UBERON_0000079,http://purl.obolibrary.org/obo/UBERON_8410026,peripheral zone of prostate,Male,popv,sc_transcriptomics,http://purl.obolibrary.org/obo/CL_0000066,epithelial cell,1715.226,0.05322668545460742,6,#VHMProstate,#VHMaleOrgans,VH_M_peripheral_zone_of_prostate_R,peripheral zone of prostate,UBERON:8410026,mesh,VH_M_Prostate,,,prostate_peripheral zone of prostate_epithelial cell,#5f3ed5
prostate,http://purl.obolibrary.org/obo/UBERON_0000079,http://purl.obolibrary.org/obo/UBERON_8410026,peripheral zone of prostate,Male,popv,sc_transcriptomics,http://purl.obolibrary.org/obo/CL_0000115,endothelial cell,2682.286,0.08323637422782601,6,#VHMProstate,#VHMaleOrgans,VH_M_peripheral_zone_of_prostate_R,peripheral zone of prostate,UBERON:8410026,mesh,VH_M_Prostate,,,prostate_peripheral zone of prostate_endothelial cell,#b575bb
prostate,http://purl.obolibrary.org/obo/UBERON_0000079,http://purl.obolibrary.org/obo/UBERON_8410026,peripheral zone of prostate,Male,popv,sc_transcriptomics,http://purl.obolibrary.org/obo/CL_0000158,club cell,4372.494,0.1356867041370398,6,#VHMProstate,#VHMaleOrgans,VH_M_peripheral_zone_of_prostate_R,peripheral zone of prostate,UBERON:8410026,mesh,VH_M_Prostate,,,prostate_peripheral zone of prostate_club cell,#b72dd6
prostate,http://purl.obolibrary.org/obo/UBERON_0000079,http://purl.obolibrary.org/obo/UBERON_8410026,peripheral zone of prostate,Male,popv,sc_transcriptomics,http://purl.obolibrary.org/obo/CL_0000192,smooth muscle cell,2014.96,0.06252799463371926,6,#VHMProstate,#VHMaleOrgans,VH_M_peripheral_zone_of_prostate_R,peripheral zone of prostate,UBERON:8410026,mesh,VH_M_Prostate,,,prostate_peripheral zone of prostate_smooth muscle cell,#fa9d3a
prostate,http://purl.obolibrary.org/obo/UBERON_0000079,http://purl.obolibrary.org/obo/UBERON_8410026,peripheral zone of prostate,Male,popv,sc_transcriptomics,http://purl.obolibrary.org/obo/CL_0000235,macrophage,545.136,0.0169165943158411,6,#VHMProstate,#VHMaleOrgans,VH_M_peripheral_zone_of_prostate_R,peripheral zone of prostate,UBERON:8410026,mesh,VH_M_Prostate,,,prostate_peripheral zone of prostate_macrophage,#665a88
prostate,http://purl.obolibrary.org/obo/UBERON_0000079,http://purl.obolibrary.org/obo/UBERON_8410026,peripheral zone of prostate,Male,popv,sc_transcriptomics,http://purl.obolibrary.org/obo/CL_0000499,stromal cell,4158.14,0.1290348967752478,6,#VHMProstate,#VHMaleOrgans,VH_M_peripheral_zone_of_prostate_R,peripheral zone of prostate,UBERON:8410026,mesh,VH_M_Prostate,,,prostate_peripheral zone of prostate_stromal cell,#8084f3
prostate,http://purl.obolibrary.org/obo/UBERON_0000079,http://purl.obolibrary.org/obo/UBERON_8410026,peripheral zone of prostate,Male,popv,sc_transcriptomics,http://purl.obolibrary.org/obo/CL_0000576,monocyte,508.286,0.01577306957974085,6,#VHMProstate,#VHMaleOrgans,VH_M_peripheral_zone_of_prostate_R,peripheral zone of prostate,UBERON:8410026,mesh,VH_M_Prostate,,,prostate_peripheral zone of prostate_monocyte,#159dab
prostate,http://purl.obolibrary.org/obo/UBERON_0000079,http://purl.obolibrary.org/obo/UBERON_8410026,peripheral zone of prostate,Male,popv,sc_transcriptomics,http://purl.obolibrary.org/obo/CL_0000625,"CD8-positive, alpha-beta T cell",974.636,0.03024478628748442,6,#VHMProstate,#VHMaleOrgans,VH_M_peripheral_zone_of_prostate_R,peripheral zone of prostate,UBERON:8410026,mesh,VH_M_Prostate,,,"prostate_peripheral zone of prostate_CD8-positive, alpha-beta T cell",#48ca78
prostate,http://purl.obolibrary.org/obo/UBERON_0000079,http://purl.obolibrary.org/obo/UBERON_8410026,peripheral zone of prostate,Male,popv,sc_transcriptomics,http://purl.obolibrary.org/obo/CL_0000814,mature NK T cell,213.352,0.006620713419171235,6,#VHMProstate,#VHMaleOrgans,VH_M_peripheral_zone_of_prostate_R,peripheral zone of prostate,UBERON:8410026,mesh,VH_M_Prostate,,,prostate_peripheral zone of prostate_mature NK T cell,#fb8688
prostate,http://purl.obolibrary.org/obo/UBERON_0000079,http://purl.obolibrary.org/obo/UBERON_8410026,peripheral zone of prostate,Male,popv,sc_transcriptomics,http://purl.obolibrary.org/obo/CL_0002340,luminal cell of prostate epithelium,8835.508000000002,0.2741824139487551,6,#VHMProstate,#VHMaleOrgans,VH_M_peripheral_zone_of_prostate_R,peripheral zone of prostate,UBERON:8410026,mesh,VH_M_Prostate,,,prostate_peripheral zone of prostate_luminal cell of prostate epithelium,#938b44
prostate,http://purl.obolibrary.org/obo/UBERON_0000079,http://purl.obolibrary.org/obo/UBERON_8410026,peripheral zone of prostate,Male,popv,sc_transcriptomics,http://purl.obolibrary.org/obo/CL_0002341,basal cell of prostate epithelium,5280.162000000001,0.1638533475608292,6,#VHMProstate,#VHMaleOrgans,VH_M_peripheral_zone_of_prostate_R,peripheral zone of prostate,UBERON:8410026,mesh,VH_M_Prostate,,,prostate_peripheral zone of prostate_basal cell of prostate epithelium,#97b8f0
prostate,http://purl.obolibrary.org/obo/UBERON_0000079,http://purl.obolibrary.org/obo/UBERON_8410027,central zone of prostate,Male,popv,sc_transcriptomics,http://purl.obolibrary.org/obo/CL_0000038,erythroid progenitor cell,10.801,0.002267629872249782,6,#VHMProstate,#VHMaleOrgans,VH_M_central_zone_of_prostate_R,central zone of prostate,UBERON:8410027,mesh,VH_M_Prostate,,,prostate_central zone of prostate_erythroid progenitor cell,#68d572
prostate,http://purl.obolibrary.org/obo/UBERON_0000079,http://purl.obolibrary.org/obo/UBERON_8410027,central zone of prostate,Male,popv,sc_transcriptomics,http://purl.obolibrary.org/obo/CL_0000057,fibroblast,113.041,0.02373253850467435,6,#VHMProstate,#VHMaleOrgans,VH_M_central_zone_of_prostate_R,central zone of prostate,UBERON:8410027,mesh,VH_M_Prostate,,,prostate_central zone of prostate_fibroblast,#3e8fc1
prostate,http://purl.obolibrary.org/obo/UBERON_0000079,http://purl.obolibrary.org/obo/UBERON_8410027,central zone of prostate,Male,popv,sc_transcriptomics,http://purl.obolibrary.org/obo/CL_0000066,epithelial cell,668.244,0.1402953482410595,6,#VHMProstate,#VHMaleOrgans,VH_M_central_zone_of_prostate_R,central zone of prostate,UBERON:8410027,mesh,VH_M_Prostate,,,prostate_central zone of prostate_epithelial cell,#c98853
prostate,http://purl.obolibrary.org/obo/UBERON_0000079,http://purl.obolibrary.org/obo/UBERON_8410027,central zone of prostate,Male,popv,sc_transcriptomics,http://purl.obolibrary.org/obo/CL_0000115,endothelial cell,334.367,0.07019911096144273,6,#VHMProstate,#VHMaleOrgans,VH_M_central_zone_of_prostate_R,central zone of prostate,UBERON:8410027,mesh,VH_M_Prostate,,,prostate_central zone of prostate_endothelial cell,#d51cad
prostate,http://purl.obolibrary.org/obo/UBERON_0000079,http://purl.obolibrary.org/obo/UBERON_8410027,central zone of prostate,Male,popv,sc_transcriptomics,http://purl.obolibrary.org/obo/CL_0000158,club cell,538.679,0.1130936572496658,6,#VHMProstate,#VHMaleOrgans,VH_M_central_zone_of_prostate_R,central zone of prostate,UBERON:8410027,mesh,VH_M_Prostate,,,prostate_central zone of prostate_club cell,#2911ee
prostate,http://purl.obolibrary.org/obo/UBERON_0000079,http://purl.obolibrary.org/obo/UBERON_8410027,central zone of prostate,Male,popv,sc_transcriptomics,http://purl.obolibrary.org/obo/CL_0000192,smooth muscle cell,230.831,0.04846211193790293,6,#VHMProstate,#VHMaleOrgans,VH_M_central_zone_of_prostate_R,central zone of prostate,UBERON:8410027,mesh,VH_M_Prostate,,,prostate_central zone of prostate_smooth muscle cell,#f6a4a8
prostate,http://purl.obolibrary.org/obo/UBERON_0000079,http://purl.obolibrary.org/obo/UBERON_8410027,central zone of prostate,Male,popv,sc_transcriptomics,http://purl.obolibrary.org/obo/CL_0000235,macrophage,115.2,0.02418581254357698,6,#VHMProstate,#VHMaleOrgans,VH_M_central_zone_of_prostate_R,central zone of prostate,UBERON:8410027,mesh,VH_M_Prostate,,,prostate_central zone of prostate_macrophage,#51b26d
prostate,http://purl.obolibrary.org/obo/UBERON_0000079,http://purl.obolibrary.org/obo/UBERON_8410027,central zone of prostate,Male,popv,sc_transcriptomics,http://purl.obolibrary.org/obo/CL_0000499,stromal cell,417.843,0.08772458741880065,6,#VHMProstate,#VHMaleOrgans,VH_M_central_zone_of_prostate_R,central zone of prostate,UBERON:8410027,mesh,VH_M_Prostate,,,prostate_central zone of prostate_stromal cell,#089057
prostate,http://purl.obolibrary.org/obo/UBERON_0000079,http://purl.obolibrary.org/obo/UBERON_8410027,central zone of prostate,Male,popv,sc_transcriptomics,http://purl.obolibrary.org/obo/CL_0000576,monocyte,58.05799999999999,0.01218906167235236,6,#VHMProstate,#VHMaleOrgans,VH_M_central_zone_of_prostate_R,central zone of prostate,UBERON:8410027,mesh,VH_M_Prostate,,,prostate_central zone of prostate_monocyte,#908895
prostate,http://purl.obolibrary.org/obo/UBERON_0000079,http://purl.obolibrary.org/obo/UBERON_8410027,central zone of prostate,Male,popv,sc_transcriptomics,http://purl.obolibrary.org/obo/CL_0000625,"CD8-positive, alpha-beta T cell",276.127,0.05797183906441215,6,#VHMProstate,#VHMaleOrgans,VH_M_central_zone_of_prostate_R,central zone of prostate,UBERON:8410027,mesh,VH_M_Prostate,,,"prostate_central zone of prostate_CD8-positive, alpha-beta T cell",#52e183
prostate,http://purl.obolibrary.org/obo/UBERON_0000079,http://purl.obolibrary.org/obo/UBERON_8410027,central zone of prostate,Male,popv,sc_transcriptomics,http://purl.obolibrary.org/obo/CL_0000814,mature NK T cell,67.34499999999998,0.01413883286238881,6,#VHMProstate,#VHMaleOrgans,VH_M_central_zone_of_prostate_R,central zone of prostate,UBERON:8410027,mesh,VH_M_Prostate,,,prostate_central zone of prostate_mature NK T cell,#2792cd
prostate,http://purl.obolibrary.org/obo/UBERON_0000079,http://purl.obolibrary.org/obo/UBERON_8410027,central zone of prostate,Male,popv,sc_transcriptomics,http://purl.obolibrary.org/obo/CL_0002340,luminal cell of prostate epithelium,1001.534,0.2102683470487745,6,#VHMProstate,#VHMaleOrgans,VH_M_central_zone_of_prostate_R,central zone of prostate,UBERON:8410027,mesh,VH_M_Prostate,,,prostate_central zone of prostate_luminal cell of prostate epithelium,#df541d
prostate,http://purl.obolibrary.org/obo/UBERON_0000079,http://purl.obolibrary.org/obo/UBERON_8410027,central zone of prostate,Male,popv,sc_transcriptomics,http://purl.obolibrary.org/obo/CL_0002341,basal cell of prostate epithelium,931.053,0.1954711226226994,6,#VHMProstate,#VHMaleOrgans,VH_M_central_zone_of_prostate_R,central zone of prostate,UBERON:8410027,mesh,VH_M_Prostate,,,prostate_central zone of prostate_basal cell of prostate epithelium,#19359f
prostate,http://purl.obolibrary.org/obo/UBERON_0000079,http://purl.org/sig/ont/fma/fma19719,Verumontanum,Male,popv,sc_transcriptomics,http://purl.obolibrary.org/obo/CL_0000038,erythroid progenitor cell,0.105,0.00553039081428421,2,#VHMProstate,#VHMaleOrgans,VH_M_seminal_colliculus,Verumontanum,FMA:19719,surface,VH_M_Prostate,,,prostate_Verumontanum_erythroid progenitor cell,#041cea
prostate,http://purl.obolibrary.org/obo/UBERON_0000079,http://purl.org/sig/ont/fma/fma19719,Verumontanum,Male,popv,sc_transcriptomics,http://purl.obolibrary.org/obo/CL_0000057,fibroblast,0.283,0.01490572000421363,2,#VHMProstate,#VHMaleOrgans,VH_M_seminal_colliculus,Verumontanum,FMA:19719,surface,VH_M_Prostate,,,prostate_Verumontanum_fibroblast,#6900d4
prostate,http://purl.obolibrary.org/obo/UBERON_0000079,http://purl.org/sig/ont/fma/fma19719,Verumontanum,Male,popv,sc_transcriptomics,http://purl.obolibrary.org/obo/CL_0000066,epithelial cell,6.075,0.3199726113978721,2,#VHMProstate,#VHMaleOrgans,VH_M_seminal_colliculus,Verumontanum,FMA:19719,surface,VH_M_Prostate,,,prostate_Verumontanum_epithelial cell,#754517
prostate,http://purl.obolibrary.org/obo/UBERON_0000079,http://purl.org/sig/ont/fma/fma19719,Verumontanum,Male,popv,sc_transcriptomics,http://purl.obolibrary.org/obo/CL_0000115,endothelial cell,0.8220000000000001,0.04329505951753924,2,#VHMProstate,#VHMaleOrgans,VH_M_seminal_colliculus,Verumontanum,FMA:19719,surface,VH_M_Prostate,,,prostate_Verumontanum_endothelial cell,#1ffa6c
prostate,http://purl.obolibrary.org/obo/UBERON_0000079,http://purl.org/sig/ont/fma/fma19719,Verumontanum,Male,popv,sc_transcriptomics,http://purl.obolibrary.org/obo/CL_0000158,club cell,1.262,0.06647003054882544,2,#VHMProstate,#VHMaleOrgans,VH_M_seminal_colliculus,Verumontanum,FMA:19719,surface,VH_M_Prostate,,,prostate_Verumontanum_club cell,#7743f4
prostate,http://purl.obolibrary.org/obo/UBERON_0000079,http://purl.org/sig/ont/fma/fma19719,Verumontanum,Male,popv,sc_transcriptomics,http://purl.obolibrary.org/obo/CL_0000192,smooth muscle cell,0.369,0.01943537343305593,2,#VHMProstate,#VHMaleOrgans,VH_M_seminal_colliculus,Verumontanum,FMA:19719,surface,VH_M_Prostate,,,prostate_Verumontanum_smooth muscle cell,#0539e1
prostate,http://purl.obolibrary.org/obo/UBERON_0000079,http://purl.org/sig/ont/fma/fma19719,Verumontanum,Male,popv,sc_transcriptomics,http://purl.obolibrary.org/obo/CL_0000235,macrophage,0.744,0.03918676919835668,2,#VHMProstate,#VHMaleOrgans,VH_M_seminal_colliculus,Verumontanum,FMA:19719,surface,VH_M_Prostate,,,prostate_Verumontanum_macrophage,#44bbe5
prostate,http://purl.obolibrary.org/obo/UBERON_0000079,http://purl.org/sig/ont/fma/fma19719,Verumontanum,Male,popv,sc_transcriptomics,http://purl.obolibrary.org/obo/CL_0000499,stromal cell,0.047,0.002475508269251027,2,#VHMProstate,#VHMaleOrgans,VH_M_seminal_colliculus,Verumontanum,FMA:19719,surface,VH_M_Prostate,,,prostate_Verumontanum_stromal cell,#3f896e
prostate,http://purl.obolibrary.org/obo/UBERON_0000079,http://purl.org/sig/ont/fma/fma19719,Verumontanum,Male,popv,sc_transcriptomics,http://purl.obolibrary.org/obo/CL_0000576,monocyte,0.091,0.004793005372379647,2,#VHMProstate,#VHMaleOrgans,VH_M_seminal_colliculus,Verumontanum,FMA:19719,surface,VH_M_Prostate,,,prostate_Verumontanum_monocyte,#c4c2a6
prostate,http://purl.obolibrary.org/obo/UBERON_0000079,http://purl.org/sig/ont/fma/fma19719,Verumontanum,Male,popv,sc_transcriptomics,http://purl.obolibrary.org/obo/CL_0000625,"CD8-positive, alpha-beta T cell",2.187,0.115190140103234,2,#VHMProstate,#VHMaleOrgans,VH_M_seminal_colliculus,Verumontanum,FMA:19719,surface,VH_M_Prostate,,,"prostate_Verumontanum_CD8-positive, alpha-beta T cell",#65bda2
prostate,http://purl.obolibrary.org/obo/UBERON_0000079,http://purl.org/sig/ont/fma/fma19719,Verumontanum,Male,popv,sc_transcriptomics,http://purl.obolibrary.org/obo/CL_0000814,mature NK T cell,0.5630000000000001,0.02965342884230486,2,#VHMProstate,#VHMaleOrgans,VH_M_seminal_colliculus,Verumontanum,FMA:19719,surface,VH_M_Prostate,,,prostate_Verumontanum_mature NK T cell,#aa4aba
prostate,http://purl.obolibrary.org/obo/UBERON_0000079,http://purl.org/sig/ont/fma/fma19719,Verumontanum,Male,popv,sc_transcriptomics,http://purl.obolibrary.org/obo/CL_0002340,luminal cell of prostate epithelium,1.488,0.07837353839671336,2,#VHMProstate,#VHMaleOrgans,VH_M_seminal_colliculus,Verumontanum,FMA:19719,surface,VH_M_Prostate,,,prostate_Verumontanum_luminal cell of prostate epithelium,#1f90b0
prostate,http://purl.obolibrary.org/obo/UBERON_0000079,http://purl.org/sig/ont/fma/fma19719,Verumontanum,Male,popv,sc_transcriptomics,http://purl.obolibrary.org/obo/CL_0002341,basal cell of prostate epithelium,4.95,0.2607184241019699,2,#VHMProstate,#VHMaleOrgans,VH_M_seminal_colliculus,Verumontanum,FMA:19719,surface,VH_M_Prostate,,,prostate_Verumontanum_basal cell of prostate epithelium,#631bfd
small intestine,http://purl.obolibrary.org/obo/UBERON_0002108,http://purl.obolibrary.org/obo/UBERON_0002115,jejunum,Male,sc_proteomics,sc_proteomics,http://purl.obolibrary.org/obo/CL_0000071,blood vessel endothelial cell,7584.759,0.06984677488131448,6,#VHMSmallIntestine,#VHMaleOrgans,VH_M_jejunum,jejunum,UBERON:0002115,mesh,VH_M_Small_Intestine,,,small intestine_jejunum_blood vessel endothelial cell,#308eaf
small intestine,http://purl.obolibrary.org/obo/UBERON_0002108,http://purl.obolibrary.org/obo/UBERON_0002115,jejunum,Male,sc_proteomics,sc_proteomics,http://purl.obolibrary.org/obo/CL_0000160,goblet cell,5120.99,0.04715833893990074,6,#VHMSmallIntestine,#VHMaleOrgans,VH_M_jejunum,jejunum,UBERON:0002115,mesh,VH_M_Small_Intestine,,,small intestine_jejunum_goblet cell,#04fdcd
small intestine,http://purl.obolibrary.org/obo/UBERON_0002108,http://purl.obolibrary.org/obo/UBERON_0002115,jejunum,Male,sc_proteomics,sc_proteomics,http://purl.obolibrary.org/obo/CL_0000165,neuroendocrine cell,656.1590000000001,0.006042458298193579,6,#VHMSmallIntestine,#VHMaleOrgans,VH_M_jejunum,jejunum,UBERON:0002115,mesh,VH_M_Small_Intestine,,,small intestine_jejunum_neuroendocrine cell,#9718df
small intestine,http://purl.obolibrary.org/obo/UBERON_0002108,http://purl.obolibrary.org/obo/UBERON_0002115,jejunum,Male,sc_proteomics,sc_proteomics,http://purl.obolibrary.org/obo/CL_0000236,B cell,137.543,0.001266610443060964,6,#VHMSmallIntestine,#VHMaleOrgans,VH_M_jejunum,jejunum,UBERON:0002115,mesh,VH_M_Small_Intestine,,,small intestine_jejunum_B cell,#eb99ce
small intestine,http://purl.obolibrary.org/obo/UBERON_0002108,http://purl.obolibrary.org/obo/UBERON_0002115,jejunum,Male,sc_proteomics,sc_proteomics,http://purl.obolibrary.org/obo/CL_0000451,dendritic cell,802.62,0.007391193109133807,6,#VHMSmallIntestine,#VHMaleOrgans,VH_M_jejunum,jejunum,UBERON:0002115,mesh,VH_M_Small_Intestine,,,small intestine_jejunum_dendritic cell,#94d095
small intestine,http://purl.obolibrary.org/obo/UBERON_0002108,http://purl.obolibrary.org/obo/UBERON_0002115,jejunum,Male,sc_proteomics,sc_proteomics,http://purl.obolibrary.org/obo/CL_0000499,stromal cell,7970.291,0.07339707447732575,6,#VHMSmallIntestine,#VHMaleOrgans,VH_M_jejunum,jejunum,UBERON:0002115,mesh,VH_M_Small_Intestine,,,small intestine_jejunum_stromal cell,#977fc5
small intestine,http://purl.obolibrary.org/obo/UBERON_0002108,http://purl.obolibrary.org/obo/UBERON_0002115,jejunum,Male,sc_proteomics,sc_proteomics,http://purl.obolibrary.org/obo/CL_0000510,paneth cell,1483.132,0.01365791410422846,6,#VHMSmallIntestine,#VHMaleOrgans,VH_M_jejunum,jejunum,UBERON:0002115,mesh,VH_M_Small_Intestine,,,small intestine_jejunum_paneth cell,#e145c4
small intestine,http://purl.obolibrary.org/obo/UBERON_0002108,http://purl.obolibrary.org/obo/UBERON_0002115,jejunum,Male,sc_proteomics,sc_proteomics,http://purl.obolibrary.org/obo/CL_0000540,neuron,2816.03,0.02593234847264468,6,#VHMSmallIntestine,#VHMaleOrgans,VH_M_jejunum,jejunum,UBERON:0002115,mesh,VH_M_Small_Intestine,,,small intestine_jejunum_neuron,#6f89ae
small intestine,http://purl.obolibrary.org/obo/UBERON_0002108,http://purl.obolibrary.org/obo/UBERON_0002115,jejunum,Male,sc_proteomics,sc_proteomics,http://purl.obolibrary.org/obo/CL_0000584,enterocyte,29369.375,0.2704576538331548,6,#VHMSmallIntestine,#VHMaleOrgans,VH_M_jejunum,jejunum,UBERON:0002115,mesh,VH_M_Small_Intestine,,,small intestine_jejunum_enterocyte,#9df617
small intestine,http://purl.obolibrary.org/obo/UBERON_0002108,http://purl.obolibrary.org/obo/UBERON_0002115,jejunum,Male,sc_proteomics,sc_proteomics,http://purl.obolibrary.org/obo/CL_0000623,natural killer cell,323.106,0.00297542902085643,6,#VHMSmallIntestine,#VHMaleOrgans,VH_M_jejunum,jejunum,UBERON:0002115,mesh,VH_M_Small_Intestine,,,small intestine_jejunum_natural killer cell,#e13c37
small intestine,http://purl.obolibrary.org/obo/UBERON_0002108,http://purl.obolibrary.org/obo/UBERON_0002115,jejunum,Male,sc_proteomics,sc_proteomics,http://purl.obolibrary.org/obo/CL_0000624,"CD4-positive, alpha-beta T cell",5044.501,0.04645396455385936,6,#VHMSmallIntestine,#VHMaleOrgans,VH_M_jejunum,jejunum,UBERON:0002115,mesh,VH_M_Small_Intestine,,,"small intestine_jejunum_CD4-positive, alpha-beta T cell",#b10fe0
small intestine,http://purl.obolibrary.org/obo/UBERON_0002108,http://purl.obolibrary.org/obo/UBERON_0002115,jejunum,Male,sc_proteomics,sc_proteomics,http://purl.obolibrary.org/obo/CL_0000625,"CD8-positive, alpha-beta T cell",16370.361,0.1507519117605253,6,#VHMSmallIntestine,#VHMaleOrgans,VH_M_jejunum,jejunum,UBERON:0002115,mesh,VH_M_Small_Intestine,,,"small intestine_jejunum_CD8-positive, alpha-beta T cell",#6ddf14
small intestine,http://purl.obolibrary.org/obo/UBERON_0002108,http://purl.obolibrary.org/obo/UBERON_0002115,jejunum,Male,sc_proteomics,sc_proteomics,http://purl.obolibrary.org/obo/CL_0000775,neutrophil,711.3820000000001,0.006550997653138255,6,#VHMSmallIntestine,#VHMaleOrgans,VH_M_jejunum,jejunum,UBERON:0002115,mesh,VH_M_Small_Intestine,,,small intestine_jejunum_neutrophil,#f5c752
small intestine,http://purl.obolibrary.org/obo/UBERON_0002108,http://purl.obolibrary.org/obo/UBERON_0002115,jejunum,Male,sc_proteomics,sc_proteomics,http://purl.obolibrary.org/obo/CL_0000786,plasma cell,5039.013000000001,0.04640342648131828,6,#VHMSmallIntestine,#VHMaleOrgans,VH_M_jejunum,jejunum,UBERON:0002115,mesh,VH_M_Small_Intestine,,,small intestine_jejunum_plasma cell,#962df1
small intestine,http://purl.obolibrary.org/obo/UBERON_0002108,http://purl.obolibrary.org/obo/UBERON_0002115,jejunum,Male,sc_proteomics,sc_proteomics,http://purl.obolibrary.org/obo/CL_0000863,M1 Macrophage,917.525,0.00844933400296279,6,#VHMSmallIntestine,#VHMaleOrgans,VH_M_jejunum,jejunum,UBERON:0002115,mesh,VH_M_Small_Intestine,,,small intestine_jejunum_M1 Macrophage,#1d1944
small intestine,http://purl.obolibrary.org/obo/UBERON_0002108,http://purl.obolibrary.org/obo/UBERON_0002115,jejunum,Male,sc_proteomics,sc_proteomics,http://purl.obolibrary.org/obo/CL_0000890,M2 macrophage,3644.032,0.03355728016728101,6,#VHMSmallIntestine,#VHMaleOrgans,VH_M_jejunum,jejunum,UBERON:0002115,mesh,VH_M_Small_Intestine,,,small intestine_jejunum_M2 macrophage,#807cf3
small intestine,http://purl.obolibrary.org/obo/UBERON_0002108,http://purl.obolibrary.org/obo/UBERON_0002115,jejunum,Male,sc_proteomics,sc_proteomics,http://purl.obolibrary.org/obo/CL_0001028,CD7+ Immune,456.8760000000001,0.004207294539045399,6,#VHMSmallIntestine,#VHMaleOrgans,VH_M_jejunum,jejunum,UBERON:0002115,mesh,VH_M_Small_Intestine,,,small intestine_jejunum_CD7+ Immune,#4081c1
small intestine,http://purl.obolibrary.org/obo/UBERON_0002108,http://purl.obolibrary.org/obo/UBERON_0002115,jejunum,Male,sc_proteomics,sc_proteomics,http://purl.obolibrary.org/obo/CL_0002088,interstitial cell of Cajal,889.3990000000001,0.008190326381189729,6,#VHMSmallIntestine,#VHMaleOrgans,VH_M_jejunum,jejunum,UBERON:0002115,mesh,VH_M_Small_Intestine,,,small intestine_jejunum_interstitial cell of Cajal,#8c0aa7
small intestine,http://purl.obolibrary.org/obo/UBERON_0002108,http://purl.obolibrary.org/obo/UBERON_0002115,jejunum,Male,sc_proteomics,sc_proteomics,http://purl.obolibrary.org/obo/CL_0002138,endothelial cell of lymphatic vessel,1929.375,0.0177672911277255,6,#VHMSmallIntestine,#VHMaleOrgans,VH_M_jejunum,jejunum,UBERON:0002115,mesh,VH_M_Small_Intestine,,,small intestine_jejunum_endothelial cell of lymphatic vessel,#5e99d2
small intestine,http://purl.obolibrary.org/obo/UBERON_0002108,http://purl.obolibrary.org/obo/UBERON_0002115,jejunum,Male,sc_proteomics,sc_proteomics,http://purl.obolibrary.org/obo/CL_0002504,enteric smooth muscle cell,14466.711,0.1332215178478361,6,#VHMSmallIntestine,#VHMaleOrgans,VH_M_jejunum,jejunum,UBERON:0002115,mesh,VH_M_Small_Intestine,,,small intestine_jejunum_enteric smooth muscle cell,#03646b
small intestine,http://purl.obolibrary.org/obo/UBERON_0002108,http://purl.obolibrary.org/obo/UBERON_0002115,jejunum,Male,sc_proteomics,sc_proteomics,http://purl.obolibrary.org/obo/CL_0009010,transit amplifying cell,2828.721,0.02604921776539594,6,#VHMSmallIntestine,#VHMaleOrgans,VH_M_jejunum,jejunum,UBERON:0002115,mesh,VH_M_Small_Intestine,,,small intestine_jejunum_transit amplifying cell,#e04af4
small intestine,http://purl.obolibrary.org/obo/UBERON_0002108,http://purl.obolibrary.org/obo/UBERON_0002115,jejunum,Male,sc_proteomics,sc_proteomics,http://purl.obolibrary.org/obo/CL_4033092,CD57+ Enterocyte,29.498,0.0002716421399083365,6,#VHMSmallIntestine,#VHMaleOrgans,VH_M_jejunum,jejunum,UBERON:0002115,mesh,VH_M_Small_Intestine,,,small intestine_jejunum_CD57+ Enterocyte,#7bac4e
small intestine,http://purl.obolibrary.org/obo/UBERON_0002108,http://purl.org/sig/ont/fma/fma14928,descending part of duodenum,Male,sc_proteomics,sc_proteomics,http://purl.obolibrary.org/obo/CL_0000071,blood vessel endothelial cell,7352.73,0.07759710521458399,6,#VHMSmallIntestine,#VHMaleOrgans,VH_M_duodenum_descending,descending part of duodenum,FMA:14928,mesh,VH_M_Small_Intestine,,,small intestine_descending part of duodenum_blood vessel endothelial cell,#369e73
small intestine,http://purl.obolibrary.org/obo/UBERON_0002108,http://purl.org/sig/ont/fma/fma14928,descending part of duodenum,Male,sc_proteomics,sc_proteomics,http://purl.obolibrary.org/obo/CL_0000160,goblet cell,5313.000000000001,0.05607079547393754,6,#VHMSmallIntestine,#VHMaleOrgans,VH_M_duodenum_descending,descending part of duodenum,FMA:14928,mesh,VH_M_Small_Intestine,,,small intestine_descending part of duodenum_goblet cell,#07546e
small intestine,http://purl.obolibrary.org/obo/UBERON_0002108,http://purl.org/sig/ont/fma/fma14928,descending part of duodenum,Male,sc_proteomics,sc_proteomics,http://purl.obolibrary.org/obo/CL_0000165,neuroendocrine cell,915.75,0.00966437623852029,6,#VHMSmallIntestine,#VHMaleOrgans,VH_M_duodenum_descending,descending part of duodenum,FMA:14928,mesh,VH_M_Small_Intestine,,,small intestine_descending part of duodenum_neuroendocrine cell,#dafd52
small intestine,http://purl.obolibrary.org/obo/UBERON_0002108,http://purl.org/sig/ont/fma/fma14928,descending part of duodenum,Male,sc_proteomics,sc_proteomics,http://purl.obolibrary.org/obo/CL_0000236,B cell,86.79,0.0009159390813444454,6,#VHMSmallIntestine,#VHMaleOrgans,VH_M_duodenum_descending,descending part of duodenum,FMA:14928,mesh,VH_M_Small_Intestine,,,small intestine_descending part of duodenum_B cell,#30a734
small intestine,http://purl.obolibrary.org/obo/UBERON_0002108,http://purl.org/sig/ont/fma/fma14928,descending part of duodenum,Male,sc_proteomics,sc_proteomics,http://purl.obolibrary.org/obo/CL_0000451,dendritic cell,727.65,0.007679261119256662,6,#VHMSmallIntestine,#VHMaleOrgans,VH_M_duodenum_descending,descending part of duodenum,FMA:14928,mesh,VH_M_Small_Intestine,,,small intestine_descending part of duodenum_dendritic cell,#fad622
small intestine,http://purl.obolibrary.org/obo/UBERON_0002108,http://purl.org/sig/ont/fma/fma14928,descending part of duodenum,Male,sc_proteomics,sc_proteomics,http://purl.obolibrary.org/obo/CL_0000499,stromal cell,7353.06,0.07760058787268796,6,#VHMSmallIntestine,#VHMaleOrgans,VH_M_duodenum_descending,descending part of duodenum,FMA:14928,mesh,VH_M_Small_Intestine,,,small intestine_descending part of duodenum_stromal cell,#a04cbf
small intestine,http://purl.obolibrary.org/obo/UBERON_0002108,http://purl.org/sig/ont/fma/fma14928,descending part of duodenum,Male,sc_proteomics,sc_proteomics,http://purl.obolibrary.org/obo/CL_0000510,paneth cell,1173.48,0.01238433221772186,6,#VHMSmallIntestine,#VHMaleOrgans,VH_M_duodenum_descending,descending part of duodenum,FMA:14928,mesh,VH_M_Small_Intestine,,,small intestine_descending part of duodenum_paneth cell,#f24ca8
small intestine,http://purl.obolibrary.org/obo/UBERON_0002108,http://purl.org/sig/ont/fma/fma14928,descending part of duodenum,Male,sc_proteomics,sc_proteomics,http://purl.obolibrary.org/obo/CL_0000540,neuron,2135.1,0.02253279793269415,6,#VHMSmallIntestine,#VHMaleOrgans,VH_M_duodenum_descending,descending part of duodenum,FMA:14928,mesh,VH_M_Small_Intestine,,,small intestine_descending part of duodenum_neuron,#a7f38f
small intestine,http://purl.obolibrary.org/obo/UBERON_0002108,http://purl.org/sig/ont/fma/fma14928,descending part of duodenum,Male,sc_proteomics,sc_proteomics,http://purl.obolibrary.org/obo/CL_0000584,enterocyte,28490.88,0.3006787700644641,6,#VHMSmallIntestine,#VHMaleOrgans,VH_M_duodenum_descending,descending part of duodenum,FMA:14928,mesh,VH_M_Small_Intestine,,,small intestine_descending part of duodenum_enterocyte,#58f878
small intestine,http://purl.obolibrary.org/obo/UBERON_0002108,http://purl.org/sig/ont/fma/fma14928,descending part of duodenum,Male,sc_proteomics,sc_proteomics,http://purl.obolibrary.org/obo/CL_0000623,natural killer cell,171.27,0.001807499555961092,6,#VHMSmallIntestine,#VHMaleOrgans,VH_M_duodenum_descending,descending part of duodenum,FMA:14928,mesh,VH_M_Small_Intestine,,,small intestine_descending part of duodenum_natural killer cell,#d4a505
small intestine,http://purl.obolibrary.org/obo/UBERON_0002108,http://purl.org/sig/ont/fma/fma14928,descending part of duodenum,Male,sc_proteomics,sc_proteomics,http://purl.obolibrary.org/obo/CL_0000624,"CD4-positive, alpha-beta T cell",4221.69,0.04455364512410452,6,#VHMSmallIntestine,#VHMaleOrgans,VH_M_duodenum_descending,descending part of duodenum,FMA:14928,mesh,VH_M_Small_Intestine,,,"small intestine_descending part of duodenum_CD4-positive, alpha-beta T cell",#7b63bd
small intestine,http://purl.obolibrary.org/obo/UBERON_0002108,http://purl.org/sig/ont/fma/fma14928,descending part of duodenum,Male,sc_proteomics,sc_proteomics,http://purl.obolibrary.org/obo/CL_0000625,"CD8-positive, alpha-beta T cell",7580.099999999999,0.07999665664822019,6,#VHMSmallIntestine,#VHMaleOrgans,VH_M_duodenum_descending,descending part of duodenum,FMA:14928,mesh,VH_M_Small_Intestine,,,"small intestine_descending part of duodenum_CD8-positive, alpha-beta T cell",#dfb8f1
small intestine,http://purl.obolibrary.org/obo/UBERON_0002108,http://purl.org/sig/ont/fma/fma14928,descending part of duodenum,Male,sc_proteomics,sc_proteomics,http://purl.obolibrary.org/obo/CL_0000775,neutrophil,639.54,0.006749391405496331,6,#VHMSmallIntestine,#VHMaleOrgans,VH_M_duodenum_descending,descending part of duodenum,FMA:14928,mesh,VH_M_Small_Intestine,,,small intestine_descending part of duodenum_neutrophil,#e32260
small intestine,http://purl.obolibrary.org/obo/UBERON_0002108,http://purl.org/sig/ont/fma/fma14928,descending part of duodenum,Male,sc_proteomics,sc_proteomics,http://purl.obolibrary.org/obo/CL_0000786,plasma cell,6468.99,0.0682705468121489,6,#VHMSmallIntestine,#VHMaleOrgans,VH_M_duodenum_descending,descending part of duodenum,FMA:14928,mesh,VH_M_Small_Intestine,,,small intestine_descending part of duodenum_plasma cell,#5df425
small intestine,http://purl.obolibrary.org/obo/UBERON_0002108,http://purl.org/sig/ont/fma/fma14928,descending part of duodenum,Male,sc_proteomics,sc_proteomics,http://purl.obolibrary.org/obo/CL_0000863,M1 Macrophage,1372.8,0.01448785771252051,6,#VHMSmallIntestine,#VHMaleOrgans,VH_M_duodenum_descending,descending part of duodenum,FMA:14928,mesh,VH_M_Small_Intestine,,,small intestine_descending part of duodenum_M1 Macrophage,#fc30b7
small intestine,http://purl.obolibrary.org/obo/UBERON_0002108,http://purl.org/sig/ont/fma/fma14928,descending part of duodenum,Male,sc_proteomics,sc_proteomics,http://purl.obolibrary.org/obo/CL_0000890,M2 macrophage,3930.96,0.04148542333450584,6,#VHMSmallIntestine,#VHMaleOrgans,VH_M_duodenum_descending,descending part of duodenum,FMA:14928,mesh,VH_M_Small_Intestine,,,small intestine_descending part of duodenum_M2 macrophage,#122d7f
small intestine,http://purl.obolibrary.org/obo/UBERON_0002108,http://purl.org/sig/ont/fma/fma14928,descending part of duodenum,Male,sc_proteomics,sc_proteomics,http://purl.obolibrary.org/obo/CL_0001028,CD7+ Immune,476.19,0.00502547564403055,6,#VHMSmallIntestine,#VHMaleOrgans,VH_M_duodenum_descending,descending part of duodenum,FMA:14928,mesh,VH_M_Small_Intestine,,,small intestine_descending part of duodenum_CD7+ Immune,#557423
small intestine,http://purl.obolibrary.org/obo/UBERON_0002108,http://purl.org/sig/ont/fma/fma14928,descending part of duodenum,Male,sc_proteomics,sc_proteomics,http://purl.obolibrary.org/obo/CL_0002088,interstitial cell of Cajal,1046.76,0.01104699150579689,6,#VHMSmallIntestine,#VHMaleOrgans,VH_M_duodenum_descending,descending part of duodenum,FMA:14928,mesh,VH_M_Small_Intestine,,,small intestine_descending part of duodenum_interstitial cell of Cajal,#7cf8d3
small intestine,http://purl.obolibrary.org/obo/UBERON_0002108,http://purl.org/sig/ont/fma/fma14928,descending part of duodenum,Male,sc_proteomics,sc_proteomics,http://purl.obolibrary.org/obo/CL_0002138,endothelial cell of lymphatic vessel,1897.17,0.02002180143973086,6,#VHMSmallIntestine,#VHMaleOrgans,VH_M_duodenum_descending,descending part of duodenum,FMA:14928,mesh,VH_M_Small_Intestine,,,small intestine_descending part of duodenum_endothelial cell of lymphatic vessel,#a382ea
small intestine,http://purl.obolibrary.org/obo/UBERON_0002108,http://purl.org/sig/ont/fma/fma14928,descending part of duodenum,Male,sc_proteomics,sc_proteomics,http://purl.obolibrary.org/obo/CL_0002504,enteric smooth muscle cell,9138.03,0.0964382855570686,6,#VHMSmallIntestine,#VHMaleOrgans,VH_M_duodenum_descending,descending part of duodenum,FMA:14928,mesh,VH_M_Small_Intestine,,,small intestine_descending part of duodenum_enteric smooth muscle cell,#77a3ff
small intestine,http://purl.obolibrary.org/obo/UBERON_0002108,http://purl.org/sig/ont/fma/fma14928,descending part of duodenum,Male,sc_proteomics,sc_proteomics,http://purl.obolibrary.org/obo/CL_0009010,transit amplifying cell,3893.01,0.04108491765254914,6,#VHMSmallIntestine,#VHMaleOrgans,VH_M_duodenum_descending,descending part of duodenum,FMA:14928,mesh,VH_M_Small_Intestine,,,small intestine_descending part of duodenum_transit amplifying cell,#6e75b0
small intestine,http://purl.obolibrary.org/obo/UBERON_0002108,http://purl.org/sig/ont/fma/fma14928,descending part of duodenum,Male,sc_proteomics,sc_proteomics,http://purl.obolibrary.org/obo/CL_4033092,CD57+ Enterocyte,370.26,0.003907542392655771,6,#VHMSmallIntestine,#VHMaleOrgans,VH_M_duodenum_descending,descending part of duodenum,FMA:14928,mesh,VH_M_Small_Intestine,,,small intestine_descending part of duodenum_CD57+ Enterocyte,#ebc569
small intestine,http://purl.obolibrary.org/obo/UBERON_0002108,http://purl.org/sig/ont/fma/fma14929,horizontal part of duodenum,Male,sc_proteomics,sc_proteomics,http://purl.obolibrary.org/obo/CL_0000071,blood vessel endothelial cell,4250.19,0.0804783723569717,6,#VHMSmallIntestine,#VHMaleOrgans,VH_M_duodenum_horizonal,horizontal part of duodenum,FMA:14929,mesh,VH_M_Small_Intestine,,,small intestine_horizontal part of duodenum_blood vessel endothelial cell,#7a789a
small intestine,http://purl.obolibrary.org/obo/UBERON_0002108,http://purl.org/sig/ont/fma/fma14929,horizontal part of duodenum,Male,sc_proteomics,sc_proteomics,http://purl.obolibrary.org/obo/CL_0000160,goblet cell,3101.34,0.05872462062297701,6,#VHMSmallIntestine,#VHMaleOrgans,VH_M_duodenum_horizonal,horizontal part of duodenum,FMA:14929,mesh,VH_M_Small_Intestine,,,small intestine_horizontal part of duodenum_goblet cell,#41d1f3
small intestine,http://purl.obolibrary.org/obo/UBERON_0002108,http://purl.org/sig/ont/fma/fma14929,horizontal part of duodenum,Male,sc_proteomics,sc_proteomics,http://purl.obolibrary.org/obo/CL_0000165,neuroendocrine cell,367.854,0.006965404178401783,6,#VHMSmallIntestine,#VHMaleOrgans,VH_M_duodenum_horizonal,horizontal part of duodenum,FMA:14929,mesh,VH_M_Small_Intestine,,,small intestine_horizontal part of duodenum_neuroendocrine cell,#6ff4d2
small intestine,http://purl.obolibrary.org/obo/UBERON_0002108,http://purl.org/sig/ont/fma/fma14929,horizontal part of duodenum,Male,sc_proteomics,sc_proteomics,http://purl.obolibrary.org/obo/CL_0000236,B cell,73.038,0.001382992139224011,6,#VHMSmallIntestine,#VHMaleOrgans,VH_M_duodenum_horizonal,horizontal part of duodenum,FMA:14929,mesh,VH_M_Small_Intestine,,,small intestine_horizontal part of duodenum_B cell,#4a3950
small intestine,http://purl.obolibrary.org/obo/UBERON_0002108,http://purl.org/sig/ont/fma/fma14929,horizontal part of duodenum,Male,sc_proteomics,sc_proteomics,http://purl.obolibrary.org/obo/CL_0000451,dendritic cell,451.77,0.008554373870276178,6,#VHMSmallIntestine,#VHMaleOrgans,VH_M_duodenum_horizonal,horizontal part of duodenum,FMA:14929,mesh,VH_M_Small_Intestine,,,small intestine_horizontal part of duodenum_dendritic cell,#9d3c3a
small intestine,http://purl.obolibrary.org/obo/UBERON_0002108,http://purl.org/sig/ont/fma/fma14929,horizontal part of duodenum,Male,sc_proteomics,sc_proteomics,http://purl.obolibrary.org/obo/CL_0000499,stromal cell,3558.66,0.06738408508134011,6,#VHMSmallIntestine,#VHMaleOrgans,VH_M_duodenum_horizonal,horizontal part of duodenum,FMA:14929,mesh,VH_M_Small_Intestine,,,small intestine_horizontal part of duodenum_stromal cell,#11cef7
small intestine,http://purl.obolibrary.org/obo/UBERON_0002108,http://purl.org/sig/ont/fma/fma14929,horizontal part of duodenum,Male,sc_proteomics,sc_proteomics,http://purl.obolibrary.org/obo/CL_0000510,paneth cell,711.066,0.01346420614569759,6,#VHMSmallIntestine,#VHMaleOrgans,VH_M_duodenum_horizonal,horizontal part of duodenum,FMA:14929,mesh,VH_M_Small_Intestine,,,small intestine_horizontal part of duodenum_paneth cell,#d88850
small intestine,http://purl.obolibrary.org/obo/UBERON_0002108,http://purl.org/sig/ont/fma/fma14929,horizontal part of duodenum,Male,sc_proteomics,sc_proteomics,http://purl.obolibrary.org/obo/CL_0000540,neuron,1440.114,0.02726890579679684,6,#VHMSmallIntestine,#VHMaleOrgans,VH_M_duodenum_horizonal,horizontal part of duodenum,FMA:14929,mesh,VH_M_Small_Intestine,,,small intestine_horizontal part of duodenum_neuron,#e89d31
small intestine,http://purl.obolibrary.org/obo/UBERON_0002108,http://purl.org/sig/ont/fma/fma14929,horizontal part of duodenum,Male,sc_proteomics,sc_proteomics,http://purl.obolibrary.org/obo/CL_0000584,enterocyte,14753.01,0.2793518012526798,6,#VHMSmallIntestine,#VHMaleOrgans,VH_M_duodenum_horizonal,horizontal part of duodenum,FMA:14929,mesh,VH_M_Small_Intestine,,,small intestine_horizontal part of duodenum_enterocyte,#cc63e4
small intestine,http://purl.obolibrary.org/obo/UBERON_0002108,http://purl.org/sig/ont/fma/fma14929,horizontal part of duodenum,Male,sc_proteomics,sc_proteomics,http://purl.obolibrary.org/obo/CL_0000623,natural killer cell,56.832,0.001076127622010173,6,#VHMSmallIntestine,#VHMaleOrgans,VH_M_duodenum_horizonal,horizontal part of duodenum,FMA:14929,mesh,VH_M_Small_Intestine,,,small intestine_horizontal part of duodenum_natural killer cell,#32ddf8
small intestine,http://purl.obolibrary.org/obo/UBERON_0002108,http://purl.org/sig/ont/fma/fma14929,horizontal part of duodenum,Male,sc_proteomics,sc_proteomics,http://purl.obolibrary.org/obo/CL_0000624,"CD4-positive, alpha-beta T cell",2156.064,0.04082559166001092,6,#VHMSmallIntestine,#VHMaleOrgans,VH_M_duodenum_horizonal,horizontal part of duodenum,FMA:14929,mesh,VH_M_Small_Intestine,,,"small intestine_horizontal part of duodenum_CD4-positive, alpha-beta T cell",#869636
small intestine,http://purl.obolibrary.org/obo/UBERON_0002108,http://purl.org/sig/ont/fma/fma14929,horizontal part of duodenum,Male,sc_proteomics,sc_proteomics,http://purl.obolibrary.org/obo/CL_0000625,"CD8-positive, alpha-beta T cell",6364.962,0.1205220900416159,6,#VHMSmallIntestine,#VHMaleOrgans,VH_M_duodenum_horizonal,horizontal part of duodenum,FMA:14929,mesh,VH_M_Small_Intestine,,,"small intestine_horizontal part of duodenum_CD8-positive, alpha-beta T cell",#95d00a
small intestine,http://purl.obolibrary.org/obo/UBERON_0002108,http://purl.org/sig/ont/fma/fma14929,horizontal part of duodenum,Male,sc_proteomics,sc_proteomics,http://purl.obolibrary.org/obo/CL_0000775,neutrophil,240.204,0.004548320652402371,6,#VHMSmallIntestine,#VHMaleOrgans,VH_M_duodenum_horizonal,horizontal part of duodenum,FMA:14929,mesh,VH_M_Small_Intestine,,,small intestine_horizontal part of duodenum_neutrophil,#14574c
small intestine,http://purl.obolibrary.org/obo/UBERON_0002108,http://purl.org/sig/ont/fma/fma14929,horizontal part of duodenum,Male,sc_proteomics,sc_proteomics,http://purl.obolibrary.org/obo/CL_0000786,plasma cell,3248.304,0.06150741939551894,6,#VHMSmallIntestine,#VHMaleOrgans,VH_M_duodenum_horizonal,horizontal part of duodenum,FMA:14929,mesh,VH_M_Small_Intestine,,,small intestine_horizontal part of duodenum_plasma cell,#1cd4d9
small intestine,http://purl.obolibrary.org/obo/UBERON_0002108,http://purl.org/sig/ont/fma/fma14929,horizontal part of duodenum,Male,sc_proteomics,sc_proteomics,http://purl.obolibrary.org/obo/CL_0000863,M1 Macrophage,441.336,0.008356803564672747,6,#VHMSmallIntestine,#VHMaleOrgans,VH_M_duodenum_horizonal,horizontal part of duodenum,FMA:14929,mesh,VH_M_Small_Intestine,,,small intestine_horizontal part of duodenum_M1 Macrophage,#38c773
small intestine,http://purl.obolibrary.org/obo/UBERON_0002108,http://purl.org/sig/ont/fma/fma14929,horizontal part of duodenum,Male,sc_proteomics,sc_proteomics,http://purl.obolibrary.org/obo/CL_0000890,M2 macrophage,2082.138,0.03942578502669301,6,#VHMSmallIntestine,#VHMaleOrgans,VH_M_duodenum_horizonal,horizontal part of duodenum,FMA:14929,mesh,VH_M_Small_Intestine,,,small intestine_horizontal part of duodenum_M2 macrophage,#286cfa
small intestine,http://purl.obolibrary.org/obo/UBERON_0002108,http://purl.org/sig/ont/fma/fma14929,horizontal part of duodenum,Male,sc_proteomics,sc_proteomics,http://purl.obolibrary.org/obo/CL_0001028,CD7+ Immune,354.3120000000001,0.006708983143469672,6,#VHMSmallIntestine,#VHMaleOrgans,VH_M_duodenum_horizonal,horizontal part of duodenum,FMA:14929,mesh,VH_M_Small_Intestine,,,small intestine_horizontal part of duodenum_CD7+ Immune,#a4047b
small intestine,http://purl.obolibrary.org/obo/UBERON_0002108,http://purl.org/sig/ont/fma/fma14929,horizontal part of duodenum,Male,sc_proteomics,sc_proteomics,http://purl.obolibrary.org/obo/CL_0002088,interstitial cell of Cajal,800.088,0.01514985917861196,6,#VHMSmallIntestine,#VHMaleOrgans,VH_M_duodenum_horizonal,horizontal part of duodenum,FMA:14929,mesh,VH_M_Small_Intestine,,,small intestine_horizontal part of duodenum_interstitial cell of Cajal,#82263f
small intestine,http://purl.obolibrary.org/obo/UBERON_0002108,http://purl.org/sig/ont/fma/fma14929,horizontal part of duodenum,Male,sc_proteomics,sc_proteomics,http://purl.obolibrary.org/obo/CL_0002138,endothelial cell of lymphatic vessel,1140.858,0.02160242128714952,6,#VHMSmallIntestine,#VHMaleOrgans,VH_M_duodenum_horizonal,horizontal part of duodenum,FMA:14929,mesh,VH_M_Small_Intestine,,,small intestine_horizontal part of duodenum_endothelial cell of lymphatic vessel,#e1dfb3
small intestine,http://purl.obolibrary.org/obo/UBERON_0002108,http://purl.org/sig/ont/fma/fma14929,horizontal part of duodenum,Male,sc_proteomics,sc_proteomics,http://purl.obolibrary.org/obo/CL_0002504,enteric smooth muscle cell,5454.984,0.1032914372188827,6,#VHMSmallIntestine,#VHMaleOrgans,VH_M_duodenum_horizonal,horizontal part of duodenum,FMA:14929,mesh,VH_M_Small_Intestine,,,small intestine_horizontal part of duodenum_enteric smooth muscle cell,#9d3aef
small intestine,http://purl.obolibrary.org/obo/UBERON_0002108,http://purl.org/sig/ont/fma/fma14929,horizontal part of duodenum,Male,sc_proteomics,sc_proteomics,http://purl.obolibrary.org/obo/CL_0009010,transit amplifying cell,1725.384,0.03267056202446509,6,#VHMSmallIntestine,#VHMaleOrgans,VH_M_duodenum_horizonal,horizontal part of duodenum,FMA:14929,mesh,VH_M_Small_Intestine,,,small intestine_horizontal part of duodenum_transit amplifying cell,#2d959e
small intestine,http://purl.obolibrary.org/obo/UBERON_0002108,http://purl.org/sig/ont/fma/fma14929,horizontal part of duodenum,Male,sc_proteomics,sc_proteomics,http://purl.obolibrary.org/obo/CL_4033092,CD57+ Enterocyte,39.072,0.0007398377401319937,6,#VHMSmallIntestine,#VHMaleOrgans,VH_M_duodenum_horizonal,horizontal part of duodenum,FMA:14929,mesh,VH_M_Small_Intestine,,,small intestine_horizontal part of duodenum_CD57+ Enterocyte,#665577
small intestine,http://purl.obolibrary.org/obo/UBERON_0002108,http://purl.org/sig/ont/fma/fma14930,ascending part of duodenum,Male,sc_proteomics,sc_proteomics,http://purl.obolibrary.org/obo/CL_0000071,blood vessel endothelial cell,1244.425,0.08047837235697171,6,#VHMSmallIntestine,#VHMaleOrgans,VH_M_duodenum_ascending,ascending part of duodenum,FMA:14930,mesh,VH_M_Small_Intestine,,,small intestine_ascending part of duodenum_blood vessel endothelial cell,#6b2fc7
small intestine,http://purl.obolibrary.org/obo/UBERON_0002108,http://purl.org/sig/ont/fma/fma14930,ascending part of duodenum,Male,sc_proteomics,sc_proteomics,http://purl.obolibrary.org/obo/CL_0000160,goblet cell,908.05,0.05872462062297701,6,#VHMSmallIntestine,#VHMaleOrgans,VH_M_duodenum_ascending,ascending part of duodenum,FMA:14930,mesh,VH_M_Small_Intestine,,,small intestine_ascending part of duodenum_goblet cell,#0913f4
small intestine,http://purl.obolibrary.org/obo/UBERON_0002108,http://purl.org/sig/ont/fma/fma14930,ascending part of duodenum,Male,sc_proteomics,sc_proteomics,http://purl.obolibrary.org/obo/CL_0000165,neuroendocrine cell,107.705,0.006965404178401783,6,#VHMSmallIntestine,#VHMaleOrgans,VH_M_duodenum_ascending,ascending part of duodenum,FMA:14930,mesh,VH_M_Small_Intestine,,,small intestine_ascending part of duodenum_neuroendocrine cell,#d165c5
small intestine,http://purl.obolibrary.org/obo/UBERON_0002108,http://purl.org/sig/ont/fma/fma14930,ascending part of duodenum,Male,sc_proteomics,sc_proteomics,http://purl.obolibrary.org/obo/CL_0000236,B cell,21.385,0.001382992139224011,6,#VHMSmallIntestine,#VHMaleOrgans,VH_M_duodenum_ascending,ascending part of duodenum,FMA:14930,mesh,VH_M_Small_Intestine,,,small intestine_ascending part of duodenum_B cell,#d87a26
small intestine,http://purl.obolibrary.org/obo/UBERON_0002108,http://purl.org/sig/ont/fma/fma14930,ascending part of duodenum,Male,sc_proteomics,sc_proteomics,http://purl.obolibrary.org/obo/CL_0000451,dendritic cell,132.275,0.00855437387027618,6,#VHMSmallIntestine,#VHMaleOrgans,VH_M_duodenum_ascending,ascending part of duodenum,FMA:14930,mesh,VH_M_Small_Intestine,,,small intestine_ascending part of duodenum_dendritic cell,#3ecf81
small intestine,http://purl.obolibrary.org/obo/UBERON_0002108,http://purl.org/sig/ont/fma/fma14930,ascending part of duodenum,Male,sc_proteomics,sc_proteomics,http://purl.obolibrary.org/obo/CL_0000499,stromal cell,1041.95,0.06738408508134011,6,#VHMSmallIntestine,#VHMaleOrgans,VH_M_duodenum_ascending,ascending part of duodenum,FMA:14930,mesh,VH_M_Small_Intestine,,,small intestine_ascending part of duodenum_stromal cell,#a83882
small intestine,http://purl.obolibrary.org/obo/UBERON_0002108,http://purl.org/sig/ont/fma/fma14930,ascending part of duodenum,Male,sc_proteomics,sc_proteomics,http://purl.obolibrary.org/obo/CL_0000510,paneth cell,208.195,0.01346420614569759,6,#VHMSmallIntestine,#VHMaleOrgans,VH_M_duodenum_ascending,ascending part of duodenum,FMA:14930,mesh,VH_M_Small_Intestine,,,small intestine_ascending part of duodenum_paneth cell,#f081b3
small intestine,http://purl.obolibrary.org/obo/UBERON_0002108,http://purl.org/sig/ont/fma/fma14930,ascending part of duodenum,Male,sc_proteomics,sc_proteomics,http://purl.obolibrary.org/obo/CL_0000540,neuron,421.655,0.02726890579679684,6,#VHMSmallIntestine,#VHMaleOrgans,VH_M_duodenum_ascending,ascending part of duodenum,FMA:14930,mesh,VH_M_Small_Intestine,,,small intestine_ascending part of duodenum_neuron,#79089c
small intestine,http://purl.obolibrary.org/obo/UBERON_0002108,http://purl.org/sig/ont/fma/fma14930,ascending part of duodenum,Male,sc_proteomics,sc_proteomics,http://purl.obolibrary.org/obo/CL_0000584,enterocyte,4319.574999999999,0.2793518012526798,6,#VHMSmallIntestine,#VHMaleOrgans,VH_M_duodenum_ascending,ascending part of duodenum,FMA:14930,mesh,VH_M_Small_Intestine,,,small intestine_ascending part of duodenum_enterocyte,#728baf
small intestine,http://purl.obolibrary.org/obo/UBERON_0002108,http://purl.org/sig/ont/fma/fma14930,ascending part of duodenum,Male,sc_proteomics,sc_proteomics,http://purl.obolibrary.org/obo/CL_0000623,natural killer cell,16.64,0.001076127622010173,6,#VHMSmallIntestine,#VHMaleOrgans,VH_M_duodenum_ascending,ascending part of duodenum,FMA:14930,mesh,VH_M_Small_Intestine,,,small intestine_ascending part of duodenum_natural killer cell,#3fd28f
small intestine,http://purl.obolibrary.org/obo/UBERON_0002108,http://purl.org/sig/ont/fma/fma14930,ascending part of duodenum,Male,sc_proteomics,sc_proteomics,http://purl.obolibrary.org/obo/CL_0000624,"CD4-positive, alpha-beta T cell",631.28,0.04082559166001093,6,#VHMSmallIntestine,#VHMaleOrgans,VH_M_duodenum_ascending,ascending part of duodenum,FMA:14930,mesh,VH_M_Small_Intestine,,,"small intestine_ascending part of duodenum_CD4-positive, alpha-beta T cell",#cb41e6
small intestine,http://purl.obolibrary.org/obo/UBERON_0002108,http://purl.org/sig/ont/fma/fma14930,ascending part of duodenum,Male,sc_proteomics,sc_proteomics,http://purl.obolibrary.org/obo/CL_0000625,"CD8-positive, alpha-beta T cell",1863.615,0.1205220900416159,6,#VHMSmallIntestine,#VHMaleOrgans,VH_M_duodenum_ascending,ascending part of duodenum,FMA:14930,mesh,VH_M_Small_Intestine,,,"small intestine_ascending part of duodenum_CD8-positive, alpha-beta T cell",#9d0065
small intestine,http://purl.obolibrary.org/obo/UBERON_0002108,http://purl.org/sig/ont/fma/fma14930,ascending part of duodenum,Male,sc_proteomics,sc_proteomics,http://purl.obolibrary.org/obo/CL_0000775,neutrophil,70.33000000000001,0.004548320652402372,6,#VHMSmallIntestine,#VHMaleOrgans,VH_M_duodenum_ascending,ascending part of duodenum,FMA:14930,mesh,VH_M_Small_Intestine,,,small intestine_ascending part of duodenum_neutrophil,#ae1c99
small intestine,http://purl.obolibrary.org/obo/UBERON_0002108,http://purl.org/sig/ont/fma/fma14930,ascending part of duodenum,Male,sc_proteomics,sc_proteomics,http://purl.obolibrary.org/obo/CL_0000786,plasma cell,951.08,0.06150741939551894,6,#VHMSmallIntestine,#VHMaleOrgans,VH_M_duodenum_ascending,ascending part of duodenum,FMA:14930,mesh,VH_M_Small_Intestine,,,small intestine_ascending part of duodenum_plasma cell,#1b10cc
small intestine,http://purl.obolibrary.org/obo/UBERON_0002108,http://purl.org/sig/ont/fma/fma14930,ascending part of duodenum,Male,sc_proteomics,sc_proteomics,http://purl.obolibrary.org/obo/CL_0000863,M1 Macrophage,129.22,0.008356803564672749,6,#VHMSmallIntestine,#VHMaleOrgans,VH_M_duodenum_ascending,ascending part of duodenum,FMA:14930,mesh,VH_M_Small_Intestine,,,small intestine_ascending part of duodenum_M1 Macrophage,#f7427b
small intestine,http://purl.obolibrary.org/obo/UBERON_0002108,http://purl.org/sig/ont/fma/fma14930,ascending part of duodenum,Male,sc_proteomics,sc_proteomics,http://purl.obolibrary.org/obo/CL_0000890,M2 macrophage,609.635,0.03942578502669301,6,#VHMSmallIntestine,#VHMaleOrgans,VH_M_duodenum_ascending,ascending part of duodenum,FMA:14930,mesh,VH_M_Small_Intestine,,,small intestine_ascending part of duodenum_M2 macrophage,#f550b7
small intestine,http://purl.obolibrary.org/obo/UBERON_0002108,http://purl.org/sig/ont/fma/fma14930,ascending part of duodenum,Male,sc_proteomics,sc_proteomics,http://purl.obolibrary.org/obo/CL_0001028,CD7+ Immune,103.74,0.006708983143469672,6,#VHMSmallIntestine,#VHMaleOrgans,VH_M_duodenum_ascending,ascending part of duodenum,FMA:14930,mesh,VH_M_Small_Intestine,,,small intestine_ascending part of duodenum_CD7+ Immune,#883f63
small intestine,http://purl.obolibrary.org/obo/UBERON_0002108,http://purl.org/sig/ont/fma/fma14930,ascending part of duodenum,Male,sc_proteomics,sc_proteomics,http://purl.obolibrary.org/obo/CL_0002088,interstitial cell of Cajal,234.26,0.01514985917861196,6,#VHMSmallIntestine,#VHMaleOrgans,VH_M_duodenum_ascending,ascending part of duodenum,FMA:14930,mesh,VH_M_Small_Intestine,,,small intestine_ascending part of duodenum_interstitial cell of Cajal,#331e52
small intestine,http://purl.obolibrary.org/obo/UBERON_0002108,http://purl.org/sig/ont/fma/fma14930,ascending part of duodenum,Male,sc_proteomics,sc_proteomics,http://purl.obolibrary.org/obo/CL_0002138,endothelial cell of lymphatic vessel,334.035,0.02160242128714953,6,#VHMSmallIntestine,#VHMaleOrgans,VH_M_duodenum_ascending,ascending part of duodenum,FMA:14930,mesh,VH_M_Small_Intestine,,,small intestine_ascending part of duodenum_endothelial cell of lymphatic vessel,#4f6eb1
small intestine,http://purl.obolibrary.org/obo/UBERON_0002108,http://purl.org/sig/ont/fma/fma14930,ascending part of duodenum,Male,sc_proteomics,sc_proteomics,http://purl.obolibrary.org/obo/CL_0002504,enteric smooth muscle cell,1597.18,0.1032914372188827,6,#VHMSmallIntestine,#VHMaleOrgans,VH_M_duodenum_ascending,ascending part of duodenum,FMA:14930,mesh,VH_M_Small_Intestine,,,small intestine_ascending part of duodenum_enteric smooth muscle cell,#49da3b
small intestine,http://purl.obolibrary.org/obo/UBERON_0002108,http://purl.org/sig/ont/fma/fma14930,ascending part of duodenum,Male,sc_proteomics,sc_proteomics,http://purl.obolibrary.org/obo/CL_0009010,transit amplifying cell,505.1799999999999,0.03267056202446509,6,#VHMSmallIntestine,#VHMaleOrgans,VH_M_duodenum_ascending,ascending part of duodenum,FMA:14930,mesh,VH_M_Small_Intestine,,,small intestine_ascending part of duodenum_transit amplifying cell,#2fd2e9
small intestine,http://purl.obolibrary.org/obo/UBERON_0002108,http://purl.org/sig/ont/fma/fma14930,ascending part of duodenum,Male,sc_proteomics,sc_proteomics,http://purl.obolibrary.org/obo/CL_4033092,CD57+ Enterocyte,11.44,0.0007398377401319939,6,#VHMSmallIntestine,#VHMaleOrgans,VH_M_duodenum_ascending,ascending part of duodenum,FMA:14930,mesh,VH_M_Small_Intestine,,,small intestine_ascending part of duodenum_CD57+ Enterocyte,#cc4015
small intestine,http://purl.obolibrary.org/obo/UBERON_0002108,http://purl.org/sig/ont/fma/fma14966,distal part of ileum,Male,sc_proteomics,sc_proteomics,http://purl.obolibrary.org/obo/CL_0000071,blood vessel endothelial cell,11166.89,0.07535191655273683,6,#VHMSmallIntestine,#VHMaleOrgans,VH_M_ileum_terminal,distal part of ileum,FMA:14966,mesh,VH_M_Small_Intestine,,,small intestine_distal part of ileum_blood vessel endothelial cell,#0f4bc2
small intestine,http://purl.obolibrary.org/obo/UBERON_0002108,http://purl.org/sig/ont/fma/fma14966,distal part of ileum,Male,sc_proteomics,sc_proteomics,http://purl.obolibrary.org/obo/CL_0000160,goblet cell,10772.93,0.07269355410400526,6,#VHMSmallIntestine,#VHMaleOrgans,VH_M_ileum_terminal,distal part of ileum,FMA:14966,mesh,VH_M_Small_Intestine,,,small intestine_distal part of ileum_goblet cell,#5f89aa
small intestine,http://purl.obolibrary.org/obo/UBERON_0002108,http://purl.org/sig/ont/fma/fma14966,distal part of ileum,Male,sc_proteomics,sc_proteomics,http://purl.obolibrary.org/obo/CL_0000165,neuroendocrine cell,821.2189999999999,0.005541419818724998,6,#VHMSmallIntestine,#VHMaleOrgans,VH_M_ileum_terminal,distal part of ileum,FMA:14966,mesh,VH_M_Small_Intestine,,,small intestine_distal part of ileum_neuroendocrine cell,#0f2041
small intestine,http://purl.obolibrary.org/obo/UBERON_0002108,http://purl.org/sig/ont/fma/fma14966,distal part of ileum,Male,sc_proteomics,sc_proteomics,http://purl.obolibrary.org/obo/CL_0000236,B cell,5593.763,0.03774558205478758,6,#VHMSmallIntestine,#VHMaleOrgans,VH_M_ileum_terminal,distal part of ileum,FMA:14966,mesh,VH_M_Small_Intestine,,,small intestine_distal part of ileum_B cell,#71cff9
small intestine,http://purl.obolibrary.org/obo/UBERON_0002108,http://purl.org/sig/ont/fma/fma14966,distal part of ileum,Male,sc_proteomics,sc_proteomics,http://purl.obolibrary.org/obo/CL_0000451,dendritic cell,2192.106,0.01479188819687072,6,#VHMSmallIntestine,#VHMaleOrgans,VH_M_ileum_terminal,distal part of ileum,FMA:14966,mesh,VH_M_Small_Intestine,,,small intestine_distal part of ileum_dendritic cell,#6c1622
small intestine,http://purl.obolibrary.org/obo/UBERON_0002108,http://purl.org/sig/ont/fma/fma14966,distal part of ileum,Male,sc_proteomics,sc_proteomics,http://purl.obolibrary.org/obo/CL_0000499,stromal cell,11768.148,0.07940908400425337,6,#VHMSmallIntestine,#VHMaleOrgans,VH_M_ileum_terminal,distal part of ileum,FMA:14966,mesh,VH_M_Small_Intestine,,,small intestine_distal part of ileum_stromal cell,#8bf6f2
small intestine,http://purl.obolibrary.org/obo/UBERON_0002108,http://purl.org/sig/ont/fma/fma14966,distal part of ileum,Male,sc_proteomics,sc_proteomics,http://purl.obolibrary.org/obo/CL_0000510,paneth cell,2798.054,0.01888070282039597,6,#VHMSmallIntestine,#VHMaleOrgans,VH_M_ileum_terminal,distal part of ileum,FMA:14966,mesh,VH_M_Small_Intestine,,,small intestine_distal part of ileum_paneth cell,#5fecd7
small intestine,http://purl.obolibrary.org/obo/UBERON_0002108,http://purl.org/sig/ont/fma/fma14966,distal part of ileum,Male,sc_proteomics,sc_proteomics,http://purl.obolibrary.org/obo/CL_0000540,neuron,4276.342,0.02885589143754114,6,#VHMSmallIntestine,#VHMaleOrgans,VH_M_ileum_terminal,distal part of ileum,FMA:14966,mesh,VH_M_Small_Intestine,,,small intestine_distal part of ileum_neuron,#59525c
small intestine,http://purl.obolibrary.org/obo/UBERON_0002108,http://purl.org/sig/ont/fma/fma14966,distal part of ileum,Male,sc_proteomics,sc_proteomics,http://purl.obolibrary.org/obo/CL_0000584,enterocyte,28814.891,0.1944370601043091,6,#VHMSmallIntestine,#VHMaleOrgans,VH_M_ileum_terminal,distal part of ileum,FMA:14966,mesh,VH_M_Small_Intestine,,,small intestine_distal part of ileum_enterocyte,#5e8251
small intestine,http://purl.obolibrary.org/obo/UBERON_0002108,http://purl.org/sig/ont/fma/fma14966,distal part of ileum,Male,sc_proteomics,sc_proteomics,http://purl.obolibrary.org/obo/CL_0000623,natural killer cell,390.677,0.002636209428325485,6,#VHMSmallIntestine,#VHMaleOrgans,VH_M_ileum_terminal,distal part of ileum,FMA:14966,mesh,VH_M_Small_Intestine,,,small intestine_distal part of ileum_natural killer cell,#c5a239
small intestine,http://purl.obolibrary.org/obo/UBERON_0002108,http://purl.org/sig/ont/fma/fma14966,distal part of ileum,Male,sc_proteomics,sc_proteomics,http://purl.obolibrary.org/obo/CL_0000624,"CD4-positive, alpha-beta T cell",8593.487,0.05798711327155804,6,#VHMSmallIntestine,#VHMaleOrgans,VH_M_ileum_terminal,distal part of ileum,FMA:14966,mesh,VH_M_Small_Intestine,,,"small intestine_distal part of ileum_CD4-positive, alpha-beta T cell",#c74884
small intestine,http://purl.obolibrary.org/obo/UBERON_0002108,http://purl.org/sig/ont/fma/fma14966,distal part of ileum,Male,sc_proteomics,sc_proteomics,http://purl.obolibrary.org/obo/CL_0000625,"CD8-positive, alpha-beta T cell",14781.473,0.0997423920198491,6,#VHMSmallIntestine,#VHMaleOrgans,VH_M_ileum_terminal,distal part of ileum,FMA:14966,mesh,VH_M_Small_Intestine,,,"small intestine_distal part of ileum_CD8-positive, alpha-beta T cell",#3cc89a
small intestine,http://purl.obolibrary.org/obo/UBERON_0002108,http://purl.org/sig/ont/fma/fma14966,distal part of ileum,Male,sc_proteomics,sc_proteomics,http://purl.obolibrary.org/obo/CL_0000775,neutrophil,797.7689999999999,0.005383183958681451,6,#VHMSmallIntestine,#VHMaleOrgans,VH_M_ileum_terminal,distal part of ileum,FMA:14966,mesh,VH_M_Small_Intestine,,,small intestine_distal part of ileum_neutrophil,#fc4d48
small intestine,http://purl.obolibrary.org/obo/UBERON_0002108,http://purl.org/sig/ont/fma/fma14966,distal part of ileum,Male,sc_proteomics,sc_proteomics,http://purl.obolibrary.org/obo/CL_0000786,plasma cell,6369.489,0.0429800243050281,6,#VHMSmallIntestine,#VHMaleOrgans,VH_M_ileum_terminal,distal part of ileum,FMA:14966,mesh,VH_M_Small_Intestine,,,small intestine_distal part of ileum_plasma cell,#d4dcfa
small intestine,http://purl.obolibrary.org/obo/UBERON_0002108,http://purl.org/sig/ont/fma/fma14966,distal part of ileum,Male,sc_proteomics,sc_proteomics,http://purl.obolibrary.org/obo/CL_0000863,M1 Macrophage,1643.376,0.01108916907185174,6,#VHMSmallIntestine,#VHMaleOrgans,VH_M_ileum_terminal,distal part of ileum,FMA:14966,mesh,VH_M_Small_Intestine,,,small intestine_distal part of ileum_M1 Macrophage,#c37975
small intestine,http://purl.obolibrary.org/obo/UBERON_0002108,http://purl.org/sig/ont/fma/fma14966,distal part of ileum,Male,sc_proteomics,sc_proteomics,http://purl.obolibrary.org/obo/CL_0000890,M2 macrophage,6348.384,0.04283761203098891,6,#VHMSmallIntestine,#VHMaleOrgans,VH_M_ileum_terminal,distal part of ileum,FMA:14966,mesh,VH_M_Small_Intestine,,,small intestine_distal part of ileum_M2 macrophage,#deea2d
small intestine,http://purl.obolibrary.org/obo/UBERON_0002108,http://purl.org/sig/ont/fma/fma14966,distal part of ileum,Male,sc_proteomics,sc_proteomics,http://purl.obolibrary.org/obo/CL_0001028,CD7+ Immune,324.079,0.002186819585801812,6,#VHMSmallIntestine,#VHMaleOrgans,VH_M_ileum_terminal,distal part of ileum,FMA:14966,mesh,VH_M_Small_Intestine,,,small intestine_distal part of ileum_CD7+ Immune,#9383e8
small intestine,http://purl.obolibrary.org/obo/UBERON_0002108,http://purl.org/sig/ont/fma/fma14966,distal part of ileum,Male,sc_proteomics,sc_proteomics,http://purl.obolibrary.org/obo/CL_0002088,interstitial cell of Cajal,2743.181,0.01851043090789407,6,#VHMSmallIntestine,#VHMaleOrgans,VH_M_ileum_terminal,distal part of ileum,FMA:14966,mesh,VH_M_Small_Intestine,,,small intestine_distal part of ileum_interstitial cell of Cajal,#facae8
small intestine,http://purl.obolibrary.org/obo/UBERON_0002108,http://purl.org/sig/ont/fma/fma14966,distal part of ileum,Male,sc_proteomics,sc_proteomics,http://purl.obolibrary.org/obo/CL_0002138,endothelial cell of lymphatic vessel,3386.648999999999,0.02285242290748898,6,#VHMSmallIntestine,#VHMaleOrgans,VH_M_ileum_terminal,distal part of ileum,FMA:14966,mesh,VH_M_Small_Intestine,,,small intestine_distal part of ileum_endothelial cell of lymphatic vessel,#bf3cfa
small intestine,http://purl.obolibrary.org/obo/UBERON_0002108,http://purl.org/sig/ont/fma/fma14966,distal part of ileum,Male,sc_proteomics,sc_proteomics,http://purl.obolibrary.org/obo/CL_0002504,enteric smooth muscle cell,19853.239,0.1339656438300673,6,#VHMSmallIntestine,#VHMaleOrgans,VH_M_ileum_terminal,distal part of ileum,FMA:14966,mesh,VH_M_Small_Intestine,,,small intestine_distal part of ileum_enteric smooth muscle cell,#4f5c45
small intestine,http://purl.obolibrary.org/obo/UBERON_0002108,http://purl.org/sig/ont/fma/fma14966,distal part of ileum,Male,sc_proteomics,sc_proteomics,http://purl.obolibrary.org/obo/CL_0009010,transit amplifying cell,4727.52,0.03190034938477897,6,#VHMSmallIntestine,#VHMaleOrgans,VH_M_ileum_terminal,distal part of ileum,FMA:14966,mesh,VH_M_Small_Intestine,,,small intestine_distal part of ileum_transit amplifying cell,#42b503
small intestine,http://purl.obolibrary.org/obo/UBERON_0002108,http://purl.org/sig/ont/fma/fma14966,distal part of ileum,Male,sc_proteomics,sc_proteomics,http://purl.obolibrary.org/obo/CL_4033092,CD57+ Enterocyte,32.83,0.0002215302040609651,6,#VHMSmallIntestine,#VHMaleOrgans,VH_M_ileum_terminal,distal part of ileum,FMA:14966,mesh,VH_M_Small_Intestine,,,small intestine_distal part of ileum_CD57+ Enterocyte,#a31d66
