organ,as_label,cell_id,cell_label,cell_percentage,anatomical_structure_of,node_name,label,glb file of single organs,color
Left kidney,renal papilla,http://purl.obolibrary.org/obo/CL_0000084,T cell,0.001890946741352456,#VHMLeftKidney,VH_M_renal_papilla_L,renal papilla,VH_M_Kidney_L,#77762b
Left kidney,renal papilla,http://purl.obolibrary.org/obo/CL_0000097,mast cell,9.004508292154553e-05,#VHMLeftKidney,VH_M_renal_papilla_L,renal papilla,VH_M_Kidney_L,#44537d
Left kidney,renal papilla,http://purl.obolibrary.org/obo/CL_0000236,B cell,1.968915807322424e-05,#VHMLeftKidney,VH_M_renal_papilla_L,renal papilla,VH_M_Kidney_L,#ced833
Left kidney,renal papilla,http://purl.obolibrary.org/obo/CL_0000786,plasma cell,0.0006500047385240431,#VHMLeftKidney,VH_M_renal_papilla_L,renal papilla,VH_M_Kidney_L,#a6d5f7
Left kidney,renal papilla,http://purl.obolibrary.org/obo/CL_0000814,mature NK T cell,1.968915807322424e-05,#VHMLeftKidney,VH_M_renal_papilla_L,renal papilla,VH_M_Kidney_L,#896492
Left kidney,renal papilla,http://purl.obolibrary.org/obo/CL_0000875,non-classical monocyte,3.937831614644848e-05,#VHMLeftKidney,VH_M_renal_papilla_L,renal papilla,VH_M_Kidney_L,#5a0b7f
Left kidney,renal papilla,http://purl.obolibrary.org/obo/CL_0000890,M2 macrophage,0.01332667227238874,#VHMLeftKidney,VH_M_renal_papilla_L,renal papilla,VH_M_Kidney_L,#c6e8bc
Left kidney,renal papilla,http://purl.obolibrary.org/obo/CL_0002201,renal beta-intercalated cell,0.0003347156872448121,#VHMLeftKidney,VH_M_renal_papilla_L,renal papilla,VH_M_Kidney_L,#994b4f
Left kidney,renal papilla,http://purl.obolibrary.org/obo/CL_0011031,monocyte-derived dendritic cell,0.0008694732205135825,#VHMLeftKidney,VH_M_renal_papilla_L,renal papilla,VH_M_Kidney_L,#11860b
Left kidney,renal papilla,http://purl.obolibrary.org/obo/CL_1000597,papillary tips cell,1.968915807322424e-05,#VHMLeftKidney,VH_M_renal_papilla_L,renal papilla,VH_M_Kidney_L,#18b8d1
Left kidney,renal papilla,http://purl.obolibrary.org/obo/CL_1000692,kidney interstitial fibroblast,0.0002701352487646366,#VHMLeftKidney,VH_M_renal_papilla_L,renal papilla,VH_M_Kidney_L,#d47e96
Left kidney,renal papilla,http://purl.obolibrary.org/obo/CL_1000714,kidney cortex collecting duct principal cell,0.0017245077251068,#VHMLeftKidney,VH_M_renal_papilla_L,renal papilla,VH_M_Kidney_L,#7062c8
Left kidney,renal papilla,http://purl.obolibrary.org/obo/CL_1000716,kidney outer medulla collecting duct principal cell,0.0334067257638934,#VHMLeftKidney,VH_M_renal_papilla_L,renal papilla,VH_M_Kidney_L,#83e987
Left kidney,renal papilla,http://purl.obolibrary.org/obo/CL_1000717,kidney outer medulla collecting duct intercalated cell,0.0007481880067825212,#VHMLeftKidney,VH_M_renal_papilla_L,renal papilla,VH_M_Kidney_L,#33f19b
Left kidney,renal papilla,http://purl.obolibrary.org/obo/CL_1000718,kidney inner medulla collecting duct principal cell,0.3606659975853218,#VHMLeftKidney,VH_M_renal_papilla_L,renal papilla,VH_M_Kidney_L,#7840e6
Left kidney,renal papilla,http://purl.obolibrary.org/obo/CL_1000768,kidney connecting tubule epithelial cell,0.01651736596868164,#VHMLeftKidney,VH_M_renal_papilla_L,renal papilla,VH_M_Kidney_L,#e8684a
Left kidney,renal papilla,http://purl.obolibrary.org/obo/CL_1000850,macula densa epithelial cell,0.0002559590549519151,#VHMLeftKidney,VH_M_renal_papilla_L,renal papilla,VH_M_Kidney_L,#b8ba33
Left kidney,renal papilla,http://purl.obolibrary.org/obo/CL_1001107,kidney loop of Henle thin ascending limb epithelial cell,0.04635037828123102,#VHMLeftKidney,VH_M_renal_papilla_L,renal papilla,VH_M_Kidney_L,#321b4c
Left kidney,renal papilla,http://purl.obolibrary.org/obo/CL_1001108,kidney loop of Henle medullary thick ascending limb epithelial cell,0.000469914572680952,#VHMLeftKidney,VH_M_renal_papilla_L,renal papilla,VH_M_Kidney_L,#3f00e5
Left kidney,renal papilla,http://purl.obolibrary.org/obo/CL_1001131,vasa recta ascending limb cell,0.08564127456583438,#VHMLeftKidney,VH_M_renal_papilla_L,renal papilla,VH_M_Kidney_L,#853d9f
Left kidney,renal papilla,http://purl.obolibrary.org/obo/CL_1001318,renal interstitial pericyte,0.005222614809449641,#VHMLeftKidney,VH_M_renal_papilla_L,renal papilla,VH_M_Kidney_L,#1efe3e
Left kidney,renal papilla,http://purl.obolibrary.org/obo/CL_4030012,kidney loop of Henle short descending thin limb epithelial cell,0.01834320722733863,#VHMLeftKidney,VH_M_renal_papilla_L,renal papilla,VH_M_Kidney_L,#ed29c7
Left kidney,renal papilla,http://purl.obolibrary.org/obo/CL_4030013,kidney loop of Henle long descending thin limb outer medulla epithelial cell,9.004508292154553e-05,#VHMLeftKidney,VH_M_renal_papilla_L,renal papilla,VH_M_Kidney_L,#3d109f
Left kidney,renal papilla,http://purl.obolibrary.org/obo/CL_4030014,kidney loop of Henle long descending thin limb inner medulla epithelial cell,0.06167221857170647,#VHMLeftKidney,VH_M_renal_papilla_L,renal papilla,VH_M_Kidney_L,#c8de15
Left kidney,renal papilla,http://purl.obolibrary.org/obo/CL_4030016,epithelial cell of early distal convoluted tubule,5.906747421967272e-05,#VHMLeftKidney,VH_M_renal_papilla_L,renal papilla,VH_M_Kidney_L,#4e0355
Left kidney,renal papilla,http://purl.obolibrary.org/obo/CL_4030022,renal medullary fibroblast,0.3360057208817698,#VHMLeftKidney,VH_M_renal_papilla_L,renal papilla,VH_M_Kidney_L,#6529c9
Left kidney,renal papilla,https://purl.org/ccf/ASCTB-TEMP_descending-vasa-recta-endothelial,Descending Vasa Recta Endothelial ,0.01525699732988765,#VHMLeftKidney,VH_M_renal_papilla_L,renal papilla,VH_M_Kidney_L,#36a1b7
Left kidney,renal papilla,https://purl.org/ccf/ASCTB-TEMP_peritubular-capilary-endothelial,Peritubular Capilary Endothelial ,3.937831614644848e-05,#VHMLeftKidney,VH_M_renal_papilla_L,renal papilla,VH_M_Kidney_L,#04e129
Left kidney,renal column,http://purl.obolibrary.org/obo/CL_0000084,T cell,0.0003596259889714696,#VHMLeftKidney,VH_M_renal_column_L,renal column,VH_M_Kidney_L,#7b3731
Left kidney,renal column,http://purl.obolibrary.org/obo/CL_0000650,mesangial cell,0.0004795013186286262,#VHMLeftKidney,VH_M_renal_column_L,renal column,VH_M_Kidney_L,#0cfbc4
Left kidney,renal column,http://purl.obolibrary.org/obo/CL_0000653,podocyte,0.001198753296571566,#VHMLeftKidney,VH_M_renal_column_L,renal column,VH_M_Kidney_L,#2d3b8e
Left kidney,renal column,http://purl.obolibrary.org/obo/CL_0000814,mature NK T cell,0.0002397506593143131,#VHMLeftKidney,VH_M_renal_column_L,renal column,VH_M_Kidney_L,#d622e0
Left kidney,renal column,http://purl.obolibrary.org/obo/CL_0000890,M2 macrophage,0.002996883241428913,#VHMLeftKidney,VH_M_renal_column_L,renal column,VH_M_Kidney_L,#caabb7
Left kidney,renal column,http://purl.obolibrary.org/obo/CL_0002138,endothelial cell of lymphatic vessel,0.001678254615200192,#VHMLeftKidney,VH_M_renal_column_L,renal column,VH_M_Kidney_L,#c7cf0e
Left kidney,renal column,http://purl.obolibrary.org/obo/CL_0002201,renal beta-intercalated cell,0.0002397506593143131,#VHMLeftKidney,VH_M_renal_column_L,renal column,VH_M_Kidney_L,#f9db4c
Left kidney,renal column,http://purl.obolibrary.org/obo/CL_0002573,Schwann cell,0.0003596259889714696,#VHMLeftKidney,VH_M_renal_column_L,renal column,VH_M_Kidney_L,#987f76
Left kidney,renal column,http://purl.obolibrary.org/obo/CL_0011031,monocyte-derived dendritic cell,0.0001198753296571565,#VHMLeftKidney,VH_M_renal_column_L,renal column,VH_M_Kidney_L,#fd6d54
Left kidney,renal column,http://purl.obolibrary.org/obo/CL_1000412,endothelial cell of arteriole,0.001078877966914409,#VHMLeftKidney,VH_M_renal_column_L,renal column,VH_M_Kidney_L,#09c40c
Left kidney,renal column,http://purl.obolibrary.org/obo/CL_1000452,parietal epithelial cell,0.0004795013186286262,#VHMLeftKidney,VH_M_renal_column_L,renal column,VH_M_Kidney_L,#2d9513
Left kidney,renal column,http://purl.obolibrary.org/obo/CL_1000692,kidney interstitial fibroblast,0.005993766482857827,#VHMLeftKidney,VH_M_renal_column_L,renal column,VH_M_Kidney_L,#c873ae
Left kidney,renal column,http://purl.obolibrary.org/obo/CL_1000714,kidney cortex collecting duct principal cell,0.001438503955885879,#VHMLeftKidney,VH_M_renal_column_L,renal column,VH_M_Kidney_L,#75604e
Left kidney,renal column,http://purl.obolibrary.org/obo/CL_1000715,kidney cortex collecting duct intercalated cell,0.01042915368017262,#VHMLeftKidney,VH_M_renal_column_L,renal column,VH_M_Kidney_L,#b22932
Left kidney,renal column,http://purl.obolibrary.org/obo/CL_1000716,kidney outer medulla collecting duct principal cell,0.09530088707743944,#VHMLeftKidney,VH_M_renal_column_L,renal column,VH_M_Kidney_L,#c4d3df
Left kidney,renal column,http://purl.obolibrary.org/obo/CL_1000717,kidney outer medulla collecting duct intercalated cell,0.005154639175257732,#VHMLeftKidney,VH_M_renal_column_L,renal column,VH_M_Kidney_L,#94a82d
Left kidney,renal column,http://purl.obolibrary.org/obo/CL_1000768,kidney connecting tubule epithelial cell,0.005034763845600575,#VHMLeftKidney,VH_M_renal_column_L,renal column,VH_M_Kidney_L,#30eb4b
Left kidney,renal column,http://purl.obolibrary.org/obo/CL_1000850,macula densa epithelial cell,0.006353392471829297,#VHMLeftKidney,VH_M_renal_column_L,renal column,VH_M_Kidney_L,#527d01
Left kidney,renal column,http://purl.obolibrary.org/obo/CL_1001005,glomerular capillary endothelial cell,0.0007192519779429393,#VHMLeftKidney,VH_M_renal_column_L,renal column,VH_M_Kidney_L,#b18a60
Left kidney,renal column,http://purl.obolibrary.org/obo/CL_1001107,kidney loop of Henle thin ascending limb epithelial cell,0.0002397506593143131,#VHMLeftKidney,VH_M_renal_column_L,renal column,VH_M_Kidney_L,#a002e2
Left kidney,renal column,http://purl.obolibrary.org/obo/CL_1001108,kidney loop of Henle medullary thick ascending limb epithelial cell,0.3018460800767202,#VHMLeftKidney,VH_M_renal_column_L,renal column,VH_M_Kidney_L,#bb50ee
Left kidney,renal column,http://purl.obolibrary.org/obo/CL_1001109,kidney loop of Henle cortical thick ascending limb epithelial cell,0.2700791177175737,#VHMLeftKidney,VH_M_renal_column_L,renal column,VH_M_Kidney_L,#bf35a9
Left kidney,renal column,http://purl.obolibrary.org/obo/CL_1001131,vasa recta ascending limb cell,0.0284104531287461,#VHMLeftKidney,VH_M_renal_column_L,renal column,VH_M_Kidney_L,#e508fc
Left kidney,renal column,http://purl.obolibrary.org/obo/CL_1001318,renal interstitial pericyte,0.01606329417405898,#VHMLeftKidney,VH_M_renal_column_L,renal column,VH_M_Kidney_L,#1525c5
Left kidney,renal column,http://purl.obolibrary.org/obo/CL_4030011,epithelial cell of proximal tubule segment 3,0.01546391752577319,#VHMLeftKidney,VH_M_renal_column_L,renal column,VH_M_Kidney_L,#c59941
Left kidney,renal column,http://purl.obolibrary.org/obo/CL_4030012,kidney loop of Henle short descending thin limb epithelial cell,0.06485255334452168,#VHMLeftKidney,VH_M_renal_column_L,renal column,VH_M_Kidney_L,#2fc9f2
Left kidney,renal column,http://purl.obolibrary.org/obo/CL_4030013,kidney loop of Henle long descending thin limb outer medulla epithelial cell,0.04003836010549029,#VHMLeftKidney,VH_M_renal_column_L,renal column,VH_M_Kidney_L,#24f011
Left kidney,renal column,http://purl.obolibrary.org/obo/CL_4030014,kidney loop of Henle long descending thin limb inner medulla epithelial cell,0.0001198753296571565,#VHMLeftKidney,VH_M_renal_column_L,renal column,VH_M_Kidney_L,#d0b58a
Left kidney,renal column,http://purl.obolibrary.org/obo/CL_4030016,epithelial cell of early distal convoluted tubule,0.001678254615200192,#VHMLeftKidney,VH_M_renal_column_L,renal column,VH_M_Kidney_L,#7cd8e9
Left kidney,renal column,http://purl.obolibrary.org/obo/CL_4030018,kidney connecting tubule principal cell,0.03620234955646128,#VHMLeftKidney,VH_M_renal_column_L,renal column,VH_M_Kidney_L,#36874a
Left kidney,renal column,http://purl.obolibrary.org/obo/CL_4030022,renal medullary fibroblast,0.02325581395348837,#VHMLeftKidney,VH_M_renal_column_L,renal column,VH_M_Kidney_L,#44ab07
Left kidney,renal column,https://purl.org/ccf/ASCTB-TEMP_descending-vasa-recta-endothelial,Descending Vasa Recta Endothelial ,0.04902900982977702,#VHMLeftKidney,VH_M_renal_column_L,renal column,VH_M_Kidney_L,#fff3eb
Left kidney,renal column,https://purl.org/ccf/ASCTB-TEMP_peritubular-capilary-endothelial,Peritubular Capilary Endothelial ,0.01306641093263006,#VHMLeftKidney,VH_M_renal_column_L,renal column,VH_M_Kidney_L,#57781a
Left kidney,kidney capsule,http://purl.obolibrary.org/obo/CL_0000084,T cell,0.002287227639340315,#VHMLeftKidney,VH_M_kidney_capsule_L,kidney capsule,VH_M_Kidney_L,#5bd81f
Left kidney,kidney capsule,http://purl.obolibrary.org/obo/CL_0000653,podocyte,0.0001805706031058143,#VHMLeftKidney,VH_M_kidney_capsule_L,kidney capsule,VH_M_Kidney_L,#8f79ea
Left kidney,kidney capsule,http://purl.obolibrary.org/obo/CL_0000814,mature NK T cell,0.0003611412062116287,#VHMLeftKidney,VH_M_kidney_capsule_L,kidney capsule,VH_M_Kidney_L,#9a1e86
Left kidney,kidney capsule,http://purl.obolibrary.org/obo/CL_0000875,non-classical monocyte,0.0004213314072469,#VHMLeftKidney,VH_M_kidney_capsule_L,kidney capsule,VH_M_Kidney_L,#bb8ccf
Left kidney,kidney capsule,http://purl.obolibrary.org/obo/CL_0000890,M2 macrophage,0.01113518719152522,#VHMLeftKidney,VH_M_kidney_capsule_L,kidney capsule,VH_M_Kidney_L,#8de8be
Left kidney,kidney capsule,http://purl.obolibrary.org/obo/CL_0011031,monocyte-derived dendritic cell,0.005417118093174429,#VHMLeftKidney,VH_M_kidney_capsule_L,kidney capsule,VH_M_Kidney_L,#0802cb
Left kidney,kidney capsule,http://purl.obolibrary.org/obo/CL_1000412,endothelial cell of arteriole,0.0001805706031058143,#VHMLeftKidney,VH_M_kidney_capsule_L,kidney capsule,VH_M_Kidney_L,#6ff220
Left kidney,kidney capsule,http://purl.obolibrary.org/obo/CL_1000452,parietal epithelial cell,0.0001805706031058143,#VHMLeftKidney,VH_M_kidney_capsule_L,kidney capsule,VH_M_Kidney_L,#1f20f7
Left kidney,kidney capsule,http://purl.obolibrary.org/obo/CL_1000597,papillary tips cell,0.006861682918020944,#VHMLeftKidney,VH_M_kidney_capsule_L,kidney capsule,VH_M_Kidney_L,#055d29
Left kidney,kidney capsule,http://purl.obolibrary.org/obo/CL_1000692,kidney interstitial fibroblast,0.008607198748043816,#VHMLeftKidney,VH_M_kidney_capsule_L,kidney capsule,VH_M_Kidney_L,#900797
Left kidney,kidney capsule,http://purl.obolibrary.org/obo/CL_1000714,kidney cortex collecting duct principal cell,0.05826411460214275,#VHMLeftKidney,VH_M_kidney_capsule_L,kidney capsule,VH_M_Kidney_L,#3857b0
Left kidney,kidney capsule,http://purl.obolibrary.org/obo/CL_1000715,kidney cortex collecting duct intercalated cell,6.019020103527144e-05,#VHMLeftKidney,VH_M_kidney_capsule_L,kidney capsule,VH_M_Kidney_L,#334202
Left kidney,kidney capsule,http://purl.obolibrary.org/obo/CL_1000716,kidney outer medulla collecting duct principal cell,0.002527988443481401,#VHMLeftKidney,VH_M_kidney_capsule_L,kidney capsule,VH_M_Kidney_L,#16468e
Left kidney,kidney capsule,http://purl.obolibrary.org/obo/CL_1000717,kidney outer medulla collecting duct intercalated cell,0.007042253521126757,#VHMLeftKidney,VH_M_kidney_capsule_L,kidney capsule,VH_M_Kidney_L,#8ed5c2
Left kidney,kidney capsule,http://purl.obolibrary.org/obo/CL_1000718,kidney inner medulla collecting duct principal cell,0.211087035030697,#VHMLeftKidney,VH_M_kidney_capsule_L,kidney capsule,VH_M_Kidney_L,#fed92f
Left kidney,kidney capsule,http://purl.obolibrary.org/obo/CL_1000768,kidney connecting tubule epithelial cell,0.07890935355724085,#VHMLeftKidney,VH_M_kidney_capsule_L,kidney capsule,VH_M_Kidney_L,#a95c21
Left kidney,kidney capsule,http://purl.obolibrary.org/obo/CL_1000850,macula densa epithelial cell,6.019020103527144e-05,#VHMLeftKidney,VH_M_kidney_capsule_L,kidney capsule,VH_M_Kidney_L,#3e10e7
Left kidney,kidney capsule,http://purl.obolibrary.org/obo/CL_1001107,kidney loop of Henle thin ascending limb epithelial cell,0.114421572168051,#VHMLeftKidney,VH_M_kidney_capsule_L,kidney capsule,VH_M_Kidney_L,#d53f07
Left kidney,kidney capsule,http://purl.obolibrary.org/obo/CL_1001108,kidney loop of Henle medullary thick ascending limb epithelial cell,0.001865896232093415,#VHMLeftKidney,VH_M_kidney_capsule_L,kidney capsule,VH_M_Kidney_L,#3d2252
Left kidney,kidney capsule,http://purl.obolibrary.org/obo/CL_1001109,kidney loop of Henle cortical thick ascending limb epithelial cell,6.019020103527144e-05,#VHMLeftKidney,VH_M_kidney_capsule_L,kidney capsule,VH_M_Kidney_L,#438196
Left kidney,kidney capsule,http://purl.obolibrary.org/obo/CL_1001131,vasa recta ascending limb cell,0.05886601661249548,#VHMLeftKidney,VH_M_kidney_capsule_L,kidney capsule,VH_M_Kidney_L,#b235b1
Left kidney,kidney capsule,http://purl.obolibrary.org/obo/CL_1001318,renal interstitial pericyte,0.01101480678945467,#VHMLeftKidney,VH_M_kidney_capsule_L,kidney capsule,VH_M_Kidney_L,#94c5cd
Left kidney,kidney capsule,http://purl.obolibrary.org/obo/CL_4030012,kidney loop of Henle short descending thin limb epithelial cell,0.03725773444083302,#VHMLeftKidney,VH_M_kidney_capsule_L,kidney capsule,VH_M_Kidney_L,#ee08a1
Left kidney,kidney capsule,http://purl.obolibrary.org/obo/CL_4030013,kidney loop of Henle long descending thin limb outer medulla epithelial cell,0.007463584928373659,#VHMLeftKidney,VH_M_kidney_capsule_L,kidney capsule,VH_M_Kidney_L,#9a25f5
Left kidney,kidney capsule,http://purl.obolibrary.org/obo/CL_4030014,kidney loop of Henle long descending thin limb inner medulla epithelial cell,0.09726736487299864,#VHMLeftKidney,VH_M_kidney_capsule_L,kidney capsule,VH_M_Kidney_L,#e619bb
Left kidney,kidney capsule,http://purl.obolibrary.org/obo/CL_4030016,epithelial cell of early distal convoluted tubule,6.019020103527144e-05,#VHMLeftKidney,VH_M_kidney_capsule_L,kidney capsule,VH_M_Kidney_L,#5db1e0
Left kidney,kidney capsule,http://purl.obolibrary.org/obo/CL_4030018,kidney connecting tubule principal cell,0.0021066570362345,#VHMLeftKidney,VH_M_kidney_capsule_L,kidney capsule,VH_M_Kidney_L,#c703d7
Left kidney,kidney capsule,http://purl.obolibrary.org/obo/CL_4030022,renal medullary fibroblast,0.2355242566510171,#VHMLeftKidney,VH_M_kidney_capsule_L,kidney capsule,VH_M_Kidney_L,#eb4436
Left kidney,kidney capsule,https://purl.org/ccf/ASCTB-TEMP_descending-vasa-recta-endothelial,Descending Vasa Recta Endothelial ,0.04002648368845551,#VHMLeftKidney,VH_M_kidney_capsule_L,kidney capsule,VH_M_Kidney_L,#588cbd
Left kidney,kidney capsule,https://purl.org/ccf/ASCTB-TEMP_peritubular-capilary-endothelial,Peritubular Capilary Endothelial ,0.0004815216082821715,#VHMLeftKidney,VH_M_kidney_capsule_L,kidney capsule,VH_M_Kidney_L,#a2f2e6
Left kidney,outer cortex of kidney,http://purl.obolibrary.org/obo/CL_0000084,T cell,0.0007872226391818021,#VHMLeftKidney,VH_M_outer_cortex_of_kidney_L,outer cortex of kidney,VH_M_Kidney_L,#73fce4
Left kidney,outer cortex of kidney,http://purl.obolibrary.org/obo/CL_0000097,mast cell,0.0003804007565977227,#VHMLeftKidney,VH_M_outer_cortex_of_kidney_L,outer cortex of kidney,VH_M_Kidney_L,#050bcb
Left kidney,outer cortex of kidney,http://purl.obolibrary.org/obo/CL_0000236,B cell,0.001066363680326526,#VHMLeftKidney,VH_M_outer_cortex_of_kidney_L,outer cortex of kidney,VH_M_Kidney_L,#cd6808
Left kidney,outer cortex of kidney,http://purl.obolibrary.org/obo/CL_0000648,kidney granular cell,9.882521958643156e-05,#VHMLeftKidney,VH_M_outer_cortex_of_kidney_L,outer cortex of kidney,VH_M_Kidney_L,#b3ba97
Left kidney,outer cortex of kidney,http://purl.obolibrary.org/obo/CL_0000650,mesangial cell,0.003900693505515448,#VHMLeftKidney,VH_M_outer_cortex_of_kidney_L,outer cortex of kidney,VH_M_Kidney_L,#f55698
Left kidney,outer cortex of kidney,http://purl.obolibrary.org/obo/CL_0000653,podocyte,0.008311885516141622,#VHMLeftKidney,VH_M_outer_cortex_of_kidney_L,outer cortex of kidney,VH_M_Kidney_L,#a31129
Left kidney,outer cortex of kidney,http://purl.obolibrary.org/obo/CL_0000775,neutrophil,7.587322434406073e-06,#VHMLeftKidney,VH_M_outer_cortex_of_kidney_L,outer cortex of kidney,VH_M_Kidney_L,#7331d7
Left kidney,outer cortex of kidney,http://purl.obolibrary.org/obo/CL_0000786,plasma cell,0.0003262548646794611,#VHMLeftKidney,VH_M_outer_cortex_of_kidney_L,outer cortex of kidney,VH_M_Kidney_L,#cee165
Left kidney,outer cortex of kidney,http://purl.obolibrary.org/obo/CL_0000814,mature NK T cell,0.000135681328068144,#VHMLeftKidney,VH_M_outer_cortex_of_kidney_L,outer cortex of kidney,VH_M_Kidney_L,#96f8f5
Left kidney,outer cortex of kidney,http://purl.obolibrary.org/obo/CL_0000875,non-classical monocyte,0.0001006096198716869,#VHMLeftKidney,VH_M_outer_cortex_of_kidney_L,outer cortex of kidney,VH_M_Kidney_L,#3d1578
Left kidney,outer cortex of kidney,http://purl.obolibrary.org/obo/CL_0000890,M2 macrophage,0.002360861592097604,#VHMLeftKidney,VH_M_outer_cortex_of_kidney_L,outer cortex of kidney,VH_M_Kidney_L,#bb0672
Left kidney,outer cortex of kidney,http://purl.obolibrary.org/obo/CL_0000990,conventional dendritic cell,0.003100800727624772,#VHMLeftKidney,VH_M_outer_cortex_of_kidney_L,outer cortex of kidney,VH_M_Kidney_L,#a4ab06
Left kidney,outer cortex of kidney,http://purl.obolibrary.org/obo/CL_0001058,"plasmacytoid dendritic cell, human",1.379513169892013e-05,#VHMLeftKidney,VH_M_outer_cortex_of_kidney_L,outer cortex of kidney,VH_M_Kidney_L,#d9fb4f
Left kidney,outer cortex of kidney,http://purl.obolibrary.org/obo/CL_0002138,endothelial cell of lymphatic vessel,0.0002978286163006663,#VHMLeftKidney,VH_M_outer_cortex_of_kidney_L,outer cortex of kidney,VH_M_Kidney_L,#c07bb3
Left kidney,outer cortex of kidney,http://purl.obolibrary.org/obo/CL_0002201,renal beta-intercalated cell,0.007248321212915103,#VHMLeftKidney,VH_M_outer_cortex_of_kidney_L,outer cortex of kidney,VH_M_Kidney_L,#d4c07b
Left kidney,outer cortex of kidney,http://purl.obolibrary.org/obo/CL_0002573,Schwann cell,0.0002198916402544471,#VHMLeftKidney,VH_M_outer_cortex_of_kidney_L,outer cortex of kidney,VH_M_Kidney_L,#f01ba1
Left kidney,outer cortex of kidney,http://purl.obolibrary.org/obo/CL_0011031,monocyte-derived dendritic cell,0.0008108350763542587,#VHMLeftKidney,VH_M_outer_cortex_of_kidney_L,outer cortex of kidney,VH_M_Kidney_L,#f519f1
Left kidney,outer cortex of kidney,http://purl.obolibrary.org/obo/CL_1000412,endothelial cell of arteriole,0.001499673940163995,#VHMLeftKidney,VH_M_outer_cortex_of_kidney_L,outer cortex of kidney,VH_M_Kidney_L,#3bbe30
Left kidney,outer cortex of kidney,http://purl.obolibrary.org/obo/CL_1000452,parietal epithelial cell,0.00570703356822473,#VHMLeftKidney,VH_M_outer_cortex_of_kidney_L,outer cortex of kidney,VH_M_Kidney_L,#1b4170
Left kidney,outer cortex of kidney,http://purl.obolibrary.org/obo/CL_1000597,papillary tips cell,0.0002341551166745456,#VHMLeftKidney,VH_M_outer_cortex_of_kidney_L,outer cortex of kidney,VH_M_Kidney_L,#eef335
Left kidney,outer cortex of kidney,http://purl.obolibrary.org/obo/CL_1000692,kidney interstitial fibroblast,0.03308434220778535,#VHMLeftKidney,VH_M_outer_cortex_of_kidney_L,outer cortex of kidney,VH_M_Kidney_L,#58f1af
Left kidney,outer cortex of kidney,http://purl.obolibrary.org/obo/CL_1000714,kidney cortex collecting duct principal cell,0.02344229974394411,#VHMLeftKidney,VH_M_outer_cortex_of_kidney_L,outer cortex of kidney,VH_M_Kidney_L,#ab3407
Left kidney,outer cortex of kidney,http://purl.obolibrary.org/obo/CL_1000715,kidney cortex collecting duct intercalated cell,0.007483939303306318,#VHMLeftKidney,VH_M_outer_cortex_of_kidney_L,outer cortex of kidney,VH_M_Kidney_L,#4f9cd3
Left kidney,outer cortex of kidney,http://purl.obolibrary.org/obo/CL_1000716,kidney outer medulla collecting duct principal cell,0.006514352265508933,#VHMLeftKidney,VH_M_outer_cortex_of_kidney_L,outer cortex of kidney,VH_M_Kidney_L,#981fd9
Left kidney,outer cortex of kidney,http://purl.obolibrary.org/obo/CL_1000717,kidney outer medulla collecting duct intercalated cell,0.005616475081308876,#VHMLeftKidney,VH_M_outer_cortex_of_kidney_L,outer cortex of kidney,VH_M_Kidney_L,#bd7337
Left kidney,outer cortex of kidney,http://purl.obolibrary.org/obo/CL_1000718,kidney inner medulla collecting duct principal cell,0.1429213115034603,#VHMLeftKidney,VH_M_outer_cortex_of_kidney_L,outer cortex of kidney,VH_M_Kidney_L,#ea0209
Left kidney,outer cortex of kidney,http://purl.obolibrary.org/obo/CL_1000768,kidney connecting tubule epithelial cell,0.05649095704992897,#VHMLeftKidney,VH_M_outer_cortex_of_kidney_L,outer cortex of kidney,VH_M_Kidney_L,#bc0b71
Left kidney,outer cortex of kidney,http://purl.obolibrary.org/obo/CL_1000850,macula densa epithelial cell,0.02192275736535074,#VHMLeftKidney,VH_M_outer_cortex_of_kidney_L,outer cortex of kidney,VH_M_Kidney_L,#7d1971
Left kidney,outer cortex of kidney,http://purl.obolibrary.org/obo/CL_1001005,glomerular capillary endothelial cell,0.004679914278555291,#VHMLeftKidney,VH_M_outer_cortex_of_kidney_L,outer cortex of kidney,VH_M_Kidney_L,#4816c2
Left kidney,outer cortex of kidney,http://purl.obolibrary.org/obo/CL_1001107,kidney loop of Henle thin ascending limb epithelial cell,0.06766634909480275,#VHMLeftKidney,VH_M_outer_cortex_of_kidney_L,outer cortex of kidney,VH_M_Kidney_L,#2eef42
Left kidney,outer cortex of kidney,http://purl.obolibrary.org/obo/CL_1001108,kidney loop of Henle medullary thick ascending limb epithelial cell,0.03128173752186184,#VHMLeftKidney,VH_M_outer_cortex_of_kidney_L,outer cortex of kidney,VH_M_Kidney_L,#da0642
Left kidney,outer cortex of kidney,http://purl.obolibrary.org/obo/CL_1001109,kidney loop of Henle cortical thick ascending limb epithelial cell,0.1876861307066732,#VHMLeftKidney,VH_M_outer_cortex_of_kidney_L,outer cortex of kidney,VH_M_Kidney_L,#a9f307
Left kidney,outer cortex of kidney,http://purl.obolibrary.org/obo/CL_1001131,vasa recta ascending limb cell,0.006026378451436202,#VHMLeftKidney,VH_M_outer_cortex_of_kidney_L,outer cortex of kidney,VH_M_Kidney_L,#a65000
Left kidney,outer cortex of kidney,http://purl.obolibrary.org/obo/CL_1001318,renal interstitial pericyte,0.006294812745991102,#VHMLeftKidney,VH_M_outer_cortex_of_kidney_L,outer cortex of kidney,VH_M_Kidney_L,#6108e9
Left kidney,outer cortex of kidney,http://purl.obolibrary.org/obo/CL_4030009,epithelial cell of proximal tubule segment 1,0.09498296294854933,#VHMLeftKidney,VH_M_outer_cortex_of_kidney_L,outer cortex of kidney,VH_M_Kidney_L,#5dd71f
Left kidney,outer cortex of kidney,http://purl.obolibrary.org/obo/CL_4030010,epithelial cell of proximal tubule segment 2,0.001154067264737288,#VHMLeftKidney,VH_M_outer_cortex_of_kidney_L,outer cortex of kidney,VH_M_Kidney_L,#6a5d29
Left kidney,outer cortex of kidney,http://purl.obolibrary.org/obo/CL_4030011,epithelial cell of proximal tubule segment 3,0.05577066769999375,#VHMLeftKidney,VH_M_outer_cortex_of_kidney_L,outer cortex of kidney,VH_M_Kidney_L,#fd5913
Left kidney,outer cortex of kidney,http://purl.obolibrary.org/obo/CL_4030012,kidney loop of Henle short descending thin limb epithelial cell,0.03362494548392434,#VHMLeftKidney,VH_M_outer_cortex_of_kidney_L,outer cortex of kidney,VH_M_Kidney_L,#670846
Left kidney,outer cortex of kidney,http://purl.obolibrary.org/obo/CL_4030013,kidney loop of Henle long descending thin limb outer medulla epithelial cell,0.05270662789444197,#VHMLeftKidney,VH_M_outer_cortex_of_kidney_L,outer cortex of kidney,VH_M_Kidney_L,#33984e
Left kidney,outer cortex of kidney,http://purl.obolibrary.org/obo/CL_4030014,kidney loop of Henle long descending thin limb inner medulla epithelial cell,0.01319277072206971,#VHMLeftKidney,VH_M_outer_cortex_of_kidney_L,outer cortex of kidney,VH_M_Kidney_L,#8d09db
Left kidney,outer cortex of kidney,http://purl.obolibrary.org/obo/CL_4030016,epithelial cell of early distal convoluted tubule,0.07167728811968158,#VHMLeftKidney,VH_M_outer_cortex_of_kidney_L,outer cortex of kidney,VH_M_Kidney_L,#8061dc
Left kidney,outer cortex of kidney,http://purl.obolibrary.org/obo/CL_4030017,epithelial cell of late distal convoluted tubule,0.001800525069819894,#VHMLeftKidney,VH_M_outer_cortex_of_kidney_L,outer cortex of kidney,VH_M_Kidney_L,#fe16dc
Left kidney,outer cortex of kidney,http://purl.obolibrary.org/obo/CL_4030018,kidney connecting tubule principal cell,0.003867214790151923,#VHMLeftKidney,VH_M_outer_cortex_of_kidney_L,outer cortex of kidney,VH_M_Kidney_L,#274c69
Left kidney,outer cortex of kidney,http://purl.obolibrary.org/obo/CL_4030020,kidney connecting tubule alpha-intercalated cell,0.0002296889427870202,#VHMLeftKidney,VH_M_outer_cortex_of_kidney_L,outer cortex of kidney,VH_M_Kidney_L,#49c57a
Left kidney,outer cortex of kidney,http://purl.obolibrary.org/obo/CL_4030022,renal medullary fibroblast,0.01400325954061832,#VHMLeftKidney,VH_M_outer_cortex_of_kidney_L,outer cortex of kidney,VH_M_Kidney_L,#3f2a23
Left kidney,outer cortex of kidney,http://purl.obolibrary.org/obo/CL_4033078,cycling mononuclear phagocyte,2.06926975483802e-06,#VHMLeftKidney,VH_M_outer_cortex_of_kidney_L,outer cortex of kidney,VH_M_Kidney_L,#399ff8
Left kidney,outer cortex of kidney,https://purl.org/ccf/ASCTB-TEMP_descending-vasa-recta-endothelial,Descending Vasa Recta Endothelial ,0.01120829895202837,#VHMLeftKidney,VH_M_outer_cortex_of_kidney_L,outer cortex of kidney,VH_M_Kidney_L,#9d1d49
Left kidney,outer cortex of kidney,https://purl.org/ccf/ASCTB-TEMP_peritubular-capilary-endothelial,Peritubular Capilary Endothelial ,0.008059134906815228,#VHMLeftKidney,VH_M_outer_cortex_of_kidney_L,outer cortex of kidney,VH_M_Kidney_L,#a44d8c
Left kidney,renal pyramid,http://purl.obolibrary.org/obo/CL_0000084,T cell,0.004870792523215079,#VHMLeftKidney,VH_M_renal_pyramid_L,renal pyramid,VH_M_Kidney_L,#2971b7
Left kidney,renal pyramid,http://purl.obolibrary.org/obo/CL_0000097,mast cell,7.362812057846896e-05,#VHMLeftKidney,VH_M_renal_pyramid_L,renal pyramid,VH_M_Kidney_L,#1f138b
Left kidney,renal pyramid,http://purl.obolibrary.org/obo/CL_0000236,B cell,0.0003291869960404183,#VHMLeftKidney,VH_M_renal_pyramid_L,renal pyramid,VH_M_Kidney_L,#dbe7a9
Left kidney,renal pyramid,http://purl.obolibrary.org/obo/CL_0000648,kidney granular cell,8.347479893936007e-05,#VHMLeftKidney,VH_M_renal_pyramid_L,renal pyramid,VH_M_Kidney_L,#82b75f
Left kidney,renal pyramid,http://purl.obolibrary.org/obo/CL_0000650,mesangial cell,0.0009370434352725924,#VHMLeftKidney,VH_M_renal_pyramid_L,renal pyramid,VH_M_Kidney_L,#ac37d3
Left kidney,renal pyramid,http://purl.obolibrary.org/obo/CL_0000653,podocyte,0.002268358959644012,#VHMLeftKidney,VH_M_renal_pyramid_L,renal pyramid,VH_M_Kidney_L,#50f408
Left kidney,renal pyramid,http://purl.obolibrary.org/obo/CL_0000775,neutrophil,1.299319774914158e-05,#VHMLeftKidney,VH_M_renal_pyramid_L,renal pyramid,VH_M_Kidney_L,#db1f27
Left kidney,renal pyramid,http://purl.obolibrary.org/obo/CL_0000786,plasma cell,1.301918414463986e-05,#VHMLeftKidney,VH_M_renal_pyramid_L,renal pyramid,VH_M_Kidney_L,#a36a76
Left kidney,renal pyramid,http://purl.obolibrary.org/obo/CL_0000814,mature NK T cell,3.159296032703775e-05,#VHMLeftKidney,VH_M_renal_pyramid_L,renal pyramid,VH_M_Kidney_L,#8b9f0d
Left kidney,renal pyramid,http://purl.obolibrary.org/obo/CL_0000875,non-classical monocyte,8.72060122263219e-06,#VHMLeftKidney,VH_M_renal_pyramid_L,renal pyramid,VH_M_Kidney_L,#3022cb
Left kidney,renal pyramid,http://purl.obolibrary.org/obo/CL_0000890,M2 macrophage,0.003168198538694896,#VHMLeftKidney,VH_M_renal_pyramid_L,renal pyramid,VH_M_Kidney_L,#3d1a18
Left kidney,renal pyramid,http://purl.obolibrary.org/obo/CL_0000990,conventional dendritic cell,0.0007752607990321143,#VHMLeftKidney,VH_M_renal_pyramid_L,renal pyramid,VH_M_Kidney_L,#ac2d61
Left kidney,renal pyramid,http://purl.obolibrary.org/obo/CL_0002138,endothelial cell of lymphatic vessel,7.363678271030171e-05,#VHMLeftKidney,VH_M_renal_pyramid_L,renal pyramid,VH_M_Kidney_L,#201ff4
Left kidney,renal pyramid,http://purl.obolibrary.org/obo/CL_0002201,renal beta-intercalated cell,0.0148154569193984,#VHMLeftKidney,VH_M_renal_pyramid_L,renal pyramid,VH_M_Kidney_L,#43e116
Left kidney,renal pyramid,http://purl.obolibrary.org/obo/CL_0002573,Schwann cell,3.000995573460067e-05,#VHMLeftKidney,VH_M_renal_pyramid_L,renal pyramid,VH_M_Kidney_L,#17cc4a
Left kidney,renal pyramid,http://purl.obolibrary.org/obo/CL_0011031,monocyte-derived dendritic cell,0.006391399448994866,#VHMLeftKidney,VH_M_renal_pyramid_L,renal pyramid,VH_M_Kidney_L,#d61ef0
Left kidney,renal pyramid,http://purl.obolibrary.org/obo/CL_1000412,endothelial cell of arteriole,0.001013841896101852,#VHMLeftKidney,VH_M_renal_pyramid_L,renal pyramid,VH_M_Kidney_L,#fadf1d
Left kidney,renal pyramid,http://purl.obolibrary.org/obo/CL_1000452,parietal epithelial cell,0.00464753906842341,#VHMLeftKidney,VH_M_renal_pyramid_L,renal pyramid,VH_M_Kidney_L,#d9081c
Left kidney,renal pyramid,http://purl.obolibrary.org/obo/CL_1000597,papillary tips cell,0.002347465878606702,#VHMLeftKidney,VH_M_renal_pyramid_L,renal pyramid,VH_M_Kidney_L,#75bd3d
Left kidney,renal pyramid,http://purl.obolibrary.org/obo/CL_1000692,kidney interstitial fibroblast,0.01664865852769295,#VHMLeftKidney,VH_M_renal_pyramid_L,renal pyramid,VH_M_Kidney_L,#801329
Left kidney,renal pyramid,http://purl.obolibrary.org/obo/CL_1000714,kidney cortex collecting duct principal cell,0.1025719909343514,#VHMLeftKidney,VH_M_renal_pyramid_L,renal pyramid,VH_M_Kidney_L,#68d4f5
Left kidney,renal pyramid,http://purl.obolibrary.org/obo/CL_1000715,kidney cortex collecting duct intercalated cell,0.003088554567558574,#VHMLeftKidney,VH_M_renal_pyramid_L,renal pyramid,VH_M_Kidney_L,#9f99cf
Left kidney,renal pyramid,http://purl.obolibrary.org/obo/CL_1000716,kidney outer medulla collecting duct principal cell,0.007493891767806154,#VHMLeftKidney,VH_M_renal_pyramid_L,renal pyramid,VH_M_Kidney_L,#8a3894
Left kidney,renal pyramid,http://purl.obolibrary.org/obo/CL_1000717,kidney outer medulla collecting duct intercalated cell,0.006435208180739054,#VHMLeftKidney,VH_M_renal_pyramid_L,renal pyramid,VH_M_Kidney_L,#06e4e7
Left kidney,renal pyramid,http://purl.obolibrary.org/obo/CL_1000718,kidney inner medulla collecting duct principal cell,0.03025986690010765,#VHMLeftKidney,VH_M_renal_pyramid_L,renal pyramid,VH_M_Kidney_L,#4d9b9a
Left kidney,renal pyramid,http://purl.obolibrary.org/obo/CL_1000768,kidney connecting tubule epithelial cell,0.07918079611955897,#VHMLeftKidney,VH_M_renal_pyramid_L,renal pyramid,VH_M_Kidney_L,#97053d
Left kidney,renal pyramid,http://purl.obolibrary.org/obo/CL_1000850,macula densa epithelial cell,0.01423418889382688,#VHMLeftKidney,VH_M_renal_pyramid_L,renal pyramid,VH_M_Kidney_L,#267d97
Left kidney,renal pyramid,http://purl.obolibrary.org/obo/CL_1001005,glomerular capillary endothelial cell,0.002962797737610549,#VHMLeftKidney,VH_M_renal_pyramid_L,renal pyramid,VH_M_Kidney_L,#7294d3
Left kidney,renal pyramid,http://purl.obolibrary.org/obo/CL_1001107,kidney loop of Henle thin ascending limb epithelial cell,0.06182582952775565,#VHMLeftKidney,VH_M_renal_pyramid_L,renal pyramid,VH_M_Kidney_L,#88a61d
Left kidney,renal pyramid,http://purl.obolibrary.org/obo/CL_1001108,kidney loop of Henle medullary thick ascending limb epithelial cell,0.08139610385279325,#VHMLeftKidney,VH_M_renal_pyramid_L,renal pyramid,VH_M_Kidney_L,#0aed4b
Left kidney,renal pyramid,http://purl.obolibrary.org/obo/CL_1001109,kidney loop of Henle cortical thick ascending limb epithelial cell,0.2284502812949354,#VHMLeftKidney,VH_M_renal_pyramid_L,renal pyramid,VH_M_Kidney_L,#f9fb8c
Left kidney,renal pyramid,http://purl.obolibrary.org/obo/CL_1001131,vasa recta ascending limb cell,0.01324068784880131,#VHMLeftKidney,VH_M_renal_pyramid_L,renal pyramid,VH_M_Kidney_L,#fb684c
Left kidney,renal pyramid,http://purl.obolibrary.org/obo/CL_1001318,renal interstitial pericyte,0.006515393535114923,#VHMLeftKidney,VH_M_renal_pyramid_L,renal pyramid,VH_M_Kidney_L,#3f4fbc
Left kidney,renal pyramid,http://purl.obolibrary.org/obo/CL_4030009,epithelial cell of proximal tubule segment 1,0.004771790852965493,#VHMLeftKidney,VH_M_renal_pyramid_L,renal pyramid,VH_M_Kidney_L,#ece47f
Left kidney,renal pyramid,http://purl.obolibrary.org/obo/CL_4030010,epithelial cell of proximal tubule segment 2,0.0002483671405077995,#VHMLeftKidney,VH_M_renal_pyramid_L,renal pyramid,VH_M_Kidney_L,#39f5f8
Left kidney,renal pyramid,http://purl.obolibrary.org/obo/CL_4030011,epithelial cell of proximal tubule segment 3,0.001378127850328618,#VHMLeftKidney,VH_M_renal_pyramid_L,renal pyramid,VH_M_Kidney_L,#677442
Left kidney,renal pyramid,http://purl.obolibrary.org/obo/CL_4030012,kidney loop of Henle short descending thin limb epithelial cell,0.1044009719189105,#VHMLeftKidney,VH_M_renal_pyramid_L,renal pyramid,VH_M_Kidney_L,#d18377
Left kidney,renal pyramid,http://purl.obolibrary.org/obo/CL_4030013,kidney loop of Henle long descending thin limb outer medulla epithelial cell,0.01310861199368129,#VHMLeftKidney,VH_M_renal_pyramid_L,renal pyramid,VH_M_Kidney_L,#2bac78
Left kidney,renal pyramid,http://purl.obolibrary.org/obo/CL_4030014,kidney loop of Henle long descending thin limb inner medulla epithelial cell,0.02029986619951443,#VHMLeftKidney,VH_M_renal_pyramid_L,renal pyramid,VH_M_Kidney_L,#7939ad
Left kidney,renal pyramid,http://purl.obolibrary.org/obo/CL_4030016,epithelial cell of early distal convoluted tubule,0.04753494481555039,#VHMLeftKidney,VH_M_renal_pyramid_L,renal pyramid,VH_M_Kidney_L,#db5471
Left kidney,renal pyramid,http://purl.obolibrary.org/obo/CL_4030017,epithelial cell of late distal convoluted tubule,8.388191913549985e-05,#VHMLeftKidney,VH_M_renal_pyramid_L,renal pyramid,VH_M_Kidney_L,#494910
Left kidney,renal pyramid,http://purl.obolibrary.org/obo/CL_4030018,kidney connecting tubule principal cell,0.003779675749033163,#VHMLeftKidney,VH_M_renal_pyramid_L,renal pyramid,VH_M_Kidney_L,#1b351e
Left kidney,renal pyramid,http://purl.obolibrary.org/obo/CL_4030020,kidney connecting tubule alpha-intercalated cell,1.082766479095132e-05,#VHMLeftKidney,VH_M_renal_pyramid_L,renal pyramid,VH_M_Kidney_L,#c5aeef
Left kidney,renal pyramid,http://purl.obolibrary.org/obo/CL_4030022,renal medullary fibroblast,0.06095887356667489,#VHMLeftKidney,VH_M_renal_pyramid_L,renal pyramid,VH_M_Kidney_L,#0d5141
Left kidney,renal pyramid,http://purl.obolibrary.org/obo/CL_4033078,cycling mononuclear phagocyte,8.662131832761053e-06,#VHMLeftKidney,VH_M_renal_pyramid_L,renal pyramid,VH_M_Kidney_L,#c17533
Left kidney,renal pyramid,https://purl.org/ccf/ASCTB-TEMP_descending-vasa-recta-endothelial,Descending Vasa Recta Endothelial ,0.04209067801988033,#VHMLeftKidney,VH_M_renal_pyramid_L,renal pyramid,VH_M_Kidney_L,#fa3453
Left kidney,renal pyramid,https://purl.org/ccf/ASCTB-TEMP_peritubular-capilary-endothelial,Peritubular Capilary Endothelial ,0.005128850423710777,#VHMLeftKidney,VH_M_renal_pyramid_L,renal pyramid,VH_M_Kidney_L,#e5c93e
Left kidney,hilum of kidney,http://purl.obolibrary.org/obo/CL_0000084,T cell,0.0003596259889714697,#VHMLeftKidney,VH_M_hilum_of_kidney_L,hilum of kidney,VH_M_Kidney_L,#f9d62f
Left kidney,hilum of kidney,http://purl.obolibrary.org/obo/CL_0000650,mesangial cell,0.0004795013186286262,#VHMLeftKidney,VH_M_hilum_of_kidney_L,hilum of kidney,VH_M_Kidney_L,#db78b0
Left kidney,hilum of kidney,http://purl.obolibrary.org/obo/CL_0000653,podocyte,0.001198753296571566,#VHMLeftKidney,VH_M_hilum_of_kidney_L,hilum of kidney,VH_M_Kidney_L,#0552ba
Left kidney,hilum of kidney,http://purl.obolibrary.org/obo/CL_0000814,mature NK T cell,0.0002397506593143131,#VHMLeftKidney,VH_M_hilum_of_kidney_L,hilum of kidney,VH_M_Kidney_L,#cbcae7
Left kidney,hilum of kidney,http://purl.obolibrary.org/obo/CL_0000890,M2 macrophage,0.002996883241428914,#VHMLeftKidney,VH_M_hilum_of_kidney_L,hilum of kidney,VH_M_Kidney_L,#8cec12
Left kidney,hilum of kidney,http://purl.obolibrary.org/obo/CL_0002138,endothelial cell of lymphatic vessel,0.001678254615200192,#VHMLeftKidney,VH_M_hilum_of_kidney_L,hilum of kidney,VH_M_Kidney_L,#c6556c
Left kidney,hilum of kidney,http://purl.obolibrary.org/obo/CL_0002201,renal beta-intercalated cell,0.0002397506593143131,#VHMLeftKidney,VH_M_hilum_of_kidney_L,hilum of kidney,VH_M_Kidney_L,#0f563e
Left kidney,hilum of kidney,http://purl.obolibrary.org/obo/CL_0002573,Schwann cell,0.0003596259889714697,#VHMLeftKidney,VH_M_hilum_of_kidney_L,hilum of kidney,VH_M_Kidney_L,#241155
Left kidney,hilum of kidney,http://purl.obolibrary.org/obo/CL_0011031,monocyte-derived dendritic cell,0.0001198753296571566,#VHMLeftKidney,VH_M_hilum_of_kidney_L,hilum of kidney,VH_M_Kidney_L,#2ab39e
Left kidney,hilum of kidney,http://purl.obolibrary.org/obo/CL_1000412,endothelial cell of arteriole,0.001078877966914409,#VHMLeftKidney,VH_M_hilum_of_kidney_L,hilum of kidney,VH_M_Kidney_L,#60bc2f
Left kidney,hilum of kidney,http://purl.obolibrary.org/obo/CL_1000452,parietal epithelial cell,0.0004795013186286262,#VHMLeftKidney,VH_M_hilum_of_kidney_L,hilum of kidney,VH_M_Kidney_L,#7cc394
Left kidney,hilum of kidney,http://purl.obolibrary.org/obo/CL_1000692,kidney interstitial fibroblast,0.005993766482857828,#VHMLeftKidney,VH_M_hilum_of_kidney_L,hilum of kidney,VH_M_Kidney_L,#dc1faf
Left kidney,hilum of kidney,http://purl.obolibrary.org/obo/CL_1000714,kidney cortex collecting duct principal cell,0.001438503955885879,#VHMLeftKidney,VH_M_hilum_of_kidney_L,hilum of kidney,VH_M_Kidney_L,#6d4d94
Left kidney,hilum of kidney,http://purl.obolibrary.org/obo/CL_1000715,kidney cortex collecting duct intercalated cell,0.01042915368017262,#VHMLeftKidney,VH_M_hilum_of_kidney_L,hilum of kidney,VH_M_Kidney_L,#50837c
Left kidney,hilum of kidney,http://purl.obolibrary.org/obo/CL_1000716,kidney outer medulla collecting duct principal cell,0.09530088707743949,#VHMLeftKidney,VH_M_hilum_of_kidney_L,hilum of kidney,VH_M_Kidney_L,#af5cd2
Left kidney,hilum of kidney,http://purl.obolibrary.org/obo/CL_1000717,kidney outer medulla collecting duct intercalated cell,0.005154639175257732,#VHMLeftKidney,VH_M_hilum_of_kidney_L,hilum of kidney,VH_M_Kidney_L,#b72136
Left kidney,hilum of kidney,http://purl.obolibrary.org/obo/CL_1000768,kidney connecting tubule epithelial cell,0.005034763845600575,#VHMLeftKidney,VH_M_hilum_of_kidney_L,hilum of kidney,VH_M_Kidney_L,#e80b7b
Left kidney,hilum of kidney,http://purl.obolibrary.org/obo/CL_1000850,macula densa epithelial cell,0.006353392471829296,#VHMLeftKidney,VH_M_hilum_of_kidney_L,hilum of kidney,VH_M_Kidney_L,#6ed084
Left kidney,hilum of kidney,http://purl.obolibrary.org/obo/CL_1001005,glomerular capillary endothelial cell,0.0007192519779429394,#VHMLeftKidney,VH_M_hilum_of_kidney_L,hilum of kidney,VH_M_Kidney_L,#6466aa
Left kidney,hilum of kidney,http://purl.obolibrary.org/obo/CL_1001107,kidney loop of Henle thin ascending limb epithelial cell,0.0002397506593143131,#VHMLeftKidney,VH_M_hilum_of_kidney_L,hilum of kidney,VH_M_Kidney_L,#0e3872
Left kidney,hilum of kidney,http://purl.obolibrary.org/obo/CL_1001108,kidney loop of Henle medullary thick ascending limb epithelial cell,0.3018460800767202,#VHMLeftKidney,VH_M_hilum_of_kidney_L,hilum of kidney,VH_M_Kidney_L,#99d1ee
Left kidney,hilum of kidney,http://purl.obolibrary.org/obo/CL_1001109,kidney loop of Henle cortical thick ascending limb epithelial cell,0.2700791177175737,#VHMLeftKidney,VH_M_hilum_of_kidney_L,hilum of kidney,VH_M_Kidney_L,#32999a
Left kidney,hilum of kidney,http://purl.obolibrary.org/obo/CL_1001131,vasa recta ascending limb cell,0.0284104531287461,#VHMLeftKidney,VH_M_hilum_of_kidney_L,hilum of kidney,VH_M_Kidney_L,#1d2826
Left kidney,hilum of kidney,http://purl.obolibrary.org/obo/CL_1001318,renal interstitial pericyte,0.01606329417405898,#VHMLeftKidney,VH_M_hilum_of_kidney_L,hilum of kidney,VH_M_Kidney_L,#b127aa
Left kidney,hilum of kidney,http://purl.obolibrary.org/obo/CL_4030011,epithelial cell of proximal tubule segment 3,0.0154639175257732,#VHMLeftKidney,VH_M_hilum_of_kidney_L,hilum of kidney,VH_M_Kidney_L,#50a364
Left kidney,hilum of kidney,http://purl.obolibrary.org/obo/CL_4030012,kidney loop of Henle short descending thin limb epithelial cell,0.0648525533445217,#VHMLeftKidney,VH_M_hilum_of_kidney_L,hilum of kidney,VH_M_Kidney_L,#2a0ff3
Left kidney,hilum of kidney,http://purl.obolibrary.org/obo/CL_4030013,kidney loop of Henle long descending thin limb outer medulla epithelial cell,0.04003836010549029,#VHMLeftKidney,VH_M_hilum_of_kidney_L,hilum of kidney,VH_M_Kidney_L,#790a4f
Left kidney,hilum of kidney,http://purl.obolibrary.org/obo/CL_4030014,kidney loop of Henle long descending thin limb inner medulla epithelial cell,0.0001198753296571566,#VHMLeftKidney,VH_M_hilum_of_kidney_L,hilum of kidney,VH_M_Kidney_L,#6c8a3d
Left kidney,hilum of kidney,http://purl.obolibrary.org/obo/CL_4030016,epithelial cell of early distal convoluted tubule,0.001678254615200192,#VHMLeftKidney,VH_M_hilum_of_kidney_L,hilum of kidney,VH_M_Kidney_L,#0ee72e
Left kidney,hilum of kidney,http://purl.obolibrary.org/obo/CL_4030018,kidney connecting tubule principal cell,0.03620234955646128,#VHMLeftKidney,VH_M_hilum_of_kidney_L,hilum of kidney,VH_M_Kidney_L,#d38e4a
Left kidney,hilum of kidney,http://purl.obolibrary.org/obo/CL_4030022,renal medullary fibroblast,0.02325581395348837,#VHMLeftKidney,VH_M_hilum_of_kidney_L,hilum of kidney,VH_M_Kidney_L,#766428
Left kidney,hilum of kidney,https://purl.org/ccf/ASCTB-TEMP_descending-vasa-recta-endothelial,Descending Vasa Recta Endothelial ,0.04902900982977704,#VHMLeftKidney,VH_M_hilum_of_kidney_L,hilum of kidney,VH_M_Kidney_L,#3a33b4
Left kidney,hilum of kidney,https://purl.org/ccf/ASCTB-TEMP_peritubular-capilary-endothelial,Peritubular Capilary Endothelial ,0.01306641093263006,#VHMLeftKidney,VH_M_hilum_of_kidney_L,hilum of kidney,VH_M_Kidney_L,#360391
heart,right cardiac atrium,http://purl.obolibrary.org/obo/CL_0000057,fibroblast,0.2587151026110405,#VHMHeart,VH_M_right_cardiac_atrium,right cardiac atrium,VH_M_Heart,#28a2fe
heart,right cardiac atrium,http://purl.obolibrary.org/obo/CL_0000077,mesothelial cell,0.005506003929082116,#VHMHeart,VH_M_right_cardiac_atrium,right cardiac atrium,VH_M_Heart,#abc608
heart,right cardiac atrium,http://purl.obolibrary.org/obo/CL_0000084,T cell,0.02499114591739153,#VHMHeart,VH_M_right_cardiac_atrium,right cardiac atrium,VH_M_Heart,#0eb2d7
heart,right cardiac atrium,http://purl.obolibrary.org/obo/CL_0000097,mast cell,0.002023284654654702,#VHMHeart,VH_M_right_cardiac_atrium,right cardiac atrium,VH_M_Heart,#e87e25
heart,right cardiac atrium,http://purl.obolibrary.org/obo/CL_0000115,endothelial cell,0.00828315339164628,#VHMHeart,VH_M_right_cardiac_atrium,right cardiac atrium,VH_M_Heart,#8b9bc0
heart,right cardiac atrium,http://purl.obolibrary.org/obo/CL_0000136,adipocyte,0.005492594324824043,#VHMHeart,VH_M_right_cardiac_atrium,right cardiac atrium,VH_M_Heart,#e07d9b
heart,right cardiac atrium,http://purl.obolibrary.org/obo/CL_0000192,smooth muscle cell,0.02323921855905566,#VHMHeart,VH_M_right_cardiac_atrium,right cardiac atrium,VH_M_Heart,#f7a69c
heart,right cardiac atrium,http://purl.obolibrary.org/obo/CL_0000235,macrophage,0.05254294766108934,#VHMHeart,VH_M_right_cardiac_atrium,right cardiac atrium,VH_M_Heart,#7d6635
heart,right cardiac atrium,http://purl.obolibrary.org/obo/CL_0000236,B cell,0.01059049022177783,#VHMHeart,VH_M_right_cardiac_atrium,right cardiac atrium,VH_M_Heart,#319c5d
heart,right cardiac atrium,http://purl.obolibrary.org/obo/CL_0000623,natural killer cell,0.02010576161685249,#VHMHeart,VH_M_right_cardiac_atrium,right cardiac atrium,VH_M_Heart,#a7411d
heart,right cardiac atrium,http://purl.obolibrary.org/obo/CL_0000669,pericyte,0.06030523662744232,#VHMHeart,VH_M_right_cardiac_atrium,right cardiac atrium,VH_M_Heart,#dedd3c
heart,right cardiac atrium,http://purl.obolibrary.org/obo/CL_0002129,Atrial Cardiomyocyte,0.1148455346324131,#VHMHeart,VH_M_right_cardiac_atrium,right cardiac atrium,VH_M_Heart,#a76cd3
heart,right cardiac atrium,http://purl.obolibrary.org/obo/CL_0002131,Ventricular Cardiomycoyte,0.1224932293410582,#VHMHeart,VH_M_right_cardiac_atrium,right cardiac atrium,VH_M_Heart,#ca257b
heart,right cardiac atrium,http://purl.obolibrary.org/obo/CL_0002138,endothelial cell of lymphatic vessel,0.008053522427358914,#VHMHeart,VH_M_right_cardiac_atrium,right cardiac atrium,VH_M_Heart,#d6bbfe
heart,right cardiac atrium,http://purl.obolibrary.org/obo/CL_0002144,capillary endothelial cell,0.09243349125581488,#VHMHeart,VH_M_right_cardiac_atrium,right cardiac atrium,VH_M_Heart,#5ab530
heart,right cardiac atrium,http://purl.obolibrary.org/obo/CL_0002350,endocardial cell,0.03550863207537858,#VHMHeart,VH_M_right_cardiac_atrium,right cardiac atrium,VH_M_Heart,#15f08a
heart,right cardiac atrium,http://purl.obolibrary.org/obo/CL_0002573,Schwann cell,0.01374093039373933,#VHMHeart,VH_M_right_cardiac_atrium,right cardiac atrium,VH_M_Heart,#4846df
heart,right cardiac atrium,http://purl.obolibrary.org/obo/CL_0011031,monocyte-derived dendritic cell,0.0760197952986472,#VHMHeart,VH_M_right_cardiac_atrium,right cardiac atrium,VH_M_Heart,#50379e
heart,right cardiac atrium,http://purl.obolibrary.org/obo/CL_1000413,endothelial cell of artery,0.02829286956886352,#VHMHeart,VH_M_right_cardiac_atrium,right cardiac atrium,VH_M_Heart,#e48659
heart,right cardiac atrium,http://purl.obolibrary.org/obo/CL_1000414,endothelial cell of venule,0.03681705549186939,#VHMHeart,VH_M_right_cardiac_atrium,right cardiac atrium,VH_M_Heart,#cfb38c
heart,left cardiac atrium,http://purl.obolibrary.org/obo/CL_0000057,fibroblast,0.1711423883947845,#VHMHeart,VH_M_left_cardiac_atrium,left cardiac atrium,VH_M_Heart,#9af692
heart,left cardiac atrium,http://purl.obolibrary.org/obo/CL_0000077,mesothelial cell,0.008462136257663413,#VHMHeart,VH_M_left_cardiac_atrium,left cardiac atrium,VH_M_Heart,#4fd013
heart,left cardiac atrium,http://purl.obolibrary.org/obo/CL_0000084,T cell,0.0324453846818064,#VHMHeart,VH_M_left_cardiac_atrium,left cardiac atrium,VH_M_Heart,#a9a045
heart,left cardiac atrium,http://purl.obolibrary.org/obo/CL_0000097,mast cell,0.00522407391416976,#VHMHeart,VH_M_left_cardiac_atrium,left cardiac atrium,VH_M_Heart,#345f0c
heart,left cardiac atrium,http://purl.obolibrary.org/obo/CL_0000115,endothelial cell,0.004079958552802003,#VHMHeart,VH_M_left_cardiac_atrium,left cardiac atrium,VH_M_Heart,#9b9148
heart,left cardiac atrium,http://purl.obolibrary.org/obo/CL_0000136,adipocyte,0.0199464640359209,#VHMHeart,VH_M_left_cardiac_atrium,left cardiac atrium,VH_M_Heart,#ce7aa1
heart,left cardiac atrium,http://purl.obolibrary.org/obo/CL_0000192,smooth muscle cell,0.04075641136344012,#VHMHeart,VH_M_left_cardiac_atrium,left cardiac atrium,VH_M_Heart,#6d50a9
heart,left cardiac atrium,http://purl.obolibrary.org/obo/CL_0000235,macrophage,0.03147396597875831,#VHMHeart,VH_M_left_cardiac_atrium,left cardiac atrium,VH_M_Heart,#b890c1
heart,left cardiac atrium,http://purl.obolibrary.org/obo/CL_0000236,B cell,0.005396770572489423,#VHMHeart,VH_M_left_cardiac_atrium,left cardiac atrium,VH_M_Heart,#741b9b
heart,left cardiac atrium,http://purl.obolibrary.org/obo/CL_0000623,natural killer cell,0.02527847336154045,#VHMHeart,VH_M_left_cardiac_atrium,left cardiac atrium,VH_M_Heart,#ff95fe
heart,left cardiac atrium,http://purl.obolibrary.org/obo/CL_0000669,pericyte,0.1616872463517831,#VHMHeart,VH_M_left_cardiac_atrium,left cardiac atrium,VH_M_Heart,#4ce0d3
heart,left cardiac atrium,http://purl.obolibrary.org/obo/CL_0001065,innate lymphoid cell,8.634832915983075e-05,#VHMHeart,VH_M_left_cardiac_atrium,left cardiac atrium,VH_M_Heart,#402340
heart,left cardiac atrium,http://purl.obolibrary.org/obo/CL_0002129,Atrial Cardiomyocyte,0.1537863742336586,#VHMHeart,VH_M_left_cardiac_atrium,left cardiac atrium,VH_M_Heart,#6f58b8
heart,left cardiac atrium,http://purl.obolibrary.org/obo/CL_0002131,Ventricular Cardiomycoyte,0.007404369225455485,#VHMHeart,VH_M_left_cardiac_atrium,left cardiac atrium,VH_M_Heart,#488e7c
heart,left cardiac atrium,http://purl.obolibrary.org/obo/CL_0002138,endothelial cell of lymphatic vessel,0.002072359899835938,#VHMHeart,VH_M_left_cardiac_atrium,left cardiac atrium,VH_M_Heart,#ea7eb2
heart,left cardiac atrium,http://purl.obolibrary.org/obo/CL_0002144,capillary endothelial cell,0.2065452033503151,#VHMHeart,VH_M_left_cardiac_atrium,left cardiac atrium,VH_M_Heart,#eefef7
heart,left cardiac atrium,http://purl.obolibrary.org/obo/CL_0002350,endocardial cell,0.01729125291425611,#VHMHeart,VH_M_left_cardiac_atrium,left cardiac atrium,VH_M_Heart,#84cb32
heart,left cardiac atrium,http://purl.obolibrary.org/obo/CL_0002573,Schwann cell,0.01411795181763233,#VHMHeart,VH_M_left_cardiac_atrium,left cardiac atrium,VH_M_Heart,#792e45
heart,left cardiac atrium,http://purl.obolibrary.org/obo/CL_0011031,monocyte-derived dendritic cell,0.06845263794145583,#VHMHeart,VH_M_left_cardiac_atrium,left cardiac atrium,VH_M_Heart,#ac5b62
heart,left cardiac atrium,http://purl.obolibrary.org/obo/CL_1000413,endothelial cell of artery,0.00904498747949227,#VHMHeart,VH_M_left_cardiac_atrium,left cardiac atrium,VH_M_Heart,#c52f1f
heart,left cardiac atrium,http://purl.obolibrary.org/obo/CL_1000414,endothelial cell of venule,0.01530524134358,#VHMHeart,VH_M_left_cardiac_atrium,left cardiac atrium,VH_M_Heart,#fffd9b
heart,heart right ventricle,http://purl.obolibrary.org/obo/CL_0000057,fibroblast,0.1626401019073387,#VHMHeart,VH_M_heart_right_ventricle,heart right ventricle,VH_M_Heart,#ed0440
heart,heart right ventricle,http://purl.obolibrary.org/obo/CL_0000077,mesothelial cell,0.004170165295547568,#VHMHeart,VH_M_heart_right_ventricle,heart right ventricle,VH_M_Heart,#57b35e
heart,heart right ventricle,http://purl.obolibrary.org/obo/CL_0000084,T cell,0.01521243383175038,#VHMHeart,VH_M_heart_right_ventricle,heart right ventricle,VH_M_Heart,#c2a383
heart,heart right ventricle,http://purl.obolibrary.org/obo/CL_0000097,mast cell,0.004784191249949332,#VHMHeart,VH_M_heart_right_ventricle,heart right ventricle,VH_M_Heart,#4c5a9a
heart,heart right ventricle,http://purl.obolibrary.org/obo/CL_0000115,endothelial cell,7.82069411860387e-05,#VHMHeart,VH_M_heart_right_ventricle,heart right ventricle,VH_M_Heart,#25c41f
heart,heart right ventricle,http://purl.obolibrary.org/obo/CL_0000136,adipocyte,0.00376708474338679,#VHMHeart,VH_M_heart_right_ventricle,heart right ventricle,VH_M_Heart,#75034f
heart,heart right ventricle,http://purl.obolibrary.org/obo/CL_0000192,smooth muscle cell,0.01847861430412759,#VHMHeart,VH_M_heart_right_ventricle,heart right ventricle,VH_M_Heart,#97689f
heart,heart right ventricle,http://purl.obolibrary.org/obo/CL_0000235,macrophage,0.02043136825775384,#VHMHeart,VH_M_heart_right_ventricle,heart right ventricle,VH_M_Heart,#fe7f36
heart,heart right ventricle,http://purl.obolibrary.org/obo/CL_0000236,B cell,0.02464440948113727,#VHMHeart,VH_M_heart_right_ventricle,heart right ventricle,VH_M_Heart,#fb7b27
heart,heart right ventricle,http://purl.obolibrary.org/obo/CL_0000623,natural killer cell,0.01376273054722016,#VHMHeart,VH_M_heart_right_ventricle,heart right ventricle,VH_M_Heart,#010020
heart,heart right ventricle,http://purl.obolibrary.org/obo/CL_0000669,pericyte,0.09564565813846768,#VHMHeart,VH_M_heart_right_ventricle,heart right ventricle,VH_M_Heart,#a9625d
heart,heart right ventricle,http://purl.obolibrary.org/obo/CL_0001065,innate lymphoid cell,2.557465841180174e-05,#VHMHeart,VH_M_heart_right_ventricle,heart right ventricle,VH_M_Heart,#5b6de3
heart,heart right ventricle,http://purl.obolibrary.org/obo/CL_0002129,Atrial Cardiomyocyte,0.003234231662072334,#VHMHeart,VH_M_heart_right_ventricle,heart right ventricle,VH_M_Heart,#18b9ba
heart,heart right ventricle,http://purl.obolibrary.org/obo/CL_0002131,Ventricular Cardiomycoyte,0.341260293669926,#VHMHeart,VH_M_heart_right_ventricle,heart right ventricle,VH_M_Heart,#22da6b
heart,heart right ventricle,http://purl.obolibrary.org/obo/CL_0002138,endothelial cell of lymphatic vessel,0.002824881025804492,#VHMHeart,VH_M_heart_right_ventricle,heart right ventricle,VH_M_Heart,#599dd9
heart,heart right ventricle,http://purl.obolibrary.org/obo/CL_0002144,capillary endothelial cell,0.1362216358696265,#VHMHeart,VH_M_heart_right_ventricle,heart right ventricle,VH_M_Heart,#5abfa0
heart,heart right ventricle,http://purl.obolibrary.org/obo/CL_0002350,endocardial cell,0.004675986769446093,#VHMHeart,VH_M_heart_right_ventricle,heart right ventricle,VH_M_Heart,#d0d261
heart,heart right ventricle,http://purl.obolibrary.org/obo/CL_0002573,Schwann cell,0.005411082584396502,#VHMHeart,VH_M_heart_right_ventricle,heart right ventricle,VH_M_Heart,#dd41a2
heart,heart right ventricle,http://purl.obolibrary.org/obo/CL_0011031,monocyte-derived dendritic cell,0.02995423410974666,#VHMHeart,VH_M_heart_right_ventricle,heart right ventricle,VH_M_Heart,#ae6540
heart,heart right ventricle,http://purl.obolibrary.org/obo/CL_1000413,endothelial cell of artery,0.1026390263667704,#VHMHeart,VH_M_heart_right_ventricle,heart right ventricle,VH_M_Heart,#c811b3
heart,heart right ventricle,http://purl.obolibrary.org/obo/CL_1000414,endothelial cell of venule,0.01013808858593369,#VHMHeart,VH_M_heart_right_ventricle,heart right ventricle,VH_M_Heart,#c6f741
heart,heart left ventricle,http://purl.obolibrary.org/obo/CL_0000057,fibroblast,0.2795555367257744,#VHMHeart,VH_M_heart_left_ventricle,heart left ventricle,VH_M_Heart,#8599f5
heart,heart left ventricle,http://purl.obolibrary.org/obo/CL_0000077,mesothelial cell,0.006697244084754339,#VHMHeart,VH_M_heart_left_ventricle,heart left ventricle,VH_M_Heart,#9a79e0
heart,heart left ventricle,http://purl.obolibrary.org/obo/CL_0000084,T cell,0.008313015438733178,#VHMHeart,VH_M_heart_left_ventricle,heart left ventricle,VH_M_Heart,#c12684
heart,heart left ventricle,http://purl.obolibrary.org/obo/CL_0000097,mast cell,0.004338141687264964,#VHMHeart,VH_M_heart_left_ventricle,heart left ventricle,VH_M_Heart,#7b8ec7
heart,heart left ventricle,http://purl.obolibrary.org/obo/CL_0000115,endothelial cell,0.0001048323726093733,#VHMHeart,VH_M_heart_left_ventricle,heart left ventricle,VH_M_Heart,#1fa9de
heart,heart left ventricle,http://purl.obolibrary.org/obo/CL_0000136,adipocyte,0.005113577147528373,#VHMHeart,VH_M_heart_left_ventricle,heart left ventricle,VH_M_Heart,#a79c7d
heart,heart left ventricle,http://purl.obolibrary.org/obo/CL_0000192,smooth muscle cell,0.01428803095950921,#VHMHeart,VH_M_heart_left_ventricle,heart left ventricle,VH_M_Heart,#e4e96d
heart,heart left ventricle,http://purl.obolibrary.org/obo/CL_0000235,macrophage,0.02356225312775641,#VHMHeart,VH_M_heart_left_ventricle,heart left ventricle,VH_M_Heart,#58bbe7
heart,heart left ventricle,http://purl.obolibrary.org/obo/CL_0000236,B cell,0.08343435274278005,#VHMHeart,VH_M_heart_left_ventricle,heart left ventricle,VH_M_Heart,#7580d8
heart,heart left ventricle,http://purl.obolibrary.org/obo/CL_0000623,natural killer cell,0.008084599364427172,#VHMHeart,VH_M_heart_left_ventricle,heart left ventricle,VH_M_Heart,#a87994
heart,heart left ventricle,http://purl.obolibrary.org/obo/CL_0000669,pericyte,0.04897076993049831,#VHMHeart,VH_M_heart_left_ventricle,heart left ventricle,VH_M_Heart,#3d680c
heart,heart left ventricle,http://purl.obolibrary.org/obo/CL_0001065,innate lymphoid cell,4.478326681395796e-05,#VHMHeart,VH_M_heart_left_ventricle,heart left ventricle,VH_M_Heart,#fd1ad1
heart,heart left ventricle,http://purl.obolibrary.org/obo/CL_0002129,Atrial Cardiomyocyte,0.00187704421318011,#VHMHeart,VH_M_heart_left_ventricle,heart left ventricle,VH_M_Heart,#840063
heart,heart left ventricle,http://purl.obolibrary.org/obo/CL_0002131,Ventricular Cardiomycoyte,0.4051275332871974,#VHMHeart,VH_M_heart_left_ventricle,heart left ventricle,VH_M_Heart,#049471
heart,heart left ventricle,http://purl.obolibrary.org/obo/CL_0002138,endothelial cell of lymphatic vessel,0.002337493516322847,#VHMHeart,VH_M_heart_left_ventricle,heart left ventricle,VH_M_Heart,#9aa379
heart,heart left ventricle,http://purl.obolibrary.org/obo/CL_0002144,capillary endothelial cell,0.06019321901936659,#VHMHeart,VH_M_heart_left_ventricle,heart left ventricle,VH_M_Heart,#04ca46
heart,heart left ventricle,http://purl.obolibrary.org/obo/CL_0002350,endocardial cell,0.006264089829700426,#VHMHeart,VH_M_heart_left_ventricle,heart left ventricle,VH_M_Heart,#2df89e
heart,heart left ventricle,http://purl.obolibrary.org/obo/CL_0002573,Schwann cell,0.004376826431540123,#VHMHeart,VH_M_heart_left_ventricle,heart left ventricle,VH_M_Heart,#1103e6
heart,heart left ventricle,http://purl.obolibrary.org/obo/CL_0011031,monocyte-derived dendritic cell,0.0193746834555727,#VHMHeart,VH_M_heart_left_ventricle,heart left ventricle,VH_M_Heart,#df7f2a
heart,heart left ventricle,http://purl.obolibrary.org/obo/CL_1000413,endothelial cell of artery,0.00913675148687622,#VHMHeart,VH_M_heart_left_ventricle,heart left ventricle,VH_M_Heart,#79ffb5
heart,heart left ventricle,http://purl.obolibrary.org/obo/CL_1000414,endothelial cell of venule,0.008805221911793842,#VHMHeart,VH_M_heart_left_ventricle,heart left ventricle,VH_M_Heart,#f734bb
heart,interventricular septum,http://purl.obolibrary.org/obo/CL_0000057,fibroblast,0.1507942120791855,#VHMHeart,VH_M_interventricular_septum,interventricular septum,VH_M_Heart,#80328c
heart,interventricular septum,http://purl.obolibrary.org/obo/CL_0000077,mesothelial cell,0.00245027080534812,#VHMHeart,VH_M_interventricular_septum,interventricular septum,VH_M_Heart,#39c534
heart,interventricular septum,http://purl.obolibrary.org/obo/CL_0000084,T cell,0.01264684157999307,#VHMHeart,VH_M_interventricular_septum,interventricular septum,VH_M_Heart,#8d1247
heart,interventricular septum,http://purl.obolibrary.org/obo/CL_0000097,mast cell,0.004595219237061562,#VHMHeart,VH_M_interventricular_septum,interventricular septum,VH_M_Heart,#6195c3
heart,interventricular septum,http://purl.obolibrary.org/obo/CL_0000115,endothelial cell,0.0001230690603314019,#VHMHeart,VH_M_interventricular_septum,interventricular septum,VH_M_Heart,#bb62ad
heart,interventricular septum,http://purl.obolibrary.org/obo/CL_0000136,adipocyte,0.001551610271053195,#VHMHeart,VH_M_interventricular_septum,interventricular septum,VH_M_Heart,#6e3360
heart,interventricular septum,http://purl.obolibrary.org/obo/CL_0000192,smooth muscle cell,0.01218789654250722,#VHMHeart,VH_M_interventricular_septum,interventricular septum,VH_M_Heart,#b757f4
heart,interventricular septum,http://purl.obolibrary.org/obo/CL_0000235,macrophage,0.01790569363196667,#VHMHeart,VH_M_interventricular_septum,interventricular septum,VH_M_Heart,#ff51ca
heart,interventricular septum,http://purl.obolibrary.org/obo/CL_0000236,B cell,0.03153110517084486,#VHMHeart,VH_M_interventricular_septum,interventricular septum,VH_M_Heart,#552627
heart,interventricular septum,http://purl.obolibrary.org/obo/CL_0000623,natural killer cell,0.01329103119266525,#VHMHeart,VH_M_interventricular_septum,interventricular septum,VH_M_Heart,#f7b2e3
heart,interventricular septum,http://purl.obolibrary.org/obo/CL_0000669,pericyte,0.0858190897632822,#VHMHeart,VH_M_interventricular_septum,interventricular septum,VH_M_Heart,#f9ddd5
heart,interventricular septum,http://purl.obolibrary.org/obo/CL_0002129,Atrial Cardiomyocyte,0.00540050966829256,#VHMHeart,VH_M_interventricular_septum,interventricular septum,VH_M_Heart,#5d7b3a
heart,interventricular septum,http://purl.obolibrary.org/obo/CL_0002131,Ventricular Cardiomycoyte,0.4707697093711321,#VHMHeart,VH_M_interventricular_septum,interventricular septum,VH_M_Heart,#cac7b1
heart,interventricular septum,http://purl.obolibrary.org/obo/CL_0002138,endothelial cell of lymphatic vessel,0.003124586698413925,#VHMHeart,VH_M_interventricular_septum,interventricular septum,VH_M_Heart,#7d7970
heart,interventricular septum,http://purl.obolibrary.org/obo/CL_0002144,capillary endothelial cell,0.1261380950234162,#VHMHeart,VH_M_interventricular_septum,interventricular septum,VH_M_Heart,#9a9b17
heart,interventricular septum,http://purl.obolibrary.org/obo/CL_0002350,endocardial cell,0.002379762489533253,#VHMHeart,VH_M_interventricular_septum,interventricular septum,VH_M_Heart,#72cf07
heart,interventricular septum,http://purl.obolibrary.org/obo/CL_0002573,Schwann cell,0.00396491762598928,#VHMHeart,VH_M_interventricular_septum,interventricular septum,VH_M_Heart,#5a1cd5
heart,interventricular septum,http://purl.obolibrary.org/obo/CL_0011031,monocyte-derived dendritic cell,0.03371964056142567,#VHMHeart,VH_M_interventricular_septum,interventricular septum,VH_M_Heart,#05e490
heart,interventricular septum,http://purl.obolibrary.org/obo/CL_1000413,endothelial cell of artery,0.01076362856304693,#VHMHeart,VH_M_interventricular_septum,interventricular septum,VH_M_Heart,#dd46f5
heart,interventricular septum,http://purl.obolibrary.org/obo/CL_1000414,endothelial cell of venule,0.01084311066451096,#VHMHeart,VH_M_interventricular_septum,interventricular septum,VH_M_Heart,#52b7bd
prostate,seminal vesicle,http://purl.obolibrary.org/obo/CL_0000038,erythroid progenitor cell,0.005530390814284209,#VHMProstate,VH_M_seminal_vesicle,seminal vesicle,VH_M_Prostate,#0f5606
prostate,seminal vesicle,http://purl.obolibrary.org/obo/CL_0000057,fibroblast,0.01490572000421363,#VHMProstate,VH_M_seminal_vesicle,seminal vesicle,VH_M_Prostate,#d97658
prostate,seminal vesicle,http://purl.obolibrary.org/obo/CL_0000066,epithelial cell,0.3199726113978721,#VHMProstate,VH_M_seminal_vesicle,seminal vesicle,VH_M_Prostate,#842e87
prostate,seminal vesicle,http://purl.obolibrary.org/obo/CL_0000115,endothelial cell,0.04329505951753924,#VHMProstate,VH_M_seminal_vesicle,seminal vesicle,VH_M_Prostate,#7b0874
prostate,seminal vesicle,http://purl.obolibrary.org/obo/CL_0000158,club cell,0.06647003054882546,#VHMProstate,VH_M_seminal_vesicle,seminal vesicle,VH_M_Prostate,#9c4df1
prostate,seminal vesicle,http://purl.obolibrary.org/obo/CL_0000192,smooth muscle cell,0.01943537343305594,#VHMProstate,VH_M_seminal_vesicle,seminal vesicle,VH_M_Prostate,#4eccde
prostate,seminal vesicle,http://purl.obolibrary.org/obo/CL_0000235,macrophage,0.03918676919835669,#VHMProstate,VH_M_seminal_vesicle,seminal vesicle,VH_M_Prostate,#4174cd
prostate,seminal vesicle,http://purl.obolibrary.org/obo/CL_0000499,stromal cell,0.002475508269251027,#VHMProstate,VH_M_seminal_vesicle,seminal vesicle,VH_M_Prostate,#f629c8
prostate,seminal vesicle,http://purl.obolibrary.org/obo/CL_0000576,monocyte,0.004793005372379647,#VHMProstate,VH_M_seminal_vesicle,seminal vesicle,VH_M_Prostate,#c068de
prostate,seminal vesicle,http://purl.obolibrary.org/obo/CL_0000625,"CD8-positive, alpha-beta T cell",0.115190140103234,#VHMProstate,VH_M_seminal_vesicle,seminal vesicle,VH_M_Prostate,#00f2c2
prostate,seminal vesicle,http://purl.obolibrary.org/obo/CL_0000814,mature NK T cell,0.02965342884230486,#VHMProstate,VH_M_seminal_vesicle,seminal vesicle,VH_M_Prostate,#be3424
prostate,seminal vesicle,http://purl.obolibrary.org/obo/CL_0002340,luminal cell of prostate epithelium,0.07837353839671338,#VHMProstate,VH_M_seminal_vesicle,seminal vesicle,VH_M_Prostate,#be7345
prostate,seminal vesicle,http://purl.obolibrary.org/obo/CL_0002341,basal cell of prostate epithelium,0.2607184241019699,#VHMProstate,VH_M_seminal_vesicle,seminal vesicle,VH_M_Prostate,#60cbf3
prostate,apex of prostate,http://purl.obolibrary.org/obo/CL_0000038,erythroid progenitor cell,0.00553039081428421,#VHMProstate,VH_M_apex_of_prostate,apex of prostate,VH_M_Prostate,#4a951a
prostate,apex of prostate,http://purl.obolibrary.org/obo/CL_0000057,fibroblast,0.01490572000421363,#VHMProstate,VH_M_apex_of_prostate,apex of prostate,VH_M_Prostate,#45306a
prostate,apex of prostate,http://purl.obolibrary.org/obo/CL_0000066,epithelial cell,0.3199726113978721,#VHMProstate,VH_M_apex_of_prostate,apex of prostate,VH_M_Prostate,#b248db
prostate,apex of prostate,http://purl.obolibrary.org/obo/CL_0000115,endothelial cell,0.04329505951753924,#VHMProstate,VH_M_apex_of_prostate,apex of prostate,VH_M_Prostate,#ce0c2a
prostate,apex of prostate,http://purl.obolibrary.org/obo/CL_0000158,club cell,0.06647003054882546,#VHMProstate,VH_M_apex_of_prostate,apex of prostate,VH_M_Prostate,#31b5b7
prostate,apex of prostate,http://purl.obolibrary.org/obo/CL_0000192,smooth muscle cell,0.01943537343305594,#VHMProstate,VH_M_apex_of_prostate,apex of prostate,VH_M_Prostate,#a2b66a
prostate,apex of prostate,http://purl.obolibrary.org/obo/CL_0000235,macrophage,0.03918676919835669,#VHMProstate,VH_M_apex_of_prostate,apex of prostate,VH_M_Prostate,#8077d9
prostate,apex of prostate,http://purl.obolibrary.org/obo/CL_0000499,stromal cell,0.002475508269251027,#VHMProstate,VH_M_apex_of_prostate,apex of prostate,VH_M_Prostate,#2000e6
prostate,apex of prostate,http://purl.obolibrary.org/obo/CL_0000576,monocyte,0.004793005372379648,#VHMProstate,VH_M_apex_of_prostate,apex of prostate,VH_M_Prostate,#943946
prostate,apex of prostate,http://purl.obolibrary.org/obo/CL_0000625,"CD8-positive, alpha-beta T cell",0.115190140103234,#VHMProstate,VH_M_apex_of_prostate,apex of prostate,VH_M_Prostate,#a6b680
prostate,apex of prostate,http://purl.obolibrary.org/obo/CL_0000814,mature NK T cell,0.02965342884230486,#VHMProstate,VH_M_apex_of_prostate,apex of prostate,VH_M_Prostate,#ccff94
prostate,apex of prostate,http://purl.obolibrary.org/obo/CL_0002340,luminal cell of prostate epithelium,0.07837353839671338,#VHMProstate,VH_M_apex_of_prostate,apex of prostate,VH_M_Prostate,#d3b839
prostate,apex of prostate,http://purl.obolibrary.org/obo/CL_0002341,basal cell of prostate epithelium,0.2607184241019699,#VHMProstate,VH_M_apex_of_prostate,apex of prostate,VH_M_Prostate,#79292a
prostate,transition zone of prostate,http://purl.obolibrary.org/obo/CL_0000038,erythroid progenitor cell,0.005530390814284209,#VHMProstate,VH_M_transition_zone__of_prostate_L,transition zone of prostate,VH_M_Prostate,#439c01
prostate,transition zone of prostate,http://purl.obolibrary.org/obo/CL_0000057,fibroblast,0.01490572000421363,#VHMProstate,VH_M_transition_zone__of_prostate_L,transition zone of prostate,VH_M_Prostate,#c9ea45
prostate,transition zone of prostate,http://purl.obolibrary.org/obo/CL_0000066,epithelial cell,0.3199726113978721,#VHMProstate,VH_M_transition_zone__of_prostate_L,transition zone of prostate,VH_M_Prostate,#8b944d
prostate,transition zone of prostate,http://purl.obolibrary.org/obo/CL_0000115,endothelial cell,0.04329505951753924,#VHMProstate,VH_M_transition_zone__of_prostate_L,transition zone of prostate,VH_M_Prostate,#744d1e
prostate,transition zone of prostate,http://purl.obolibrary.org/obo/CL_0000158,club cell,0.06647003054882544,#VHMProstate,VH_M_transition_zone__of_prostate_L,transition zone of prostate,VH_M_Prostate,#984022
prostate,transition zone of prostate,http://purl.obolibrary.org/obo/CL_0000192,smooth muscle cell,0.01943537343305593,#VHMProstate,VH_M_transition_zone__of_prostate_L,transition zone of prostate,VH_M_Prostate,#7e3282
prostate,transition zone of prostate,http://purl.obolibrary.org/obo/CL_0000235,macrophage,0.03918676919835668,#VHMProstate,VH_M_transition_zone__of_prostate_L,transition zone of prostate,VH_M_Prostate,#c1169f
prostate,transition zone of prostate,http://purl.obolibrary.org/obo/CL_0000499,stromal cell,0.002475508269251027,#VHMProstate,VH_M_transition_zone__of_prostate_L,transition zone of prostate,VH_M_Prostate,#271e9b
prostate,transition zone of prostate,http://purl.obolibrary.org/obo/CL_0000576,monocyte,0.004793005372379647,#VHMProstate,VH_M_transition_zone__of_prostate_L,transition zone of prostate,VH_M_Prostate,#85140c
prostate,transition zone of prostate,http://purl.obolibrary.org/obo/CL_0000625,"CD8-positive, alpha-beta T cell",0.1151901401032339,#VHMProstate,VH_M_transition_zone__of_prostate_L,transition zone of prostate,VH_M_Prostate,#fde6fc
prostate,transition zone of prostate,http://purl.obolibrary.org/obo/CL_0000814,mature NK T cell,0.02965342884230486,#VHMProstate,VH_M_transition_zone__of_prostate_L,transition zone of prostate,VH_M_Prostate,#da8a2e
prostate,transition zone of prostate,http://purl.obolibrary.org/obo/CL_0002340,luminal cell of prostate epithelium,0.07837353839671335,#VHMProstate,VH_M_transition_zone__of_prostate_L,transition zone of prostate,VH_M_Prostate,#df7416
prostate,transition zone of prostate,http://purl.obolibrary.org/obo/CL_0002341,basal cell of prostate epithelium,0.2607184241019699,#VHMProstate,VH_M_transition_zone__of_prostate_L,transition zone of prostate,VH_M_Prostate,#4b60d9
prostate,peripheral zone of prostate,http://purl.obolibrary.org/obo/CL_0000038,erythroid progenitor cell,0.00068654928796423,#VHMProstate,VH_M_peripheral_zone_of_prostate_R,peripheral zone of prostate,VH_M_Prostate,#00b3de
prostate,peripheral zone of prostate,http://purl.obolibrary.org/obo/CL_0000057,fibroblast,0.0280098703717737,#VHMProstate,VH_M_peripheral_zone_of_prostate_R,peripheral zone of prostate,VH_M_Prostate,#b09d42
prostate,peripheral zone of prostate,http://purl.obolibrary.org/obo/CL_0000066,epithelial cell,0.05322668545460742,#VHMProstate,VH_M_peripheral_zone_of_prostate_R,peripheral zone of prostate,VH_M_Prostate,#5f3ed5
prostate,peripheral zone of prostate,http://purl.obolibrary.org/obo/CL_0000115,endothelial cell,0.08323637422782601,#VHMProstate,VH_M_peripheral_zone_of_prostate_R,peripheral zone of prostate,VH_M_Prostate,#b575bb
prostate,peripheral zone of prostate,http://purl.obolibrary.org/obo/CL_0000158,club cell,0.1356867041370398,#VHMProstate,VH_M_peripheral_zone_of_prostate_R,peripheral zone of prostate,VH_M_Prostate,#b72dd6
prostate,peripheral zone of prostate,http://purl.obolibrary.org/obo/CL_0000192,smooth muscle cell,0.06252799463371926,#VHMProstate,VH_M_peripheral_zone_of_prostate_R,peripheral zone of prostate,VH_M_Prostate,#fa9d3a
prostate,peripheral zone of prostate,http://purl.obolibrary.org/obo/CL_0000235,macrophage,0.0169165943158411,#VHMProstate,VH_M_peripheral_zone_of_prostate_R,peripheral zone of prostate,VH_M_Prostate,#665a88
prostate,peripheral zone of prostate,http://purl.obolibrary.org/obo/CL_0000499,stromal cell,0.1290348967752478,#VHMProstate,VH_M_peripheral_zone_of_prostate_R,peripheral zone of prostate,VH_M_Prostate,#8084f3
prostate,peripheral zone of prostate,http://purl.obolibrary.org/obo/CL_0000576,monocyte,0.01577306957974085,#VHMProstate,VH_M_peripheral_zone_of_prostate_R,peripheral zone of prostate,VH_M_Prostate,#159dab
prostate,peripheral zone of prostate,http://purl.obolibrary.org/obo/CL_0000625,"CD8-positive, alpha-beta T cell",0.03024478628748442,#VHMProstate,VH_M_peripheral_zone_of_prostate_R,peripheral zone of prostate,VH_M_Prostate,#48ca78
prostate,peripheral zone of prostate,http://purl.obolibrary.org/obo/CL_0000814,mature NK T cell,0.006620713419171235,#VHMProstate,VH_M_peripheral_zone_of_prostate_R,peripheral zone of prostate,VH_M_Prostate,#fb8688
prostate,peripheral zone of prostate,http://purl.obolibrary.org/obo/CL_0002340,luminal cell of prostate epithelium,0.2741824139487551,#VHMProstate,VH_M_peripheral_zone_of_prostate_R,peripheral zone of prostate,VH_M_Prostate,#938b44
prostate,peripheral zone of prostate,http://purl.obolibrary.org/obo/CL_0002341,basal cell of prostate epithelium,0.1638533475608292,#VHMProstate,VH_M_peripheral_zone_of_prostate_R,peripheral zone of prostate,VH_M_Prostate,#97b8f0
prostate,central zone of prostate,http://purl.obolibrary.org/obo/CL_0000038,erythroid progenitor cell,0.002267629872249782,#VHMProstate,VH_M_central_zone_of_prostate_R,central zone of prostate,VH_M_Prostate,#68d572
prostate,central zone of prostate,http://purl.obolibrary.org/obo/CL_0000057,fibroblast,0.02373253850467435,#VHMProstate,VH_M_central_zone_of_prostate_R,central zone of prostate,VH_M_Prostate,#3e8fc1
prostate,central zone of prostate,http://purl.obolibrary.org/obo/CL_0000066,epithelial cell,0.1402953482410595,#VHMProstate,VH_M_central_zone_of_prostate_R,central zone of prostate,VH_M_Prostate,#c98853
prostate,central zone of prostate,http://purl.obolibrary.org/obo/CL_0000115,endothelial cell,0.07019911096144273,#VHMProstate,VH_M_central_zone_of_prostate_R,central zone of prostate,VH_M_Prostate,#d51cad
prostate,central zone of prostate,http://purl.obolibrary.org/obo/CL_0000158,club cell,0.1130936572496658,#VHMProstate,VH_M_central_zone_of_prostate_R,central zone of prostate,VH_M_Prostate,#2911ee
prostate,central zone of prostate,http://purl.obolibrary.org/obo/CL_0000192,smooth muscle cell,0.04846211193790293,#VHMProstate,VH_M_central_zone_of_prostate_R,central zone of prostate,VH_M_Prostate,#f6a4a8
prostate,central zone of prostate,http://purl.obolibrary.org/obo/CL_0000235,macrophage,0.02418581254357698,#VHMProstate,VH_M_central_zone_of_prostate_R,central zone of prostate,VH_M_Prostate,#51b26d
prostate,central zone of prostate,http://purl.obolibrary.org/obo/CL_0000499,stromal cell,0.08772458741880065,#VHMProstate,VH_M_central_zone_of_prostate_R,central zone of prostate,VH_M_Prostate,#089057
prostate,central zone of prostate,http://purl.obolibrary.org/obo/CL_0000576,monocyte,0.01218906167235236,#VHMProstate,VH_M_central_zone_of_prostate_R,central zone of prostate,VH_M_Prostate,#908895
prostate,central zone of prostate,http://purl.obolibrary.org/obo/CL_0000625,"CD8-positive, alpha-beta T cell",0.05797183906441215,#VHMProstate,VH_M_central_zone_of_prostate_R,central zone of prostate,VH_M_Prostate,#52e183
prostate,central zone of prostate,http://purl.obolibrary.org/obo/CL_0000814,mature NK T cell,0.01413883286238881,#VHMProstate,VH_M_central_zone_of_prostate_R,central zone of prostate,VH_M_Prostate,#2792cd
prostate,central zone of prostate,http://purl.obolibrary.org/obo/CL_0002340,luminal cell of prostate epithelium,0.2102683470487745,#VHMProstate,VH_M_central_zone_of_prostate_R,central zone of prostate,VH_M_Prostate,#df541d
prostate,central zone of prostate,http://purl.obolibrary.org/obo/CL_0002341,basal cell of prostate epithelium,0.1954711226226994,#VHMProstate,VH_M_central_zone_of_prostate_R,central zone of prostate,VH_M_Prostate,#19359f
prostate,Verumontanum,http://purl.obolibrary.org/obo/CL_0000038,erythroid progenitor cell,0.00553039081428421,#VHMProstate,VH_M_seminal_colliculus,Verumontanum,VH_M_Prostate,#041cea
prostate,Verumontanum,http://purl.obolibrary.org/obo/CL_0000057,fibroblast,0.01490572000421363,#VHMProstate,VH_M_seminal_colliculus,Verumontanum,VH_M_Prostate,#6900d4
prostate,Verumontanum,http://purl.obolibrary.org/obo/CL_0000066,epithelial cell,0.3199726113978721,#VHMProstate,VH_M_seminal_colliculus,Verumontanum,VH_M_Prostate,#754517
prostate,Verumontanum,http://purl.obolibrary.org/obo/CL_0000115,endothelial cell,0.04329505951753924,#VHMProstate,VH_M_seminal_colliculus,Verumontanum,VH_M_Prostate,#1ffa6c
prostate,Verumontanum,http://purl.obolibrary.org/obo/CL_0000158,club cell,0.06647003054882544,#VHMProstate,VH_M_seminal_colliculus,Verumontanum,VH_M_Prostate,#7743f4
prostate,Verumontanum,http://purl.obolibrary.org/obo/CL_0000192,smooth muscle cell,0.01943537343305593,#VHMProstate,VH_M_seminal_colliculus,Verumontanum,VH_M_Prostate,#0539e1
prostate,Verumontanum,http://purl.obolibrary.org/obo/CL_0000235,macrophage,0.03918676919835668,#VHMProstate,VH_M_seminal_colliculus,Verumontanum,VH_M_Prostate,#44bbe5
prostate,Verumontanum,http://purl.obolibrary.org/obo/CL_0000499,stromal cell,0.002475508269251027,#VHMProstate,VH_M_seminal_colliculus,Verumontanum,VH_M_Prostate,#3f896e
prostate,Verumontanum,http://purl.obolibrary.org/obo/CL_0000576,monocyte,0.004793005372379647,#VHMProstate,VH_M_seminal_colliculus,Verumontanum,VH_M_Prostate,#c4c2a6
prostate,Verumontanum,http://purl.obolibrary.org/obo/CL_0000625,"CD8-positive, alpha-beta T cell",0.115190140103234,#VHMProstate,VH_M_seminal_colliculus,Verumontanum,VH_M_Prostate,#65bda2
prostate,Verumontanum,http://purl.obolibrary.org/obo/CL_0000814,mature NK T cell,0.02965342884230486,#VHMProstate,VH_M_seminal_colliculus,Verumontanum,VH_M_Prostate,#aa4aba
prostate,Verumontanum,http://purl.obolibrary.org/obo/CL_0002340,luminal cell of prostate epithelium,0.07837353839671336,#VHMProstate,VH_M_seminal_colliculus,Verumontanum,VH_M_Prostate,#1f90b0
prostate,Verumontanum,http://purl.obolibrary.org/obo/CL_0002341,basal cell of prostate epithelium,0.2607184241019699,#VHMProstate,VH_M_seminal_colliculus,Verumontanum,VH_M_Prostate,#631bfd
small intestine,jejunum,http://purl.obolibrary.org/obo/CL_0000071,blood vessel endothelial cell,0.06984677488131448,#VHMSmallIntestine,VH_M_jejunum,jejunum,VH_M_Small_Intestine,#308eaf
small intestine,jejunum,http://purl.obolibrary.org/obo/CL_0000160,goblet cell,0.04715833893990074,#VHMSmallIntestine,VH_M_jejunum,jejunum,VH_M_Small_Intestine,#04fdcd
small intestine,jejunum,http://purl.obolibrary.org/obo/CL_0000165,neuroendocrine cell,0.006042458298193579,#VHMSmallIntestine,VH_M_jejunum,jejunum,VH_M_Small_Intestine,#9718df
small intestine,jejunum,http://purl.obolibrary.org/obo/CL_0000236,B cell,0.001266610443060964,#VHMSmallIntestine,VH_M_jejunum,jejunum,VH_M_Small_Intestine,#eb99ce
small intestine,jejunum,http://purl.obolibrary.org/obo/CL_0000451,dendritic cell,0.007391193109133807,#VHMSmallIntestine,VH_M_jejunum,jejunum,VH_M_Small_Intestine,#94d095
small intestine,jejunum,http://purl.obolibrary.org/obo/CL_0000499,stromal cell,0.07339707447732575,#VHMSmallIntestine,VH_M_jejunum,jejunum,VH_M_Small_Intestine,#977fc5
small intestine,jejunum,http://purl.obolibrary.org/obo/CL_0000510,paneth cell,0.01365791410422846,#VHMSmallIntestine,VH_M_jejunum,jejunum,VH_M_Small_Intestine,#e145c4
small intestine,jejunum,http://purl.obolibrary.org/obo/CL_0000540,neuron,0.02593234847264468,#VHMSmallIntestine,VH_M_jejunum,jejunum,VH_M_Small_Intestine,#6f89ae
small intestine,jejunum,http://purl.obolibrary.org/obo/CL_0000584,enterocyte,0.2704576538331548,#VHMSmallIntestine,VH_M_jejunum,jejunum,VH_M_Small_Intestine,#9df617
small intestine,jejunum,http://purl.obolibrary.org/obo/CL_0000623,natural killer cell,0.00297542902085643,#VHMSmallIntestine,VH_M_jejunum,jejunum,VH_M_Small_Intestine,#e13c37
small intestine,jejunum,http://purl.obolibrary.org/obo/CL_0000624,"CD4-positive, alpha-beta T cell",0.04645396455385936,#VHMSmallIntestine,VH_M_jejunum,jejunum,VH_M_Small_Intestine,#b10fe0
small intestine,jejunum,http://purl.obolibrary.org/obo/CL_0000625,"CD8-positive, alpha-beta T cell",0.1507519117605253,#VHMSmallIntestine,VH_M_jejunum,jejunum,VH_M_Small_Intestine,#6ddf14
small intestine,jejunum,http://purl.obolibrary.org/obo/CL_0000775,neutrophil,0.006550997653138255,#VHMSmallIntestine,VH_M_jejunum,jejunum,VH_M_Small_Intestine,#f5c752
small intestine,jejunum,http://purl.obolibrary.org/obo/CL_0000786,plasma cell,0.04640342648131828,#VHMSmallIntestine,VH_M_jejunum,jejunum,VH_M_Small_Intestine,#962df1
small intestine,jejunum,http://purl.obolibrary.org/obo/CL_0000863,M1 Macrophage,0.00844933400296279,#VHMSmallIntestine,VH_M_jejunum,jejunum,VH_M_Small_Intestine,#1d1944
small intestine,jejunum,http://purl.obolibrary.org/obo/CL_0000890,M2 macrophage,0.03355728016728101,#VHMSmallIntestine,VH_M_jejunum,jejunum,VH_M_Small_Intestine,#807cf3
small intestine,jejunum,http://purl.obolibrary.org/obo/CL_0001028,CD7+ Immune,0.004207294539045399,#VHMSmallIntestine,VH_M_jejunum,jejunum,VH_M_Small_Intestine,#4081c1
small intestine,jejunum,http://purl.obolibrary.org/obo/CL_0002088,interstitial cell of Cajal,0.008190326381189729,#VHMSmallIntestine,VH_M_jejunum,jejunum,VH_M_Small_Intestine,#8c0aa7
small intestine,jejunum,http://purl.obolibrary.org/obo/CL_0002138,endothelial cell of lymphatic vessel,0.0177672911277255,#VHMSmallIntestine,VH_M_jejunum,jejunum,VH_M_Small_Intestine,#5e99d2
small intestine,jejunum,http://purl.obolibrary.org/obo/CL_0002504,enteric smooth muscle cell,0.1332215178478361,#VHMSmallIntestine,VH_M_jejunum,jejunum,VH_M_Small_Intestine,#03646b
small intestine,jejunum,http://purl.obolibrary.org/obo/CL_0009010,transit amplifying cell,0.02604921776539594,#VHMSmallIntestine,VH_M_jejunum,jejunum,VH_M_Small_Intestine,#e04af4
small intestine,jejunum,http://purl.obolibrary.org/obo/CL_4033092,CD57+ Enterocyte,0.0002716421399083365,#VHMSmallIntestine,VH_M_jejunum,jejunum,VH_M_Small_Intestine,#7bac4e
small intestine,descending part of duodenum,http://purl.obolibrary.org/obo/CL_0000071,blood vessel endothelial cell,0.07759710521458399,#VHMSmallIntestine,VH_M_duodenum_descending,descending part of duodenum,VH_M_Small_Intestine,#369e73
small intestine,descending part of duodenum,http://purl.obolibrary.org/obo/CL_0000160,goblet cell,0.05607079547393754,#VHMSmallIntestine,VH_M_duodenum_descending,descending part of duodenum,VH_M_Small_Intestine,#07546e
small intestine,descending part of duodenum,http://purl.obolibrary.org/obo/CL_0000165,neuroendocrine cell,0.00966437623852029,#VHMSmallIntestine,VH_M_duodenum_descending,descending part of duodenum,VH_M_Small_Intestine,#dafd52
small intestine,descending part of duodenum,http://purl.obolibrary.org/obo/CL_0000236,B cell,0.0009159390813444454,#VHMSmallIntestine,VH_M_duodenum_descending,descending part of duodenum,VH_M_Small_Intestine,#30a734
small intestine,descending part of duodenum,http://purl.obolibrary.org/obo/CL_0000451,dendritic cell,0.007679261119256662,#VHMSmallIntestine,VH_M_duodenum_descending,descending part of duodenum,VH_M_Small_Intestine,#fad622
small intestine,descending part of duodenum,http://purl.obolibrary.org/obo/CL_0000499,stromal cell,0.07760058787268796,#VHMSmallIntestine,VH_M_duodenum_descending,descending part of duodenum,VH_M_Small_Intestine,#a04cbf
small intestine,descending part of duodenum,http://purl.obolibrary.org/obo/CL_0000510,paneth cell,0.01238433221772186,#VHMSmallIntestine,VH_M_duodenum_descending,descending part of duodenum,VH_M_Small_Intestine,#f24ca8
small intestine,descending part of duodenum,http://purl.obolibrary.org/obo/CL_0000540,neuron,0.02253279793269415,#VHMSmallIntestine,VH_M_duodenum_descending,descending part of duodenum,VH_M_Small_Intestine,#a7f38f
small intestine,descending part of duodenum,http://purl.obolibrary.org/obo/CL_0000584,enterocyte,0.3006787700644641,#VHMSmallIntestine,VH_M_duodenum_descending,descending part of duodenum,VH_M_Small_Intestine,#58f878
small intestine,descending part of duodenum,http://purl.obolibrary.org/obo/CL_0000623,natural killer cell,0.001807499555961092,#VHMSmallIntestine,VH_M_duodenum_descending,descending part of duodenum,VH_M_Small_Intestine,#d4a505
small intestine,descending part of duodenum,http://purl.obolibrary.org/obo/CL_0000624,"CD4-positive, alpha-beta T cell",0.04455364512410452,#VHMSmallIntestine,VH_M_duodenum_descending,descending part of duodenum,VH_M_Small_Intestine,#7b63bd
small intestine,descending part of duodenum,http://purl.obolibrary.org/obo/CL_0000625,"CD8-positive, alpha-beta T cell",0.07999665664822019,#VHMSmallIntestine,VH_M_duodenum_descending,descending part of duodenum,VH_M_Small_Intestine,#dfb8f1
small intestine,descending part of duodenum,http://purl.obolibrary.org/obo/CL_0000775,neutrophil,0.006749391405496331,#VHMSmallIntestine,VH_M_duodenum_descending,descending part of duodenum,VH_M_Small_Intestine,#e32260
small intestine,descending part of duodenum,http://purl.obolibrary.org/obo/CL_0000786,plasma cell,0.0682705468121489,#VHMSmallIntestine,VH_M_duodenum_descending,descending part of duodenum,VH_M_Small_Intestine,#5df425
small intestine,descending part of duodenum,http://purl.obolibrary.org/obo/CL_0000863,M1 Macrophage,0.01448785771252051,#VHMSmallIntestine,VH_M_duodenum_descending,descending part of duodenum,VH_M_Small_Intestine,#fc30b7
small intestine,descending part of duodenum,http://purl.obolibrary.org/obo/CL_0000890,M2 macrophage,0.04148542333450584,#VHMSmallIntestine,VH_M_duodenum_descending,descending part of duodenum,VH_M_Small_Intestine,#122d7f
small intestine,descending part of duodenum,http://purl.obolibrary.org/obo/CL_0001028,CD7+ Immune,0.00502547564403055,#VHMSmallIntestine,VH_M_duodenum_descending,descending part of duodenum,VH_M_Small_Intestine,#557423
small intestine,descending part of duodenum,http://purl.obolibrary.org/obo/CL_0002088,interstitial cell of Cajal,0.01104699150579689,#VHMSmallIntestine,VH_M_duodenum_descending,descending part of duodenum,VH_M_Small_Intestine,#7cf8d3
small intestine,descending part of duodenum,http://purl.obolibrary.org/obo/CL_0002138,endothelial cell of lymphatic vessel,0.02002180143973086,#VHMSmallIntestine,VH_M_duodenum_descending,descending part of duodenum,VH_M_Small_Intestine,#a382ea
small intestine,descending part of duodenum,http://purl.obolibrary.org/obo/CL_0002504,enteric smooth muscle cell,0.0964382855570686,#VHMSmallIntestine,VH_M_duodenum_descending,descending part of duodenum,VH_M_Small_Intestine,#77a3ff
small intestine,descending part of duodenum,http://purl.obolibrary.org/obo/CL_0009010,transit amplifying cell,0.04108491765254914,#VHMSmallIntestine,VH_M_duodenum_descending,descending part of duodenum,VH_M_Small_Intestine,#6e75b0
small intestine,descending part of duodenum,http://purl.obolibrary.org/obo/CL_4033092,CD57+ Enterocyte,0.003907542392655771,#VHMSmallIntestine,VH_M_duodenum_descending,descending part of duodenum,VH_M_Small_Intestine,#ebc569
small intestine,horizontal part of duodenum,http://purl.obolibrary.org/obo/CL_0000071,blood vessel endothelial cell,0.0804783723569717,#VHMSmallIntestine,VH_M_duodenum_horizonal,horizontal part of duodenum,VH_M_Small_Intestine,#7a789a
small intestine,horizontal part of duodenum,http://purl.obolibrary.org/obo/CL_0000160,goblet cell,0.05872462062297701,#VHMSmallIntestine,VH_M_duodenum_horizonal,horizontal part of duodenum,VH_M_Small_Intestine,#41d1f3
small intestine,horizontal part of duodenum,http://purl.obolibrary.org/obo/CL_0000165,neuroendocrine cell,0.006965404178401783,#VHMSmallIntestine,VH_M_duodenum_horizonal,horizontal part of duodenum,VH_M_Small_Intestine,#6ff4d2
small intestine,horizontal part of duodenum,http://purl.obolibrary.org/obo/CL_0000236,B cell,0.001382992139224011,#VHMSmallIntestine,VH_M_duodenum_horizonal,horizontal part of duodenum,VH_M_Small_Intestine,#4a3950
small intestine,horizontal part of duodenum,http://purl.obolibrary.org/obo/CL_0000451,dendritic cell,0.008554373870276178,#VHMSmallIntestine,VH_M_duodenum_horizonal,horizontal part of duodenum,VH_M_Small_Intestine,#9d3c3a
small intestine,horizontal part of duodenum,http://purl.obolibrary.org/obo/CL_0000499,stromal cell,0.06738408508134011,#VHMSmallIntestine,VH_M_duodenum_horizonal,horizontal part of duodenum,VH_M_Small_Intestine,#11cef7
small intestine,horizontal part of duodenum,http://purl.obolibrary.org/obo/CL_0000510,paneth cell,0.01346420614569759,#VHMSmallIntestine,VH_M_duodenum_horizonal,horizontal part of duodenum,VH_M_Small_Intestine,#d88850
small intestine,horizontal part of duodenum,http://purl.obolibrary.org/obo/CL_0000540,neuron,0.02726890579679684,#VHMSmallIntestine,VH_M_duodenum_horizonal,horizontal part of duodenum,VH_M_Small_Intestine,#e89d31
small intestine,horizontal part of duodenum,http://purl.obolibrary.org/obo/CL_0000584,enterocyte,0.2793518012526798,#VHMSmallIntestine,VH_M_duodenum_horizonal,horizontal part of duodenum,VH_M_Small_Intestine,#cc63e4
small intestine,horizontal part of duodenum,http://purl.obolibrary.org/obo/CL_0000623,natural killer cell,0.001076127622010173,#VHMSmallIntestine,VH_M_duodenum_horizonal,horizontal part of duodenum,VH_M_Small_Intestine,#32ddf8
small intestine,horizontal part of duodenum,http://purl.obolibrary.org/obo/CL_0000624,"CD4-positive, alpha-beta T cell",0.04082559166001092,#VHMSmallIntestine,VH_M_duodenum_horizonal,horizontal part of duodenum,VH_M_Small_Intestine,#869636
small intestine,horizontal part of duodenum,http://purl.obolibrary.org/obo/CL_0000625,"CD8-positive, alpha-beta T cell",0.1205220900416159,#VHMSmallIntestine,VH_M_duodenum_horizonal,horizontal part of duodenum,VH_M_Small_Intestine,#95d00a
small intestine,horizontal part of duodenum,http://purl.obolibrary.org/obo/CL_0000775,neutrophil,0.004548320652402371,#VHMSmallIntestine,VH_M_duodenum_horizonal,horizontal part of duodenum,VH_M_Small_Intestine,#14574c
small intestine,horizontal part of duodenum,http://purl.obolibrary.org/obo/CL_0000786,plasma cell,0.06150741939551894,#VHMSmallIntestine,VH_M_duodenum_horizonal,horizontal part of duodenum,VH_M_Small_Intestine,#1cd4d9
small intestine,horizontal part of duodenum,http://purl.obolibrary.org/obo/CL_0000863,M1 Macrophage,0.008356803564672747,#VHMSmallIntestine,VH_M_duodenum_horizonal,horizontal part of duodenum,VH_M_Small_Intestine,#38c773
small intestine,horizontal part of duodenum,http://purl.obolibrary.org/obo/CL_0000890,M2 macrophage,0.03942578502669301,#VHMSmallIntestine,VH_M_duodenum_horizonal,horizontal part of duodenum,VH_M_Small_Intestine,#286cfa
small intestine,horizontal part of duodenum,http://purl.obolibrary.org/obo/CL_0001028,CD7+ Immune,0.006708983143469672,#VHMSmallIntestine,VH_M_duodenum_horizonal,horizontal part of duodenum,VH_M_Small_Intestine,#a4047b
small intestine,horizontal part of duodenum,http://purl.obolibrary.org/obo/CL_0002088,interstitial cell of Cajal,0.01514985917861196,#VHMSmallIntestine,VH_M_duodenum_horizonal,horizontal part of duodenum,VH_M_Small_Intestine,#82263f
small intestine,horizontal part of duodenum,http://purl.obolibrary.org/obo/CL_0002138,endothelial cell of lymphatic vessel,0.02160242128714952,#VHMSmallIntestine,VH_M_duodenum_horizonal,horizontal part of duodenum,VH_M_Small_Intestine,#e1dfb3
small intestine,horizontal part of duodenum,http://purl.obolibrary.org/obo/CL_0002504,enteric smooth muscle cell,0.1032914372188827,#VHMSmallIntestine,VH_M_duodenum_horizonal,horizontal part of duodenum,VH_M_Small_Intestine,#9d3aef
small intestine,horizontal part of duodenum,http://purl.obolibrary.org/obo/CL_0009010,transit amplifying cell,0.03267056202446509,#VHMSmallIntestine,VH_M_duodenum_horizonal,horizontal part of duodenum,VH_M_Small_Intestine,#2d959e
small intestine,horizontal part of duodenum,http://purl.obolibrary.org/obo/CL_4033092,CD57+ Enterocyte,0.0007398377401319937,#VHMSmallIntestine,VH_M_duodenum_horizonal,horizontal part of duodenum,VH_M_Small_Intestine,#665577
small intestine,ascending part of duodenum,http://purl.obolibrary.org/obo/CL_0000071,blood vessel endothelial cell,0.08047837235697171,#VHMSmallIntestine,VH_M_duodenum_ascending,ascending part of duodenum,VH_M_Small_Intestine,#6b2fc7
small intestine,ascending part of duodenum,http://purl.obolibrary.org/obo/CL_0000160,goblet cell,0.05872462062297701,#VHMSmallIntestine,VH_M_duodenum_ascending,ascending part of duodenum,VH_M_Small_Intestine,#0913f4
small intestine,ascending part of duodenum,http://purl.obolibrary.org/obo/CL_0000165,neuroendocrine cell,0.006965404178401783,#VHMSmallIntestine,VH_M_duodenum_ascending,ascending part of duodenum,VH_M_Small_Intestine,#d165c5
small intestine,ascending part of duodenum,http://purl.obolibrary.org/obo/CL_0000236,B cell,0.001382992139224011,#VHMSmallIntestine,VH_M_duodenum_ascending,ascending part of duodenum,VH_M_Small_Intestine,#d87a26
small intestine,ascending part of duodenum,http://purl.obolibrary.org/obo/CL_0000451,dendritic cell,0.00855437387027618,#VHMSmallIntestine,VH_M_duodenum_ascending,ascending part of duodenum,VH_M_Small_Intestine,#3ecf81
small intestine,ascending part of duodenum,http://purl.obolibrary.org/obo/CL_0000499,stromal cell,0.06738408508134011,#VHMSmallIntestine,VH_M_duodenum_ascending,ascending part of duodenum,VH_M_Small_Intestine,#a83882
small intestine,ascending part of duodenum,http://purl.obolibrary.org/obo/CL_0000510,paneth cell,0.01346420614569759,#VHMSmallIntestine,VH_M_duodenum_ascending,ascending part of duodenum,VH_M_Small_Intestine,#f081b3
small intestine,ascending part of duodenum,http://purl.obolibrary.org/obo/CL_0000540,neuron,0.02726890579679684,#VHMSmallIntestine,VH_M_duodenum_ascending,ascending part of duodenum,VH_M_Small_Intestine,#79089c
small intestine,ascending part of duodenum,http://purl.obolibrary.org/obo/CL_0000584,enterocyte,0.2793518012526798,#VHMSmallIntestine,VH_M_duodenum_ascending,ascending part of duodenum,VH_M_Small_Intestine,#728baf
small intestine,ascending part of duodenum,http://purl.obolibrary.org/obo/CL_0000623,natural killer cell,0.001076127622010173,#VHMSmallIntestine,VH_M_duodenum_ascending,ascending part of duodenum,VH_M_Small_Intestine,#3fd28f
small intestine,ascending part of duodenum,http://purl.obolibrary.org/obo/CL_0000624,"CD4-positive, alpha-beta T cell",0.04082559166001093,#VHMSmallIntestine,VH_M_duodenum_ascending,ascending part of duodenum,VH_M_Small_Intestine,#cb41e6
small intestine,ascending part of duodenum,http://purl.obolibrary.org/obo/CL_0000625,"CD8-positive, alpha-beta T cell",0.1205220900416159,#VHMSmallIntestine,VH_M_duodenum_ascending,ascending part of duodenum,VH_M_Small_Intestine,#9d0065
small intestine,ascending part of duodenum,http://purl.obolibrary.org/obo/CL_0000775,neutrophil,0.004548320652402372,#VHMSmallIntestine,VH_M_duodenum_ascending,ascending part of duodenum,VH_M_Small_Intestine,#ae1c99
small intestine,ascending part of duodenum,http://purl.obolibrary.org/obo/CL_0000786,plasma cell,0.06150741939551894,#VHMSmallIntestine,VH_M_duodenum_ascending,ascending part of duodenum,VH_M_Small_Intestine,#1b10cc
small intestine,ascending part of duodenum,http://purl.obolibrary.org/obo/CL_0000863,M1 Macrophage,0.008356803564672749,#VHMSmallIntestine,VH_M_duodenum_ascending,ascending part of duodenum,VH_M_Small_Intestine,#f7427b
small intestine,ascending part of duodenum,http://purl.obolibrary.org/obo/CL_0000890,M2 macrophage,0.03942578502669301,#VHMSmallIntestine,VH_M_duodenum_ascending,ascending part of duodenum,VH_M_Small_Intestine,#f550b7
small intestine,ascending part of duodenum,http://purl.obolibrary.org/obo/CL_0001028,CD7+ Immune,0.006708983143469672,#VHMSmallIntestine,VH_M_duodenum_ascending,ascending part of duodenum,VH_M_Small_Intestine,#883f63
small intestine,ascending part of duodenum,http://purl.obolibrary.org/obo/CL_0002088,interstitial cell of Cajal,0.01514985917861196,#VHMSmallIntestine,VH_M_duodenum_ascending,ascending part of duodenum,VH_M_Small_Intestine,#331e52
small intestine,ascending part of duodenum,http://purl.obolibrary.org/obo/CL_0002138,endothelial cell of lymphatic vessel,0.02160242128714953,#VHMSmallIntestine,VH_M_duodenum_ascending,ascending part of duodenum,VH_M_Small_Intestine,#4f6eb1
small intestine,ascending part of duodenum,http://purl.obolibrary.org/obo/CL_0002504,enteric smooth muscle cell,0.1032914372188827,#VHMSmallIntestine,VH_M_duodenum_ascending,ascending part of duodenum,VH_M_Small_Intestine,#49da3b
small intestine,ascending part of duodenum,http://purl.obolibrary.org/obo/CL_0009010,transit amplifying cell,0.03267056202446509,#VHMSmallIntestine,VH_M_duodenum_ascending,ascending part of duodenum,VH_M_Small_Intestine,#2fd2e9
small intestine,ascending part of duodenum,http://purl.obolibrary.org/obo/CL_4033092,CD57+ Enterocyte,0.0007398377401319939,#VHMSmallIntestine,VH_M_duodenum_ascending,ascending part of duodenum,VH_M_Small_Intestine,#cc4015
small intestine,distal part of ileum,http://purl.obolibrary.org/obo/CL_0000071,blood vessel endothelial cell,0.07535191655273683,#VHMSmallIntestine,VH_M_ileum_terminal,distal part of ileum,VH_M_Small_Intestine,#0f4bc2
small intestine,distal part of ileum,http://purl.obolibrary.org/obo/CL_0000160,goblet cell,0.07269355410400526,#VHMSmallIntestine,VH_M_ileum_terminal,distal part of ileum,VH_M_Small_Intestine,#5f89aa
small intestine,distal part of ileum,http://purl.obolibrary.org/obo/CL_0000165,neuroendocrine cell,0.005541419818724998,#VHMSmallIntestine,VH_M_ileum_terminal,distal part of ileum,VH_M_Small_Intestine,#0f2041
small intestine,distal part of ileum,http://purl.obolibrary.org/obo/CL_0000236,B cell,0.03774558205478758,#VHMSmallIntestine,VH_M_ileum_terminal,distal part of ileum,VH_M_Small_Intestine,#71cff9
small intestine,distal part of ileum,http://purl.obolibrary.org/obo/CL_0000451,dendritic cell,0.01479188819687072,#VHMSmallIntestine,VH_M_ileum_terminal,distal part of ileum,VH_M_Small_Intestine,#6c1622
small intestine,distal part of ileum,http://purl.obolibrary.org/obo/CL_0000499,stromal cell,0.07940908400425337,#VHMSmallIntestine,VH_M_ileum_terminal,distal part of ileum,VH_M_Small_Intestine,#8bf6f2
small intestine,distal part of ileum,http://purl.obolibrary.org/obo/CL_0000510,paneth cell,0.01888070282039597,#VHMSmallIntestine,VH_M_ileum_terminal,distal part of ileum,VH_M_Small_Intestine,#5fecd7
small intestine,distal part of ileum,http://purl.obolibrary.org/obo/CL_0000540,neuron,0.02885589143754114,#VHMSmallIntestine,VH_M_ileum_terminal,distal part of ileum,VH_M_Small_Intestine,#59525c
small intestine,distal part of ileum,http://purl.obolibrary.org/obo/CL_0000584,enterocyte,0.1944370601043091,#VHMSmallIntestine,VH_M_ileum_terminal,distal part of ileum,VH_M_Small_Intestine,#5e8251
small intestine,distal part of ileum,http://purl.obolibrary.org/obo/CL_0000623,natural killer cell,0.002636209428325485,#VHMSmallIntestine,VH_M_ileum_terminal,distal part of ileum,VH_M_Small_Intestine,#c5a239
small intestine,distal part of ileum,http://purl.obolibrary.org/obo/CL_0000624,"CD4-positive, alpha-beta T cell",0.05798711327155804,#VHMSmallIntestine,VH_M_ileum_terminal,distal part of ileum,VH_M_Small_Intestine,#c74884
small intestine,distal part of ileum,http://purl.obolibrary.org/obo/CL_0000625,"CD8-positive, alpha-beta T cell",0.0997423920198491,#VHMSmallIntestine,VH_M_ileum_terminal,distal part of ileum,VH_M_Small_Intestine,#3cc89a
small intestine,distal part of ileum,http://purl.obolibrary.org/obo/CL_0000775,neutrophil,0.005383183958681451,#VHMSmallIntestine,VH_M_ileum_terminal,distal part of ileum,VH_M_Small_Intestine,#fc4d48
small intestine,distal part of ileum,http://purl.obolibrary.org/obo/CL_0000786,plasma cell,0.0429800243050281,#VHMSmallIntestine,VH_M_ileum_terminal,distal part of ileum,VH_M_Small_Intestine,#d4dcfa
small intestine,distal part of ileum,http://purl.obolibrary.org/obo/CL_0000863,M1 Macrophage,0.01108916907185174,#VHMSmallIntestine,VH_M_ileum_terminal,distal part of ileum,VH_M_Small_Intestine,#c37975
small intestine,distal part of ileum,http://purl.obolibrary.org/obo/CL_0000890,M2 macrophage,0.04283761203098891,#VHMSmallIntestine,VH_M_ileum_terminal,distal part of ileum,VH_M_Small_Intestine,#deea2d
small intestine,distal part of ileum,http://purl.obolibrary.org/obo/CL_0001028,CD7+ Immune,0.002186819585801812,#VHMSmallIntestine,VH_M_ileum_terminal,distal part of ileum,VH_M_Small_Intestine,#9383e8
small intestine,distal part of ileum,http://purl.obolibrary.org/obo/CL_0002088,interstitial cell of Cajal,0.01851043090789407,#VHMSmallIntestine,VH_M_ileum_terminal,distal part of ileum,VH_M_Small_Intestine,#facae8
small intestine,distal part of ileum,http://purl.obolibrary.org/obo/CL_0002138,endothelial cell of lymphatic vessel,0.02285242290748898,#VHMSmallIntestine,VH_M_ileum_terminal,distal part of ileum,VH_M_Small_Intestine,#bf3cfa
small intestine,distal part of ileum,http://purl.obolibrary.org/obo/CL_0002504,enteric smooth muscle cell,0.1339656438300673,#VHMSmallIntestine,VH_M_ileum_terminal,distal part of ileum,VH_M_Small_Intestine,#4f5c45
small intestine,distal part of ileum,http://purl.obolibrary.org/obo/CL_0009010,transit amplifying cell,0.03190034938477897,#VHMSmallIntestine,VH_M_ileum_terminal,distal part of ileum,VH_M_Small_Intestine,#42b503
small intestine,distal part of ileum,http://purl.obolibrary.org/obo/CL_4033092,CD57+ Enterocyte,0.0002215302040609651,#VHMSmallIntestine,VH_M_ileum_terminal,distal part of ileum,VH_M_Small_Intestine,#a31d66
